Driver,LapTime,LapNumber,Stint,Sector1Time,Sector2Time,Sector3Time,SpeedI1,SpeedI2,SpeedFL,SpeedST,IsPersonalBest,Compound,TyreLife,FreshTyre,Team,TrackStatus,Position,IsAccurate,RaceName,Year,IsOutlierLap
VER,96.296,2.0,1.0,30.916,41.661,23.719,232.0,248.0,276.0,287.0,True,SOFT,5.0,False,Red Bull Racing,1,1.0,True,Bahrain,2024,False
VER,96.753,3.0,1.0,30.999,41.966,23.788,231.0,243.0,276.0,290.0,False,SOFT,6.0,False,Red Bull Racing,1,1.0,True,Bahrain,2024,False
VER,96.647,4.0,1.0,30.931,41.892,23.824,233.0,253.0,276.0,290.0,False,SOFT,7.0,False,Red Bull Racing,1,1.0,True,Bahrain,2024,False
VER,97.173,5.0,1.0,31.255,42.056,23.862,231.0,245.0,276.0,289.0,False,SOFT,8.0,False,Red Bull Racing,1,1.0,True,Bahrain,2024,False
VER,97.092,6.0,1.0,31.041,42.187,23.864,231.0,247.0,276.0,296.0,False,SOFT,9.0,False,Red Bull Racing,1,1.0,True,Bahrain,2024,False
VER,97.038,7.0,1.0,31.015,42.118,23.905,232.0,242.0,277.0,291.0,False,SOFT,10.0,False,Red Bull Racing,1,1.0,True,Bahrain,2024,False
VER,97.024,8.0,1.0,31.041,42.077,23.906,231.0,250.0,277.0,291.0,False,SOFT,11.0,False,Red Bull Racing,1,1.0,True,Bahrain,2024,False
VER,97.229,9.0,1.0,31.1,42.166,23.963,231.0,243.0,276.0,292.0,False,SOFT,12.0,False,Red Bull Racing,1,1.0,True,Bahrain,2024,False
VER,97.045,12.0,1.0,30.966,42.091,23.988,234.0,249.0,277.0,292.0,False,SOFT,15.0,False,Red Bull Racing,1,1.0,True,Bahrain,2024,False
VER,97.03,13.0,1.0,30.964,42.055,24.011,233.0,251.0,277.0,292.0,False,SOFT,16.0,False,Red Bull Racing,1,1.0,True,Bahrain,2024,False
VER,97.028,14.0,1.0,30.938,42.042,24.048,233.0,253.0,277.0,293.0,False,SOFT,17.0,False,Red Bull Racing,1,1.0,True,Bahrain,2024,False
VER,97.011,15.0,1.0,30.887,42.058,24.066,232.0,254.0,276.0,293.0,False,SOFT,18.0,False,Red Bull Racing,1,1.0,True,Bahrain,2024,False
VER,97.168,16.0,1.0,31.048,42.032,24.088,233.0,260.0,277.0,292.0,False,SOFT,19.0,False,Red Bull Racing,1,1.0,True,Bahrain,2024,False
VER,99.896,17.0,1.0,31.006,42.06,26.83,232.0,262.0,281.0,293.0,False,SOFT,20.0,False,Red Bull Racing,1,1.0,False,Bahrain,2024,True
VER,117.854,18.0,2.0,52.815,41.511,23.528,232.0,252.0,277.0,212.0,False,HARD,1.0,True,Red Bull Racing,1,1.0,False,Bahrain,2024,True
VER,95.283,19.0,2.0,30.628,41.162,23.493,233.0,248.0,278.0,288.0,True,HARD,2.0,True,Red Bull Racing,1,1.0,True,Bahrain,2024,False
VER,95.16,20.0,2.0,30.585,41.1,23.475,233.0,256.0,278.0,291.0,True,HARD,3.0,True,Red Bull Racing,1,1.0,True,Bahrain,2024,False
VER,95.316,21.0,2.0,30.576,41.24,23.5,235.0,251.0,278.0,293.0,False,HARD,4.0,True,Red Bull Racing,1,1.0,True,Bahrain,2024,False
VER,95.204,22.0,2.0,30.56,41.142,23.502,234.0,254.0,279.0,294.0,False,HARD,5.0,True,Red Bull Racing,1,1.0,True,Bahrain,2024,False
VER,95.216,23.0,2.0,30.553,41.145,23.518,234.0,253.0,279.0,294.0,False,HARD,6.0,True,Red Bull Racing,1,1.0,True,Bahrain,2024,False
VER,95.289,24.0,2.0,30.548,41.257,23.484,234.0,257.0,279.0,294.0,False,HARD,7.0,True,Red Bull Racing,1,1.0,True,Bahrain,2024,False
VER,95.342,25.0,2.0,30.518,41.282,23.542,233.0,250.0,279.0,295.0,False,HARD,8.0,True,Red Bull Racing,1,1.0,True,Bahrain,2024,False
VER,95.223,26.0,2.0,30.522,41.14,23.561,235.0,257.0,279.0,295.0,False,HARD,9.0,True,Red Bull Racing,1,1.0,True,Bahrain,2024,False
VER,95.581,27.0,2.0,30.649,41.338,23.594,230.0,250.0,279.0,294.0,False,HARD,10.0,True,Red Bull Racing,1,1.0,True,Bahrain,2024,False
VER,95.477,28.0,2.0,30.588,41.272,23.617,233.0,258.0,278.0,293.0,False,HARD,11.0,True,Red Bull Racing,1,1.0,True,Bahrain,2024,False
VER,95.793,29.0,2.0,30.679,41.485,23.629,234.0,258.0,279.0,293.0,False,HARD,12.0,True,Red Bull Racing,1,1.0,True,Bahrain,2024,False
VER,95.771,30.0,2.0,30.657,41.47,23.644,234.0,254.0,279.0,294.0,False,HARD,13.0,True,Red Bull Racing,1,1.0,True,Bahrain,2024,False
VER,95.679,31.0,2.0,30.635,41.435,23.609,234.0,260.0,279.0,295.0,False,HARD,14.0,True,Red Bull Racing,1,1.0,True,Bahrain,2024,False
VER,95.886,32.0,2.0,30.669,41.519,23.698,234.0,260.0,279.0,296.0,False,HARD,15.0,True,Red Bull Racing,1,1.0,True,Bahrain,2024,False
VER,95.863,33.0,2.0,30.69,41.459,23.714,233.0,258.0,279.0,295.0,False,HARD,16.0,True,Red Bull Racing,1,1.0,True,Bahrain,2024,False
VER,96.133,34.0,2.0,30.685,41.661,23.787,233.0,261.0,279.0,296.0,False,HARD,17.0,True,Red Bull Racing,1,1.0,True,Bahrain,2024,False
VER,96.018,35.0,2.0,30.727,41.557,23.734,234.0,260.0,279.0,295.0,False,HARD,18.0,True,Red Bull Racing,1,1.0,True,Bahrain,2024,False
VER,96.205,36.0,2.0,30.794,41.561,23.85,234.0,263.0,280.0,297.0,False,HARD,19.0,True,Red Bull Racing,1,1.0,True,Bahrain,2024,False
VER,99.234,37.0,2.0,30.877,41.634,26.723,233.0,264.0,281.0,297.0,False,HARD,20.0,True,Red Bull Racing,1,1.0,False,Bahrain,2024,False
VER,116.445,38.0,3.0,51.526,41.562,23.357,236.0,258.0,280.0,217.0,False,SOFT,1.0,True,Red Bull Racing,1,1.0,False,Bahrain,2024,True
VER,92.608,39.0,3.0,29.741,39.916,22.951,239.0,265.0,281.0,299.0,True,SOFT,2.0,True,Red Bull Racing,1,1.0,True,Bahrain,2024,False
VER,96.589,40.0,3.0,31.014,42.023,23.552,234.0,245.0,281.0,275.0,False,SOFT,3.0,True,Red Bull Racing,1,1.0,True,Bahrain,2024,False
VER,95.29,41.0,3.0,30.697,41.281,23.312,237.0,252.0,281.0,292.0,False,SOFT,4.0,True,Red Bull Racing,1,1.0,True,Bahrain,2024,False
VER,94.667,42.0,3.0,30.477,40.996,23.194,237.0,261.0,281.0,294.0,False,SOFT,5.0,True,Red Bull Racing,1,1.0,True,Bahrain,2024,False
VER,94.151,43.0,3.0,30.132,40.772,23.247,237.0,261.0,281.0,296.0,False,SOFT,6.0,True,Red Bull Racing,1,1.0,True,Bahrain,2024,False
VER,94.531,44.0,3.0,30.348,40.805,23.378,237.0,264.0,281.0,293.0,False,SOFT,7.0,True,Red Bull Racing,1,1.0,True,Bahrain,2024,False
VER,94.249,45.0,3.0,30.18,40.825,23.244,237.0,260.0,281.0,295.0,False,SOFT,8.0,True,Red Bull Racing,1,1.0,True,Bahrain,2024,False
VER,94.193,46.0,3.0,30.301,40.682,23.21,235.0,264.0,281.0,297.0,False,SOFT,9.0,True,Red Bull Racing,1,1.0,True,Bahrain,2024,False
VER,94.239,47.0,3.0,30.267,40.704,23.268,235.0,263.0,281.0,295.0,False,SOFT,10.0,True,Red Bull Racing,1,1.0,True,Bahrain,2024,False
VER,94.35,48.0,3.0,30.245,40.738,23.367,235.0,264.0,282.0,297.0,False,SOFT,11.0,True,Red Bull Racing,1,1.0,True,Bahrain,2024,False
VER,94.403,49.0,3.0,30.246,40.804,23.353,235.0,261.0,282.0,298.0,False,SOFT,12.0,True,Red Bull Racing,1,1.0,True,Bahrain,2024,False
VER,94.783,50.0,3.0,30.229,40.928,23.626,236.0,265.0,289.0,298.0,False,SOFT,13.0,True,Red Bull Racing,1,1.0,True,Bahrain,2024,False
VER,94.34,51.0,3.0,30.003,40.834,23.503,236.0,267.0,282.0,314.0,False,SOFT,14.0,True,Red Bull Racing,1,1.0,True,Bahrain,2024,False
VER,94.906,52.0,3.0,30.333,40.919,23.654,235.0,266.0,284.0,299.0,False,SOFT,15.0,True,Red Bull Racing,1,1.0,True,Bahrain,2024,False
VER,95.6,53.0,3.0,30.528,41.382,23.69,237.0,270.0,284.0,300.0,False,SOFT,16.0,True,Red Bull Racing,1,1.0,True,Bahrain,2024,False
VER,95.334,54.0,3.0,30.427,41.227,23.68,236.0,270.0,283.0,301.0,False,SOFT,17.0,True,Red Bull Racing,1,1.0,True,Bahrain,2024,False
VER,95.184,55.0,3.0,30.493,41.22,23.471,236.0,267.0,281.0,296.0,False,SOFT,18.0,True,Red Bull Racing,1,1.0,True,Bahrain,2024,False
VER,94.671,56.0,3.0,30.256,40.87,23.545,236.0,267.0,281.0,297.0,False,SOFT,19.0,True,Red Bull Racing,1,1.0,True,Bahrain,2024,False
VER,94.923,57.0,3.0,30.384,40.91,23.629,236.0,267.0,275.0,296.0,False,SOFT,20.0,True,Red Bull Racing,1,1.0,True,Bahrain,2024,False
PER,96.541,2.0,1.0,30.678,41.867,23.996,234.0,257.0,285.0,302.0,True,SOFT,5.0,False,Red Bull Racing,1,4.0,True,Bahrain,2024,False
PER,97.297,3.0,1.0,30.596,42.478,24.223,231.0,245.0,284.0,315.0,False,SOFT,6.0,False,Red Bull Racing,1,4.0,True,Bahrain,2024,False
PER,97.722,4.0,1.0,30.716,42.623,24.383,233.0,246.0,283.0,314.0,False,SOFT,7.0,False,Red Bull Racing,1,4.0,True,Bahrain,2024,False
PER,98.044,5.0,1.0,30.997,42.754,24.293,227.0,249.0,285.0,320.0,False,SOFT,8.0,False,Red Bull Racing,1,4.0,True,Bahrain,2024,False
PER,97.823,6.0,1.0,30.843,42.702,24.278,226.0,249.0,285.0,320.0,False,SOFT,9.0,False,Red Bull Racing,1,4.0,True,Bahrain,2024,False
PER,97.821,7.0,1.0,31.013,42.682,24.126,232.0,259.0,278.0,316.0,False,SOFT,10.0,False,Red Bull Racing,1,3.0,True,Bahrain,2024,False
PER,97.838,8.0,1.0,31.305,42.428,24.105,232.0,261.0,278.0,302.0,False,SOFT,11.0,False,Red Bull Racing,1,3.0,True,Bahrain,2024,False
PER,97.596,9.0,1.0,31.145,42.395,24.056,228.0,257.0,278.0,302.0,False,SOFT,12.0,False,Red Bull Racing,1,3.0,True,Bahrain,2024,False
PER,97.836,11.0,1.0,31.054,42.473,24.309,233.0,258.0,282.0,300.0,False,SOFT,14.0,False,Red Bull Racing,1,2.0,True,Bahrain,2024,False
PER,100.277,12.0,1.0,30.891,42.506,26.88,228.0,257.0,281.0,312.0,False,SOFT,15.0,False,Red Bull Racing,1,3.0,False,Bahrain,2024,True
PER,117.624,13.0,2.0,51.896,41.803,23.925,231.0,260.0,288.0,217.0,False,HARD,1.0,True,Red Bull Racing,1,8.0,False,Bahrain,2024,True
PER,95.606,14.0,2.0,30.063,41.855,23.688,234.0,263.0,279.0,320.0,True,HARD,2.0,True,Red Bull Racing,1,6.0,True,Bahrain,2024,False
PER,96.815,15.0,2.0,30.785,41.795,24.235,229.0,255.0,283.0,299.0,False,HARD,3.0,True,Red Bull Racing,1,3.0,True,Bahrain,2024,False
PER,95.783,16.0,2.0,30.569,41.558,23.656,228.0,256.0,277.0,316.0,False,HARD,4.0,True,Red Bull Racing,1,2.0,True,Bahrain,2024,False
PER,96.454,17.0,2.0,30.922,41.823,23.709,228.0,258.0,278.0,294.0,False,HARD,5.0,True,Red Bull Racing,1,2.0,True,Bahrain,2024,False
PER,96.311,18.0,2.0,30.803,41.835,23.673,235.0,259.0,278.0,291.0,False,HARD,6.0,True,Red Bull Racing,1,2.0,True,Bahrain,2024,False
PER,96.038,19.0,2.0,30.702,41.633,23.703,236.0,254.0,278.0,298.0,False,HARD,7.0,True,Red Bull Racing,1,2.0,True,Bahrain,2024,False
PER,96.278,20.0,2.0,30.918,41.686,23.674,230.0,260.0,278.0,298.0,False,HARD,8.0,True,Red Bull Racing,1,2.0,True,Bahrain,2024,False
PER,96.165,21.0,2.0,30.849,41.61,23.706,230.0,263.0,277.0,298.0,False,HARD,9.0,True,Red Bull Racing,1,2.0,True,Bahrain,2024,False
PER,96.037,22.0,2.0,30.824,41.536,23.677,232.0,263.0,278.0,295.0,False,HARD,10.0,True,Red Bull Racing,1,2.0,True,Bahrain,2024,False
PER,96.249,23.0,2.0,30.84,41.729,23.68,230.0,262.0,279.0,299.0,False,HARD,11.0,True,Red Bull Racing,1,2.0,True,Bahrain,2024,False
PER,96.211,24.0,2.0,30.792,41.687,23.732,235.0,261.0,278.0,299.0,False,HARD,12.0,True,Red Bull Racing,1,2.0,True,Bahrain,2024,False
PER,96.344,25.0,2.0,30.878,41.719,23.747,233.0,260.0,279.0,297.0,False,HARD,13.0,True,Red Bull Racing,1,2.0,True,Bahrain,2024,False
PER,96.347,26.0,2.0,30.938,41.666,23.743,232.0,263.0,278.0,298.0,False,HARD,14.0,True,Red Bull Racing,1,2.0,True,Bahrain,2024,False
PER,96.233,27.0,2.0,30.853,41.543,23.837,235.0,263.0,279.0,299.0,False,HARD,15.0,True,Red Bull Racing,1,2.0,True,Bahrain,2024,False
PER,96.226,28.0,2.0,30.929,41.588,23.709,233.0,264.0,279.0,299.0,False,HARD,16.0,True,Red Bull Racing,1,2.0,True,Bahrain,2024,False
PER,96.437,29.0,2.0,30.926,41.749,23.762,228.0,263.0,279.0,298.0,False,HARD,17.0,True,Red Bull Racing,1,2.0,True,Bahrain,2024,False
PER,96.313,30.0,2.0,30.916,41.643,23.754,230.0,263.0,279.0,299.0,False,HARD,18.0,True,Red Bull Racing,1,2.0,True,Bahrain,2024,False
PER,96.339,31.0,2.0,30.843,41.752,23.744,231.0,263.0,279.0,299.0,False,HARD,19.0,True,Red Bull Racing,1,2.0,True,Bahrain,2024,False
PER,96.276,32.0,2.0,30.856,41.671,23.749,233.0,263.0,279.0,300.0,False,HARD,20.0,True,Red Bull Racing,1,2.0,True,Bahrain,2024,False
PER,96.564,33.0,2.0,30.907,41.752,23.905,230.0,264.0,279.0,299.0,False,HARD,21.0,True,Red Bull Racing,1,2.0,True,Bahrain,2024,False
PER,96.378,34.0,2.0,30.84,41.734,23.804,233.0,265.0,279.0,301.0,False,HARD,22.0,True,Red Bull Racing,1,2.0,True,Bahrain,2024,False
PER,96.776,35.0,2.0,30.938,41.91,23.928,231.0,261.0,279.0,299.0,False,HARD,23.0,True,Red Bull Racing,1,2.0,True,Bahrain,2024,False
PER,99.365,36.0,2.0,31.014,41.781,26.57,234.0,264.0,281.0,299.0,False,HARD,24.0,True,Red Bull Racing,1,2.0,False,Bahrain,2024,False
PER,115.808,37.0,3.0,51.096,41.214,23.498,237.0,254.0,280.0,223.0,False,SOFT,1.0,True,Red Bull Racing,1,2.0,False,Bahrain,2024,True
PER,94.804,38.0,3.0,30.581,40.931,23.292,233.0,256.0,281.0,295.0,True,SOFT,2.0,True,Red Bull Racing,1,2.0,True,Bahrain,2024,False
PER,94.607,39.0,3.0,30.563,40.893,23.151,233.0,260.0,281.0,294.0,True,SOFT,3.0,True,Red Bull Racing,1,2.0,True,Bahrain,2024,False
PER,94.364,40.0,3.0,30.4,40.772,23.192,234.0,257.0,281.0,297.0,True,SOFT,4.0,True,Red Bull Racing,1,2.0,True,Bahrain,2024,False
PER,94.4,41.0,3.0,30.351,40.884,23.165,239.0,258.0,281.0,301.0,False,SOFT,5.0,True,Red Bull Racing,1,2.0,True,Bahrain,2024,False
PER,94.525,42.0,3.0,30.299,40.985,23.241,238.0,260.0,281.0,301.0,False,SOFT,6.0,True,Red Bull Racing,1,2.0,True,Bahrain,2024,False
PER,94.797,43.0,3.0,30.403,41.148,23.246,236.0,262.0,281.0,301.0,False,SOFT,7.0,True,Red Bull Racing,1,2.0,True,Bahrain,2024,False
PER,94.799,44.0,3.0,30.389,41.028,23.382,235.0,257.0,282.0,298.0,False,SOFT,8.0,True,Red Bull Racing,1,2.0,True,Bahrain,2024,False
PER,94.592,45.0,3.0,30.338,40.986,23.268,234.0,263.0,281.0,298.0,False,SOFT,9.0,True,Red Bull Racing,1,2.0,True,Bahrain,2024,False
PER,94.844,46.0,3.0,30.41,41.109,23.325,233.0,262.0,281.0,297.0,False,SOFT,10.0,True,Red Bull Racing,1,2.0,True,Bahrain,2024,False
PER,94.73,47.0,3.0,30.281,41.074,23.375,235.0,262.0,281.0,299.0,False,SOFT,11.0,True,Red Bull Racing,1,2.0,True,Bahrain,2024,False
PER,94.885,48.0,3.0,30.358,41.147,23.38,234.0,264.0,281.0,302.0,False,SOFT,12.0,True,Red Bull Racing,1,2.0,True,Bahrain,2024,False
PER,94.966,49.0,3.0,30.4,41.133,23.433,234.0,262.0,281.0,300.0,False,SOFT,13.0,True,Red Bull Racing,1,2.0,True,Bahrain,2024,False
PER,95.082,50.0,3.0,30.366,41.337,23.379,236.0,263.0,281.0,301.0,False,SOFT,14.0,True,Red Bull Racing,1,2.0,True,Bahrain,2024,False
PER,94.94,51.0,3.0,30.36,41.144,23.436,235.0,265.0,281.0,304.0,False,SOFT,15.0,True,Red Bull Racing,1,2.0,True,Bahrain,2024,False
PER,95.183,52.0,3.0,30.577,41.129,23.477,234.0,266.0,282.0,299.0,False,SOFT,16.0,True,Red Bull Racing,1,2.0,True,Bahrain,2024,False
PER,95.842,53.0,3.0,30.638,41.522,23.682,235.0,266.0,281.0,299.0,False,SOFT,17.0,True,Red Bull Racing,1,2.0,True,Bahrain,2024,False
PER,95.459,54.0,3.0,30.578,41.382,23.499,234.0,265.0,282.0,302.0,False,SOFT,18.0,True,Red Bull Racing,1,2.0,True,Bahrain,2024,False
PER,95.611,55.0,3.0,30.683,41.42,23.508,233.0,264.0,282.0,303.0,False,SOFT,19.0,True,Red Bull Racing,1,2.0,True,Bahrain,2024,False
PER,95.568,56.0,3.0,30.539,41.406,23.623,235.0,266.0,283.0,304.0,False,SOFT,20.0,True,Red Bull Racing,1,2.0,True,Bahrain,2024,False
PER,95.746,57.0,3.0,30.521,41.6,23.625,236.0,267.0,282.0,306.0,False,SOFT,21.0,True,Red Bull Racing,1,2.0,True,Bahrain,2024,False
SAI,97.236,2.0,1.0,30.974,42.366,23.896,235.0,244.0,279.0,297.0,True,SOFT,5.0,False,Ferrari,1,5.0,True,Bahrain,2024,False
SAI,97.08,3.0,1.0,31.049,42.179,23.852,233.0,246.0,280.0,300.0,True,SOFT,6.0,False,Ferrari,1,5.0,True,Bahrain,2024,False
SAI,97.264,4.0,1.0,30.957,42.373,23.934,234.0,245.0,285.0,304.0,False,SOFT,7.0,False,Ferrari,1,5.0,True,Bahrain,2024,False
SAI,98.032,5.0,1.0,30.967,42.821,24.244,232.0,245.0,286.0,324.0,False,SOFT,8.0,False,Ferrari,1,5.0,True,Bahrain,2024,False
SAI,97.741,6.0,1.0,30.879,42.803,24.059,233.0,243.0,286.0,325.0,False,SOFT,9.0,False,Ferrari,1,5.0,True,Bahrain,2024,False
SAI,98.26,7.0,1.0,30.847,43.148,24.265,234.0,242.0,286.0,326.0,False,SOFT,10.0,False,Ferrari,1,5.0,True,Bahrain,2024,False
SAI,98.183,8.0,1.0,31.341,42.701,24.141,232.0,246.0,287.0,316.0,False,SOFT,11.0,False,Ferrari,1,5.0,True,Bahrain,2024,False
SAI,98.03,9.0,1.0,30.99,42.868,24.172,234.0,247.0,285.0,323.0,False,SOFT,12.0,False,Ferrari,1,5.0,True,Bahrain,2024,False
SAI,97.656,11.0,1.0,31.266,42.386,24.004,232.0,252.0,280.0,324.0,False,SOFT,14.0,False,Ferrari,1,3.0,True,Bahrain,2024,False
SAI,97.65,12.0,1.0,31.089,42.46,24.101,232.0,248.0,277.0,299.0,False,SOFT,15.0,False,Ferrari,1,2.0,True,Bahrain,2024,False
SAI,97.243,13.0,1.0,31.025,42.212,24.006,233.0,250.0,277.0,298.0,False,SOFT,16.0,False,Ferrari,1,2.0,True,Bahrain,2024,False
SAI,99.753,14.0,1.0,31.011,42.119,26.623,235.0,258.0,281.0,298.0,False,SOFT,17.0,False,Ferrari,1,2.0,False,Bahrain,2024,True
SAI,117.225,15.0,2.0,51.656,42.013,23.556,236.0,252.0,286.0,220.0,False,HARD,1.0,True,Ferrari,1,7.0,False,Bahrain,2024,True
SAI,96.376,16.0,2.0,30.412,42.131,23.833,236.0,247.0,289.0,325.0,True,HARD,2.0,True,Ferrari,1,5.0,True,Bahrain,2024,False
SAI,95.507,17.0,2.0,30.202,41.758,23.547,233.0,251.0,286.0,332.0,True,HARD,3.0,True,Ferrari,1,4.0,True,Bahrain,2024,False
SAI,96.088,18.0,2.0,30.59,41.964,23.534,233.0,249.0,279.0,322.0,False,HARD,4.0,True,Ferrari,1,3.0,True,Bahrain,2024,False
SAI,96.236,19.0,2.0,30.805,41.897,23.534,234.0,248.0,279.0,293.0,False,HARD,5.0,True,Ferrari,1,3.0,True,Bahrain,2024,False
SAI,96.034,20.0,2.0,30.786,41.66,23.588,235.0,252.0,279.0,297.0,False,HARD,6.0,True,Ferrari,1,3.0,True,Bahrain,2024,False
SAI,96.104,21.0,2.0,30.796,41.752,23.556,235.0,252.0,279.0,298.0,False,HARD,7.0,True,Ferrari,1,3.0,True,Bahrain,2024,False
SAI,96.008,22.0,2.0,30.686,41.77,23.552,235.0,253.0,280.0,299.0,False,HARD,8.0,True,Ferrari,1,3.0,True,Bahrain,2024,False
SAI,96.149,23.0,2.0,30.738,41.797,23.614,236.0,252.0,280.0,300.0,False,HARD,9.0,True,Ferrari,1,3.0,True,Bahrain,2024,False
SAI,96.2,24.0,2.0,30.698,41.881,23.621,236.0,251.0,280.0,301.0,False,HARD,10.0,True,Ferrari,1,3.0,True,Bahrain,2024,False
SAI,96.22,25.0,2.0,30.724,41.907,23.589,233.0,251.0,280.0,301.0,False,HARD,11.0,True,Ferrari,1,3.0,True,Bahrain,2024,False
SAI,96.221,26.0,2.0,30.714,41.878,23.629,237.0,252.0,280.0,302.0,False,HARD,12.0,True,Ferrari,1,3.0,True,Bahrain,2024,False
SAI,96.272,27.0,2.0,30.807,41.836,23.629,236.0,251.0,280.0,301.0,False,HARD,13.0,True,Ferrari,1,3.0,True,Bahrain,2024,False
SAI,96.534,28.0,2.0,30.901,41.965,23.668,236.0,251.0,280.0,299.0,False,HARD,14.0,True,Ferrari,1,3.0,True,Bahrain,2024,False
SAI,96.6,29.0,2.0,30.852,41.97,23.778,236.0,254.0,280.0,301.0,False,HARD,15.0,True,Ferrari,1,3.0,True,Bahrain,2024,False
SAI,96.337,30.0,2.0,30.746,41.897,23.694,236.0,253.0,280.0,303.0,False,HARD,16.0,True,Ferrari,1,3.0,True,Bahrain,2024,False
SAI,96.537,31.0,2.0,30.851,41.959,23.727,234.0,253.0,280.0,301.0,False,HARD,17.0,True,Ferrari,1,3.0,True,Bahrain,2024,False
SAI,96.762,32.0,2.0,30.873,42.115,23.774,236.0,255.0,280.0,303.0,False,HARD,18.0,True,Ferrari,1,3.0,True,Bahrain,2024,False
SAI,96.556,33.0,2.0,30.833,41.987,23.736,237.0,254.0,280.0,303.0,False,HARD,19.0,True,Ferrari,1,3.0,True,Bahrain,2024,False
SAI,96.551,34.0,2.0,30.858,41.933,23.76,236.0,254.0,280.0,301.0,False,HARD,20.0,True,Ferrari,1,3.0,True,Bahrain,2024,False
SAI,99.274,35.0,2.0,30.872,42.117,26.285,236.0,255.0,281.0,301.0,False,HARD,21.0,True,Ferrari,1,3.0,False,Bahrain,2024,False
SAI,115.62,36.0,3.0,50.852,41.528,23.24,237.0,250.0,280.0,222.0,False,HARD,1.0,True,Ferrari,1,3.0,False,Bahrain,2024,True
SAI,95.302,37.0,3.0,30.695,41.39,23.217,237.0,250.0,282.0,296.0,True,HARD,2.0,True,Ferrari,1,3.0,True,Bahrain,2024,False
SAI,95.1,38.0,3.0,30.631,41.329,23.14,237.0,251.0,282.0,300.0,True,HARD,3.0,True,Ferrari,1,3.0,True,Bahrain,2024,False
SAI,94.709,39.0,3.0,30.481,41.066,23.162,237.0,254.0,282.0,299.0,True,HARD,4.0,True,Ferrari,1,3.0,True,Bahrain,2024,False
SAI,94.739,40.0,3.0,30.382,41.146,23.211,238.0,254.0,282.0,303.0,False,HARD,5.0,True,Ferrari,1,3.0,True,Bahrain,2024,False
SAI,95.041,41.0,3.0,30.638,41.205,23.198,236.0,253.0,282.0,303.0,False,HARD,6.0,True,Ferrari,1,3.0,True,Bahrain,2024,False
SAI,94.861,42.0,3.0,30.448,41.195,23.218,237.0,255.0,282.0,301.0,False,HARD,7.0,True,Ferrari,1,3.0,True,Bahrain,2024,False
SAI,94.795,43.0,3.0,30.387,41.201,23.207,238.0,253.0,281.0,302.0,False,HARD,8.0,True,Ferrari,1,3.0,True,Bahrain,2024,False
SAI,94.507,44.0,3.0,30.35,40.971,23.186,237.0,255.0,282.0,301.0,True,HARD,9.0,True,Ferrari,1,3.0,True,Bahrain,2024,False
SAI,94.79,45.0,3.0,30.398,41.123,23.269,237.0,256.0,282.0,301.0,False,HARD,10.0,True,Ferrari,1,3.0,True,Bahrain,2024,False
SAI,94.853,46.0,3.0,30.466,41.116,23.271,237.0,256.0,282.0,300.0,False,HARD,11.0,True,Ferrari,1,3.0,True,Bahrain,2024,False
SAI,94.901,47.0,3.0,30.455,41.086,23.36,237.0,255.0,281.0,303.0,False,HARD,12.0,True,Ferrari,1,3.0,True,Bahrain,2024,False
SAI,94.981,48.0,3.0,30.602,41.028,23.351,236.0,258.0,282.0,303.0,False,HARD,13.0,True,Ferrari,1,3.0,True,Bahrain,2024,False
SAI,95.44,49.0,3.0,30.499,41.58,23.361,237.0,254.0,282.0,302.0,False,HARD,14.0,True,Ferrari,1,3.0,True,Bahrain,2024,False
SAI,95.142,50.0,3.0,30.468,41.331,23.343,238.0,256.0,282.0,303.0,False,HARD,15.0,True,Ferrari,1,3.0,True,Bahrain,2024,False
SAI,95.282,51.0,3.0,30.502,41.387,23.393,236.0,255.0,281.0,304.0,False,HARD,16.0,True,Ferrari,1,3.0,True,Bahrain,2024,False
SAI,95.083,52.0,3.0,30.522,41.259,23.302,237.0,258.0,281.0,303.0,False,HARD,17.0,True,Ferrari,1,3.0,True,Bahrain,2024,False
SAI,95.211,53.0,3.0,30.491,41.288,23.432,237.0,258.0,283.0,301.0,False,HARD,18.0,True,Ferrari,1,3.0,True,Bahrain,2024,False
SAI,95.309,54.0,3.0,30.555,41.277,23.477,237.0,257.0,284.0,306.0,False,HARD,19.0,True,Ferrari,1,3.0,True,Bahrain,2024,False
SAI,95.407,55.0,3.0,30.699,41.192,23.516,237.0,263.0,282.0,306.0,False,HARD,20.0,True,Ferrari,1,3.0,True,Bahrain,2024,False
SAI,95.305,56.0,3.0,30.593,41.18,23.532,238.0,265.0,283.0,301.0,False,HARD,21.0,True,Ferrari,1,3.0,True,Bahrain,2024,False
SAI,95.327,57.0,3.0,30.55,41.125,23.652,239.0,269.0,282.0,305.0,False,HARD,22.0,True,Ferrari,1,3.0,True,Bahrain,2024,False
LEC,96.862,2.0,1.0,31.166,41.864,23.832,232.0,240.0,277.0,293.0,True,SOFT,5.0,False,Ferrari,1,2.0,True,Bahrain,2024,False
LEC,98.062,3.0,1.0,31.223,42.856,23.983,234.0,256.0,283.0,296.0,False,SOFT,6.0,False,Ferrari,1,3.0,True,Bahrain,2024,False
LEC,97.752,4.0,1.0,30.958,42.784,24.01,233.0,242.0,279.0,313.0,False,SOFT,7.0,False,Ferrari,1,3.0,True,Bahrain,2024,False
LEC,98.131,5.0,1.0,31.192,42.872,24.067,232.0,242.0,283.0,298.0,False,SOFT,8.0,False,Ferrari,1,3.0,True,Bahrain,2024,False
LEC,97.782,6.0,1.0,30.936,42.751,24.095,230.0,242.0,283.0,312.0,False,SOFT,9.0,False,Ferrari,1,3.0,True,Bahrain,2024,False
LEC,98.957,7.0,1.0,31.008,43.761,24.188,231.0,246.0,285.0,310.0,False,SOFT,10.0,False,Ferrari,1,4.0,True,Bahrain,2024,False
LEC,98.136,8.0,1.0,31.2,42.753,24.183,232.0,258.0,284.0,316.0,False,SOFT,11.0,False,Ferrari,1,4.0,True,Bahrain,2024,False
LEC,97.844,9.0,1.0,31.147,42.533,24.164,229.0,258.0,283.0,314.0,False,SOFT,12.0,False,Ferrari,1,4.0,True,Bahrain,2024,False
LEC,101.737,11.0,1.0,32.241,42.647,26.849,229.0,255.0,281.0,297.0,False,SOFT,14.0,False,Ferrari,1,6.0,False,Bahrain,2024,True
LEC,117.471,12.0,2.0,51.178,42.371,23.922,234.0,257.0,283.0,220.0,False,HARD,1.0,True,Ferrari,1,13.0,False,Bahrain,2024,True
LEC,96.432,13.0,2.0,30.58,42.173,23.679,235.0,254.0,282.0,314.0,True,HARD,2.0,True,Ferrari,1,9.0,True,Bahrain,2024,False
LEC,96.756,14.0,2.0,30.787,42.232,23.737,236.0,247.0,282.0,305.0,False,HARD,3.0,True,Ferrari,1,8.0,True,Bahrain,2024,False
LEC,96.813,15.0,2.0,30.831,42.256,23.726,236.0,244.0,285.0,298.0,False,HARD,4.0,True,Ferrari,1,6.0,True,Bahrain,2024,False
LEC,96.673,16.0,2.0,30.606,42.32,23.747,236.0,259.0,285.0,320.0,False,HARD,5.0,True,Ferrari,1,4.0,True,Bahrain,2024,False
LEC,97.302,17.0,2.0,31.109,42.332,23.861,233.0,246.0,279.0,318.0,False,HARD,6.0,True,Ferrari,1,5.0,True,Bahrain,2024,False
LEC,97.438,18.0,2.0,31.18,42.467,23.791,233.0,243.0,279.0,298.0,False,HARD,7.0,True,Ferrari,1,5.0,True,Bahrain,2024,False
LEC,96.821,19.0,2.0,30.986,42.03,23.805,234.0,262.0,280.0,298.0,False,HARD,8.0,True,Ferrari,1,5.0,True,Bahrain,2024,False
LEC,96.794,20.0,2.0,30.839,42.103,23.852,234.0,262.0,280.0,299.0,False,HARD,9.0,True,Ferrari,1,5.0,True,Bahrain,2024,False
LEC,96.977,21.0,2.0,31.089,42.091,23.797,234.0,258.0,280.0,300.0,False,HARD,10.0,True,Ferrari,1,5.0,True,Bahrain,2024,False
LEC,96.796,22.0,2.0,30.994,41.976,23.826,234.0,257.0,280.0,299.0,False,HARD,11.0,True,Ferrari,1,5.0,True,Bahrain,2024,False
LEC,96.987,23.0,2.0,31.131,41.941,23.915,235.0,261.0,280.0,300.0,False,HARD,12.0,True,Ferrari,1,5.0,True,Bahrain,2024,False
LEC,96.924,24.0,2.0,31.083,41.904,23.937,234.0,258.0,280.0,298.0,False,HARD,13.0,True,Ferrari,1,5.0,True,Bahrain,2024,False
LEC,96.76,25.0,2.0,31.059,41.828,23.873,234.0,259.0,280.0,299.0,False,HARD,14.0,True,Ferrari,1,5.0,True,Bahrain,2024,False
LEC,96.81,26.0,2.0,30.991,41.901,23.918,234.0,259.0,280.0,300.0,False,HARD,15.0,True,Ferrari,1,5.0,True,Bahrain,2024,False
LEC,96.831,27.0,2.0,31.081,41.881,23.869,235.0,260.0,281.0,301.0,False,HARD,16.0,True,Ferrari,1,5.0,True,Bahrain,2024,False
LEC,96.907,28.0,2.0,31.019,41.971,23.917,234.0,261.0,280.0,300.0,False,HARD,17.0,True,Ferrari,1,5.0,True,Bahrain,2024,False
LEC,96.963,29.0,2.0,30.974,42.065,23.924,236.0,259.0,280.0,300.0,False,HARD,18.0,True,Ferrari,1,5.0,True,Bahrain,2024,False
LEC,97.158,30.0,2.0,31.134,42.03,23.994,235.0,260.0,281.0,301.0,False,HARD,19.0,True,Ferrari,1,5.0,True,Bahrain,2024,False
LEC,97.031,31.0,2.0,30.999,42.079,23.953,236.0,260.0,279.0,300.0,False,HARD,20.0,True,Ferrari,1,4.0,True,Bahrain,2024,False
LEC,96.941,32.0,2.0,31.153,41.922,23.866,233.0,259.0,279.0,294.0,False,HARD,21.0,True,Ferrari,1,4.0,True,Bahrain,2024,False
LEC,96.741,33.0,2.0,30.99,41.868,23.883,237.0,261.0,279.0,298.0,False,HARD,22.0,True,Ferrari,1,4.0,True,Bahrain,2024,False
LEC,99.614,34.0,2.0,31.219,41.932,26.463,237.0,260.0,281.0,296.0,False,HARD,23.0,True,Ferrari,1,4.0,False,Bahrain,2024,False
LEC,116.166,35.0,3.0,51.681,41.26,23.225,235.0,265.0,289.0,219.0,False,HARD,1.0,True,Ferrari,1,6.0,False,Bahrain,2024,True
LEC,94.09,36.0,3.0,30.063,40.65,23.377,238.0,262.0,281.0,318.0,True,HARD,2.0,True,Ferrari,1,5.0,True,Bahrain,2024,False
LEC,94.897,37.0,3.0,30.611,40.962,23.324,235.0,256.0,281.0,293.0,False,HARD,3.0,True,Ferrari,1,5.0,True,Bahrain,2024,False
LEC,94.783,38.0,3.0,30.55,40.953,23.28,236.0,256.0,283.0,298.0,False,HARD,4.0,True,Ferrari,1,5.0,True,Bahrain,2024,False
LEC,95.087,39.0,3.0,30.604,41.077,23.406,236.0,260.0,282.0,298.0,False,HARD,5.0,True,Ferrari,1,5.0,True,Bahrain,2024,False
LEC,94.859,40.0,3.0,30.507,40.836,23.516,237.0,267.0,283.0,299.0,False,HARD,6.0,True,Ferrari,1,5.0,True,Bahrain,2024,False
LEC,95.028,41.0,3.0,30.539,41.033,23.456,236.0,264.0,284.0,299.0,False,HARD,7.0,True,Ferrari,1,5.0,True,Bahrain,2024,False
LEC,94.982,42.0,3.0,30.413,41.067,23.502,235.0,262.0,288.0,305.0,False,HARD,8.0,True,Ferrari,1,5.0,True,Bahrain,2024,False
LEC,95.192,43.0,3.0,30.286,41.367,23.539,236.0,261.0,287.0,315.0,False,HARD,9.0,True,Ferrari,1,5.0,True,Bahrain,2024,False
LEC,95.051,44.0,3.0,30.468,41.124,23.459,234.0,261.0,288.0,313.0,False,HARD,10.0,True,Ferrari,1,5.0,True,Bahrain,2024,False
LEC,95.22,45.0,3.0,30.355,41.281,23.584,238.0,264.0,288.0,318.0,False,HARD,11.0,True,Ferrari,1,5.0,True,Bahrain,2024,False
LEC,95.058,46.0,3.0,30.238,41.4,23.42,240.0,267.0,282.0,320.0,False,HARD,12.0,True,Ferrari,1,4.0,True,Bahrain,2024,False
LEC,95.057,47.0,3.0,30.577,41.115,23.365,236.0,262.0,281.0,301.0,False,HARD,13.0,True,Ferrari,1,4.0,True,Bahrain,2024,False
LEC,95.308,48.0,3.0,30.64,41.183,23.485,236.0,262.0,281.0,295.0,False,HARD,14.0,True,Ferrari,1,4.0,True,Bahrain,2024,False
LEC,95.302,49.0,3.0,30.689,41.12,23.493,238.0,265.0,281.0,298.0,False,HARD,15.0,True,Ferrari,1,4.0,True,Bahrain,2024,False
LEC,95.383,50.0,3.0,30.639,41.285,23.459,238.0,266.0,281.0,299.0,False,HARD,16.0,True,Ferrari,1,4.0,True,Bahrain,2024,False
LEC,95.418,51.0,3.0,30.721,41.116,23.581,237.0,267.0,281.0,299.0,False,HARD,17.0,True,Ferrari,1,4.0,True,Bahrain,2024,False
LEC,95.394,52.0,3.0,30.693,41.156,23.545,238.0,265.0,280.0,298.0,False,HARD,18.0,True,Ferrari,1,4.0,True,Bahrain,2024,False
LEC,95.48,53.0,3.0,30.777,41.227,23.476,239.0,265.0,281.0,299.0,False,HARD,19.0,True,Ferrari,1,4.0,True,Bahrain,2024,False
LEC,95.265,54.0,3.0,30.7,41.077,23.488,238.0,266.0,281.0,301.0,False,HARD,20.0,True,Ferrari,1,4.0,True,Bahrain,2024,False
LEC,95.785,55.0,3.0,30.857,41.308,23.62,237.0,267.0,281.0,299.0,False,HARD,21.0,True,Ferrari,1,4.0,True,Bahrain,2024,False
LEC,95.924,56.0,3.0,30.744,41.565,23.615,238.0,266.0,281.0,299.0,False,HARD,22.0,True,Ferrari,1,4.0,True,Bahrain,2024,False
LEC,96.324,57.0,3.0,30.856,41.655,23.813,238.0,262.0,265.0,299.0,False,HARD,23.0,True,Ferrari,1,4.0,True,Bahrain,2024,False
RUS,96.635,2.0,1.0,30.829,42.038,23.768,230.0,253.0,283.0,298.0,True,SOFT,5.0,False,Mercedes,1,3.0,True,Bahrain,2024,False
RUS,96.406,3.0,1.0,30.367,42.202,23.837,232.0,250.0,278.0,318.0,True,SOFT,6.0,False,Mercedes,1,2.0,True,Bahrain,2024,False
RUS,97.738,4.0,1.0,31.135,42.609,23.994,223.0,247.0,269.0,296.0,False,SOFT,7.0,False,Mercedes,1,2.0,True,Bahrain,2024,False
RUS,98.116,5.0,1.0,31.636,42.573,23.907,225.0,250.0,277.0,287.0,False,SOFT,8.0,False,Mercedes,1,2.0,True,Bahrain,2024,False
RUS,97.784,6.0,1.0,31.36,42.508,23.916,225.0,252.0,277.0,289.0,False,SOFT,9.0,False,Mercedes,1,2.0,True,Bahrain,2024,False
RUS,98.082,7.0,1.0,31.48,42.577,24.025,226.0,251.0,278.0,286.0,False,SOFT,10.0,False,Mercedes,1,2.0,True,Bahrain,2024,False
RUS,97.862,8.0,1.0,31.238,42.646,23.978,230.0,246.0,278.0,288.0,False,SOFT,11.0,False,Mercedes,1,2.0,True,Bahrain,2024,False
RUS,97.73,9.0,1.0,31.12,42.578,24.032,231.0,246.0,278.0,292.0,False,SOFT,12.0,False,Mercedes,1,2.0,True,Bahrain,2024,False
RUS,100.515,11.0,1.0,31.392,42.646,26.477,229.0,251.0,281.0,284.0,False,SOFT,14.0,False,Mercedes,1,4.0,False,Bahrain,2024,True
RUS,118.46,12.0,2.0,52.57,42.189,23.701,229.0,254.0,281.0,215.0,False,HARD,1.0,True,Mercedes,1,11.0,False,Bahrain,2024,True
RUS,97.167,13.0,2.0,30.759,42.479,23.929,232.0,254.0,284.0,296.0,False,HARD,2.0,True,Mercedes,1,7.0,True,Bahrain,2024,False
RUS,97.571,14.0,2.0,30.851,42.74,23.98,218.0,255.0,279.0,319.0,False,HARD,3.0,True,Mercedes,1,7.0,True,Bahrain,2024,False
RUS,96.922,15.0,2.0,31.038,42.152,23.732,230.0,251.0,280.0,291.0,False,HARD,4.0,True,Mercedes,1,4.0,True,Bahrain,2024,False
RUS,96.683,16.0,2.0,31.03,42.084,23.569,227.0,257.0,278.0,295.0,False,HARD,5.0,True,Mercedes,1,3.0,True,Bahrain,2024,False
RUS,96.234,17.0,2.0,30.747,41.766,23.721,228.0,256.0,278.0,298.0,True,HARD,6.0,True,Mercedes,1,3.0,True,Bahrain,2024,False
RUS,97.819,18.0,2.0,31.462,42.532,23.825,232.0,257.0,274.0,290.0,False,HARD,7.0,True,Mercedes,1,4.0,True,Bahrain,2024,False
RUS,97.233,19.0,2.0,31.101,42.267,23.865,228.0,247.0,280.0,293.0,False,HARD,8.0,True,Mercedes,1,4.0,True,Bahrain,2024,False
RUS,96.732,20.0,2.0,30.862,42.099,23.771,229.0,250.0,280.0,292.0,False,HARD,9.0,True,Mercedes,1,4.0,True,Bahrain,2024,False
RUS,96.769,21.0,2.0,30.87,42.18,23.719,229.0,253.0,280.0,294.0,False,HARD,10.0,True,Mercedes,1,4.0,True,Bahrain,2024,False
RUS,96.992,22.0,2.0,30.84,42.313,23.839,229.0,248.0,280.0,295.0,False,HARD,11.0,True,Mercedes,1,4.0,True,Bahrain,2024,False
RUS,96.954,23.0,2.0,31.043,42.088,23.823,229.0,256.0,280.0,290.0,False,HARD,12.0,True,Mercedes,1,4.0,True,Bahrain,2024,False
RUS,96.736,24.0,2.0,30.867,42.107,23.762,231.0,246.0,280.0,295.0,False,HARD,13.0,True,Mercedes,1,4.0,True,Bahrain,2024,False
RUS,96.928,25.0,2.0,30.941,42.199,23.788,231.0,250.0,280.0,295.0,False,HARD,14.0,True,Mercedes,1,4.0,True,Bahrain,2024,False
RUS,96.801,26.0,2.0,30.867,42.161,23.773,232.0,258.0,280.0,295.0,False,HARD,15.0,True,Mercedes,1,4.0,True,Bahrain,2024,False
RUS,96.815,27.0,2.0,30.93,42.115,23.77,232.0,253.0,280.0,294.0,False,HARD,16.0,True,Mercedes,1,4.0,True,Bahrain,2024,False
RUS,96.911,28.0,2.0,30.98,42.149,23.782,231.0,254.0,280.0,294.0,False,HARD,17.0,True,Mercedes,1,4.0,True,Bahrain,2024,False
RUS,97.066,29.0,2.0,30.993,42.224,23.849,231.0,257.0,280.0,295.0,False,HARD,18.0,True,Mercedes,1,4.0,True,Bahrain,2024,False
RUS,97.186,30.0,2.0,31.03,42.221,23.935,232.0,252.0,280.0,294.0,False,HARD,19.0,True,Mercedes,1,4.0,True,Bahrain,2024,False
RUS,99.405,31.0,2.0,31.061,42.153,26.191,232.0,260.0,281.0,295.0,False,HARD,20.0,True,Mercedes,1,5.0,False,Bahrain,2024,False
RUS,117.267,32.0,3.0,52.151,41.641,23.475,230.0,257.0,282.0,217.0,False,HARD,1.0,True,Mercedes,1,9.0,False,Bahrain,2024,True
RUS,95.838,33.0,3.0,30.638,41.572,23.628,232.0,246.0,293.0,301.0,True,HARD,2.0,True,Mercedes,1,9.0,True,Bahrain,2024,False
RUS,95.241,34.0,3.0,30.286,41.651,23.304,234.0,254.0,281.0,309.0,True,HARD,3.0,True,Mercedes,1,6.0,True,Bahrain,2024,False
RUS,95.772,35.0,3.0,30.587,41.817,23.368,234.0,244.0,281.0,297.0,False,HARD,4.0,True,Mercedes,1,4.0,True,Bahrain,2024,False
RUS,95.434,36.0,3.0,30.608,41.494,23.332,235.0,253.0,281.0,296.0,False,HARD,5.0,True,Mercedes,1,4.0,True,Bahrain,2024,False
RUS,95.481,37.0,3.0,30.566,41.586,23.329,234.0,251.0,281.0,298.0,False,HARD,6.0,True,Mercedes,1,4.0,True,Bahrain,2024,False
RUS,95.479,38.0,3.0,30.6,41.469,23.41,233.0,259.0,281.0,297.0,False,HARD,7.0,True,Mercedes,1,4.0,True,Bahrain,2024,False
RUS,95.204,39.0,3.0,30.547,41.329,23.328,235.0,260.0,282.0,299.0,True,HARD,8.0,True,Mercedes,1,4.0,True,Bahrain,2024,False
RUS,95.065,40.0,3.0,30.39,41.347,23.328,236.0,261.0,282.0,299.0,True,HARD,9.0,True,Mercedes,1,4.0,True,Bahrain,2024,False
RUS,95.093,41.0,3.0,30.541,41.25,23.302,235.0,263.0,282.0,296.0,False,HARD,10.0,True,Mercedes,1,4.0,True,Bahrain,2024,False
RUS,95.136,42.0,3.0,30.57,41.196,23.37,236.0,265.0,282.0,294.0,False,HARD,11.0,True,Mercedes,1,4.0,True,Bahrain,2024,False
RUS,95.193,43.0,3.0,30.626,41.237,23.33,235.0,265.0,282.0,294.0,False,HARD,12.0,True,Mercedes,1,4.0,True,Bahrain,2024,False
RUS,95.162,44.0,3.0,30.573,41.252,23.337,236.0,265.0,281.0,295.0,False,HARD,13.0,True,Mercedes,1,4.0,True,Bahrain,2024,False
RUS,95.276,45.0,3.0,30.599,41.328,23.349,236.0,267.0,283.0,300.0,False,HARD,14.0,True,Mercedes,1,4.0,True,Bahrain,2024,False
RUS,96.657,46.0,3.0,30.649,42.244,23.764,236.0,263.0,288.0,302.0,False,HARD,15.0,True,Mercedes,1,5.0,True,Bahrain,2024,False
RUS,95.805,47.0,3.0,30.525,41.724,23.556,233.0,264.0,283.0,323.0,False,HARD,16.0,True,Mercedes,1,5.0,True,Bahrain,2024,False
RUS,96.059,48.0,3.0,30.794,41.795,23.47,234.0,251.0,282.0,305.0,False,HARD,17.0,True,Mercedes,1,5.0,True,Bahrain,2024,False
RUS,95.954,49.0,3.0,30.723,41.727,23.504,236.0,258.0,283.0,299.0,False,HARD,18.0,True,Mercedes,1,5.0,True,Bahrain,2024,False
RUS,96.181,50.0,3.0,30.691,41.93,23.56,234.0,260.0,282.0,300.0,False,HARD,19.0,True,Mercedes,1,5.0,True,Bahrain,2024,False
RUS,95.852,51.0,3.0,30.639,41.734,23.479,236.0,261.0,282.0,305.0,False,HARD,20.0,True,Mercedes,1,5.0,True,Bahrain,2024,False
RUS,96.186,52.0,3.0,30.678,41.927,23.581,237.0,257.0,283.0,303.0,False,HARD,21.0,True,Mercedes,1,5.0,True,Bahrain,2024,False
RUS,95.979,53.0,3.0,30.752,41.74,23.487,237.0,263.0,283.0,302.0,False,HARD,22.0,True,Mercedes,1,5.0,True,Bahrain,2024,False
RUS,96.013,54.0,3.0,30.744,41.687,23.582,236.0,261.0,282.0,302.0,False,HARD,23.0,True,Mercedes,1,5.0,True,Bahrain,2024,False
RUS,96.151,55.0,3.0,30.818,41.709,23.624,237.0,263.0,282.0,303.0,False,HARD,24.0,True,Mercedes,1,5.0,True,Bahrain,2024,False
RUS,96.35,56.0,3.0,30.808,41.885,23.657,236.0,263.0,282.0,298.0,False,HARD,25.0,True,Mercedes,1,5.0,True,Bahrain,2024,False
RUS,96.44,57.0,3.0,30.765,42.018,23.657,235.0,261.0,283.0,300.0,False,HARD,26.0,True,Mercedes,1,5.0,True,Bahrain,2024,False
NOR,98.01,2.0,1.0,31.353,42.618,24.039,231.0,249.0,285.0,298.0,True,SOFT,5.0,False,McLaren,1,7.0,True,Bahrain,2024,False
NOR,97.787,3.0,1.0,31.112,42.476,24.199,229.0,254.0,275.0,318.0,False,SOFT,6.0,False,McLaren,1,6.0,True,Bahrain,2024,False
NOR,97.45,4.0,1.0,31.115,42.193,24.142,232.0,253.0,276.0,294.0,False,SOFT,7.0,False,McLaren,1,6.0,True,Bahrain,2024,False
NOR,97.794,5.0,1.0,31.258,42.379,24.157,227.0,248.0,276.0,294.0,True,SOFT,8.0,False,McLaren,1,6.0,True,Bahrain,2024,False
NOR,97.896,6.0,1.0,31.027,42.622,24.247,227.0,248.0,276.0,301.0,False,SOFT,9.0,False,McLaren,1,6.0,True,Bahrain,2024,False
NOR,97.86,7.0,1.0,31.074,42.514,24.272,229.0,246.0,276.0,302.0,False,SOFT,10.0,False,McLaren,1,6.0,True,Bahrain,2024,False
NOR,98.134,8.0,1.0,31.171,42.688,24.275,227.0,247.0,277.0,303.0,False,SOFT,11.0,False,McLaren,1,6.0,True,Bahrain,2024,False
NOR,98.064,9.0,1.0,31.051,42.721,24.292,228.0,250.0,276.0,302.0,False,SOFT,12.0,False,McLaren,1,6.0,True,Bahrain,2024,False
NOR,98.172,11.0,1.0,31.163,42.74,24.269,229.0,250.0,277.0,302.0,False,SOFT,14.0,False,McLaren,1,5.0,True,Bahrain,2024,False
NOR,98.082,12.0,1.0,31.232,42.561,24.289,229.0,251.0,277.0,300.0,False,SOFT,15.0,False,McLaren,1,4.0,True,Bahrain,2024,False
NOR,100.635,13.0,1.0,31.225,42.508,26.902,229.0,251.0,281.0,300.0,False,SOFT,16.0,False,McLaren,1,3.0,False,Bahrain,2024,True
NOR,117.77,14.0,2.0,51.681,42.243,23.846,232.0,246.0,278.0,220.0,False,HARD,1.0,True,McLaren,1,9.0,False,Bahrain,2024,True
NOR,96.912,15.0,2.0,31.011,42.058,23.843,234.0,244.0,279.0,294.0,True,HARD,2.0,True,McLaren,1,8.0,True,Bahrain,2024,False
NOR,96.565,16.0,2.0,30.716,42.031,23.818,233.0,249.0,280.0,298.0,True,HARD,3.0,True,McLaren,1,6.0,True,Bahrain,2024,False
NOR,96.776,17.0,2.0,31.049,41.973,23.754,233.0,248.0,278.0,296.0,False,HARD,4.0,True,McLaren,1,6.0,True,Bahrain,2024,False
NOR,96.508,18.0,2.0,30.803,41.777,23.928,232.0,251.0,277.0,296.0,True,HARD,5.0,True,McLaren,1,6.0,True,Bahrain,2024,False
NOR,96.416,19.0,2.0,30.87,41.774,23.772,235.0,254.0,278.0,295.0,True,HARD,6.0,True,McLaren,1,6.0,True,Bahrain,2024,False
NOR,96.501,20.0,2.0,30.817,41.871,23.813,233.0,250.0,278.0,295.0,False,HARD,7.0,True,McLaren,1,6.0,True,Bahrain,2024,False
NOR,96.62,21.0,2.0,30.889,41.825,23.906,235.0,253.0,278.0,296.0,False,HARD,8.0,True,McLaren,1,6.0,True,Bahrain,2024,False
NOR,96.668,22.0,2.0,30.839,41.822,24.007,236.0,257.0,278.0,296.0,False,HARD,9.0,True,McLaren,1,6.0,True,Bahrain,2024,False
NOR,96.696,23.0,2.0,30.92,41.877,23.899,235.0,256.0,278.0,296.0,False,HARD,10.0,True,McLaren,1,6.0,True,Bahrain,2024,False
NOR,96.823,24.0,2.0,30.89,42.047,23.886,236.0,254.0,278.0,296.0,False,HARD,11.0,True,McLaren,1,6.0,True,Bahrain,2024,False
NOR,96.73,25.0,2.0,30.923,41.924,23.883,235.0,257.0,279.0,302.0,False,HARD,12.0,True,McLaren,1,6.0,True,Bahrain,2024,False
NOR,96.566,26.0,2.0,30.845,41.878,23.843,235.0,259.0,279.0,301.0,False,HARD,13.0,True,McLaren,1,6.0,True,Bahrain,2024,False
NOR,96.726,27.0,2.0,30.873,41.939,23.914,235.0,259.0,279.0,301.0,False,HARD,14.0,True,McLaren,1,6.0,True,Bahrain,2024,False
NOR,97.018,28.0,2.0,30.98,41.984,24.054,235.0,260.0,279.0,300.0,False,HARD,15.0,True,McLaren,1,6.0,True,Bahrain,2024,False
NOR,97.041,29.0,2.0,30.879,42.16,24.002,234.0,260.0,279.0,300.0,False,HARD,16.0,True,McLaren,1,6.0,True,Bahrain,2024,False
NOR,96.986,30.0,2.0,30.946,42.076,23.964,234.0,258.0,279.0,301.0,False,HARD,17.0,True,McLaren,1,6.0,True,Bahrain,2024,False
NOR,97.083,31.0,2.0,30.944,42.127,24.012,235.0,257.0,279.0,302.0,False,HARD,18.0,True,McLaren,1,6.0,True,Bahrain,2024,False
NOR,97.171,32.0,2.0,30.994,42.14,24.037,235.0,260.0,279.0,300.0,False,HARD,19.0,True,McLaren,1,5.0,True,Bahrain,2024,False
NOR,99.626,33.0,2.0,31.223,42.016,26.387,234.0,261.0,281.0,301.0,False,HARD,20.0,True,McLaren,1,5.0,False,Bahrain,2024,False
NOR,116.898,34.0,3.0,51.869,41.547,23.482,235.0,246.0,282.0,218.0,False,HARD,1.0,True,McLaren,1,8.0,False,Bahrain,2024,True
NOR,94.476,35.0,3.0,30.32,40.838,23.318,238.0,267.0,287.0,301.0,True,HARD,2.0,True,McLaren,1,7.0,True,Bahrain,2024,False
NOR,95.69,36.0,3.0,30.162,42.072,23.456,234.0,254.0,281.0,316.0,False,HARD,3.0,True,McLaren,1,6.0,True,Bahrain,2024,False
NOR,95.067,37.0,3.0,30.355,41.339,23.373,237.0,250.0,280.0,304.0,False,HARD,4.0,True,McLaren,1,6.0,True,Bahrain,2024,False
NOR,95.149,38.0,3.0,30.48,41.161,23.508,237.0,263.0,280.0,302.0,False,HARD,5.0,True,McLaren,1,6.0,True,Bahrain,2024,False
NOR,94.88,39.0,3.0,30.35,41.047,23.483,236.0,256.0,280.0,301.0,False,HARD,6.0,True,McLaren,1,6.0,True,Bahrain,2024,False
NOR,95.276,40.0,3.0,30.366,41.222,23.688,237.0,258.0,277.0,303.0,False,HARD,7.0,True,McLaren,1,6.0,True,Bahrain,2024,False
NOR,95.069,41.0,3.0,30.318,41.261,23.49,236.0,261.0,281.0,303.0,False,HARD,8.0,True,McLaren,1,6.0,True,Bahrain,2024,False
NOR,95.165,42.0,3.0,30.402,41.212,23.551,237.0,259.0,281.0,302.0,False,HARD,9.0,True,McLaren,1,6.0,True,Bahrain,2024,False
NOR,95.295,43.0,3.0,30.462,41.196,23.637,236.0,260.0,280.0,303.0,False,HARD,10.0,True,McLaren,1,6.0,True,Bahrain,2024,False
NOR,95.346,44.0,3.0,30.488,41.267,23.591,236.0,257.0,280.0,304.0,False,HARD,11.0,True,McLaren,1,6.0,True,Bahrain,2024,False
NOR,95.338,45.0,3.0,30.468,41.24,23.63,236.0,261.0,280.0,302.0,False,HARD,12.0,True,McLaren,1,6.0,True,Bahrain,2024,False
NOR,95.371,46.0,3.0,30.485,41.244,23.642,236.0,264.0,281.0,302.0,False,HARD,13.0,True,McLaren,1,6.0,True,Bahrain,2024,False
NOR,95.485,47.0,3.0,30.546,41.341,23.598,236.0,261.0,281.0,299.0,False,HARD,14.0,True,McLaren,1,6.0,True,Bahrain,2024,False
NOR,95.717,48.0,3.0,30.638,41.369,23.71,236.0,262.0,280.0,303.0,False,HARD,15.0,True,McLaren,1,6.0,True,Bahrain,2024,False
NOR,95.674,49.0,3.0,30.64,41.34,23.694,236.0,263.0,282.0,302.0,False,HARD,16.0,True,McLaren,1,6.0,True,Bahrain,2024,False
NOR,95.657,50.0,3.0,30.563,41.375,23.719,236.0,264.0,281.0,303.0,False,HARD,17.0,True,McLaren,1,6.0,True,Bahrain,2024,False
NOR,96.038,51.0,3.0,30.786,41.516,23.736,236.0,265.0,282.0,303.0,False,HARD,18.0,True,McLaren,1,6.0,True,Bahrain,2024,False
NOR,95.922,52.0,3.0,30.655,41.461,23.806,238.0,268.0,282.0,300.0,False,HARD,19.0,True,McLaren,1,6.0,True,Bahrain,2024,False
NOR,95.782,53.0,3.0,30.666,41.392,23.724,237.0,268.0,282.0,303.0,False,HARD,20.0,True,McLaren,1,6.0,True,Bahrain,2024,False
NOR,95.934,54.0,3.0,30.672,41.387,23.875,233.0,268.0,282.0,304.0,False,HARD,21.0,True,McLaren,1,6.0,True,Bahrain,2024,False
NOR,96.223,55.0,3.0,31.035,41.372,23.816,232.0,269.0,282.0,302.0,False,HARD,22.0,True,McLaren,1,6.0,True,Bahrain,2024,False
NOR,95.976,56.0,3.0,30.691,41.471,23.814,233.0,270.0,282.0,305.0,False,HARD,23.0,True,McLaren,1,6.0,True,Bahrain,2024,False
NOR,96.582,57.0,3.0,30.771,41.992,23.819,234.0,270.0,283.0,304.0,False,HARD,24.0,True,McLaren,1,6.0,True,Bahrain,2024,False
HAM,98.273,2.0,1.0,31.287,42.893,24.093,229.0,245.0,286.0,301.0,True,SOFT,5.0,False,Mercedes,1,9.0,True,Bahrain,2024,False
HAM,98.303,3.0,1.0,31.062,43.099,24.142,231.0,246.0,286.0,311.0,False,SOFT,6.0,False,Mercedes,1,9.0,True,Bahrain,2024,False
HAM,98.287,4.0,1.0,30.983,43.146,24.158,228.0,243.0,284.0,297.0,False,SOFT,7.0,False,Mercedes,1,9.0,True,Bahrain,2024,False
HAM,98.35,5.0,1.0,31.14,43.01,24.2,228.0,245.0,287.0,296.0,False,SOFT,8.0,False,Mercedes,1,9.0,True,Bahrain,2024,False
HAM,98.183,6.0,1.0,31.124,42.887,24.172,230.0,247.0,286.0,301.0,True,SOFT,9.0,False,Mercedes,1,9.0,True,Bahrain,2024,False
HAM,97.839,7.0,1.0,30.829,42.823,24.187,229.0,248.0,287.0,293.0,True,SOFT,10.0,False,Mercedes,1,9.0,True,Bahrain,2024,False
HAM,98.221,8.0,1.0,31.079,42.886,24.256,229.0,248.0,285.0,304.0,False,SOFT,11.0,False,Mercedes,1,9.0,True,Bahrain,2024,False
HAM,98.645,9.0,1.0,31.088,43.171,24.386,230.0,247.0,288.0,311.0,False,SOFT,12.0,False,Mercedes,1,9.0,True,Bahrain,2024,False
HAM,98.236,11.0,1.0,31.279,42.819,24.138,228.0,249.0,279.0,290.0,False,SOFT,14.0,False,Mercedes,1,8.0,True,Bahrain,2024,False
HAM,100.889,12.0,1.0,31.206,42.881,26.802,228.0,245.0,281.0,294.0,False,SOFT,15.0,False,Mercedes,1,7.0,False,Bahrain,2024,True
HAM,118.645,13.0,2.0,52.396,42.491,23.758,229.0,242.0,276.0,216.0,False,HARD,1.0,True,Mercedes,1,12.0,False,Bahrain,2024,True
HAM,97.178,14.0,2.0,31.073,42.404,23.701,231.0,246.0,281.0,288.0,True,HARD,2.0,True,Mercedes,1,11.0,True,Bahrain,2024,False
HAM,97.264,15.0,2.0,31.095,42.315,23.854,229.0,243.0,280.0,288.0,False,HARD,3.0,True,Mercedes,1,10.0,True,Bahrain,2024,False
HAM,97.091,16.0,2.0,31.165,42.207,23.719,229.0,243.0,280.0,286.0,True,HARD,4.0,True,Mercedes,1,8.0,True,Bahrain,2024,False
HAM,97.111,17.0,2.0,30.738,42.64,23.733,231.0,247.0,281.0,295.0,False,HARD,5.0,True,Mercedes,1,8.0,True,Bahrain,2024,False
HAM,96.85,18.0,2.0,30.825,42.221,23.804,231.0,250.0,280.0,295.0,True,HARD,6.0,True,Mercedes,1,8.0,True,Bahrain,2024,False
HAM,96.694,19.0,2.0,30.848,42.131,23.715,232.0,252.0,279.0,292.0,True,HARD,7.0,True,Mercedes,1,8.0,True,Bahrain,2024,False
HAM,96.264,20.0,2.0,30.768,41.794,23.702,232.0,254.0,280.0,295.0,True,HARD,8.0,True,Mercedes,1,8.0,True,Bahrain,2024,False
HAM,96.51,21.0,2.0,30.757,42.003,23.75,233.0,254.0,280.0,294.0,False,HARD,9.0,True,Mercedes,1,8.0,True,Bahrain,2024,False
HAM,96.633,22.0,2.0,30.733,42.141,23.759,233.0,252.0,280.0,295.0,False,HARD,10.0,True,Mercedes,1,8.0,True,Bahrain,2024,False
HAM,96.717,23.0,2.0,30.884,42.063,23.77,233.0,254.0,281.0,294.0,False,HARD,11.0,True,Mercedes,1,8.0,True,Bahrain,2024,False
HAM,96.666,24.0,2.0,30.826,42.1,23.74,232.0,253.0,281.0,294.0,False,HARD,12.0,True,Mercedes,1,8.0,True,Bahrain,2024,False
HAM,96.919,25.0,2.0,31.037,42.09,23.792,234.0,254.0,280.0,297.0,False,HARD,13.0,True,Mercedes,1,8.0,True,Bahrain,2024,False
HAM,96.714,26.0,2.0,30.847,42.095,23.772,233.0,256.0,281.0,298.0,False,HARD,14.0,True,Mercedes,1,8.0,True,Bahrain,2024,False
HAM,97.201,27.0,2.0,30.891,42.39,23.92,234.0,255.0,281.0,296.0,False,HARD,15.0,True,Mercedes,1,8.0,True,Bahrain,2024,False
HAM,96.692,28.0,2.0,30.907,41.948,23.837,233.0,257.0,282.0,298.0,False,HARD,16.0,True,Mercedes,1,8.0,True,Bahrain,2024,False
HAM,96.786,29.0,2.0,30.897,42.023,23.866,233.0,259.0,281.0,298.0,False,HARD,17.0,True,Mercedes,1,8.0,True,Bahrain,2024,False
HAM,97.244,30.0,2.0,30.945,42.37,23.929,232.0,259.0,281.0,296.0,False,HARD,18.0,True,Mercedes,1,8.0,True,Bahrain,2024,False
HAM,96.975,31.0,2.0,30.837,42.175,23.963,233.0,258.0,282.0,299.0,False,HARD,19.0,True,Mercedes,1,8.0,True,Bahrain,2024,False
HAM,97.325,32.0,2.0,31.076,42.235,24.014,234.0,260.0,282.0,298.0,False,HARD,20.0,True,Mercedes,1,7.0,True,Bahrain,2024,False
HAM,99.696,33.0,2.0,30.937,42.399,26.36,233.0,259.0,281.0,300.0,False,HARD,21.0,True,Mercedes,1,7.0,False,Bahrain,2024,False
HAM,114.974,34.0,3.0,50.966,40.903,23.105,232.0,257.0,282.0,219.0,False,HARD,1.0,True,Mercedes,1,9.0,False,Bahrain,2024,True
HAM,95.489,35.0,3.0,30.776,41.304,23.409,239.0,246.0,283.0,302.0,True,HARD,2.0,True,Mercedes,1,8.0,True,Bahrain,2024,False
HAM,95.279,36.0,3.0,30.303,41.653,23.323,237.0,252.0,284.0,297.0,True,HARD,3.0,True,Mercedes,1,8.0,True,Bahrain,2024,False
HAM,95.597,37.0,3.0,30.384,41.575,23.638,234.0,254.0,290.0,302.0,False,HARD,4.0,True,Mercedes,1,8.0,True,Bahrain,2024,False
HAM,94.966,38.0,3.0,30.06,41.423,23.483,233.0,257.0,290.0,316.0,True,HARD,5.0,True,Mercedes,1,8.0,True,Bahrain,2024,False
HAM,94.722,39.0,3.0,30.17,41.159,23.393,233.0,258.0,282.0,313.0,True,HARD,6.0,True,Mercedes,1,7.0,True,Bahrain,2024,False
HAM,95.041,40.0,3.0,30.443,41.198,23.4,235.0,260.0,282.0,296.0,False,HARD,7.0,True,Mercedes,1,7.0,True,Bahrain,2024,False
HAM,94.94,41.0,3.0,30.463,41.116,23.361,235.0,263.0,282.0,297.0,False,HARD,8.0,True,Mercedes,1,7.0,True,Bahrain,2024,False
HAM,94.996,42.0,3.0,30.426,41.13,23.44,235.0,260.0,283.0,298.0,False,HARD,9.0,True,Mercedes,1,7.0,True,Bahrain,2024,False
HAM,94.935,43.0,3.0,30.437,41.134,23.364,235.0,259.0,282.0,297.0,False,HARD,10.0,True,Mercedes,1,7.0,True,Bahrain,2024,False
HAM,95.169,44.0,3.0,30.494,41.229,23.446,235.0,262.0,282.0,297.0,False,HARD,11.0,True,Mercedes,1,7.0,True,Bahrain,2024,False
HAM,95.184,45.0,3.0,30.483,41.299,23.402,236.0,261.0,282.0,298.0,False,HARD,12.0,True,Mercedes,1,7.0,True,Bahrain,2024,False
HAM,95.285,46.0,3.0,30.569,41.258,23.458,235.0,264.0,282.0,300.0,False,HARD,13.0,True,Mercedes,1,7.0,True,Bahrain,2024,False
HAM,95.226,47.0,3.0,30.514,41.311,23.401,236.0,262.0,282.0,296.0,False,HARD,14.0,True,Mercedes,1,7.0,True,Bahrain,2024,False
HAM,96.165,48.0,3.0,30.691,41.926,23.548,236.0,263.0,282.0,296.0,False,HARD,15.0,True,Mercedes,1,7.0,True,Bahrain,2024,False
HAM,95.914,49.0,3.0,30.616,41.819,23.479,236.0,261.0,282.0,297.0,False,HARD,16.0,True,Mercedes,1,7.0,True,Bahrain,2024,False
HAM,95.612,50.0,3.0,30.655,41.454,23.503,236.0,263.0,282.0,302.0,False,HARD,17.0,True,Mercedes,1,7.0,True,Bahrain,2024,False
HAM,95.532,51.0,3.0,30.597,41.403,23.532,235.0,264.0,282.0,298.0,False,HARD,18.0,True,Mercedes,1,7.0,True,Bahrain,2024,False
HAM,95.479,52.0,3.0,30.578,41.382,23.519,237.0,267.0,283.0,299.0,False,HARD,19.0,True,Mercedes,1,7.0,True,Bahrain,2024,False
HAM,95.55,53.0,3.0,30.643,41.252,23.655,236.0,267.0,282.0,298.0,False,HARD,20.0,True,Mercedes,1,7.0,True,Bahrain,2024,False
HAM,95.974,54.0,3.0,30.792,41.706,23.476,236.0,265.0,283.0,299.0,False,HARD,21.0,True,Mercedes,1,7.0,True,Bahrain,2024,False
HAM,95.633,55.0,3.0,30.602,41.487,23.544,238.0,263.0,283.0,304.0,False,HARD,22.0,True,Mercedes,1,7.0,True,Bahrain,2024,False
HAM,95.706,56.0,3.0,30.597,41.564,23.545,238.0,267.0,284.0,304.0,False,HARD,23.0,True,Mercedes,1,7.0,True,Bahrain,2024,False
HAM,96.138,57.0,3.0,30.687,41.847,23.604,236.0,264.0,283.0,304.0,False,HARD,24.0,True,Mercedes,1,7.0,True,Bahrain,2024,False
PIA,98.382,2.0,1.0,31.429,42.789,24.164,233.0,253.0,285.0,302.0,True,SOFT,5.0,False,McLaren,1,8.0,True,Bahrain,2024,False
PIA,98.258,3.0,1.0,31.147,42.993,24.118,233.0,259.0,288.0,318.0,True,SOFT,6.0,False,McLaren,1,8.0,True,Bahrain,2024,False
PIA,97.897,4.0,1.0,31.113,42.572,24.212,234.0,258.0,286.0,300.0,True,SOFT,7.0,False,McLaren,1,8.0,True,Bahrain,2024,False
PIA,97.859,5.0,1.0,30.894,42.78,24.185,229.0,257.0,278.0,323.0,True,SOFT,8.0,False,McLaren,1,7.0,True,Bahrain,2024,False
PIA,97.955,6.0,1.0,31.412,42.35,24.193,233.0,254.0,278.0,290.0,False,SOFT,9.0,False,McLaren,1,7.0,True,Bahrain,2024,False
PIA,97.984,7.0,1.0,31.164,42.581,24.239,230.0,253.0,278.0,300.0,False,SOFT,10.0,False,McLaren,1,7.0,True,Bahrain,2024,False
PIA,97.956,8.0,1.0,31.179,42.533,24.244,231.0,257.0,278.0,296.0,False,SOFT,11.0,False,McLaren,1,7.0,True,Bahrain,2024,False
PIA,98.096,9.0,1.0,31.211,42.534,24.351,232.0,257.0,278.0,299.0,False,SOFT,12.0,False,McLaren,1,7.0,True,Bahrain,2024,False
PIA,98.397,11.0,1.0,31.276,42.727,24.394,233.0,259.0,278.0,303.0,False,SOFT,14.0,False,McLaren,1,7.0,True,Bahrain,2024,False
PIA,100.739,12.0,1.0,31.364,42.679,26.696,233.0,256.0,281.0,302.0,False,SOFT,15.0,False,McLaren,1,5.0,False,Bahrain,2024,True
PIA,118.689,13.0,2.0,52.735,42.241,23.713,234.0,254.0,278.0,218.0,False,HARD,1.0,True,McLaren,1,11.0,False,Bahrain,2024,True
PIA,96.796,14.0,2.0,30.92,42.057,23.819,234.0,254.0,280.0,299.0,True,HARD,2.0,True,McLaren,1,10.0,True,Bahrain,2024,False
PIA,96.823,15.0,2.0,31.008,41.928,23.887,235.0,256.0,281.0,302.0,False,HARD,3.0,True,McLaren,1,9.0,True,Bahrain,2024,False
PIA,96.427,16.0,2.0,30.706,41.849,23.872,235.0,258.0,280.0,305.0,True,HARD,4.0,True,McLaren,1,7.0,True,Bahrain,2024,False
PIA,96.872,17.0,2.0,30.863,42.13,23.879,236.0,259.0,280.0,304.0,False,HARD,5.0,True,McLaren,1,7.0,True,Bahrain,2024,False
PIA,97.095,18.0,2.0,30.958,42.15,23.987,233.0,256.0,279.0,304.0,False,HARD,6.0,True,McLaren,1,7.0,True,Bahrain,2024,False
PIA,96.577,19.0,2.0,30.84,41.863,23.874,234.0,260.0,280.0,303.0,False,HARD,7.0,True,McLaren,1,7.0,True,Bahrain,2024,False
PIA,96.644,20.0,2.0,30.982,41.794,23.868,234.0,263.0,280.0,302.0,False,HARD,8.0,True,McLaren,1,7.0,True,Bahrain,2024,False
PIA,96.733,21.0,2.0,30.904,41.943,23.886,235.0,263.0,279.0,301.0,False,HARD,9.0,True,McLaren,1,7.0,True,Bahrain,2024,False
PIA,96.555,22.0,2.0,30.87,41.812,23.873,236.0,266.0,280.0,302.0,False,HARD,10.0,True,McLaren,1,7.0,True,Bahrain,2024,False
PIA,96.68,23.0,2.0,30.953,41.883,23.844,235.0,265.0,280.0,303.0,False,HARD,11.0,True,McLaren,1,7.0,True,Bahrain,2024,False
PIA,96.884,24.0,2.0,31.104,41.813,23.967,235.0,265.0,279.0,301.0,False,HARD,12.0,True,McLaren,1,7.0,True,Bahrain,2024,False
PIA,97.008,25.0,2.0,31.017,42.028,23.963,234.0,263.0,280.0,304.0,False,HARD,13.0,True,McLaren,1,7.0,True,Bahrain,2024,False
PIA,96.882,26.0,2.0,30.94,42.004,23.938,234.0,264.0,279.0,301.0,False,HARD,14.0,True,McLaren,1,7.0,True,Bahrain,2024,False
PIA,96.905,27.0,2.0,31.034,41.892,23.979,234.0,265.0,279.0,302.0,False,HARD,15.0,True,McLaren,1,7.0,True,Bahrain,2024,False
PIA,96.905,28.0,2.0,31.028,41.888,23.989,235.0,264.0,279.0,300.0,False,HARD,16.0,True,McLaren,1,7.0,True,Bahrain,2024,False
PIA,97.179,29.0,2.0,31.07,42.068,24.041,235.0,265.0,279.0,303.0,False,HARD,17.0,True,McLaren,1,7.0,True,Bahrain,2024,False
PIA,97.177,30.0,2.0,31.02,42.067,24.09,235.0,266.0,279.0,303.0,False,HARD,18.0,True,McLaren,1,7.0,True,Bahrain,2024,False
PIA,97.57,31.0,2.0,30.979,42.516,24.075,235.0,264.0,280.0,301.0,False,HARD,19.0,True,McLaren,1,7.0,True,Bahrain,2024,False
PIA,97.163,32.0,2.0,30.956,42.2,24.007,236.0,266.0,280.0,302.0,False,HARD,20.0,True,McLaren,1,6.0,True,Bahrain,2024,False
PIA,97.088,33.0,2.0,31.023,42.039,24.026,235.0,263.0,279.0,302.0,False,HARD,21.0,True,McLaren,1,6.0,True,Bahrain,2024,False
PIA,99.211,34.0,2.0,30.933,41.867,26.411,235.0,268.0,281.0,302.0,False,HARD,22.0,True,McLaren,1,5.0,False,Bahrain,2024,False
PIA,119.703,35.0,3.0,53.392,42.529,23.782,234.0,260.0,281.0,223.0,False,HARD,1.0,True,McLaren,1,9.0,False,Bahrain,2024,True
PIA,95.153,36.0,3.0,30.577,41.125,23.451,238.0,267.0,281.0,302.0,True,HARD,2.0,True,McLaren,1,9.0,True,Bahrain,2024,False
PIA,94.774,37.0,3.0,30.469,40.772,23.533,237.0,267.0,281.0,301.0,False,HARD,3.0,True,McLaren,1,9.0,True,Bahrain,2024,False
PIA,95.298,38.0,3.0,30.613,41.055,23.63,237.0,269.0,289.0,307.0,False,HARD,4.0,True,McLaren,1,9.0,True,Bahrain,2024,False
PIA,94.983,39.0,3.0,30.196,41.091,23.696,238.0,270.0,289.0,325.0,True,HARD,5.0,True,McLaren,1,9.0,True,Bahrain,2024,False
PIA,95.005,40.0,3.0,30.329,41.07,23.606,237.0,270.0,281.0,321.0,False,HARD,6.0,True,McLaren,1,8.0,True,Bahrain,2024,False
PIA,95.109,41.0,3.0,30.504,41.055,23.55,237.0,270.0,281.0,301.0,False,HARD,7.0,True,McLaren,1,8.0,True,Bahrain,2024,False
PIA,95.341,42.0,3.0,30.605,41.21,23.526,238.0,270.0,281.0,302.0,False,HARD,8.0,True,McLaren,1,8.0,True,Bahrain,2024,False
PIA,95.258,43.0,3.0,30.52,41.188,23.55,237.0,270.0,281.0,301.0,False,HARD,9.0,True,McLaren,1,8.0,True,Bahrain,2024,False
PIA,95.238,44.0,3.0,30.489,41.161,23.588,237.0,270.0,282.0,299.0,False,HARD,10.0,True,McLaren,1,8.0,True,Bahrain,2024,False
PIA,95.306,45.0,3.0,30.589,41.14,23.577,237.0,271.0,282.0,300.0,False,HARD,11.0,True,McLaren,1,8.0,True,Bahrain,2024,False
PIA,95.296,46.0,3.0,30.594,41.178,23.524,237.0,271.0,281.0,300.0,False,HARD,12.0,True,McLaren,1,8.0,True,Bahrain,2024,False
PIA,95.376,47.0,3.0,30.504,41.194,23.678,236.0,271.0,281.0,300.0,False,HARD,13.0,True,McLaren,1,8.0,True,Bahrain,2024,False
PIA,95.702,48.0,3.0,30.651,41.365,23.686,237.0,272.0,282.0,299.0,False,HARD,14.0,True,McLaren,1,8.0,True,Bahrain,2024,False
PIA,95.653,49.0,3.0,30.619,41.313,23.721,238.0,271.0,282.0,301.0,False,HARD,15.0,True,McLaren,1,8.0,True,Bahrain,2024,False
PIA,95.984,50.0,3.0,30.79,41.405,23.789,237.0,272.0,282.0,301.0,False,HARD,16.0,True,McLaren,1,8.0,True,Bahrain,2024,False
PIA,95.8,51.0,3.0,30.74,41.312,23.748,236.0,272.0,282.0,300.0,False,HARD,17.0,True,McLaren,1,8.0,True,Bahrain,2024,False
PIA,96.024,52.0,3.0,30.765,41.526,23.733,237.0,271.0,281.0,301.0,False,HARD,18.0,True,McLaren,1,8.0,True,Bahrain,2024,False
PIA,95.739,53.0,3.0,30.77,41.299,23.67,236.0,271.0,281.0,302.0,False,HARD,19.0,True,McLaren,1,8.0,True,Bahrain,2024,False
PIA,96.107,54.0,3.0,30.976,41.431,23.7,238.0,271.0,280.0,298.0,False,HARD,20.0,True,McLaren,1,8.0,True,Bahrain,2024,False
PIA,95.973,55.0,3.0,30.879,41.373,23.721,236.0,271.0,280.0,300.0,False,HARD,21.0,True,McLaren,1,8.0,True,Bahrain,2024,False
PIA,96.1,56.0,3.0,30.82,41.515,23.765,237.0,271.0,280.0,300.0,False,HARD,22.0,True,McLaren,1,8.0,True,Bahrain,2024,False
PIA,95.92,57.0,3.0,30.738,41.401,23.781,238.0,271.0,281.0,303.0,False,HARD,23.0,True,McLaren,1,8.0,True,Bahrain,2024,False
ALO,98.02,2.0,1.0,31.203,42.896,23.921,231.0,236.0,276.0,293.0,True,SOFT,5.0,False,Aston Martin,1,6.0,True,Bahrain,2024,False
ALO,99.046,3.0,1.0,32.068,42.719,24.259,228.0,249.0,282.0,290.0,False,SOFT,6.0,False,Aston Martin,1,7.0,True,Bahrain,2024,False
ALO,97.776,4.0,1.0,30.951,42.58,24.245,230.0,242.0,277.0,323.0,True,SOFT,7.0,False,Aston Martin,1,7.0,True,Bahrain,2024,False
ALO,99.292,5.0,1.0,32.063,42.806,24.423,230.0,248.0,283.0,300.0,False,SOFT,8.0,False,Aston Martin,1,8.0,True,Bahrain,2024,False
ALO,98.053,6.0,1.0,31.076,42.676,24.301,227.0,248.0,283.0,312.0,False,SOFT,9.0,False,Aston Martin,1,8.0,True,Bahrain,2024,False
ALO,98.008,7.0,1.0,30.905,42.7,24.403,228.0,249.0,282.0,315.0,False,SOFT,10.0,False,Aston Martin,1,8.0,True,Bahrain,2024,False
ALO,98.103,8.0,1.0,31.024,42.689,24.39,227.0,247.0,278.0,315.0,False,SOFT,11.0,False,Aston Martin,1,8.0,True,Bahrain,2024,False
ALO,98.896,9.0,1.0,31.464,43.036,24.396,227.0,241.0,277.0,303.0,False,SOFT,12.0,False,Aston Martin,1,8.0,True,Bahrain,2024,False
ALO,98.554,11.0,1.0,31.043,42.972,24.539,229.0,249.0,282.0,316.0,False,SOFT,14.0,False,Aston Martin,1,9.0,True,Bahrain,2024,False
ALO,98.543,12.0,1.0,30.932,43.035,24.576,230.0,251.0,276.0,320.0,False,SOFT,15.0,False,Aston Martin,1,6.0,True,Bahrain,2024,False
ALO,98.587,13.0,1.0,31.446,42.808,24.333,229.0,249.0,276.0,297.0,False,SOFT,16.0,False,Aston Martin,1,4.0,True,Bahrain,2024,False
ALO,98.612,14.0,1.0,31.516,42.741,24.355,228.0,250.0,276.0,297.0,False,SOFT,17.0,False,Aston Martin,1,3.0,True,Bahrain,2024,False
ALO,101.101,15.0,1.0,31.48,42.707,26.914,228.0,249.0,281.0,297.0,False,SOFT,18.0,False,Aston Martin,1,2.0,False,Bahrain,2024,True
ALO,118.814,16.0,2.0,52.462,42.357,23.995,233.0,237.0,284.0,220.0,False,HARD,1.0,True,Aston Martin,1,10.0,False,Bahrain,2024,True
ALO,96.97,17.0,2.0,30.546,42.572,23.852,232.0,237.0,277.0,310.0,True,HARD,2.0,True,Aston Martin,1,9.0,True,Bahrain,2024,False
ALO,97.361,18.0,2.0,31.136,42.381,23.844,232.0,234.0,277.0,291.0,False,HARD,3.0,True,Aston Martin,1,9.0,True,Bahrain,2024,False
ALO,97.072,19.0,2.0,30.967,42.236,23.869,232.0,239.0,277.0,297.0,False,HARD,4.0,True,Aston Martin,1,9.0,True,Bahrain,2024,False
ALO,97.357,20.0,2.0,31.08,42.304,23.973,233.0,238.0,278.0,294.0,False,HARD,5.0,True,Aston Martin,1,9.0,True,Bahrain,2024,False
ALO,97.342,21.0,2.0,30.978,42.385,23.979,232.0,229.0,278.0,295.0,False,HARD,6.0,True,Aston Martin,1,9.0,True,Bahrain,2024,False
ALO,97.122,22.0,2.0,30.882,42.371,23.869,232.0,233.0,278.0,300.0,False,HARD,7.0,True,Aston Martin,1,9.0,True,Bahrain,2024,False
ALO,97.265,23.0,2.0,30.946,42.451,23.868,233.0,241.0,279.0,294.0,False,HARD,8.0,True,Aston Martin,1,9.0,True,Bahrain,2024,False
ALO,97.046,24.0,2.0,30.836,42.303,23.907,232.0,238.0,278.0,299.0,False,HARD,9.0,True,Aston Martin,1,9.0,True,Bahrain,2024,False
ALO,97.179,25.0,2.0,30.925,42.232,24.022,233.0,240.0,277.0,302.0,False,HARD,10.0,True,Aston Martin,1,9.0,True,Bahrain,2024,False
ALO,97.638,26.0,2.0,31.295,42.393,23.95,233.0,233.0,277.0,296.0,False,HARD,11.0,True,Aston Martin,1,9.0,True,Bahrain,2024,False
ALO,96.945,27.0,2.0,31.0,42.032,23.913,234.0,233.0,277.0,292.0,True,HARD,12.0,True,Aston Martin,1,9.0,True,Bahrain,2024,False
ALO,97.256,28.0,2.0,31.091,42.208,23.957,234.0,233.0,277.0,298.0,False,HARD,13.0,True,Aston Martin,1,9.0,True,Bahrain,2024,False
ALO,97.104,29.0,2.0,30.948,42.237,23.919,233.0,232.0,277.0,297.0,False,HARD,14.0,True,Aston Martin,1,9.0,True,Bahrain,2024,False
ALO,96.982,30.0,2.0,30.976,42.05,23.956,234.0,247.0,277.0,298.0,False,HARD,15.0,True,Aston Martin,1,9.0,True,Bahrain,2024,False
ALO,96.957,31.0,2.0,30.866,42.192,23.899,234.0,238.0,278.0,299.0,False,HARD,16.0,True,Aston Martin,1,9.0,True,Bahrain,2024,False
ALO,97.056,32.0,2.0,31.023,42.0,24.033,232.0,254.0,277.0,299.0,False,HARD,17.0,True,Aston Martin,1,8.0,True,Bahrain,2024,False
ALO,97.202,33.0,2.0,31.106,42.136,23.96,233.0,247.0,278.0,299.0,False,HARD,18.0,True,Aston Martin,1,8.0,True,Bahrain,2024,False
ALO,97.601,34.0,2.0,31.211,42.33,24.06,234.0,254.0,279.0,300.0,False,HARD,19.0,True,Aston Martin,1,7.0,True,Bahrain,2024,False
ALO,97.273,35.0,2.0,31.078,42.219,23.976,232.0,253.0,278.0,300.0,False,HARD,20.0,True,Aston Martin,1,5.0,True,Bahrain,2024,False
ALO,98.343,36.0,2.0,31.245,42.631,24.467,234.0,256.0,285.0,294.0,False,HARD,21.0,True,Aston Martin,1,7.0,True,Bahrain,2024,False
ALO,96.799,37.0,2.0,30.5,42.284,24.015,234.0,254.0,279.0,323.0,True,HARD,22.0,True,Aston Martin,1,7.0,True,Bahrain,2024,False
ALO,97.297,38.0,2.0,30.952,42.212,24.133,234.0,254.0,278.0,301.0,False,HARD,23.0,True,Aston Martin,1,7.0,True,Bahrain,2024,False
ALO,97.946,39.0,2.0,31.253,42.438,24.255,234.0,255.0,279.0,295.0,False,HARD,24.0,True,Aston Martin,1,8.0,True,Bahrain,2024,False
ALO,98.061,40.0,2.0,31.525,42.36,24.176,235.0,254.0,279.0,296.0,False,HARD,25.0,True,Aston Martin,1,9.0,True,Bahrain,2024,False
ALO,100.261,41.0,2.0,31.046,42.415,26.8,234.0,255.0,281.0,302.0,False,HARD,26.0,True,Aston Martin,1,9.0,False,Bahrain,2024,False
ALO,116.899,42.0,3.0,52.077,41.387,23.435,234.0,239.0,281.0,221.0,False,HARD,1.0,True,Aston Martin,1,11.0,False,Bahrain,2024,True
ALO,95.107,43.0,3.0,30.517,41.055,23.535,237.0,250.0,288.0,293.0,True,HARD,2.0,True,Aston Martin,1,11.0,True,Bahrain,2024,False
ALO,94.981,44.0,3.0,30.334,41.382,23.265,239.0,248.0,281.0,309.0,True,HARD,3.0,True,Aston Martin,1,10.0,True,Bahrain,2024,False
ALO,94.872,45.0,3.0,30.536,41.011,23.325,235.0,246.0,281.0,290.0,True,HARD,4.0,True,Aston Martin,1,10.0,True,Bahrain,2024,False
ALO,95.126,46.0,3.0,30.468,41.232,23.426,236.0,256.0,281.0,302.0,False,HARD,5.0,True,Aston Martin,1,10.0,True,Bahrain,2024,False
ALO,95.225,47.0,3.0,30.596,41.183,23.446,235.0,257.0,288.0,299.0,False,HARD,6.0,True,Aston Martin,1,10.0,True,Bahrain,2024,False
ALO,94.199,48.0,3.0,30.046,40.806,23.347,235.0,262.0,280.0,324.0,True,HARD,7.0,True,Aston Martin,1,9.0,True,Bahrain,2024,False
ALO,94.571,49.0,3.0,30.4,40.783,23.388,238.0,264.0,280.0,291.0,False,HARD,8.0,True,Aston Martin,1,9.0,True,Bahrain,2024,False
ALO,94.677,50.0,3.0,30.453,40.794,23.43,236.0,263.0,280.0,294.0,False,HARD,9.0,True,Aston Martin,1,9.0,True,Bahrain,2024,False
ALO,94.916,51.0,3.0,30.543,40.924,23.449,237.0,264.0,281.0,294.0,False,HARD,10.0,True,Aston Martin,1,9.0,True,Bahrain,2024,False
ALO,94.862,52.0,3.0,30.447,40.963,23.452,236.0,264.0,281.0,295.0,False,HARD,11.0,True,Aston Martin,1,9.0,True,Bahrain,2024,False
ALO,95.249,53.0,3.0,30.498,41.106,23.645,237.0,264.0,282.0,296.0,False,HARD,12.0,True,Aston Martin,1,9.0,True,Bahrain,2024,False
ALO,95.745,54.0,3.0,30.701,41.444,23.6,237.0,260.0,280.0,298.0,False,HARD,13.0,True,Aston Martin,1,9.0,True,Bahrain,2024,False
ALO,95.066,55.0,3.0,30.478,41.126,23.462,237.0,263.0,280.0,294.0,False,HARD,14.0,True,Aston Martin,1,9.0,True,Bahrain,2024,False
ALO,95.014,56.0,3.0,30.405,41.122,23.487,238.0,259.0,280.0,294.0,False,HARD,15.0,True,Aston Martin,1,9.0,True,Bahrain,2024,False
ALO,95.276,57.0,3.0,30.59,41.134,23.552,241.0,262.0,280.0,294.0,False,HARD,16.0,True,Aston Martin,1,9.0,True,Bahrain,2024,False
STR,97.987,2.0,1.0,31.319,42.653,24.015,228.0,241.0,278.0,287.0,True,SOFT,2.0,True,Aston Martin,1,19.0,True,Bahrain,2024,False
STR,98.279,3.0,1.0,31.279,42.79,24.21,228.0,238.0,283.0,298.0,False,SOFT,3.0,True,Aston Martin,1,19.0,True,Bahrain,2024,False
STR,98.364,4.0,1.0,30.944,43.227,24.193,223.0,237.0,287.0,314.0,False,SOFT,4.0,True,Aston Martin,1,19.0,True,Bahrain,2024,False
STR,98.725,5.0,1.0,30.987,43.577,24.161,222.0,246.0,278.0,325.0,False,SOFT,5.0,True,Aston Martin,1,18.0,True,Bahrain,2024,False
STR,98.925,6.0,1.0,31.554,43.188,24.183,223.0,246.0,278.0,297.0,False,SOFT,6.0,True,Aston Martin,1,18.0,True,Bahrain,2024,False
STR,98.769,7.0,1.0,31.302,43.186,24.281,227.0,245.0,285.0,296.0,False,SOFT,7.0,True,Aston Martin,1,18.0,True,Bahrain,2024,False
STR,98.857,8.0,1.0,30.963,43.37,24.524,220.0,242.0,287.0,321.0,False,SOFT,8.0,True,Aston Martin,1,18.0,True,Bahrain,2024,False
STR,102.112,9.0,1.0,31.431,43.451,27.23,221.0,242.0,281.0,313.0,False,SOFT,9.0,True,Aston Martin,1,19.0,False,Bahrain,2024,True
STR,96.494,11.0,2.0,30.684,42.077,23.733,228.0,249.0,277.0,298.0,True,HARD,2.0,True,Aston Martin,1,17.0,True,Bahrain,2024,False
STR,97.175,12.0,2.0,30.961,42.338,23.876,230.0,241.0,278.0,300.0,False,HARD,3.0,True,Aston Martin,1,16.0,True,Bahrain,2024,False
STR,97.289,13.0,2.0,30.988,42.395,23.906,229.0,248.0,278.0,296.0,False,HARD,4.0,True,Aston Martin,1,14.0,True,Bahrain,2024,False
STR,97.624,14.0,2.0,31.039,42.588,23.997,230.0,251.0,277.0,299.0,False,HARD,5.0,True,Aston Martin,1,13.0,True,Bahrain,2024,False
STR,97.533,15.0,2.0,30.928,42.631,23.974,226.0,250.0,277.0,300.0,False,HARD,6.0,True,Aston Martin,1,12.0,True,Bahrain,2024,False
STR,98.027,16.0,2.0,31.238,42.753,24.036,226.0,249.0,278.0,296.0,False,HARD,7.0,True,Aston Martin,1,11.0,True,Bahrain,2024,False
STR,98.777,17.0,2.0,31.663,42.958,24.156,227.0,245.0,283.0,291.0,False,HARD,8.0,True,Aston Martin,1,12.0,True,Bahrain,2024,False
STR,97.417,18.0,2.0,30.775,42.503,24.139,228.0,253.0,283.0,324.0,False,HARD,9.0,True,Aston Martin,1,12.0,True,Bahrain,2024,False
STR,97.554,19.0,2.0,30.774,42.598,24.182,229.0,253.0,279.0,317.0,False,HARD,10.0,True,Aston Martin,1,12.0,True,Bahrain,2024,False
STR,97.859,20.0,2.0,31.219,42.499,24.141,229.0,260.0,278.0,299.0,False,HARD,11.0,True,Aston Martin,1,12.0,True,Bahrain,2024,False
STR,98.022,21.0,2.0,31.191,42.686,24.145,229.0,255.0,278.0,299.0,False,HARD,12.0,True,Aston Martin,1,12.0,True,Bahrain,2024,False
STR,98.175,22.0,2.0,31.109,42.935,24.131,228.0,247.0,278.0,301.0,False,HARD,13.0,True,Aston Martin,1,12.0,True,Bahrain,2024,False
STR,97.826,23.0,2.0,31.057,42.668,24.101,231.0,247.0,278.0,298.0,False,HARD,14.0,True,Aston Martin,1,12.0,True,Bahrain,2024,False
STR,98.138,24.0,2.0,31.071,42.831,24.236,229.0,255.0,278.0,301.0,False,HARD,15.0,True,Aston Martin,1,12.0,True,Bahrain,2024,False
STR,97.994,25.0,2.0,31.105,42.77,24.119,227.0,252.0,279.0,301.0,False,HARD,16.0,True,Aston Martin,1,12.0,True,Bahrain,2024,False
STR,98.133,26.0,2.0,31.156,42.759,24.218,229.0,252.0,277.0,301.0,False,HARD,17.0,True,Aston Martin,1,12.0,True,Bahrain,2024,False
STR,100.71,27.0,2.0,31.196,42.791,26.723,226.0,250.0,281.0,296.0,False,HARD,18.0,True,Aston Martin,1,13.0,False,Bahrain,2024,True
STR,116.64,28.0,3.0,51.64,41.554,23.446,228.0,252.0,280.0,220.0,False,HARD,1.0,True,Aston Martin,1,18.0,False,Bahrain,2024,True
STR,95.854,29.0,3.0,30.749,41.609,23.496,228.0,252.0,287.0,299.0,True,HARD,2.0,True,Aston Martin,1,18.0,True,Bahrain,2024,False
STR,95.632,30.0,3.0,30.429,41.682,23.521,229.0,254.0,281.0,324.0,True,HARD,3.0,True,Aston Martin,1,18.0,True,Bahrain,2024,False
STR,96.202,31.0,3.0,30.622,41.79,23.79,231.0,253.0,284.0,302.0,False,HARD,4.0,True,Aston Martin,1,15.0,True,Bahrain,2024,False
STR,95.821,32.0,3.0,30.248,41.8,23.773,229.0,255.0,288.0,326.0,False,HARD,5.0,True,Aston Martin,1,15.0,True,Bahrain,2024,False
STR,96.349,33.0,3.0,30.607,42.088,23.654,227.0,251.0,278.0,325.0,False,HARD,6.0,True,Aston Martin,1,13.0,True,Bahrain,2024,False
STR,96.332,34.0,3.0,30.969,41.709,23.654,231.0,255.0,279.0,296.0,False,HARD,7.0,True,Aston Martin,1,13.0,True,Bahrain,2024,False
STR,96.242,35.0,3.0,30.837,41.766,23.639,232.0,253.0,279.0,294.0,False,HARD,8.0,True,Aston Martin,1,12.0,True,Bahrain,2024,False
STR,96.086,36.0,3.0,30.694,41.748,23.644,230.0,255.0,278.0,299.0,False,HARD,9.0,True,Aston Martin,1,11.0,True,Bahrain,2024,False
STR,95.987,37.0,3.0,30.676,41.775,23.536,232.0,248.0,278.0,298.0,False,HARD,10.0,True,Aston Martin,1,10.0,True,Bahrain,2024,False
STR,96.364,38.0,3.0,30.776,41.926,23.662,231.0,249.0,278.0,298.0,False,HARD,11.0,True,Aston Martin,1,10.0,True,Bahrain,2024,False
STR,96.353,39.0,3.0,30.792,41.959,23.602,232.0,248.0,278.0,298.0,False,HARD,12.0,True,Aston Martin,1,10.0,True,Bahrain,2024,False
STR,96.485,40.0,3.0,30.896,41.927,23.662,230.0,242.0,278.0,298.0,False,HARD,13.0,True,Aston Martin,1,10.0,True,Bahrain,2024,False
STR,96.322,41.0,3.0,30.877,41.749,23.696,232.0,251.0,279.0,298.0,False,HARD,14.0,True,Aston Martin,1,10.0,True,Bahrain,2024,False
STR,96.343,42.0,3.0,30.774,41.917,23.652,232.0,246.0,279.0,298.0,False,HARD,15.0,True,Aston Martin,1,9.0,True,Bahrain,2024,False
STR,96.304,43.0,3.0,30.843,41.859,23.602,232.0,248.0,279.0,298.0,False,HARD,16.0,True,Aston Martin,1,9.0,True,Bahrain,2024,False
STR,96.564,44.0,3.0,30.788,42.023,23.753,232.0,250.0,279.0,298.0,False,HARD,17.0,True,Aston Martin,1,9.0,True,Bahrain,2024,False
STR,96.243,45.0,3.0,30.712,41.834,23.697,232.0,254.0,278.0,298.0,False,HARD,18.0,True,Aston Martin,1,9.0,True,Bahrain,2024,False
STR,96.379,46.0,3.0,30.808,41.882,23.689,232.0,252.0,279.0,298.0,False,HARD,19.0,True,Aston Martin,1,9.0,True,Bahrain,2024,False
STR,96.298,47.0,3.0,30.835,41.744,23.719,233.0,250.0,279.0,298.0,False,HARD,20.0,True,Aston Martin,1,9.0,True,Bahrain,2024,False
STR,97.325,48.0,3.0,31.346,42.156,23.823,233.0,250.0,279.0,290.0,False,HARD,21.0,True,Aston Martin,1,10.0,True,Bahrain,2024,False
STR,96.871,49.0,3.0,30.92,42.119,23.832,231.0,247.0,280.0,301.0,False,HARD,22.0,True,Aston Martin,1,10.0,True,Bahrain,2024,False
STR,96.541,50.0,3.0,30.808,41.978,23.755,232.0,253.0,279.0,300.0,False,HARD,23.0,True,Aston Martin,1,10.0,True,Bahrain,2024,False
STR,96.763,51.0,3.0,30.882,42.075,23.806,232.0,247.0,279.0,299.0,False,HARD,24.0,True,Aston Martin,1,10.0,True,Bahrain,2024,False
STR,96.934,52.0,3.0,31.144,42.016,23.774,232.0,256.0,279.0,299.0,False,HARD,25.0,True,Aston Martin,1,10.0,True,Bahrain,2024,False
STR,96.64,53.0,3.0,30.894,42.017,23.729,231.0,255.0,279.0,300.0,False,HARD,26.0,True,Aston Martin,1,10.0,True,Bahrain,2024,False
STR,96.693,54.0,3.0,30.938,41.971,23.784,232.0,256.0,279.0,299.0,False,HARD,27.0,True,Aston Martin,1,10.0,True,Bahrain,2024,False
STR,96.68,55.0,3.0,30.92,41.999,23.761,232.0,255.0,280.0,300.0,False,HARD,28.0,True,Aston Martin,1,10.0,True,Bahrain,2024,False
STR,96.582,56.0,3.0,30.87,41.951,23.761,239.0,254.0,279.0,300.0,False,HARD,29.0,True,Aston Martin,1,10.0,True,Bahrain,2024,False
STR,97.335,57.0,3.0,30.994,42.237,24.104,235.0,253.0,279.0,300.0,False,HARD,30.0,True,Aston Martin,1,10.0,True,Bahrain,2024,False
ZHO,98.92,2.0,1.0,31.452,43.135,24.333,230.0,249.0,289.0,302.0,True,SOFT,2.0,True,Kick Sauber,1,13.0,True,Bahrain,2024,False
ZHO,98.582,3.0,1.0,31.044,43.084,24.454,224.0,246.0,286.0,322.0,True,SOFT,3.0,True,Kick Sauber,1,13.0,True,Bahrain,2024,False
ZHO,98.428,4.0,1.0,30.977,43.004,24.447,225.0,249.0,286.0,318.0,True,SOFT,4.0,True,Kick Sauber,1,13.0,True,Bahrain,2024,False
ZHO,98.798,5.0,1.0,31.116,43.178,24.504,224.0,249.0,285.0,306.0,False,SOFT,5.0,True,Kick Sauber,1,13.0,True,Bahrain,2024,False
ZHO,98.488,6.0,1.0,30.86,43.064,24.564,233.0,246.0,285.0,320.0,False,SOFT,6.0,True,Kick Sauber,1,13.0,True,Bahrain,2024,False
ZHO,99.517,7.0,1.0,31.488,43.47,24.559,233.0,252.0,286.0,314.0,False,SOFT,7.0,True,Kick Sauber,1,13.0,True,Bahrain,2024,False
ZHO,99.646,8.0,1.0,31.786,43.138,24.722,232.0,253.0,283.0,314.0,False,SOFT,8.0,True,Kick Sauber,1,13.0,True,Bahrain,2024,False
ZHO,101.849,9.0,1.0,31.33,43.094,27.425,234.0,253.0,281.0,310.0,False,SOFT,9.0,True,Kick Sauber,1,16.0,False,Bahrain,2024,True
ZHO,96.365,11.0,2.0,30.815,41.738,23.812,233.0,242.0,280.0,297.0,True,HARD,2.0,True,Kick Sauber,1,16.0,True,Bahrain,2024,False
ZHO,96.995,12.0,2.0,31.006,42.207,23.782,232.0,243.0,278.0,301.0,False,HARD,3.0,True,Kick Sauber,1,15.0,True,Bahrain,2024,False
ZHO,97.436,13.0,2.0,30.982,42.435,24.019,232.0,246.0,278.0,298.0,False,HARD,4.0,True,Kick Sauber,1,13.0,True,Bahrain,2024,False
ZHO,97.482,14.0,2.0,31.086,42.431,23.965,232.0,244.0,278.0,298.0,False,HARD,5.0,True,Kick Sauber,1,12.0,True,Bahrain,2024,False
ZHO,97.5,15.0,2.0,31.03,42.429,24.041,231.0,242.0,280.0,298.0,False,HARD,6.0,True,Kick Sauber,1,11.0,True,Bahrain,2024,False
ZHO,97.659,16.0,2.0,31.166,42.398,24.095,231.0,241.0,278.0,301.0,False,HARD,7.0,True,Kick Sauber,1,9.0,True,Bahrain,2024,False
ZHO,98.475,17.0,2.0,31.431,42.856,24.188,236.0,247.0,285.0,295.0,False,HARD,8.0,True,Kick Sauber,1,10.0,True,Bahrain,2024,False
ZHO,97.552,18.0,2.0,30.919,42.585,24.048,233.0,244.0,284.0,312.0,False,HARD,9.0,True,Kick Sauber,1,10.0,True,Bahrain,2024,False
ZHO,97.652,19.0,2.0,30.887,42.658,24.107,231.0,245.0,279.0,318.0,False,HARD,10.0,True,Kick Sauber,1,10.0,True,Bahrain,2024,False
ZHO,97.749,20.0,2.0,31.239,42.477,24.033,235.0,245.0,280.0,303.0,False,HARD,11.0,True,Kick Sauber,1,10.0,True,Bahrain,2024,False
ZHO,97.947,21.0,2.0,31.22,42.705,24.022,232.0,243.0,280.0,302.0,False,HARD,12.0,True,Kick Sauber,1,10.0,True,Bahrain,2024,False
ZHO,97.852,22.0,2.0,31.171,42.584,24.097,232.0,244.0,279.0,300.0,False,HARD,13.0,True,Kick Sauber,1,10.0,True,Bahrain,2024,False
ZHO,97.788,23.0,2.0,31.092,42.647,24.049,232.0,244.0,279.0,300.0,False,HARD,14.0,True,Kick Sauber,1,10.0,True,Bahrain,2024,False
ZHO,97.894,24.0,2.0,31.14,42.602,24.152,234.0,243.0,278.0,301.0,False,HARD,15.0,True,Kick Sauber,1,10.0,True,Bahrain,2024,False
ZHO,97.883,25.0,2.0,31.246,42.532,24.105,235.0,249.0,280.0,300.0,False,HARD,16.0,True,Kick Sauber,1,10.0,True,Bahrain,2024,False
ZHO,97.995,26.0,2.0,31.266,42.658,24.071,233.0,250.0,281.0,303.0,False,HARD,17.0,True,Kick Sauber,1,10.0,True,Bahrain,2024,False
ZHO,98.053,27.0,2.0,31.367,42.594,24.092,233.0,249.0,280.0,302.0,False,HARD,18.0,True,Kick Sauber,1,10.0,True,Bahrain,2024,False
ZHO,100.675,28.0,2.0,31.279,42.58,26.816,233.0,253.0,281.0,302.0,False,HARD,19.0,True,Kick Sauber,1,11.0,False,Bahrain,2024,True
ZHO,117.076,29.0,3.0,52.137,41.43,23.509,234.0,256.0,281.0,223.0,False,HARD,1.0,True,Kick Sauber,1,17.0,False,Bahrain,2024,True
ZHO,95.458,30.0,3.0,30.674,41.19,23.594,235.0,258.0,281.0,302.0,True,HARD,2.0,True,Kick Sauber,1,17.0,True,Bahrain,2024,False
ZHO,96.297,31.0,3.0,30.846,41.644,23.807,232.0,252.0,286.0,299.0,False,HARD,3.0,True,Kick Sauber,1,14.0,True,Bahrain,2024,False
ZHO,96.048,32.0,3.0,30.646,41.735,23.667,231.0,245.0,281.0,316.0,False,HARD,4.0,True,Kick Sauber,1,14.0,True,Bahrain,2024,False
ZHO,97.971,33.0,3.0,31.535,42.387,24.049,233.0,250.0,287.0,301.0,False,HARD,5.0,True,Kick Sauber,1,14.0,True,Bahrain,2024,False
ZHO,96.518,34.0,3.0,30.678,41.938,23.902,235.0,251.0,287.0,316.0,False,HARD,6.0,True,Kick Sauber,1,14.0,True,Bahrain,2024,False
ZHO,96.546,35.0,3.0,30.612,41.954,23.98,238.0,260.0,281.0,319.0,False,HARD,7.0,True,Kick Sauber,1,13.0,True,Bahrain,2024,False
ZHO,96.931,36.0,3.0,31.09,41.967,23.874,236.0,252.0,281.0,301.0,False,HARD,8.0,True,Kick Sauber,1,12.0,True,Bahrain,2024,False
ZHO,96.805,37.0,3.0,30.874,42.13,23.801,236.0,245.0,280.0,303.0,False,HARD,9.0,True,Kick Sauber,1,11.0,True,Bahrain,2024,False
ZHO,96.857,38.0,3.0,30.915,42.149,23.793,235.0,245.0,281.0,302.0,False,HARD,10.0,True,Kick Sauber,1,11.0,True,Bahrain,2024,False
ZHO,96.637,39.0,3.0,30.904,42.006,23.727,237.0,245.0,281.0,303.0,False,HARD,11.0,True,Kick Sauber,1,11.0,True,Bahrain,2024,False
ZHO,96.683,40.0,3.0,30.839,42.094,23.75,235.0,245.0,281.0,301.0,False,HARD,12.0,True,Kick Sauber,1,11.0,True,Bahrain,2024,False
ZHO,96.695,41.0,3.0,30.827,42.096,23.772,235.0,245.0,280.0,302.0,False,HARD,13.0,True,Kick Sauber,1,11.0,True,Bahrain,2024,False
ZHO,96.652,42.0,3.0,31.038,41.86,23.754,235.0,245.0,281.0,301.0,False,HARD,14.0,True,Kick Sauber,1,10.0,True,Bahrain,2024,False
ZHO,96.771,43.0,3.0,30.877,42.071,23.823,236.0,245.0,281.0,301.0,False,HARD,15.0,True,Kick Sauber,1,10.0,True,Bahrain,2024,False
ZHO,97.417,44.0,3.0,31.361,42.115,23.941,236.0,246.0,282.0,301.0,False,HARD,16.0,True,Kick Sauber,1,11.0,True,Bahrain,2024,False
ZHO,96.68,45.0,3.0,30.867,41.919,23.894,236.0,254.0,281.0,302.0,False,HARD,17.0,True,Kick Sauber,1,11.0,True,Bahrain,2024,False
ZHO,96.741,46.0,3.0,30.966,41.922,23.853,234.0,256.0,281.0,298.0,False,HARD,18.0,True,Kick Sauber,1,11.0,True,Bahrain,2024,False
ZHO,96.561,47.0,3.0,30.934,41.792,23.835,236.0,258.0,281.0,299.0,False,HARD,19.0,True,Kick Sauber,1,11.0,True,Bahrain,2024,False
ZHO,96.654,48.0,3.0,30.98,41.82,23.854,236.0,259.0,280.0,299.0,False,HARD,20.0,True,Kick Sauber,1,11.0,True,Bahrain,2024,False
ZHO,96.72,49.0,3.0,30.9,41.995,23.825,237.0,257.0,281.0,299.0,False,HARD,21.0,True,Kick Sauber,1,11.0,True,Bahrain,2024,False
ZHO,96.792,50.0,3.0,31.035,41.87,23.887,236.0,260.0,281.0,299.0,False,HARD,22.0,True,Kick Sauber,1,11.0,True,Bahrain,2024,False
ZHO,97.042,51.0,3.0,31.065,42.026,23.951,236.0,255.0,281.0,298.0,False,HARD,23.0,True,Kick Sauber,1,11.0,True,Bahrain,2024,False
ZHO,97.394,52.0,3.0,31.205,42.19,23.999,235.0,251.0,280.0,298.0,False,HARD,24.0,True,Kick Sauber,1,11.0,True,Bahrain,2024,False
ZHO,97.141,53.0,3.0,31.11,42.136,23.895,239.0,261.0,281.0,301.0,False,HARD,25.0,True,Kick Sauber,1,11.0,True,Bahrain,2024,False
ZHO,98.389,54.0,3.0,31.253,43.116,24.02,237.0,261.0,282.0,298.0,False,HARD,26.0,True,Kick Sauber,1,11.0,True,Bahrain,2024,False
ZHO,97.383,55.0,3.0,31.123,42.185,24.075,239.0,258.0,281.0,304.0,False,HARD,27.0,True,Kick Sauber,1,11.0,True,Bahrain,2024,False
ZHO,97.333,56.0,3.0,31.22,42.156,23.957,237.0,258.0,283.0,302.0,False,HARD,28.0,True,Kick Sauber,1,11.0,True,Bahrain,2024,False
MAG,98.911,2.0,1.0,31.591,43.075,24.245,229.0,245.0,288.0,287.0,True,SOFT,2.0,True,Haas F1 Team,1,12.0,True,Bahrain,2024,False
MAG,98.399,3.0,1.0,30.969,43.118,24.312,230.0,245.0,289.0,320.0,True,SOFT,3.0,True,Haas F1 Team,1,12.0,True,Bahrain,2024,False
MAG,98.497,4.0,1.0,30.993,42.992,24.512,230.0,248.0,287.0,323.0,False,SOFT,4.0,True,Haas F1 Team,1,12.0,True,Bahrain,2024,False
MAG,98.576,5.0,1.0,31.066,43.108,24.402,228.0,248.0,288.0,318.0,False,SOFT,5.0,True,Haas F1 Team,1,12.0,True,Bahrain,2024,False
MAG,98.529,6.0,1.0,30.952,43.041,24.536,234.0,244.0,288.0,323.0,False,SOFT,6.0,True,Haas F1 Team,1,12.0,True,Bahrain,2024,False
MAG,100.058,7.0,1.0,32.132,43.112,24.814,230.0,250.0,275.0,331.0,False,SOFT,7.0,True,Haas F1 Team,1,12.0,True,Bahrain,2024,False
MAG,99.172,8.0,1.0,31.557,43.072,24.543,230.0,252.0,279.0,306.0,False,SOFT,8.0,True,Haas F1 Team,1,12.0,True,Bahrain,2024,False
MAG,98.861,9.0,1.0,31.383,42.932,24.546,228.0,253.0,279.0,292.0,False,SOFT,9.0,True,Haas F1 Team,1,12.0,True,Bahrain,2024,False
MAG,101.088,11.0,1.0,31.311,42.714,27.063,229.0,260.0,281.0,297.0,False,SOFT,11.0,True,Haas F1 Team,1,12.0,False,Bahrain,2024,True
MAG,119.682,12.0,2.0,53.306,42.365,24.011,230.0,254.0,282.0,219.0,False,HARD,1.0,True,Haas F1 Team,1,17.0,False,Bahrain,2024,True
MAG,96.89,13.0,2.0,30.905,41.951,24.034,232.0,255.0,287.0,300.0,True,HARD,2.0,True,Haas F1 Team,1,15.0,True,Bahrain,2024,False
MAG,97.59,14.0,2.0,30.826,42.424,24.34,234.0,255.0,287.0,313.0,False,HARD,3.0,True,Haas F1 Team,1,14.0,True,Bahrain,2024,False
MAG,98.332,15.0,2.0,31.154,42.886,24.292,232.0,257.0,289.0,319.0,False,HARD,4.0,True,Haas F1 Team,1,14.0,True,Bahrain,2024,False
MAG,97.749,16.0,2.0,30.774,42.696,24.279,233.0,255.0,288.0,324.0,False,HARD,5.0,True,Haas F1 Team,1,13.0,True,Bahrain,2024,False
MAG,98.282,17.0,2.0,30.953,42.957,24.372,232.0,253.0,287.0,315.0,False,HARD,6.0,True,Haas F1 Team,1,13.0,True,Bahrain,2024,False
MAG,97.583,18.0,2.0,30.69,42.526,24.367,232.0,252.0,287.0,320.0,False,HARD,7.0,True,Haas F1 Team,1,13.0,True,Bahrain,2024,False
MAG,97.792,19.0,2.0,30.82,42.677,24.295,232.0,254.0,282.0,321.0,False,HARD,8.0,True,Haas F1 Team,1,13.0,True,Bahrain,2024,False
MAG,98.062,20.0,2.0,31.168,42.636,24.258,233.0,253.0,281.0,303.0,False,HARD,9.0,True,Haas F1 Team,1,13.0,True,Bahrain,2024,False
MAG,98.01,21.0,2.0,31.041,42.738,24.231,233.0,253.0,281.0,302.0,False,HARD,10.0,True,Haas F1 Team,1,13.0,True,Bahrain,2024,False
MAG,98.147,22.0,2.0,31.214,42.628,24.305,231.0,255.0,282.0,302.0,False,HARD,11.0,True,Haas F1 Team,1,13.0,True,Bahrain,2024,False
MAG,98.293,23.0,2.0,31.284,42.627,24.382,233.0,257.0,281.0,302.0,False,HARD,12.0,True,Haas F1 Team,1,13.0,True,Bahrain,2024,False
MAG,98.156,24.0,2.0,31.155,42.693,24.308,234.0,254.0,281.0,307.0,False,HARD,13.0,True,Haas F1 Team,1,13.0,True,Bahrain,2024,False
MAG,98.29,25.0,2.0,31.368,42.696,24.226,231.0,255.0,282.0,301.0,False,HARD,14.0,True,Haas F1 Team,1,13.0,True,Bahrain,2024,False
MAG,98.093,26.0,2.0,31.173,42.528,24.392,233.0,257.0,282.0,308.0,False,HARD,15.0,True,Haas F1 Team,1,13.0,True,Bahrain,2024,False
MAG,98.226,27.0,2.0,31.201,42.67,24.355,231.0,256.0,281.0,308.0,False,HARD,16.0,True,Haas F1 Team,1,12.0,True,Bahrain,2024,False
MAG,97.936,28.0,2.0,31.209,42.495,24.232,232.0,258.0,281.0,300.0,False,HARD,17.0,True,Haas F1 Team,1,12.0,True,Bahrain,2024,False
MAG,97.965,29.0,2.0,31.197,42.504,24.264,233.0,259.0,281.0,301.0,False,HARD,18.0,True,Haas F1 Team,1,11.0,True,Bahrain,2024,False
MAG,98.04,30.0,2.0,31.138,42.655,24.247,236.0,264.0,281.0,305.0,False,HARD,19.0,True,Haas F1 Team,1,11.0,True,Bahrain,2024,False
MAG,98.0,31.0,2.0,31.181,42.628,24.191,233.0,259.0,281.0,299.0,False,HARD,20.0,True,Haas F1 Team,1,11.0,True,Bahrain,2024,False
MAG,100.565,32.0,2.0,31.273,42.416,26.876,237.0,264.0,281.0,299.0,False,HARD,21.0,True,Haas F1 Team,1,13.0,False,Bahrain,2024,False
MAG,116.655,33.0,3.0,51.473,41.575,23.607,235.0,260.0,281.0,221.0,False,HARD,1.0,True,Haas F1 Team,1,16.0,False,Bahrain,2024,True
MAG,95.57,34.0,3.0,30.532,41.409,23.629,233.0,256.0,282.0,297.0,True,HARD,2.0,True,Haas F1 Team,1,16.0,True,Bahrain,2024,False
MAG,95.698,35.0,3.0,30.538,41.44,23.72,233.0,263.0,291.0,298.0,False,HARD,3.0,True,Haas F1 Team,1,16.0,True,Bahrain,2024,False
MAG,95.851,36.0,3.0,30.227,41.898,23.726,234.0,254.0,283.0,331.0,False,HARD,4.0,True,Haas F1 Team,1,14.0,True,Bahrain,2024,False
MAG,95.741,37.0,3.0,30.546,41.491,23.704,234.0,261.0,284.0,301.0,False,HARD,5.0,True,Haas F1 Team,1,13.0,True,Bahrain,2024,False
MAG,96.042,38.0,3.0,30.724,41.576,23.742,234.0,260.0,282.0,301.0,False,HARD,6.0,True,Haas F1 Team,1,12.0,True,Bahrain,2024,False
MAG,95.876,39.0,3.0,30.654,41.474,23.748,234.0,261.0,283.0,300.0,False,HARD,7.0,True,Haas F1 Team,1,12.0,True,Bahrain,2024,False
MAG,96.071,40.0,3.0,30.623,41.738,23.71,234.0,260.0,284.0,301.0,False,HARD,8.0,True,Haas F1 Team,1,12.0,True,Bahrain,2024,False
MAG,96.34,41.0,3.0,30.645,41.845,23.85,234.0,259.0,283.0,302.0,False,HARD,9.0,True,Haas F1 Team,1,12.0,True,Bahrain,2024,False
MAG,96.31,42.0,3.0,30.72,41.743,23.847,235.0,260.0,284.0,300.0,False,HARD,10.0,True,Haas F1 Team,1,12.0,True,Bahrain,2024,False
MAG,96.232,43.0,3.0,30.709,41.74,23.783,234.0,258.0,283.0,301.0,False,HARD,11.0,True,Haas F1 Team,1,12.0,True,Bahrain,2024,False
MAG,96.249,44.0,3.0,30.647,41.679,23.923,236.0,260.0,283.0,304.0,False,HARD,12.0,True,Haas F1 Team,1,12.0,True,Bahrain,2024,False
MAG,96.349,45.0,3.0,30.692,41.776,23.881,236.0,263.0,284.0,303.0,False,HARD,13.0,True,Haas F1 Team,1,12.0,True,Bahrain,2024,False
MAG,96.446,46.0,3.0,30.713,41.779,23.954,234.0,262.0,283.0,302.0,False,HARD,14.0,True,Haas F1 Team,1,12.0,True,Bahrain,2024,False
MAG,96.454,47.0,3.0,30.753,41.74,23.961,236.0,263.0,284.0,303.0,False,HARD,15.0,True,Haas F1 Team,1,12.0,True,Bahrain,2024,False
MAG,96.679,48.0,3.0,30.865,41.817,23.997,236.0,263.0,284.0,303.0,False,HARD,16.0,True,Haas F1 Team,1,12.0,True,Bahrain,2024,False
MAG,96.842,49.0,3.0,30.909,41.991,23.942,236.0,264.0,284.0,307.0,False,HARD,17.0,True,Haas F1 Team,1,12.0,True,Bahrain,2024,False
MAG,97.035,50.0,3.0,30.969,42.041,24.025,234.0,263.0,284.0,307.0,False,HARD,18.0,True,Haas F1 Team,1,12.0,True,Bahrain,2024,False
MAG,96.929,51.0,3.0,30.98,42.05,23.899,235.0,261.0,285.0,306.0,False,HARD,19.0,True,Haas F1 Team,1,12.0,True,Bahrain,2024,False
MAG,96.93,52.0,3.0,30.91,41.964,24.056,234.0,265.0,285.0,305.0,False,HARD,20.0,True,Haas F1 Team,1,12.0,True,Bahrain,2024,False
MAG,97.958,53.0,3.0,30.951,43.013,23.994,234.0,262.0,290.0,302.0,False,HARD,21.0,True,Haas F1 Team,1,12.0,True,Bahrain,2024,False
MAG,96.89,54.0,3.0,30.682,42.093,24.115,238.0,262.0,285.0,327.0,False,HARD,22.0,True,Haas F1 Team,1,12.0,True,Bahrain,2024,False
MAG,97.457,55.0,3.0,31.014,42.356,24.087,235.0,264.0,286.0,310.0,False,HARD,23.0,True,Haas F1 Team,1,12.0,True,Bahrain,2024,False
MAG,97.584,56.0,3.0,31.04,42.465,24.079,233.0,262.0,285.0,309.0,False,HARD,24.0,True,Haas F1 Team,1,12.0,True,Bahrain,2024,False
RIC,99.509,2.0,1.0,31.662,43.353,24.494,231.0,243.0,284.0,300.0,True,SOFT,5.0,False,RB,1,15.0,True,Bahrain,2024,False
RIC,98.76,3.0,1.0,30.965,43.32,24.475,231.0,242.0,284.0,313.0,True,SOFT,6.0,False,RB,1,15.0,True,Bahrain,2024,False
RIC,98.61,4.0,1.0,30.922,43.207,24.481,232.0,246.0,283.0,322.0,True,SOFT,7.0,False,RB,1,15.0,True,Bahrain,2024,False
RIC,98.704,5.0,1.0,30.98,43.2,24.524,232.0,239.0,284.0,306.0,False,SOFT,8.0,False,RB,1,15.0,True,Bahrain,2024,False
RIC,98.689,6.0,1.0,31.046,43.099,24.544,232.0,248.0,279.0,306.0,False,SOFT,9.0,False,RB,1,15.0,True,Bahrain,2024,False
RIC,99.193,7.0,1.0,31.372,43.289,24.532,233.0,246.0,283.0,294.0,False,SOFT,10.0,False,RB,1,15.0,True,Bahrain,2024,False
RIC,99.529,8.0,1.0,31.254,43.578,24.697,232.0,250.0,284.0,312.0,False,SOFT,11.0,False,RB,1,15.0,True,Bahrain,2024,False
RIC,99.338,9.0,1.0,31.173,43.519,24.646,233.0,245.0,283.0,311.0,False,SOFT,12.0,False,RB,1,14.0,True,Bahrain,2024,False
RIC,99.033,11.0,1.0,31.472,43.08,24.481,233.0,251.0,276.0,292.0,False,SOFT,14.0,False,RB,1,13.0,True,Bahrain,2024,False
RIC,98.893,12.0,1.0,31.451,42.949,24.493,231.0,250.0,277.0,292.0,False,SOFT,15.0,False,RB,1,10.0,True,Bahrain,2024,False
RIC,102.173,13.0,1.0,31.46,42.967,27.746,230.0,256.0,281.0,295.0,False,SOFT,16.0,False,RB,1,10.0,False,Bahrain,2024,True
RIC,119.408,14.0,2.0,52.992,42.487,23.929,234.0,258.0,278.0,218.0,False,HARD,1.0,True,RB,1,16.0,False,Bahrain,2024,True
RIC,97.07,15.0,2.0,31.083,42.053,23.934,235.0,253.0,278.0,299.0,True,HARD,2.0,True,RB,1,16.0,True,Bahrain,2024,False
RIC,97.176,16.0,2.0,30.966,42.237,23.973,234.0,248.0,279.0,298.0,False,HARD,3.0,True,RB,1,16.0,True,Bahrain,2024,False
RIC,97.29,17.0,2.0,30.789,42.42,24.081,235.0,252.0,279.0,302.0,False,HARD,4.0,True,RB,1,16.0,True,Bahrain,2024,False
RIC,97.7,18.0,2.0,30.949,42.517,24.234,234.0,251.0,283.0,298.0,False,HARD,5.0,True,RB,1,16.0,True,Bahrain,2024,False
RIC,98.35,19.0,2.0,31.051,42.983,24.316,234.0,252.0,279.0,303.0,False,HARD,6.0,True,RB,1,16.0,True,Bahrain,2024,False
RIC,97.865,20.0,2.0,31.036,42.538,24.291,234.0,254.0,284.0,299.0,False,HARD,7.0,True,RB,1,16.0,True,Bahrain,2024,False
RIC,97.392,21.0,2.0,30.941,42.318,24.133,235.0,254.0,278.0,312.0,False,HARD,8.0,True,RB,1,15.0,True,Bahrain,2024,False
RIC,97.75,22.0,2.0,31.102,42.461,24.187,234.0,253.0,278.0,296.0,False,HARD,9.0,True,RB,1,15.0,True,Bahrain,2024,False
RIC,97.772,23.0,2.0,31.019,42.572,24.181,235.0,249.0,279.0,295.0,False,HARD,10.0,True,RB,1,15.0,True,Bahrain,2024,False
RIC,97.766,24.0,2.0,30.983,42.559,24.224,235.0,249.0,279.0,301.0,False,HARD,11.0,True,RB,1,15.0,True,Bahrain,2024,False
RIC,97.973,25.0,2.0,31.017,42.663,24.293,235.0,255.0,280.0,306.0,False,HARD,12.0,True,RB,1,15.0,True,Bahrain,2024,False
RIC,98.029,26.0,2.0,30.982,42.682,24.365,235.0,257.0,279.0,302.0,False,HARD,13.0,True,RB,1,15.0,True,Bahrain,2024,False
RIC,98.152,27.0,2.0,31.268,42.576,24.308,235.0,259.0,280.0,303.0,False,HARD,14.0,True,RB,1,15.0,True,Bahrain,2024,False
RIC,98.045,28.0,2.0,31.076,42.66,24.309,235.0,259.0,280.0,306.0,False,HARD,15.0,True,RB,1,14.0,True,Bahrain,2024,False
RIC,97.96,29.0,2.0,31.066,42.637,24.257,235.0,257.0,280.0,306.0,False,HARD,16.0,True,RB,1,13.0,True,Bahrain,2024,False
RIC,97.978,30.0,2.0,31.075,42.576,24.327,235.0,259.0,280.0,307.0,False,HARD,17.0,True,RB,1,13.0,True,Bahrain,2024,False
RIC,98.154,31.0,2.0,31.167,42.688,24.299,235.0,255.0,281.0,305.0,False,HARD,18.0,True,RB,1,13.0,True,Bahrain,2024,False
RIC,98.025,32.0,2.0,31.075,42.662,24.288,234.0,256.0,280.0,307.0,False,HARD,19.0,True,RB,1,12.0,True,Bahrain,2024,False
RIC,98.15,33.0,2.0,31.113,42.69,24.347,235.0,257.0,280.0,303.0,False,HARD,20.0,True,RB,1,12.0,True,Bahrain,2024,False
RIC,98.246,34.0,2.0,31.246,42.766,24.234,235.0,258.0,280.0,303.0,False,HARD,21.0,True,RB,1,12.0,True,Bahrain,2024,False
RIC,100.595,35.0,2.0,31.087,42.747,26.761,235.0,258.0,281.0,303.0,False,HARD,22.0,True,RB,1,11.0,False,Bahrain,2024,False
RIC,116.995,36.0,3.0,51.904,41.57,23.521,233.0,252.0,281.0,221.0,False,SOFT,1.0,True,RB,1,16.0,False,Bahrain,2024,True
RIC,95.163,37.0,3.0,30.422,41.226,23.515,232.0,251.0,280.0,302.0,True,SOFT,2.0,True,RB,1,15.0,True,Bahrain,2024,False
RIC,95.46,38.0,3.0,30.496,41.41,23.554,236.0,253.0,281.0,300.0,False,SOFT,3.0,True,RB,1,15.0,True,Bahrain,2024,False
RIC,95.475,39.0,3.0,30.559,41.392,23.524,236.0,252.0,281.0,301.0,False,SOFT,4.0,True,RB,1,15.0,True,Bahrain,2024,False
RIC,95.578,40.0,3.0,30.49,41.513,23.575,238.0,249.0,281.0,303.0,False,SOFT,5.0,True,RB,1,15.0,True,Bahrain,2024,False
RIC,95.644,41.0,3.0,30.564,41.478,23.602,239.0,256.0,281.0,301.0,False,SOFT,6.0,True,RB,1,14.0,True,Bahrain,2024,False
RIC,95.338,42.0,3.0,30.484,41.238,23.616,237.0,255.0,280.0,302.0,False,SOFT,7.0,True,RB,1,14.0,True,Bahrain,2024,False
RIC,95.56,43.0,3.0,30.537,41.389,23.634,237.0,255.0,280.0,302.0,False,SOFT,8.0,True,RB,1,14.0,True,Bahrain,2024,False
RIC,95.49,44.0,3.0,30.541,41.29,23.659,238.0,259.0,280.0,301.0,False,SOFT,9.0,True,RB,1,14.0,True,Bahrain,2024,False
RIC,95.57,45.0,3.0,30.497,41.402,23.671,237.0,256.0,281.0,303.0,False,SOFT,10.0,True,RB,1,14.0,True,Bahrain,2024,False
RIC,95.507,46.0,3.0,30.443,41.378,23.686,237.0,257.0,281.0,304.0,False,SOFT,11.0,True,RB,1,14.0,True,Bahrain,2024,False
RIC,95.831,47.0,3.0,30.566,41.534,23.731,237.0,257.0,282.0,302.0,False,SOFT,12.0,True,RB,1,14.0,True,Bahrain,2024,False
RIC,96.236,48.0,3.0,30.638,41.744,23.854,237.0,260.0,283.0,304.0,False,SOFT,13.0,True,RB,1,14.0,True,Bahrain,2024,False
RIC,96.442,49.0,3.0,30.63,41.795,24.017,237.0,260.0,287.0,306.0,False,SOFT,14.0,True,RB,1,14.0,True,Bahrain,2024,False
RIC,96.609,50.0,3.0,30.398,42.122,24.089,238.0,259.0,288.0,321.0,False,SOFT,15.0,True,RB,1,14.0,True,Bahrain,2024,False
RIC,97.103,51.0,3.0,30.775,42.193,24.135,238.0,256.0,288.0,323.0,False,SOFT,16.0,True,RB,1,14.0,True,Bahrain,2024,False
RIC,97.529,52.0,3.0,30.569,41.854,25.106,237.0,243.0,289.0,319.0,False,SOFT,17.0,True,RB,1,13.0,True,Bahrain,2024,False
RIC,96.745,53.0,3.0,30.797,41.954,23.994,237.0,263.0,289.0,294.0,False,SOFT,18.0,True,RB,1,13.0,True,Bahrain,2024,False
RIC,96.661,54.0,3.0,30.374,42.197,24.09,238.0,258.0,288.0,320.0,False,SOFT,19.0,True,RB,1,13.0,True,Bahrain,2024,False
RIC,97.375,55.0,3.0,30.713,42.581,24.081,238.0,262.0,288.0,326.0,False,SOFT,20.0,True,RB,1,13.0,True,Bahrain,2024,False
RIC,97.662,56.0,3.0,30.726,42.755,24.181,240.0,259.0,284.0,317.0,False,SOFT,21.0,True,RB,1,13.0,True,Bahrain,2024,False
TSU,98.689,2.0,1.0,31.675,42.717,24.297,232.0,243.0,285.0,289.0,True,SOFT,2.0,True,RB,1,10.0,True,Bahrain,2024,False
TSU,98.431,3.0,1.0,30.989,43.073,24.369,227.0,238.0,284.0,311.0,True,SOFT,3.0,True,RB,1,10.0,True,Bahrain,2024,False
TSU,98.31,4.0,1.0,31.025,42.992,24.293,228.0,244.0,284.0,309.0,True,SOFT,4.0,True,RB,1,10.0,True,Bahrain,2024,False
TSU,98.321,5.0,1.0,31.023,42.98,24.318,226.0,241.0,284.0,309.0,False,SOFT,5.0,True,RB,1,10.0,True,Bahrain,2024,False
TSU,98.361,6.0,1.0,31.132,42.949,24.28,228.0,242.0,284.0,306.0,False,SOFT,6.0,True,RB,1,10.0,True,Bahrain,2024,False
TSU,98.364,7.0,1.0,31.121,42.887,24.356,229.0,244.0,278.0,305.0,False,SOFT,7.0,True,RB,1,10.0,True,Bahrain,2024,False
TSU,98.513,8.0,1.0,31.298,42.871,24.344,228.0,249.0,278.0,303.0,False,SOFT,8.0,True,RB,1,10.0,True,Bahrain,2024,False
TSU,98.554,9.0,1.0,31.329,42.861,24.364,229.0,246.0,278.0,297.0,False,SOFT,9.0,True,RB,1,10.0,True,Bahrain,2024,False
TSU,98.799,11.0,1.0,31.342,43.015,24.442,229.0,249.0,278.0,302.0,False,SOFT,11.0,True,RB,1,10.0,True,Bahrain,2024,False
TSU,98.769,12.0,1.0,31.398,43.001,24.37,227.0,246.0,278.0,299.0,False,SOFT,12.0,True,RB,1,8.0,True,Bahrain,2024,False
TSU,98.86,13.0,1.0,31.511,42.985,24.364,232.0,248.0,277.0,294.0,False,SOFT,13.0,True,RB,1,5.0,True,Bahrain,2024,False
TSU,101.138,14.0,1.0,31.394,42.967,26.777,228.0,250.0,281.0,297.0,False,SOFT,14.0,True,RB,1,4.0,False,Bahrain,2024,True
TSU,119.588,15.0,2.0,52.618,42.949,24.021,235.0,259.0,284.0,219.0,False,HARD,1.0,True,RB,1,13.0,False,Bahrain,2024,True
TSU,97.516,16.0,2.0,30.895,42.677,23.944,229.0,253.0,288.0,300.0,True,HARD,2.0,True,RB,1,12.0,True,Bahrain,2024,False
TSU,97.482,17.0,2.0,30.908,42.625,23.949,223.0,241.0,280.0,320.0,True,HARD,3.0,True,RB,1,11.0,True,Bahrain,2024,False
TSU,97.359,18.0,2.0,30.973,42.336,24.05,229.0,249.0,280.0,304.0,True,HARD,4.0,True,RB,1,11.0,True,Bahrain,2024,False
TSU,97.396,19.0,2.0,31.096,42.262,24.038,229.0,257.0,280.0,305.0,False,HARD,5.0,True,RB,1,11.0,True,Bahrain,2024,False
TSU,97.766,20.0,2.0,31.229,42.359,24.178,230.0,249.0,280.0,299.0,False,HARD,6.0,True,RB,1,11.0,True,Bahrain,2024,False
TSU,97.777,21.0,2.0,31.144,42.57,24.063,228.0,251.0,280.0,301.0,False,HARD,7.0,True,RB,1,11.0,True,Bahrain,2024,False
TSU,97.837,22.0,2.0,31.173,42.531,24.133,231.0,256.0,280.0,298.0,False,HARD,8.0,True,RB,1,11.0,True,Bahrain,2024,False
TSU,97.671,23.0,2.0,31.096,42.405,24.17,230.0,257.0,280.0,301.0,False,HARD,9.0,True,RB,1,11.0,True,Bahrain,2024,False
TSU,97.634,24.0,2.0,31.145,42.276,24.213,229.0,257.0,284.0,302.0,False,HARD,10.0,True,RB,1,11.0,True,Bahrain,2024,False
TSU,97.851,25.0,2.0,31.05,42.613,24.188,228.0,260.0,286.0,315.0,False,HARD,11.0,True,RB,1,11.0,True,Bahrain,2024,False
TSU,98.058,26.0,2.0,31.252,42.54,24.266,230.0,255.0,285.0,321.0,False,HARD,12.0,True,RB,1,11.0,True,Bahrain,2024,False
TSU,98.083,27.0,2.0,31.195,42.468,24.42,228.0,260.0,284.0,314.0,False,HARD,13.0,True,RB,1,11.0,True,Bahrain,2024,False
TSU,98.164,28.0,2.0,31.266,42.608,24.29,229.0,251.0,279.0,302.0,False,HARD,14.0,True,RB,1,10.0,True,Bahrain,2024,False
TSU,97.777,29.0,2.0,31.161,42.542,24.074,230.0,254.0,278.0,299.0,False,HARD,15.0,True,RB,1,10.0,True,Bahrain,2024,False
TSU,97.477,30.0,2.0,31.158,42.314,24.005,232.0,253.0,278.0,299.0,False,HARD,16.0,True,RB,1,10.0,True,Bahrain,2024,False
TSU,97.468,31.0,2.0,31.151,42.349,23.968,232.0,253.0,278.0,299.0,False,HARD,17.0,True,RB,1,10.0,True,Bahrain,2024,False
TSU,97.847,32.0,2.0,31.448,42.329,24.07,231.0,257.0,278.0,299.0,False,HARD,18.0,True,RB,1,10.0,True,Bahrain,2024,False
TSU,97.498,33.0,2.0,31.221,42.222,24.055,232.0,256.0,278.0,300.0,False,HARD,19.0,True,RB,1,10.0,True,Bahrain,2024,False
TSU,100.835,34.0,2.0,31.415,42.711,26.709,237.0,258.0,281.0,301.0,False,HARD,20.0,True,RB,1,10.0,False,Bahrain,2024,False
TSU,117.417,35.0,3.0,52.138,41.771,23.508,234.0,263.0,281.0,221.0,False,HARD,1.0,True,RB,1,15.0,False,Bahrain,2024,True
TSU,97.706,36.0,3.0,31.984,41.954,23.768,235.0,245.0,287.0,302.0,False,HARD,2.0,True,RB,1,15.0,True,Bahrain,2024,False
TSU,95.833,37.0,3.0,30.48,41.686,23.667,236.0,257.0,282.0,315.0,True,HARD,3.0,True,RB,1,14.0,True,Bahrain,2024,False
TSU,97.046,38.0,3.0,30.732,42.39,23.924,236.0,245.0,281.0,303.0,False,HARD,4.0,True,RB,1,13.0,True,Bahrain,2024,False
TSU,96.125,39.0,3.0,30.733,41.684,23.708,234.0,258.0,280.0,304.0,False,HARD,5.0,True,RB,1,13.0,True,Bahrain,2024,False
TSU,96.263,40.0,3.0,30.886,41.751,23.626,232.0,258.0,281.0,300.0,False,HARD,6.0,True,RB,1,13.0,True,Bahrain,2024,False
TSU,96.179,41.0,3.0,30.801,41.719,23.659,232.0,258.0,280.0,301.0,False,HARD,7.0,True,RB,1,13.0,True,Bahrain,2024,False
TSU,95.981,42.0,3.0,30.697,41.532,23.752,234.0,259.0,280.0,300.0,False,HARD,8.0,True,RB,1,13.0,True,Bahrain,2024,False
TSU,95.956,43.0,3.0,30.713,41.533,23.71,232.0,258.0,281.0,303.0,False,HARD,9.0,True,RB,1,13.0,True,Bahrain,2024,False
TSU,96.144,44.0,3.0,30.776,41.594,23.774,234.0,262.0,281.0,300.0,False,HARD,10.0,True,RB,1,13.0,True,Bahrain,2024,False
TSU,95.964,45.0,3.0,30.648,41.47,23.846,235.0,265.0,282.0,303.0,False,HARD,11.0,True,RB,1,13.0,True,Bahrain,2024,False
TSU,96.187,46.0,3.0,30.807,41.593,23.787,234.0,264.0,282.0,302.0,False,HARD,12.0,True,RB,1,13.0,True,Bahrain,2024,False
TSU,96.396,47.0,3.0,30.794,41.765,23.837,233.0,264.0,283.0,301.0,False,HARD,13.0,True,RB,1,13.0,True,Bahrain,2024,False
TSU,96.554,48.0,3.0,30.848,41.679,24.027,235.0,262.0,287.0,304.0,False,HARD,14.0,True,RB,1,13.0,True,Bahrain,2024,False
TSU,96.695,49.0,3.0,30.67,42.043,23.982,235.0,265.0,288.0,314.0,False,HARD,15.0,True,RB,1,13.0,True,Bahrain,2024,False
TSU,96.827,50.0,3.0,30.762,42.171,23.894,236.0,261.0,289.0,320.0,False,HARD,16.0,True,RB,1,13.0,True,Bahrain,2024,False
TSU,97.067,51.0,3.0,30.949,42.066,24.052,236.0,263.0,288.0,323.0,False,HARD,17.0,True,RB,1,13.0,True,Bahrain,2024,False
TSU,99.042,52.0,3.0,31.511,43.537,23.994,194.0,259.0,290.0,324.0,False,HARD,18.0,True,RB,1,14.0,True,Bahrain,2024,False
TSU,96.838,53.0,3.0,30.739,42.138,23.961,236.0,263.0,289.0,316.0,False,HARD,19.0,True,RB,1,14.0,True,Bahrain,2024,False
TSU,96.672,54.0,3.0,30.741,41.883,24.048,236.0,261.0,288.0,319.0,False,HARD,20.0,True,RB,1,14.0,True,Bahrain,2024,False
TSU,97.269,55.0,3.0,30.81,42.254,24.205,235.0,263.0,289.0,326.0,False,HARD,21.0,True,RB,1,14.0,True,Bahrain,2024,False
TSU,97.473,56.0,3.0,30.742,42.53,24.201,234.0,262.0,288.0,324.0,False,HARD,22.0,True,RB,1,14.0,True,Bahrain,2024,False
ALB,98.826,2.0,1.0,31.419,43.106,24.301,229.0,245.0,286.0,295.0,True,SOFT,2.0,True,Williams,1,11.0,True,Bahrain,2024,False
ALB,98.507,3.0,1.0,31.002,43.081,24.424,229.0,244.0,286.0,312.0,True,SOFT,3.0,True,Williams,1,11.0,True,Bahrain,2024,False
ALB,98.422,4.0,1.0,31.023,43.007,24.392,226.0,244.0,284.0,319.0,True,SOFT,4.0,True,Williams,1,11.0,True,Bahrain,2024,False
ALB,98.509,5.0,1.0,31.049,43.027,24.433,228.0,245.0,284.0,310.0,False,SOFT,5.0,True,Williams,1,11.0,True,Bahrain,2024,False
ALB,98.575,6.0,1.0,31.034,43.141,24.4,227.0,238.0,280.0,316.0,False,SOFT,6.0,True,Williams,1,11.0,True,Bahrain,2024,False
ALB,98.971,7.0,1.0,31.498,43.186,24.287,228.0,243.0,278.0,302.0,False,SOFT,7.0,True,Williams,1,11.0,True,Bahrain,2024,False
ALB,98.66,8.0,1.0,31.493,42.899,24.268,232.0,245.0,278.0,293.0,False,SOFT,8.0,True,Williams,1,11.0,True,Bahrain,2024,False
ALB,98.652,9.0,1.0,31.458,42.976,24.218,232.0,244.0,279.0,298.0,False,SOFT,9.0,True,Williams,1,11.0,True,Bahrain,2024,False
ALB,98.835,11.0,1.0,31.49,42.923,24.422,230.0,244.0,278.0,297.0,False,SOFT,11.0,True,Williams,1,11.0,True,Bahrain,2024,False
ALB,98.934,12.0,1.0,31.51,43.065,24.359,232.0,246.0,279.0,297.0,False,SOFT,12.0,True,Williams,1,9.0,True,Bahrain,2024,False
ALB,98.823,13.0,1.0,31.569,42.884,24.37,228.0,243.0,278.0,293.0,False,SOFT,13.0,True,Williams,1,6.0,True,Bahrain,2024,False
ALB,98.977,14.0,1.0,31.598,42.931,24.448,229.0,248.0,277.0,296.0,False,SOFT,14.0,True,Williams,1,5.0,True,Bahrain,2024,False
ALB,101.171,15.0,1.0,31.51,42.741,26.92,233.0,256.0,281.0,293.0,False,SOFT,15.0,True,Williams,1,5.0,False,Bahrain,2024,True
ALB,119.341,16.0,2.0,52.731,42.591,24.019,232.0,258.0,288.0,217.0,False,HARD,1.0,True,Williams,1,15.0,False,Bahrain,2024,True
ALB,97.392,17.0,2.0,30.812,42.564,24.016,225.0,250.0,279.0,330.0,True,HARD,2.0,True,Williams,1,14.0,True,Bahrain,2024,False
ALB,97.59,18.0,2.0,31.214,42.369,24.007,230.0,250.0,280.0,294.0,False,HARD,3.0,True,Williams,1,14.0,True,Bahrain,2024,False
ALB,97.763,19.0,2.0,31.357,42.448,23.958,229.0,247.0,280.0,293.0,False,HARD,4.0,True,Williams,1,14.0,True,Bahrain,2024,False
ALB,97.701,20.0,2.0,31.328,42.379,23.994,233.0,250.0,280.0,296.0,False,HARD,5.0,True,Williams,1,14.0,True,Bahrain,2024,False
ALB,97.918,21.0,2.0,31.227,42.44,24.251,234.0,252.0,279.0,296.0,False,HARD,6.0,True,Williams,1,14.0,True,Bahrain,2024,False
ALB,98.031,22.0,2.0,31.199,42.733,24.099,232.0,253.0,280.0,300.0,False,HARD,7.0,True,Williams,1,14.0,True,Bahrain,2024,False
ALB,97.869,23.0,2.0,31.296,42.361,24.212,232.0,259.0,288.0,296.0,False,HARD,8.0,True,Williams,1,14.0,True,Bahrain,2024,False
ALB,98.204,24.0,2.0,31.035,42.857,24.312,231.0,255.0,286.0,329.0,False,HARD,9.0,True,Williams,1,14.0,True,Bahrain,2024,False
ALB,98.226,25.0,2.0,31.095,42.952,24.179,230.0,254.0,287.0,313.0,False,HARD,10.0,True,Williams,1,14.0,True,Bahrain,2024,False
ALB,98.1,26.0,2.0,31.041,42.821,24.238,231.0,255.0,288.0,328.0,False,HARD,11.0,True,Williams,1,14.0,True,Bahrain,2024,False
ALB,98.296,27.0,2.0,31.029,43.069,24.198,231.0,252.0,286.0,328.0,False,HARD,12.0,True,Williams,1,14.0,True,Bahrain,2024,False
ALB,98.048,28.0,2.0,31.108,42.692,24.248,229.0,254.0,285.0,313.0,False,HARD,13.0,True,Williams,1,13.0,True,Bahrain,2024,False
ALB,97.879,29.0,2.0,31.127,42.585,24.167,232.0,254.0,286.0,309.0,False,HARD,14.0,True,Williams,1,12.0,True,Bahrain,2024,False
ALB,97.968,30.0,2.0,31.045,42.634,24.289,230.0,253.0,288.0,313.0,False,HARD,15.0,True,Williams,1,12.0,True,Bahrain,2024,False
ALB,98.135,31.0,2.0,31.093,42.811,24.231,231.0,255.0,286.0,326.0,False,HARD,16.0,True,Williams,1,12.0,True,Bahrain,2024,False
ALB,98.183,32.0,2.0,31.143,42.707,24.333,231.0,253.0,279.0,308.0,False,HARD,17.0,True,Williams,1,11.0,True,Bahrain,2024,False
ALB,98.346,33.0,2.0,31.537,42.677,24.132,232.0,253.0,279.0,289.0,False,HARD,18.0,True,Williams,1,11.0,True,Bahrain,2024,False
ALB,97.75,34.0,2.0,31.413,42.368,23.969,232.0,257.0,280.0,291.0,False,HARD,19.0,True,Williams,1,11.0,True,Bahrain,2024,False
ALB,97.767,35.0,2.0,31.295,42.496,23.976,233.0,252.0,279.0,298.0,False,HARD,20.0,True,Williams,1,10.0,True,Bahrain,2024,False
ALB,100.333,36.0,2.0,31.337,42.433,26.563,232.0,254.0,281.0,297.0,False,HARD,21.0,True,Williams,1,10.0,False,Bahrain,2024,False
ALB,117.632,37.0,3.0,52.093,41.867,23.672,238.0,256.0,282.0,218.0,False,HARD,1.0,True,Williams,1,16.0,False,Bahrain,2024,True
ALB,96.129,38.0,3.0,30.735,41.742,23.652,237.0,253.0,282.0,304.0,True,HARD,2.0,True,Williams,1,16.0,True,Bahrain,2024,False
ALB,95.856,39.0,3.0,30.737,41.65,23.469,237.0,254.0,282.0,305.0,True,HARD,3.0,True,Williams,1,16.0,True,Bahrain,2024,False
ALB,95.723,40.0,3.0,30.707,41.503,23.513,236.0,260.0,281.0,305.0,True,HARD,4.0,True,Williams,1,16.0,True,Bahrain,2024,False
ALB,95.885,41.0,3.0,30.746,41.557,23.582,236.0,259.0,282.0,300.0,False,HARD,5.0,True,Williams,1,16.0,True,Bahrain,2024,False
ALB,95.799,42.0,3.0,30.759,41.498,23.542,234.0,262.0,281.0,301.0,False,HARD,6.0,True,Williams,1,15.0,True,Bahrain,2024,False
ALB,95.766,43.0,3.0,30.76,41.472,23.534,234.0,261.0,281.0,292.0,False,HARD,7.0,True,Williams,1,15.0,True,Bahrain,2024,False
ALB,95.783,44.0,3.0,30.683,41.497,23.603,235.0,258.0,281.0,296.0,False,HARD,8.0,True,Williams,1,15.0,True,Bahrain,2024,False
ALB,95.758,45.0,3.0,30.607,41.495,23.656,236.0,261.0,281.0,301.0,False,HARD,9.0,True,Williams,1,15.0,True,Bahrain,2024,False
ALB,96.008,46.0,3.0,30.685,41.635,23.688,236.0,262.0,281.0,298.0,False,HARD,10.0,True,Williams,1,15.0,True,Bahrain,2024,False
ALB,96.026,47.0,3.0,30.827,41.57,23.629,233.0,266.0,282.0,300.0,False,HARD,11.0,True,Williams,1,15.0,True,Bahrain,2024,False
ALB,96.135,48.0,3.0,30.823,41.628,23.684,234.0,261.0,281.0,297.0,False,HARD,12.0,True,Williams,1,15.0,True,Bahrain,2024,False
ALB,97.102,49.0,3.0,30.816,42.435,23.851,233.0,260.0,262.0,298.0,False,HARD,13.0,True,Williams,1,15.0,True,Bahrain,2024,False
ALB,97.616,50.0,3.0,31.683,42.121,23.812,237.0,262.0,281.0,290.0,False,HARD,14.0,True,Williams,1,15.0,True,Bahrain,2024,False
ALB,97.493,51.0,3.0,30.773,42.878,23.842,235.0,262.0,280.0,307.0,False,HARD,15.0,True,Williams,1,15.0,True,Bahrain,2024,False
ALB,96.218,52.0,3.0,30.895,41.58,23.743,235.0,266.0,282.0,299.0,False,HARD,16.0,True,Williams,1,15.0,True,Bahrain,2024,False
ALB,96.308,53.0,3.0,30.817,41.683,23.808,235.0,265.0,281.0,301.0,False,HARD,17.0,True,Williams,1,15.0,True,Bahrain,2024,False
ALB,96.334,54.0,3.0,30.799,41.741,23.794,235.0,265.0,281.0,296.0,False,HARD,18.0,True,Williams,1,15.0,True,Bahrain,2024,False
ALB,96.593,55.0,3.0,30.861,41.91,23.822,237.0,262.0,284.0,306.0,False,HARD,19.0,True,Williams,1,15.0,True,Bahrain,2024,False
ALB,96.922,56.0,3.0,30.875,42.085,23.962,236.0,259.0,284.0,307.0,False,HARD,20.0,True,Williams,1,15.0,True,Bahrain,2024,False
HUL,130.911,2.0,2.0,64.092,42.838,23.981,231.0,235.0,277.0,212.0,False,HARD,1.0,True,Haas F1 Team,1,20.0,False,Bahrain,2024,True
HUL,97.317,3.0,2.0,30.97,42.434,23.913,233.0,234.0,277.0,293.0,True,HARD,2.0,True,Haas F1 Team,1,20.0,True,Bahrain,2024,False
HUL,97.349,4.0,2.0,30.901,42.469,23.979,231.0,240.0,278.0,292.0,False,HARD,3.0,True,Haas F1 Team,1,20.0,True,Bahrain,2024,False
HUL,97.663,5.0,2.0,30.928,42.706,24.029,232.0,241.0,277.0,295.0,False,HARD,4.0,True,Haas F1 Team,1,20.0,True,Bahrain,2024,False
HUL,97.896,6.0,2.0,31.013,42.852,24.031,231.0,236.0,277.0,295.0,False,HARD,5.0,True,Haas F1 Team,1,20.0,True,Bahrain,2024,False
HUL,97.682,7.0,2.0,30.976,42.75,23.956,231.0,239.0,278.0,295.0,False,HARD,6.0,True,Haas F1 Team,1,20.0,True,Bahrain,2024,False
HUL,97.82,8.0,2.0,31.038,42.737,24.045,232.0,246.0,278.0,296.0,False,HARD,7.0,True,Haas F1 Team,1,20.0,True,Bahrain,2024,False
HUL,97.638,11.0,2.0,31.0,42.573,24.065,233.0,247.0,278.0,299.0,False,HARD,10.0,True,Haas F1 Team,1,19.0,True,Bahrain,2024,False
HUL,97.706,12.0,2.0,30.977,42.629,24.1,232.0,250.0,279.0,299.0,False,HARD,11.0,True,Haas F1 Team,1,19.0,True,Bahrain,2024,False
HUL,97.801,13.0,2.0,31.025,42.677,24.099,232.0,250.0,278.0,300.0,False,HARD,12.0,True,Haas F1 Team,1,17.0,True,Bahrain,2024,False
HUL,97.879,14.0,2.0,30.998,42.63,24.251,235.0,251.0,280.0,302.0,False,HARD,13.0,True,Haas F1 Team,1,17.0,True,Bahrain,2024,False
HUL,98.11,15.0,2.0,31.168,42.609,24.333,233.0,251.0,279.0,304.0,False,HARD,14.0,True,Haas F1 Team,1,17.0,True,Bahrain,2024,False
HUL,97.796,16.0,2.0,31.184,42.535,24.077,231.0,253.0,279.0,304.0,False,HARD,15.0,True,Haas F1 Team,1,17.0,True,Bahrain,2024,False
HUL,97.891,17.0,2.0,31.181,42.572,24.138,233.0,251.0,279.0,304.0,False,HARD,16.0,True,Haas F1 Team,1,17.0,True,Bahrain,2024,False
HUL,98.216,18.0,2.0,31.05,42.946,24.22,233.0,249.0,279.0,304.0,False,HARD,17.0,True,Haas F1 Team,1,17.0,True,Bahrain,2024,False
HUL,97.862,19.0,2.0,31.07,42.542,24.25,232.0,253.0,279.0,303.0,False,HARD,18.0,True,Haas F1 Team,1,17.0,True,Bahrain,2024,False
HUL,100.798,20.0,2.0,31.287,42.578,26.933,231.0,254.0,281.0,304.0,False,HARD,19.0,True,Haas F1 Team,1,19.0,False,Bahrain,2024,False
HUL,118.699,21.0,3.0,51.92,42.869,23.91,229.0,236.0,279.0,215.0,False,HARD,1.0,True,Haas F1 Team,1,19.0,False,Bahrain,2024,True
HUL,96.858,22.0,3.0,30.754,42.343,23.761,232.0,242.0,279.0,295.0,True,HARD,2.0,True,Haas F1 Team,1,19.0,True,Bahrain,2024,False
HUL,96.725,23.0,3.0,30.667,42.271,23.787,235.0,241.0,279.0,298.0,True,HARD,3.0,True,Haas F1 Team,1,19.0,True,Bahrain,2024,False
HUL,96.626,24.0,3.0,30.673,42.224,23.729,233.0,247.0,280.0,297.0,True,HARD,4.0,True,Haas F1 Team,1,19.0,True,Bahrain,2024,False
HUL,96.652,25.0,3.0,30.667,42.124,23.861,234.0,248.0,280.0,298.0,False,HARD,5.0,True,Haas F1 Team,1,19.0,True,Bahrain,2024,False
HUL,96.548,26.0,3.0,30.619,42.152,23.777,235.0,247.0,280.0,301.0,True,HARD,6.0,True,Haas F1 Team,1,19.0,True,Bahrain,2024,False
HUL,96.647,27.0,3.0,30.719,41.983,23.945,235.0,252.0,280.0,301.0,False,HARD,7.0,True,Haas F1 Team,1,19.0,True,Bahrain,2024,False
HUL,97.254,28.0,3.0,31.001,42.31,23.943,233.0,249.0,281.0,299.0,False,HARD,8.0,True,Haas F1 Team,1,19.0,True,Bahrain,2024,False
HUL,96.837,29.0,3.0,30.844,42.049,23.944,233.0,254.0,280.0,302.0,False,HARD,9.0,True,Haas F1 Team,1,19.0,True,Bahrain,2024,False
HUL,96.691,30.0,3.0,30.738,41.973,23.98,236.0,252.0,281.0,304.0,False,HARD,10.0,True,Haas F1 Team,1,19.0,True,Bahrain,2024,False
HUL,96.578,31.0,3.0,30.717,41.966,23.895,235.0,256.0,282.0,304.0,False,HARD,11.0,True,Haas F1 Team,1,17.0,True,Bahrain,2024,False
HUL,96.935,32.0,3.0,30.961,41.987,23.987,233.0,254.0,282.0,304.0,False,HARD,12.0,True,Haas F1 Team,1,16.0,True,Bahrain,2024,False
HUL,96.784,33.0,3.0,30.819,41.983,23.982,236.0,256.0,281.0,304.0,False,HARD,13.0,True,Haas F1 Team,1,15.0,True,Bahrain,2024,False
HUL,96.692,34.0,3.0,30.777,41.947,23.968,235.0,257.0,282.0,304.0,False,HARD,14.0,True,Haas F1 Team,1,15.0,True,Bahrain,2024,False
HUL,96.959,35.0,3.0,30.812,42.04,24.107,235.0,258.0,281.0,303.0,False,HARD,15.0,True,Haas F1 Team,1,14.0,True,Bahrain,2024,False
HUL,96.795,36.0,3.0,30.86,41.931,24.004,235.0,258.0,281.0,304.0,False,HARD,16.0,True,Haas F1 Team,1,13.0,True,Bahrain,2024,False
HUL,96.723,37.0,3.0,30.847,41.94,23.936,236.0,258.0,282.0,304.0,False,HARD,17.0,True,Haas F1 Team,1,12.0,True,Bahrain,2024,False
HUL,100.083,38.0,3.0,32.593,42.653,24.837,236.0,251.0,288.0,304.0,False,HARD,18.0,True,Haas F1 Team,1,14.0,True,Bahrain,2024,False
HUL,97.476,39.0,3.0,30.911,42.495,24.07,234.0,256.0,283.0,325.0,False,HARD,19.0,True,Haas F1 Team,1,14.0,True,Bahrain,2024,False
HUL,97.088,40.0,3.0,30.911,42.126,24.051,235.0,257.0,281.0,304.0,False,HARD,20.0,True,Haas F1 Team,1,14.0,True,Bahrain,2024,False
HUL,99.569,41.0,3.0,30.889,42.038,26.642,236.0,259.0,281.0,304.0,False,HARD,21.0,True,Haas F1 Team,1,15.0,False,Bahrain,2024,False
HUL,116.108,42.0,4.0,50.894,41.664,23.55,233.0,248.0,282.0,221.0,False,SOFT,2.0,False,Haas F1 Team,1,18.0,False,Bahrain,2024,True
HUL,95.76,43.0,4.0,30.369,41.852,23.539,237.0,243.0,282.0,303.0,True,SOFT,3.0,False,Haas F1 Team,1,18.0,True,Bahrain,2024,False
HUL,95.59,44.0,4.0,30.232,41.871,23.487,239.0,245.0,282.0,304.0,True,SOFT,4.0,False,Haas F1 Team,1,17.0,True,Bahrain,2024,False
HUL,95.119,45.0,4.0,30.234,41.321,23.564,238.0,252.0,283.0,303.0,True,SOFT,5.0,False,Haas F1 Team,1,17.0,True,Bahrain,2024,False
HUL,94.834,46.0,4.0,30.17,41.145,23.519,238.0,251.0,283.0,303.0,True,SOFT,6.0,False,Haas F1 Team,1,17.0,True,Bahrain,2024,False
HUL,95.226,47.0,4.0,30.362,41.251,23.613,237.0,255.0,284.0,304.0,False,SOFT,7.0,False,Haas F1 Team,1,17.0,True,Bahrain,2024,False
HUL,95.146,48.0,4.0,30.228,41.355,23.563,238.0,255.0,284.0,306.0,False,SOFT,8.0,False,Haas F1 Team,1,17.0,True,Bahrain,2024,False
HUL,95.494,49.0,4.0,30.323,41.489,23.682,239.0,258.0,292.0,307.0,False,SOFT,9.0,False,Haas F1 Team,1,17.0,True,Bahrain,2024,False
HUL,95.167,50.0,4.0,30.13,41.402,23.635,237.0,260.0,284.0,332.0,False,SOFT,10.0,False,Haas F1 Team,1,16.0,True,Bahrain,2024,False
HUL,95.529,51.0,4.0,30.411,41.374,23.744,237.0,260.0,284.0,305.0,False,SOFT,11.0,False,Haas F1 Team,1,16.0,True,Bahrain,2024,False
HUL,95.921,52.0,4.0,30.525,41.612,23.784,235.0,259.0,283.0,303.0,False,SOFT,12.0,False,Haas F1 Team,1,16.0,True,Bahrain,2024,False
HUL,95.994,53.0,4.0,30.629,41.595,23.77,236.0,259.0,284.0,306.0,False,SOFT,13.0,False,Haas F1 Team,1,16.0,True,Bahrain,2024,False
HUL,95.786,54.0,4.0,30.557,41.436,23.793,235.0,263.0,284.0,305.0,False,SOFT,14.0,False,Haas F1 Team,1,16.0,True,Bahrain,2024,False
HUL,95.736,55.0,4.0,30.629,41.384,23.723,236.0,263.0,282.0,305.0,False,SOFT,15.0,False,Haas F1 Team,1,16.0,True,Bahrain,2024,False
HUL,95.602,56.0,4.0,30.546,41.304,23.752,239.0,269.0,283.0,306.0,False,SOFT,16.0,False,Haas F1 Team,1,16.0,True,Bahrain,2024,False
OCO,99.094,2.0,1.0,32.005,42.719,24.37,229.0,245.0,284.0,283.0,True,SOFT,2.0,True,Alpine,1,16.0,True,Bahrain,2024,False
OCO,98.771,3.0,1.0,31.255,43.007,24.509,229.0,246.0,284.0,295.0,True,SOFT,3.0,True,Alpine,1,16.0,True,Bahrain,2024,False
OCO,98.625,4.0,1.0,31.246,42.915,24.464,229.0,246.0,283.0,306.0,True,SOFT,4.0,True,Alpine,1,16.0,True,Bahrain,2024,False
OCO,98.64,5.0,1.0,31.171,42.891,24.578,229.0,247.0,285.0,305.0,False,SOFT,5.0,True,Alpine,1,16.0,True,Bahrain,2024,False
OCO,98.874,6.0,1.0,31.245,42.978,24.651,229.0,247.0,282.0,301.0,False,SOFT,6.0,True,Alpine,1,16.0,True,Bahrain,2024,False
OCO,99.152,7.0,1.0,31.404,43.089,24.659,229.0,245.0,284.0,304.0,False,SOFT,7.0,True,Alpine,1,16.0,True,Bahrain,2024,False
OCO,99.422,8.0,1.0,31.252,43.382,24.788,230.0,246.0,284.0,313.0,False,SOFT,8.0,True,Alpine,1,16.0,True,Bahrain,2024,False
OCO,99.312,9.0,1.0,31.189,43.409,24.714,230.0,249.0,284.0,303.0,False,SOFT,9.0,True,Alpine,1,15.0,True,Bahrain,2024,False
OCO,119.014,11.0,2.0,52.676,42.347,23.991,229.0,253.0,275.0,215.0,False,HARD,1.0,True,Alpine,1,18.0,False,Bahrain,2024,True
OCO,97.599,12.0,2.0,31.175,42.399,24.025,234.0,253.0,276.0,291.0,True,HARD,2.0,True,Alpine,1,18.0,True,Bahrain,2024,False
OCO,97.363,13.0,2.0,31.319,42.14,23.904,230.0,255.0,276.0,291.0,True,HARD,3.0,True,Alpine,1,16.0,True,Bahrain,2024,False
OCO,97.537,14.0,2.0,31.174,42.329,24.034,230.0,255.0,276.0,292.0,False,HARD,4.0,True,Alpine,1,15.0,True,Bahrain,2024,False
OCO,97.843,15.0,2.0,31.282,42.383,24.178,229.0,254.0,277.0,290.0,False,HARD,5.0,True,Alpine,1,15.0,True,Bahrain,2024,False
OCO,97.902,16.0,2.0,31.35,42.448,24.104,228.0,254.0,277.0,293.0,False,HARD,6.0,True,Alpine,1,14.0,True,Bahrain,2024,False
OCO,98.911,17.0,2.0,31.653,43.083,24.175,232.0,253.0,282.0,301.0,False,HARD,7.0,True,Alpine,1,15.0,True,Bahrain,2024,False
OCO,98.12,18.0,2.0,31.12,42.845,24.155,230.0,253.0,276.0,310.0,False,HARD,8.0,True,Alpine,1,15.0,True,Bahrain,2024,False
OCO,98.332,19.0,2.0,31.57,42.478,24.284,229.0,255.0,276.0,295.0,False,HARD,9.0,True,Alpine,1,15.0,True,Bahrain,2024,False
OCO,98.185,20.0,2.0,31.445,42.472,24.268,230.0,255.0,275.0,289.0,False,HARD,10.0,True,Alpine,1,15.0,True,Bahrain,2024,False
OCO,99.363,21.0,2.0,31.9,43.094,24.369,234.0,255.0,277.0,290.0,False,HARD,11.0,True,Alpine,1,16.0,True,Bahrain,2024,False
OCO,98.655,22.0,2.0,31.553,42.777,24.325,230.0,253.0,276.0,293.0,False,HARD,12.0,True,Alpine,1,16.0,True,Bahrain,2024,False
OCO,98.407,23.0,2.0,31.49,42.677,24.24,231.0,251.0,275.0,289.0,False,HARD,13.0,True,Alpine,1,16.0,True,Bahrain,2024,False
OCO,98.42,24.0,2.0,31.474,42.691,24.255,230.0,254.0,275.0,288.0,False,HARD,14.0,True,Alpine,1,16.0,True,Bahrain,2024,False
OCO,98.494,25.0,2.0,31.546,42.7,24.248,231.0,254.0,276.0,291.0,False,HARD,15.0,True,Alpine,1,16.0,True,Bahrain,2024,False
OCO,98.665,26.0,2.0,31.521,42.891,24.253,231.0,255.0,275.0,289.0,False,HARD,16.0,True,Alpine,1,16.0,True,Bahrain,2024,False
OCO,98.549,27.0,2.0,31.543,42.749,24.257,230.0,251.0,275.0,289.0,False,HARD,17.0,True,Alpine,1,16.0,True,Bahrain,2024,False
OCO,98.372,28.0,2.0,31.492,42.678,24.202,232.0,254.0,276.0,290.0,False,HARD,18.0,True,Alpine,1,15.0,True,Bahrain,2024,False
OCO,98.556,29.0,2.0,31.562,42.663,24.331,232.0,254.0,276.0,288.0,False,HARD,19.0,True,Alpine,1,14.0,True,Bahrain,2024,False
OCO,101.21,30.0,2.0,31.546,42.7,26.964,232.0,254.0,281.0,291.0,False,HARD,20.0,True,Alpine,1,14.0,False,Bahrain,2024,False
OCO,119.322,31.0,3.0,52.935,42.397,23.99,230.0,251.0,277.0,215.0,False,HARD,1.0,True,Alpine,1,18.0,False,Bahrain,2024,True
OCO,96.887,32.0,3.0,31.059,41.959,23.869,234.0,251.0,277.0,292.0,True,HARD,2.0,True,Alpine,1,17.0,True,Bahrain,2024,False
OCO,96.704,33.0,3.0,30.989,41.875,23.84,233.0,251.0,277.0,289.0,True,HARD,3.0,True,Alpine,1,17.0,True,Bahrain,2024,False
OCO,96.226,34.0,3.0,30.898,41.549,23.779,233.0,255.0,277.0,290.0,True,HARD,4.0,True,Alpine,1,17.0,True,Bahrain,2024,False
OCO,96.354,35.0,3.0,31.008,41.594,23.752,232.0,256.0,277.0,288.0,False,HARD,5.0,True,Alpine,1,17.0,True,Bahrain,2024,False
OCO,97.229,36.0,3.0,31.212,42.148,23.869,233.0,256.0,278.0,290.0,False,HARD,6.0,True,Alpine,1,17.0,True,Bahrain,2024,False
OCO,96.58,37.0,3.0,31.059,41.755,23.766,231.0,256.0,279.0,294.0,False,HARD,7.0,True,Alpine,1,17.0,True,Bahrain,2024,False
OCO,96.814,38.0,3.0,31.07,41.869,23.875,232.0,256.0,277.0,293.0,False,HARD,8.0,True,Alpine,1,17.0,True,Bahrain,2024,False
OCO,96.552,39.0,3.0,31.088,41.717,23.747,232.0,256.0,277.0,290.0,False,HARD,9.0,True,Alpine,1,17.0,True,Bahrain,2024,False
OCO,96.608,40.0,3.0,31.053,41.754,23.801,233.0,254.0,277.0,291.0,False,HARD,10.0,True,Alpine,1,17.0,True,Bahrain,2024,False
OCO,96.621,41.0,3.0,31.034,41.826,23.761,233.0,255.0,278.0,290.0,False,HARD,11.0,True,Alpine,1,17.0,True,Bahrain,2024,False
OCO,96.592,42.0,3.0,31.025,41.766,23.801,232.0,255.0,277.0,290.0,False,HARD,12.0,True,Alpine,1,16.0,True,Bahrain,2024,False
OCO,96.679,43.0,3.0,31.035,41.852,23.792,233.0,255.0,277.0,289.0,False,HARD,13.0,True,Alpine,1,16.0,True,Bahrain,2024,False
OCO,96.649,44.0,3.0,31.094,41.772,23.783,232.0,255.0,277.0,290.0,False,HARD,14.0,True,Alpine,1,16.0,True,Bahrain,2024,False
OCO,98.049,45.0,3.0,31.188,43.027,23.834,232.0,257.0,279.0,290.0,False,HARD,15.0,True,Alpine,1,16.0,True,Bahrain,2024,False
OCO,96.975,46.0,3.0,31.151,42.048,23.776,231.0,257.0,277.0,294.0,False,HARD,16.0,True,Alpine,1,16.0,True,Bahrain,2024,False
OCO,96.656,47.0,3.0,31.026,41.861,23.769,234.0,256.0,277.0,293.0,False,HARD,17.0,True,Alpine,1,16.0,True,Bahrain,2024,False
OCO,97.117,48.0,3.0,31.177,42.045,23.895,234.0,256.0,277.0,292.0,False,HARD,18.0,True,Alpine,1,16.0,True,Bahrain,2024,False
OCO,97.726,49.0,3.0,31.483,42.304,23.939,235.0,257.0,279.0,292.0,False,HARD,19.0,True,Alpine,1,16.0,True,Bahrain,2024,False
OCO,97.784,50.0,3.0,31.552,42.293,23.939,232.0,258.0,279.0,295.0,False,HARD,20.0,True,Alpine,1,17.0,True,Bahrain,2024,False
OCO,97.091,51.0,3.0,31.083,42.138,23.87,233.0,257.0,278.0,295.0,False,HARD,21.0,True,Alpine,1,17.0,True,Bahrain,2024,False
OCO,98.631,52.0,3.0,31.094,42.116,25.421,233.0,257.0,285.0,292.0,False,HARD,22.0,True,Alpine,1,17.0,True,Bahrain,2024,False
OCO,97.145,53.0,3.0,31.023,42.181,23.941,235.0,258.0,279.0,313.0,False,HARD,23.0,True,Alpine,1,17.0,True,Bahrain,2024,False
OCO,98.707,54.0,3.0,32.402,42.373,23.932,234.0,258.0,279.0,294.0,False,HARD,24.0,True,Alpine,1,17.0,True,Bahrain,2024,False
OCO,97.393,55.0,3.0,31.146,42.266,23.981,235.0,257.0,278.0,294.0,False,HARD,25.0,True,Alpine,1,17.0,True,Bahrain,2024,False
OCO,97.415,56.0,3.0,31.133,42.224,24.058,237.0,257.0,278.0,294.0,False,HARD,26.0,True,Alpine,1,17.0,True,Bahrain,2024,False
GAS,99.059,2.0,1.0,31.86,42.743,24.456,229.0,245.0,284.0,266.0,True,SOFT,2.0,True,Alpine,1,17.0,True,Bahrain,2024,False
GAS,98.744,3.0,1.0,31.254,42.848,24.642,229.0,245.0,283.0,302.0,True,SOFT,3.0,True,Alpine,1,17.0,True,Bahrain,2024,False
GAS,98.503,4.0,1.0,31.305,42.705,24.493,228.0,249.0,284.0,302.0,True,SOFT,4.0,True,Alpine,1,17.0,True,Bahrain,2024,False
GAS,98.664,5.0,1.0,31.344,42.718,24.602,227.0,247.0,285.0,301.0,False,SOFT,5.0,True,Alpine,1,17.0,True,Bahrain,2024,False
GAS,99.099,6.0,1.0,31.457,42.995,24.647,226.0,246.0,283.0,297.0,False,SOFT,6.0,True,Alpine,1,17.0,True,Bahrain,2024,False
GAS,99.078,7.0,1.0,31.353,43.11,24.615,227.0,240.0,283.0,297.0,False,SOFT,7.0,True,Alpine,1,17.0,True,Bahrain,2024,False
GAS,99.287,8.0,1.0,31.21,43.311,24.766,230.0,248.0,284.0,304.0,False,SOFT,8.0,True,Alpine,1,17.0,True,Bahrain,2024,False
GAS,99.452,9.0,1.0,31.4,43.321,24.731,228.0,245.0,283.0,310.0,False,SOFT,9.0,True,Alpine,1,17.0,True,Bahrain,2024,False
GAS,98.656,11.0,1.0,31.329,42.886,24.441,229.0,245.0,278.0,296.0,False,SOFT,11.0,True,Alpine,1,14.0,True,Bahrain,2024,False
GAS,101.456,12.0,1.0,31.328,42.787,27.341,230.0,252.0,281.0,301.0,False,SOFT,12.0,True,Alpine,1,12.0,False,Bahrain,2024,True
GAS,124.565,13.0,2.0,57.71,42.728,24.127,228.0,252.0,275.0,215.0,False,HARD,1.0,True,Alpine,1,18.0,False,Bahrain,2024,True
GAS,97.689,14.0,2.0,31.44,42.233,24.016,235.0,255.0,281.0,296.0,True,HARD,2.0,True,Alpine,1,19.0,True,Bahrain,2024,False
GAS,97.492,15.0,2.0,30.978,42.383,24.131,227.0,254.0,282.0,311.0,True,HARD,3.0,True,Alpine,1,19.0,True,Bahrain,2024,False
GAS,97.521,16.0,2.0,30.874,42.396,24.251,228.0,255.0,282.0,309.0,False,HARD,4.0,True,Alpine,1,19.0,True,Bahrain,2024,False
GAS,97.949,17.0,2.0,31.153,42.548,24.248,228.0,250.0,282.0,310.0,False,HARD,5.0,True,Alpine,1,19.0,True,Bahrain,2024,False
GAS,97.791,18.0,2.0,30.98,42.45,24.361,229.0,251.0,283.0,312.0,False,HARD,6.0,True,Alpine,1,19.0,True,Bahrain,2024,False
GAS,97.702,19.0,2.0,30.968,42.47,24.264,230.0,255.0,284.0,311.0,False,HARD,7.0,True,Alpine,1,19.0,True,Bahrain,2024,False
GAS,98.036,20.0,2.0,31.193,42.487,24.356,231.0,254.0,282.0,303.0,False,HARD,8.0,True,Alpine,1,18.0,True,Bahrain,2024,False
GAS,98.094,21.0,2.0,31.173,42.541,24.38,229.0,255.0,281.0,300.0,False,HARD,9.0,True,Alpine,1,18.0,True,Bahrain,2024,False
GAS,97.868,22.0,2.0,31.145,42.536,24.187,230.0,254.0,282.0,308.0,False,HARD,10.0,True,Alpine,1,18.0,True,Bahrain,2024,False
GAS,98.104,23.0,2.0,31.195,42.586,24.323,230.0,254.0,282.0,305.0,False,HARD,11.0,True,Alpine,1,18.0,True,Bahrain,2024,False
GAS,98.192,24.0,2.0,31.232,42.57,24.39,232.0,253.0,281.0,303.0,False,HARD,12.0,True,Alpine,1,18.0,True,Bahrain,2024,False
GAS,98.16,25.0,2.0,31.096,42.716,24.348,231.0,255.0,281.0,308.0,False,HARD,13.0,True,Alpine,1,18.0,True,Bahrain,2024,False
GAS,98.379,26.0,2.0,31.256,42.673,24.45,230.0,254.0,283.0,309.0,False,HARD,14.0,True,Alpine,1,18.0,True,Bahrain,2024,False
GAS,98.4,27.0,2.0,31.171,42.747,24.482,230.0,253.0,282.0,308.0,False,HARD,15.0,True,Alpine,1,18.0,True,Bahrain,2024,False
GAS,98.615,28.0,2.0,31.351,42.788,24.476,232.0,253.0,282.0,299.0,False,HARD,16.0,True,Alpine,1,17.0,True,Bahrain,2024,False
GAS,98.55,29.0,2.0,31.301,42.807,24.442,233.0,255.0,282.0,306.0,False,HARD,17.0,True,Alpine,1,16.0,True,Bahrain,2024,False
GAS,98.832,30.0,2.0,31.368,42.942,24.522,231.0,256.0,280.0,302.0,False,HARD,18.0,True,Alpine,1,15.0,True,Bahrain,2024,False
GAS,100.432,31.0,2.0,31.182,42.455,26.795,231.0,254.0,281.0,308.0,False,HARD,19.0,True,Alpine,1,16.0,False,Bahrain,2024,False
GAS,119.77,32.0,3.0,53.98,41.978,23.812,232.0,251.0,276.0,219.0,False,HARD,1.0,True,Alpine,1,18.0,False,Bahrain,2024,True
GAS,96.112,33.0,3.0,30.887,41.506,23.719,236.0,253.0,276.0,290.0,True,HARD,2.0,True,Alpine,1,18.0,True,Bahrain,2024,False
GAS,96.622,34.0,3.0,31.142,41.747,23.733,229.0,255.0,277.0,287.0,False,HARD,3.0,True,Alpine,1,18.0,True,Bahrain,2024,False
GAS,96.313,35.0,3.0,31.058,41.573,23.682,230.0,256.0,276.0,290.0,False,HARD,4.0,True,Alpine,1,18.0,True,Bahrain,2024,False
GAS,96.45,36.0,3.0,31.034,41.612,23.804,232.0,255.0,277.0,290.0,False,HARD,5.0,True,Alpine,1,18.0,True,Bahrain,2024,False
GAS,96.629,37.0,3.0,31.148,41.595,23.886,232.0,255.0,277.0,291.0,False,HARD,6.0,True,Alpine,1,18.0,True,Bahrain,2024,False
GAS,96.802,38.0,3.0,31.122,41.764,23.916,231.0,256.0,277.0,289.0,False,HARD,7.0,True,Alpine,1,18.0,True,Bahrain,2024,False
GAS,96.537,39.0,3.0,31.022,41.7,23.815,230.0,257.0,277.0,291.0,False,HARD,8.0,True,Alpine,1,18.0,True,Bahrain,2024,False
GAS,96.742,40.0,3.0,31.023,41.793,23.926,232.0,256.0,277.0,290.0,False,HARD,9.0,True,Alpine,1,18.0,True,Bahrain,2024,False
GAS,96.571,41.0,3.0,30.968,41.751,23.852,234.0,256.0,278.0,293.0,False,HARD,10.0,True,Alpine,1,18.0,True,Bahrain,2024,False
GAS,96.631,42.0,3.0,30.98,41.74,23.911,233.0,256.0,277.0,292.0,False,HARD,11.0,True,Alpine,1,17.0,True,Bahrain,2024,False
GAS,99.291,43.0,3.0,31.165,41.852,26.274,232.0,256.0,281.0,292.0,False,HARD,12.0,True,Alpine,1,17.0,False,Bahrain,2024,False
GAS,116.481,44.0,4.0,51.887,41.099,23.495,233.0,254.0,278.0,221.0,False,SOFT,1.0,True,Alpine,1,18.0,False,Bahrain,2024,True
GAS,94.805,45.0,4.0,30.509,40.913,23.383,237.0,254.0,278.0,295.0,True,SOFT,2.0,True,Alpine,1,18.0,True,Bahrain,2024,False
GAS,95.293,46.0,4.0,30.758,41.137,23.398,234.0,255.0,278.0,289.0,False,SOFT,3.0,True,Alpine,1,18.0,True,Bahrain,2024,False
GAS,95.341,47.0,4.0,30.735,41.065,23.541,230.0,255.0,279.0,290.0,False,SOFT,4.0,True,Alpine,1,18.0,True,Bahrain,2024,False
GAS,95.411,48.0,4.0,30.776,41.156,23.479,232.0,255.0,278.0,290.0,False,SOFT,5.0,True,Alpine,1,18.0,True,Bahrain,2024,False
GAS,95.511,49.0,4.0,30.71,41.288,23.513,229.0,257.0,278.0,291.0,False,SOFT,6.0,True,Alpine,1,18.0,True,Bahrain,2024,False
GAS,95.228,50.0,4.0,30.647,41.016,23.565,231.0,257.0,277.0,293.0,False,SOFT,7.0,True,Alpine,1,18.0,True,Bahrain,2024,False
GAS,95.334,51.0,4.0,30.673,41.111,23.55,233.0,256.0,277.0,292.0,False,SOFT,8.0,True,Alpine,1,18.0,True,Bahrain,2024,False
GAS,95.511,52.0,4.0,30.714,41.158,23.639,233.0,256.0,278.0,291.0,False,SOFT,9.0,True,Alpine,1,18.0,True,Bahrain,2024,False
GAS,95.389,53.0,4.0,30.6,41.223,23.566,234.0,257.0,278.0,294.0,False,SOFT,10.0,True,Alpine,1,18.0,True,Bahrain,2024,False
GAS,95.853,54.0,4.0,30.833,41.349,23.671,234.0,256.0,278.0,291.0,False,SOFT,11.0,True,Alpine,1,18.0,True,Bahrain,2024,False
GAS,95.908,55.0,4.0,30.912,41.329,23.667,234.0,257.0,278.0,293.0,False,SOFT,12.0,True,Alpine,1,18.0,True,Bahrain,2024,False
GAS,96.086,56.0,4.0,30.888,41.288,23.91,234.0,263.0,282.0,295.0,False,SOFT,13.0,True,Alpine,1,18.0,True,Bahrain,2024,False
BOT,98.259,2.0,1.0,31.351,42.663,24.245,232.0,247.0,287.0,299.0,True,SOFT,2.0,True,Kick Sauber,1,18.0,True,Bahrain,2024,False
BOT,98.837,3.0,1.0,31.119,43.321,24.397,233.0,248.0,285.0,305.0,False,SOFT,3.0,True,Kick Sauber,1,18.0,True,Bahrain,2024,False
BOT,98.643,4.0,1.0,31.127,43.121,24.395,229.0,247.0,284.0,300.0,False,SOFT,4.0,True,Kick Sauber,1,18.0,True,Bahrain,2024,False
BOT,100.087,5.0,1.0,31.083,44.295,24.709,231.0,244.0,284.0,323.0,False,SOFT,5.0,True,Kick Sauber,1,19.0,True,Bahrain,2024,False
BOT,99.206,6.0,1.0,31.184,43.504,24.518,233.0,251.0,282.0,314.0,False,SOFT,6.0,True,Kick Sauber,1,19.0,True,Bahrain,2024,False
BOT,98.654,7.0,1.0,31.034,43.072,24.548,231.0,247.0,284.0,318.0,False,SOFT,7.0,True,Kick Sauber,1,19.0,True,Bahrain,2024,False
BOT,98.968,8.0,1.0,30.959,43.356,24.653,230.0,247.0,284.0,320.0,False,SOFT,8.0,True,Kick Sauber,1,19.0,True,Bahrain,2024,False
BOT,99.425,9.0,1.0,31.373,43.349,24.703,229.0,247.0,283.0,319.0,False,SOFT,9.0,True,Kick Sauber,1,18.0,True,Bahrain,2024,False
BOT,99.187,11.0,1.0,31.524,43.182,24.481,232.0,252.0,278.0,301.0,False,SOFT,11.0,True,Kick Sauber,1,15.0,True,Bahrain,2024,False
BOT,103.145,12.0,1.0,31.822,43.874,27.449,234.0,250.0,281.0,303.0,False,SOFT,12.0,True,Kick Sauber,1,14.0,False,Bahrain,2024,True
BOT,121.081,13.0,2.0,54.41,42.543,24.128,231.0,256.0,287.0,215.0,False,HARD,1.0,True,Kick Sauber,1,19.0,False,Bahrain,2024,True
BOT,96.454,14.0,2.0,30.501,42.067,23.886,231.0,257.0,279.0,321.0,True,HARD,2.0,True,Kick Sauber,1,18.0,True,Bahrain,2024,False
BOT,97.287,15.0,2.0,31.063,42.254,23.97,231.0,253.0,280.0,303.0,False,HARD,3.0,True,Kick Sauber,1,18.0,True,Bahrain,2024,False
BOT,97.718,16.0,2.0,31.204,42.422,24.092,231.0,253.0,280.0,295.0,False,HARD,4.0,True,Kick Sauber,1,18.0,True,Bahrain,2024,False
BOT,97.765,17.0,2.0,31.183,42.454,24.128,232.0,253.0,280.0,297.0,False,HARD,5.0,True,Kick Sauber,1,18.0,True,Bahrain,2024,False
BOT,97.918,18.0,2.0,31.142,42.597,24.179,232.0,247.0,285.0,299.0,False,HARD,6.0,True,Kick Sauber,1,18.0,True,Bahrain,2024,False
BOT,97.662,19.0,2.0,30.897,42.483,24.282,232.0,252.0,285.0,315.0,False,HARD,7.0,True,Kick Sauber,1,18.0,True,Bahrain,2024,False
BOT,98.285,20.0,2.0,31.078,42.852,24.355,233.0,251.0,282.0,315.0,False,HARD,8.0,True,Kick Sauber,1,17.0,True,Bahrain,2024,False
BOT,97.73,21.0,2.0,31.02,42.534,24.176,230.0,253.0,278.0,315.0,False,HARD,9.0,True,Kick Sauber,1,17.0,True,Bahrain,2024,False
BOT,97.998,22.0,2.0,31.34,42.454,24.204,233.0,250.0,279.0,298.0,False,HARD,10.0,True,Kick Sauber,1,17.0,True,Bahrain,2024,False
BOT,98.18,23.0,2.0,31.375,42.575,24.23,234.0,251.0,279.0,299.0,False,HARD,11.0,True,Kick Sauber,1,17.0,True,Bahrain,2024,False
BOT,98.146,24.0,2.0,31.186,42.705,24.255,234.0,250.0,279.0,299.0,False,HARD,12.0,True,Kick Sauber,1,17.0,True,Bahrain,2024,False
BOT,98.262,25.0,2.0,31.299,42.697,24.266,235.0,248.0,279.0,301.0,False,HARD,13.0,True,Kick Sauber,1,17.0,True,Bahrain,2024,False
BOT,98.308,26.0,2.0,31.266,42.752,24.29,234.0,254.0,280.0,303.0,False,HARD,14.0,True,Kick Sauber,1,17.0,True,Bahrain,2024,False
BOT,98.426,27.0,2.0,31.325,42.741,24.36,235.0,252.0,280.0,302.0,False,HARD,15.0,True,Kick Sauber,1,17.0,True,Bahrain,2024,False
BOT,98.595,28.0,2.0,31.285,42.889,24.421,234.0,250.0,280.0,302.0,False,HARD,16.0,True,Kick Sauber,1,16.0,True,Bahrain,2024,False
BOT,98.654,29.0,2.0,31.344,42.981,24.329,233.0,253.0,280.0,299.0,False,HARD,17.0,True,Kick Sauber,1,15.0,True,Bahrain,2024,False
BOT,101.252,30.0,2.0,31.469,42.763,27.02,233.0,254.0,281.0,300.0,False,HARD,18.0,True,Kick Sauber,1,16.0,False,Bahrain,2024,False
BOT,96.763,32.0,3.0,30.988,42.106,23.669,233.0,252.0,281.0,295.0,False,HARD,2.0,True,Kick Sauber,1,19.0,True,Bahrain,2024,False
BOT,96.202,33.0,3.0,30.95,41.558,23.694,236.0,254.0,281.0,298.0,True,HARD,3.0,True,Kick Sauber,1,19.0,True,Bahrain,2024,False
BOT,98.009,34.0,3.0,32.25,42.108,23.651,236.0,258.0,281.0,299.0,False,HARD,4.0,True,Kick Sauber,1,19.0,True,Bahrain,2024,False
BOT,96.578,35.0,3.0,30.892,41.986,23.7,235.0,253.0,282.0,300.0,False,HARD,5.0,True,Kick Sauber,1,19.0,True,Bahrain,2024,False
BOT,96.792,36.0,3.0,30.8,41.963,24.029,237.0,252.0,281.0,303.0,False,HARD,6.0,True,Kick Sauber,1,19.0,True,Bahrain,2024,False
BOT,98.008,37.0,3.0,31.511,42.24,24.257,236.0,251.0,281.0,264.0,False,HARD,7.0,True,Kick Sauber,1,19.0,True,Bahrain,2024,False
BOT,97.774,38.0,3.0,31.497,42.346,23.931,238.0,255.0,281.0,259.0,False,HARD,8.0,True,Kick Sauber,1,19.0,True,Bahrain,2024,False
BOT,97.189,39.0,3.0,31.047,42.287,23.855,235.0,253.0,282.0,302.0,False,HARD,9.0,True,Kick Sauber,1,19.0,True,Bahrain,2024,False
BOT,97.393,40.0,3.0,30.903,42.672,23.818,235.0,250.0,280.0,301.0,False,HARD,10.0,True,Kick Sauber,1,19.0,True,Bahrain,2024,False
BOT,96.437,41.0,3.0,30.804,41.851,23.782,235.0,258.0,280.0,298.0,False,HARD,11.0,True,Kick Sauber,1,19.0,True,Bahrain,2024,False
BOT,96.374,42.0,3.0,30.9,41.717,23.757,235.0,256.0,280.0,297.0,False,HARD,12.0,True,Kick Sauber,1,19.0,True,Bahrain,2024,False
BOT,96.569,43.0,3.0,30.907,41.761,23.901,236.0,258.0,280.0,298.0,False,HARD,13.0,True,Kick Sauber,1,19.0,True,Bahrain,2024,False
BOT,96.63,44.0,3.0,30.844,41.917,23.869,235.0,255.0,280.0,295.0,False,HARD,14.0,True,Kick Sauber,1,19.0,True,Bahrain,2024,False
BOT,96.663,45.0,3.0,30.916,41.985,23.762,234.0,257.0,280.0,296.0,False,HARD,15.0,True,Kick Sauber,1,19.0,True,Bahrain,2024,False
BOT,96.297,46.0,3.0,30.825,41.72,23.752,237.0,261.0,281.0,298.0,False,HARD,16.0,True,Kick Sauber,1,19.0,True,Bahrain,2024,False
BOT,96.604,47.0,3.0,30.873,41.907,23.824,236.0,259.0,280.0,296.0,False,HARD,17.0,True,Kick Sauber,1,19.0,True,Bahrain,2024,False
BOT,96.765,48.0,3.0,30.913,41.993,23.859,236.0,256.0,280.0,297.0,False,HARD,18.0,True,Kick Sauber,1,19.0,True,Bahrain,2024,False
BOT,96.91,49.0,3.0,31.028,42.029,23.853,236.0,261.0,280.0,299.0,False,HARD,19.0,True,Kick Sauber,1,19.0,True,Bahrain,2024,False
BOT,96.91,50.0,3.0,31.025,41.997,23.888,234.0,258.0,280.0,296.0,False,HARD,20.0,True,Kick Sauber,1,19.0,True,Bahrain,2024,False
BOT,96.819,51.0,3.0,31.019,41.936,23.864,236.0,257.0,280.0,297.0,False,HARD,21.0,True,Kick Sauber,1,19.0,True,Bahrain,2024,False
BOT,96.949,52.0,3.0,30.997,41.98,23.972,237.0,259.0,280.0,298.0,False,HARD,22.0,True,Kick Sauber,1,19.0,True,Bahrain,2024,False
BOT,99.035,53.0,3.0,30.979,42.128,25.928,237.0,258.0,287.0,299.0,False,HARD,23.0,True,Kick Sauber,1,19.0,True,Bahrain,2024,True
BOT,97.095,54.0,3.0,30.705,42.292,24.098,237.0,256.0,281.0,322.0,False,HARD,24.0,True,Kick Sauber,1,19.0,True,Bahrain,2024,False
BOT,97.205,55.0,3.0,31.026,42.195,23.984,236.0,260.0,280.0,303.0,False,HARD,25.0,True,Kick Sauber,1,19.0,True,Bahrain,2024,False
BOT,97.956,56.0,3.0,31.235,42.521,24.2,237.0,259.0,280.0,301.0,False,HARD,26.0,True,Kick Sauber,1,19.0,True,Bahrain,2024,False
SAR,98.481,2.0,1.0,31.096,43.005,24.38,231.0,248.0,282.0,308.0,True,SOFT,2.0,True,Williams,1,14.0,True,Bahrain,2024,False
SAR,98.707,3.0,1.0,31.105,43.155,24.447,229.0,245.0,285.0,308.0,False,SOFT,3.0,True,Williams,1,14.0,True,Bahrain,2024,False
SAR,98.39,4.0,1.0,31.044,42.904,24.442,228.0,249.0,283.0,309.0,True,SOFT,4.0,True,Williams,1,14.0,True,Bahrain,2024,False
SAR,98.757,5.0,1.0,31.048,43.209,24.5,227.0,248.0,281.0,312.0,False,SOFT,5.0,True,Williams,1,14.0,True,Bahrain,2024,False
SAR,98.582,6.0,1.0,31.037,42.981,24.564,227.0,251.0,282.0,308.0,False,SOFT,6.0,True,Williams,1,14.0,True,Bahrain,2024,False
SAR,99.464,7.0,1.0,31.373,43.491,24.6,227.0,251.0,281.0,313.0,False,SOFT,7.0,True,Williams,1,14.0,True,Bahrain,2024,False
SAR,99.58,8.0,1.0,31.566,43.336,24.678,227.0,252.0,280.0,313.0,False,SOFT,8.0,True,Williams,1,14.0,True,Bahrain,2024,False
SAR,99.366,9.0,1.0,31.398,43.299,24.669,228.0,252.0,277.0,310.0,False,SOFT,9.0,True,Williams,1,13.0,True,Bahrain,2024,False
SAR,132.438,11.0,2.0,64.866,42.959,24.613,225.0,253.0,244.0,203.0,False,HARD,1.0,True,Williams,1,20.0,False,Bahrain,2024,True
SAR,98.493,12.0,2.0,31.666,42.766,24.061,233.0,255.0,278.0,297.0,False,HARD,2.0,True,Williams,1,20.0,True,Bahrain,2024,False
SAR,100.989,13.0,2.0,31.427,43.601,25.961,231.0,253.0,249.0,298.0,False,HARD,3.0,True,Williams,1,20.0,True,Bahrain,2024,False
SAR,101.47,14.0,2.0,34.301,43.043,24.126,215.0,258.0,279.0,255.0,False,HARD,4.0,True,Williams,1,20.0,True,Bahrain,2024,False
SAR,97.594,15.0,2.0,31.044,42.414,24.136,228.0,259.0,279.0,303.0,True,HARD,5.0,True,Williams,1,20.0,True,Bahrain,2024,False
SAR,101.37,16.0,2.0,34.383,42.896,24.091,232.0,256.0,279.0,227.0,False,HARD,6.0,True,Williams,1,20.0,True,Bahrain,2024,False
SAR,99.758,17.0,2.0,31.181,42.77,25.807,230.0,256.0,281.0,294.0,False,HARD,7.0,True,Williams,1,20.0,True,Bahrain,2024,False
SAR,98.077,18.0,2.0,31.257,42.709,24.111,232.0,260.0,279.0,291.0,False,HARD,8.0,True,Williams,1,20.0,True,Bahrain,2024,False
SAR,97.742,19.0,2.0,31.201,42.532,24.009,232.0,259.0,279.0,295.0,False,HARD,9.0,True,Williams,1,20.0,True,Bahrain,2024,False
SAR,97.82,20.0,2.0,31.11,42.663,24.047,231.0,256.0,279.0,297.0,False,HARD,10.0,True,Williams,1,20.0,True,Bahrain,2024,False
SAR,98.009,21.0,2.0,31.167,42.681,24.161,229.0,254.0,278.0,293.0,False,HARD,11.0,True,Williams,1,20.0,True,Bahrain,2024,False
SAR,97.728,22.0,2.0,31.115,42.516,24.097,232.0,258.0,279.0,296.0,False,HARD,12.0,True,Williams,1,20.0,True,Bahrain,2024,False
SAR,97.621,23.0,2.0,31.065,42.487,24.069,232.0,258.0,279.0,295.0,False,HARD,13.0,True,Williams,1,20.0,True,Bahrain,2024,False
SAR,99.437,24.0,2.0,31.076,42.618,25.743,230.0,253.0,283.0,296.0,False,HARD,14.0,True,Williams,1,20.0,True,Bahrain,2024,False
SAR,99.093,25.0,2.0,32.025,42.881,24.187,213.0,259.0,279.0,290.0,False,HARD,15.0,True,Williams,1,20.0,True,Bahrain,2024,False
SAR,97.859,26.0,2.0,31.152,42.533,24.174,230.0,255.0,279.0,297.0,False,HARD,16.0,True,Williams,1,20.0,True,Bahrain,2024,False
SAR,98.288,27.0,2.0,31.178,42.806,24.304,230.0,256.0,278.0,294.0,False,HARD,17.0,True,Williams,1,20.0,True,Bahrain,2024,False
SAR,100.535,28.0,2.0,31.128,42.603,26.804,231.0,259.0,281.0,295.0,False,HARD,18.0,True,Williams,1,20.0,False,Bahrain,2024,False
SAR,121.581,29.0,3.0,52.601,45.132,23.848,231.0,260.0,281.0,218.0,False,HARD,1.0,True,Williams,1,20.0,False,Bahrain,2024,True
SAR,95.715,30.0,3.0,30.623,41.483,23.609,234.0,263.0,283.0,298.0,True,HARD,2.0,True,Williams,1,20.0,True,Bahrain,2024,False
SAR,96.713,31.0,3.0,30.539,42.489,23.685,232.0,258.0,281.0,299.0,False,HARD,3.0,True,Williams,1,20.0,True,Bahrain,2024,False
SAR,96.563,32.0,3.0,30.82,41.868,23.875,232.0,257.0,282.0,297.0,False,HARD,4.0,True,Williams,1,20.0,True,Bahrain,2024,False
SAR,97.433,33.0,3.0,30.732,42.718,23.983,233.0,258.0,281.0,295.0,False,HARD,5.0,True,Williams,1,20.0,True,Bahrain,2024,False
SAR,96.475,34.0,3.0,30.708,41.944,23.823,231.0,258.0,280.0,296.0,False,HARD,6.0,True,Williams,1,20.0,True,Bahrain,2024,False
SAR,96.859,35.0,3.0,31.015,42.023,23.821,232.0,260.0,281.0,293.0,False,HARD,7.0,True,Williams,1,20.0,True,Bahrain,2024,False
SAR,96.462,36.0,3.0,30.805,41.808,23.849,232.0,259.0,281.0,295.0,False,HARD,8.0,True,Williams,1,20.0,True,Bahrain,2024,False
SAR,96.785,37.0,3.0,30.826,42.127,23.832,233.0,258.0,281.0,296.0,False,HARD,9.0,True,Williams,1,20.0,True,Bahrain,2024,False
SAR,96.732,38.0,3.0,30.786,42.026,23.92,232.0,259.0,281.0,298.0,False,HARD,10.0,True,Williams,1,20.0,True,Bahrain,2024,False
SAR,97.016,39.0,3.0,30.987,42.097,23.932,231.0,261.0,281.0,296.0,False,HARD,11.0,True,Williams,1,20.0,True,Bahrain,2024,False
SAR,99.817,40.0,3.0,30.76,42.614,26.443,233.0,256.0,281.0,297.0,False,HARD,12.0,True,Williams,1,20.0,False,Bahrain,2024,False
SAR,120.282,41.0,4.0,55.516,41.323,23.443,232.0,256.0,281.0,188.0,False,SOFT,1.0,True,Williams,1,20.0,False,Bahrain,2024,True
SAR,94.735,42.0,4.0,30.316,40.966,23.453,236.0,260.0,282.0,295.0,True,SOFT,2.0,True,Williams,1,20.0,True,Bahrain,2024,False
SAR,95.001,43.0,4.0,30.462,41.076,23.463,234.0,259.0,282.0,297.0,False,SOFT,3.0,True,Williams,1,20.0,True,Bahrain,2024,False
SAR,95.13,44.0,4.0,30.599,41.146,23.385,234.0,261.0,281.0,295.0,False,SOFT,4.0,True,Williams,1,20.0,True,Bahrain,2024,False
SAR,95.333,45.0,4.0,30.587,41.272,23.474,235.0,261.0,281.0,292.0,False,SOFT,5.0,True,Williams,1,20.0,True,Bahrain,2024,False
SAR,95.939,46.0,4.0,30.872,41.469,23.598,234.0,260.0,287.0,286.0,False,SOFT,6.0,True,Williams,1,20.0,True,Bahrain,2024,False
SAR,96.729,47.0,4.0,30.667,42.237,23.825,233.0,260.0,288.0,313.0,False,SOFT,7.0,True,Williams,1,20.0,True,Bahrain,2024,False
SAR,95.688,48.0,4.0,30.357,41.593,23.738,231.0,257.0,281.0,325.0,False,SOFT,8.0,True,Williams,1,20.0,True,Bahrain,2024,False
SAR,95.59,49.0,4.0,30.638,41.303,23.649,234.0,258.0,281.0,297.0,False,SOFT,9.0,True,Williams,1,20.0,True,Bahrain,2024,False
SAR,95.66,50.0,4.0,30.671,41.368,23.621,234.0,259.0,281.0,293.0,False,SOFT,10.0,True,Williams,1,20.0,True,Bahrain,2024,False
SAR,95.972,51.0,4.0,30.781,41.539,23.652,233.0,261.0,281.0,291.0,False,SOFT,11.0,True,Williams,1,20.0,True,Bahrain,2024,False
SAR,95.987,52.0,4.0,30.775,41.44,23.772,233.0,262.0,281.0,292.0,False,SOFT,12.0,True,Williams,1,20.0,True,Bahrain,2024,False
SAR,96.088,53.0,4.0,30.798,41.61,23.68,232.0,261.0,281.0,292.0,False,SOFT,13.0,True,Williams,1,20.0,True,Bahrain,2024,False
SAR,99.614,54.0,4.0,32.179,43.748,23.687,185.0,261.0,282.0,292.0,False,SOFT,14.0,True,Williams,1,20.0,True,Bahrain,2024,False
SAR,96.209,55.0,4.0,30.671,41.782,23.756,232.0,260.0,281.0,296.0,False,SOFT,15.0,True,Williams,1,20.0,True,Bahrain,2024,False
VER,94.205,2.0,1.0,34.72,29.628,29.857,284.0,296.0,291.0,302.0,True,MEDIUM,2.0,True,Red Bull Racing,1,1.0,True,Saudi Arabia,2024,False
VER,94.043,3.0,1.0,34.53,29.621,29.892,285.0,296.0,292.0,302.0,True,MEDIUM,3.0,True,Red Bull Racing,1,1.0,True,Saudi Arabia,2024,False
VER,93.754,4.0,1.0,34.416,29.541,29.797,285.0,298.0,292.0,303.0,True,MEDIUM,4.0,True,Red Bull Racing,1,1.0,True,Saudi Arabia,2024,False
VER,93.955,5.0,1.0,34.457,29.59,29.908,284.0,296.0,292.0,302.0,False,MEDIUM,5.0,True,Red Bull Racing,1,1.0,True,Saudi Arabia,2024,False
VER,93.676,6.0,1.0,34.355,29.545,29.776,286.0,297.0,291.0,303.0,True,MEDIUM,6.0,True,Red Bull Racing,1,1.0,True,Saudi Arabia,2024,False
VER,95.024,10.0,2.0,35.648,29.514,29.862,286.0,311.0,293.0,303.0,False,HARD,3.0,True,Red Bull Racing,1,2.0,True,Saudi Arabia,2024,True
VER,93.61,11.0,2.0,34.555,29.427,29.628,287.0,299.0,305.0,304.0,True,HARD,4.0,True,Red Bull Racing,1,2.0,True,Saudi Arabia,2024,False
VER,93.321,12.0,2.0,34.391,29.239,29.691,288.0,318.0,306.0,328.0,True,HARD,5.0,True,Red Bull Racing,1,2.0,True,Saudi Arabia,2024,False
VER,93.144,13.0,2.0,34.096,29.411,29.637,286.0,298.0,292.0,302.0,True,HARD,6.0,True,Red Bull Racing,1,1.0,True,Saudi Arabia,2024,False
VER,93.194,14.0,2.0,34.303,29.274,29.617,284.0,298.0,292.0,304.0,False,HARD,7.0,True,Red Bull Racing,1,1.0,True,Saudi Arabia,2024,False
VER,93.512,15.0,2.0,34.32,29.438,29.754,284.0,293.0,292.0,298.0,False,HARD,8.0,True,Red Bull Racing,1,1.0,True,Saudi Arabia,2024,False
VER,93.192,16.0,2.0,34.239,29.383,29.57,287.0,297.0,292.0,302.0,False,HARD,9.0,True,Red Bull Racing,1,1.0,True,Saudi Arabia,2024,False
VER,93.059,17.0,2.0,34.134,29.333,29.592,288.0,298.0,292.0,304.0,True,HARD,10.0,True,Red Bull Racing,1,1.0,True,Saudi Arabia,2024,False
VER,93.139,18.0,2.0,34.172,29.33,29.637,288.0,299.0,293.0,303.0,False,HARD,11.0,True,Red Bull Racing,1,1.0,True,Saudi Arabia,2024,False
VER,93.135,19.0,2.0,34.172,29.375,29.588,289.0,298.0,292.0,302.0,False,HARD,12.0,True,Red Bull Racing,1,1.0,True,Saudi Arabia,2024,False
VER,93.066,20.0,2.0,34.155,29.384,29.527,289.0,298.0,293.0,304.0,False,HARD,13.0,True,Red Bull Racing,1,1.0,True,Saudi Arabia,2024,False
VER,92.933,21.0,2.0,34.129,29.281,29.523,288.0,299.0,293.0,304.0,True,HARD,14.0,True,Red Bull Racing,1,1.0,True,Saudi Arabia,2024,False
VER,92.98,22.0,2.0,34.195,29.241,29.544,288.0,298.0,293.0,303.0,False,HARD,15.0,True,Red Bull Racing,1,1.0,True,Saudi Arabia,2024,False
VER,92.792,23.0,2.0,34.024,29.214,29.554,290.0,298.0,293.0,303.0,True,HARD,16.0,True,Red Bull Racing,1,1.0,True,Saudi Arabia,2024,False
VER,92.683,24.0,2.0,33.956,29.191,29.536,289.0,299.0,292.0,304.0,True,HARD,17.0,True,Red Bull Racing,1,1.0,True,Saudi Arabia,2024,False
VER,92.785,25.0,2.0,34.12,29.17,29.495,289.0,299.0,293.0,305.0,False,HARD,18.0,True,Red Bull Racing,1,1.0,True,Saudi Arabia,2024,False
VER,92.561,26.0,2.0,33.949,29.144,29.468,290.0,300.0,294.0,306.0,True,HARD,19.0,True,Red Bull Racing,1,1.0,True,Saudi Arabia,2024,False
VER,92.722,27.0,2.0,34.033,29.197,29.492,289.0,299.0,293.0,305.0,False,HARD,20.0,True,Red Bull Racing,1,1.0,True,Saudi Arabia,2024,False
VER,92.674,28.0,2.0,33.962,29.194,29.518,290.0,300.0,293.0,306.0,False,HARD,21.0,True,Red Bull Racing,1,1.0,True,Saudi Arabia,2024,False
VER,92.752,29.0,2.0,33.939,29.126,29.687,290.0,300.0,293.0,304.0,False,HARD,22.0,True,Red Bull Racing,1,1.0,True,Saudi Arabia,2024,False
VER,92.601,30.0,2.0,33.902,29.221,29.478,290.0,300.0,294.0,306.0,False,HARD,23.0,True,Red Bull Racing,1,1.0,True,Saudi Arabia,2024,False
VER,92.454,31.0,2.0,33.899,29.138,29.417,290.0,300.0,295.0,305.0,True,HARD,24.0,True,Red Bull Racing,1,1.0,True,Saudi Arabia,2024,False
VER,92.545,32.0,2.0,33.99,29.125,29.43,291.0,303.0,294.0,306.0,False,HARD,25.0,True,Red Bull Racing,1,1.0,True,Saudi Arabia,2024,False
VER,92.309,33.0,2.0,33.856,29.071,29.382,291.0,301.0,295.0,305.0,True,HARD,26.0,True,Red Bull Racing,1,1.0,True,Saudi Arabia,2024,False
VER,92.558,34.0,2.0,33.918,29.188,29.452,291.0,303.0,295.0,307.0,False,HARD,27.0,True,Red Bull Racing,1,1.0,True,Saudi Arabia,2024,False
VER,92.536,35.0,2.0,34.0,29.147,29.389,291.0,305.0,296.0,308.0,False,HARD,28.0,True,Red Bull Racing,1,1.0,True,Saudi Arabia,2024,False
VER,92.413,36.0,2.0,33.965,29.074,29.374,292.0,302.0,296.0,307.0,False,HARD,29.0,True,Red Bull Racing,1,1.0,True,Saudi Arabia,2024,False
VER,92.412,37.0,2.0,33.887,29.026,29.499,291.0,303.0,295.0,307.0,False,HARD,30.0,True,Red Bull Racing,1,1.0,True,Saudi Arabia,2024,False
VER,92.296,38.0,2.0,33.875,29.067,29.354,292.0,303.0,296.0,308.0,True,HARD,31.0,True,Red Bull Racing,1,1.0,True,Saudi Arabia,2024,False
VER,91.995,39.0,2.0,33.743,28.987,29.265,293.0,304.0,296.0,307.0,True,HARD,32.0,True,Red Bull Racing,1,1.0,True,Saudi Arabia,2024,False
VER,92.555,40.0,2.0,34.039,29.096,29.42,291.0,304.0,295.0,308.0,False,HARD,33.0,True,Red Bull Racing,1,1.0,True,Saudi Arabia,2024,False
VER,92.491,41.0,2.0,34.119,29.046,29.326,292.0,306.0,297.0,309.0,False,HARD,34.0,True,Red Bull Racing,1,1.0,True,Saudi Arabia,2024,False
VER,93.013,42.0,2.0,34.337,29.205,29.471,290.0,306.0,298.0,308.0,False,HARD,35.0,True,Red Bull Racing,1,1.0,True,Saudi Arabia,2024,False
VER,93.123,43.0,2.0,34.553,29.211,29.359,289.0,306.0,298.0,309.0,False,HARD,36.0,True,Red Bull Racing,1,1.0,True,Saudi Arabia,2024,False
VER,92.377,44.0,2.0,33.996,29.009,29.372,292.0,310.0,298.0,311.0,False,HARD,37.0,True,Red Bull Racing,1,1.0,True,Saudi Arabia,2024,False
VER,93.01,45.0,2.0,34.348,29.199,29.463,289.0,321.0,298.0,309.0,False,HARD,38.0,True,Red Bull Racing,1,1.0,True,Saudi Arabia,2024,False
VER,92.889,46.0,2.0,34.168,29.292,29.429,292.0,307.0,299.0,311.0,False,HARD,39.0,True,Red Bull Racing,1,1.0,True,Saudi Arabia,2024,False
VER,92.784,47.0,2.0,34.402,29.034,29.348,290.0,304.0,297.0,309.0,False,HARD,40.0,True,Red Bull Racing,1,1.0,True,Saudi Arabia,2024,False
VER,92.563,48.0,2.0,34.127,29.104,29.332,292.0,305.0,296.0,310.0,False,HARD,41.0,True,Red Bull Racing,1,1.0,True,Saudi Arabia,2024,False
VER,92.163,49.0,2.0,33.841,29.093,29.229,293.0,303.0,296.0,309.0,False,HARD,42.0,True,Red Bull Racing,1,1.0,True,Saudi Arabia,2024,False
VER,91.773,50.0,2.0,33.781,28.864,29.128,293.0,315.0,292.0,309.0,True,HARD,43.0,True,Red Bull Racing,1,1.0,True,Saudi Arabia,2024,False
PER,94.515,2.0,1.0,35.07,29.781,29.664,285.0,303.0,304.0,309.0,True,MEDIUM,2.0,True,Red Bull Racing,1,3.0,True,Saudi Arabia,2024,False
PER,94.055,3.0,1.0,34.799,29.603,29.653,286.0,318.0,306.0,324.0,True,MEDIUM,3.0,True,Red Bull Racing,1,3.0,True,Saudi Arabia,2024,False
PER,94.046,4.0,1.0,34.751,29.57,29.725,286.0,302.0,294.0,306.0,True,MEDIUM,4.0,True,Red Bull Racing,1,2.0,True,Saudi Arabia,2024,False
PER,94.085,5.0,1.0,34.625,29.673,29.787,287.0,300.0,294.0,305.0,False,MEDIUM,5.0,True,Red Bull Racing,1,2.0,True,Saudi Arabia,2024,False
PER,93.842,6.0,1.0,34.574,29.549,29.719,288.0,302.0,294.0,305.0,True,MEDIUM,6.0,True,Red Bull Racing,1,2.0,True,Saudi Arabia,2024,False
PER,96.005,10.0,2.0,36.36,29.896,29.749,287.0,313.0,294.0,307.0,False,HARD,3.0,True,Red Bull Racing,1,4.0,True,Saudi Arabia,2024,True
PER,93.859,11.0,2.0,35.019,29.543,29.297,286.0,318.0,307.0,325.0,False,HARD,4.0,True,Red Bull Racing,1,4.0,True,Saudi Arabia,2024,False
PER,93.93,12.0,2.0,35.0,29.502,29.428,288.0,323.0,308.0,330.0,False,HARD,5.0,True,Red Bull Racing,1,4.0,True,Saudi Arabia,2024,False
PER,94.053,13.0,2.0,34.785,29.641,29.627,287.0,303.0,295.0,306.0,False,HARD,6.0,True,Red Bull Racing,1,3.0,True,Saudi Arabia,2024,False
PER,93.814,14.0,2.0,34.633,29.519,29.662,289.0,304.0,295.0,307.0,True,HARD,7.0,True,Red Bull Racing,1,3.0,True,Saudi Arabia,2024,False
PER,93.45,15.0,2.0,34.515,29.477,29.458,289.0,304.0,296.0,312.0,True,HARD,8.0,True,Red Bull Racing,1,3.0,True,Saudi Arabia,2024,False
PER,93.536,16.0,2.0,34.719,29.404,29.413,286.0,302.0,307.0,314.0,False,HARD,9.0,True,Red Bull Racing,1,3.0,True,Saudi Arabia,2024,False
PER,94.169,17.0,2.0,34.882,29.392,29.895,286.0,319.0,307.0,302.0,False,HARD,10.0,True,Red Bull Racing,1,3.0,True,Saudi Arabia,2024,False
PER,93.282,18.0,2.0,34.34,29.396,29.546,286.0,303.0,294.0,310.0,True,HARD,11.0,True,Red Bull Racing,1,2.0,True,Saudi Arabia,2024,False
PER,93.545,19.0,2.0,34.462,29.548,29.535,283.0,299.0,294.0,309.0,False,HARD,12.0,True,Red Bull Racing,1,2.0,True,Saudi Arabia,2024,False
PER,93.377,20.0,2.0,34.399,29.419,29.559,285.0,302.0,294.0,310.0,False,HARD,13.0,True,Red Bull Racing,1,2.0,True,Saudi Arabia,2024,False
PER,93.132,21.0,2.0,34.191,29.457,29.484,285.0,301.0,294.0,309.0,True,HARD,14.0,True,Red Bull Racing,1,2.0,True,Saudi Arabia,2024,False
PER,93.064,22.0,2.0,34.206,29.341,29.517,287.0,301.0,294.0,309.0,True,HARD,15.0,True,Red Bull Racing,1,2.0,True,Saudi Arabia,2024,False
PER,92.97,23.0,2.0,34.259,29.346,29.365,287.0,302.0,294.0,309.0,True,HARD,16.0,True,Red Bull Racing,1,2.0,True,Saudi Arabia,2024,False
PER,92.795,24.0,2.0,34.002,29.272,29.521,288.0,303.0,293.0,310.0,True,HARD,17.0,True,Red Bull Racing,1,2.0,True,Saudi Arabia,2024,False
PER,93.029,25.0,2.0,34.219,29.359,29.451,285.0,302.0,294.0,310.0,False,HARD,18.0,True,Red Bull Racing,1,2.0,True,Saudi Arabia,2024,False
PER,92.75,26.0,2.0,33.951,29.309,29.49,287.0,302.0,295.0,310.0,True,HARD,19.0,True,Red Bull Racing,1,2.0,True,Saudi Arabia,2024,False
PER,92.734,27.0,2.0,34.045,29.275,29.414,286.0,302.0,295.0,310.0,True,HARD,20.0,True,Red Bull Racing,1,2.0,True,Saudi Arabia,2024,False
PER,92.968,28.0,2.0,34.129,29.353,29.486,286.0,302.0,294.0,310.0,False,HARD,21.0,True,Red Bull Racing,1,2.0,True,Saudi Arabia,2024,False
PER,92.671,29.0,2.0,34.061,29.24,29.37,287.0,303.0,295.0,311.0,True,HARD,22.0,True,Red Bull Racing,1,2.0,True,Saudi Arabia,2024,False
PER,92.782,30.0,2.0,34.063,29.212,29.507,288.0,302.0,294.0,309.0,False,HARD,23.0,True,Red Bull Racing,1,2.0,True,Saudi Arabia,2024,False
PER,92.825,31.0,2.0,33.992,29.256,29.577,287.0,302.0,295.0,310.0,False,HARD,24.0,True,Red Bull Racing,1,2.0,True,Saudi Arabia,2024,False
PER,92.506,32.0,2.0,33.975,29.178,29.353,289.0,305.0,295.0,310.0,True,HARD,25.0,True,Red Bull Racing,1,2.0,True,Saudi Arabia,2024,False
PER,92.564,33.0,2.0,33.985,29.217,29.362,286.0,303.0,296.0,310.0,False,HARD,26.0,True,Red Bull Racing,1,2.0,True,Saudi Arabia,2024,False
PER,92.631,34.0,2.0,34.056,29.271,29.304,286.0,303.0,295.0,310.0,False,HARD,27.0,True,Red Bull Racing,1,2.0,True,Saudi Arabia,2024,False
PER,92.418,35.0,2.0,34.0,29.139,29.279,288.0,305.0,296.0,311.0,True,HARD,28.0,True,Red Bull Racing,1,2.0,True,Saudi Arabia,2024,False
PER,92.363,36.0,2.0,33.948,29.135,29.28,287.0,303.0,296.0,312.0,True,HARD,29.0,True,Red Bull Racing,1,2.0,True,Saudi Arabia,2024,False
PER,92.273,37.0,2.0,33.781,29.236,29.256,286.0,303.0,295.0,311.0,True,HARD,30.0,True,Red Bull Racing,1,2.0,True,Saudi Arabia,2024,False
PER,92.711,38.0,2.0,34.097,29.253,29.361,287.0,302.0,296.0,312.0,False,HARD,31.0,True,Red Bull Racing,1,2.0,True,Saudi Arabia,2024,False
PER,92.35,39.0,2.0,33.952,29.194,29.204,289.0,304.0,295.0,310.0,False,HARD,32.0,True,Red Bull Racing,1,2.0,True,Saudi Arabia,2024,False
PER,92.72,40.0,2.0,34.179,29.155,29.386,288.0,304.0,294.0,312.0,False,HARD,33.0,True,Red Bull Racing,1,2.0,True,Saudi Arabia,2024,False
PER,92.48,41.0,2.0,34.098,29.123,29.259,289.0,303.0,295.0,312.0,False,HARD,34.0,True,Red Bull Racing,1,2.0,True,Saudi Arabia,2024,False
PER,92.433,42.0,2.0,33.903,29.159,29.371,290.0,305.0,296.0,311.0,False,HARD,35.0,True,Red Bull Racing,1,2.0,True,Saudi Arabia,2024,False
PER,92.392,43.0,2.0,33.987,29.093,29.312,289.0,304.0,296.0,312.0,False,HARD,36.0,True,Red Bull Racing,1,2.0,True,Saudi Arabia,2024,False
PER,92.441,44.0,2.0,33.983,29.167,29.291,290.0,305.0,296.0,312.0,False,HARD,37.0,True,Red Bull Racing,1,2.0,True,Saudi Arabia,2024,False
PER,92.562,45.0,2.0,34.187,29.142,29.233,289.0,305.0,298.0,314.0,False,HARD,38.0,True,Red Bull Racing,1,2.0,True,Saudi Arabia,2024,False
PER,92.481,46.0,2.0,34.002,29.207,29.272,291.0,307.0,298.0,315.0,False,HARD,39.0,True,Red Bull Racing,1,2.0,True,Saudi Arabia,2024,False
PER,92.832,47.0,2.0,34.183,29.257,29.392,289.0,306.0,298.0,314.0,False,HARD,40.0,True,Red Bull Racing,1,2.0,True,Saudi Arabia,2024,False
PER,92.514,48.0,2.0,33.997,29.17,29.347,292.0,308.0,299.0,315.0,False,HARD,41.0,True,Red Bull Racing,1,2.0,True,Saudi Arabia,2024,False
PER,93.029,49.0,2.0,34.483,29.092,29.454,292.0,307.0,298.0,308.0,False,HARD,42.0,True,Red Bull Racing,1,2.0,True,Saudi Arabia,2024,False
PER,92.831,50.0,2.0,34.299,29.185,29.347,291.0,309.0,296.0,310.0,False,HARD,43.0,True,Red Bull Racing,1,2.0,True,Saudi Arabia,2024,False
ALO,95.724,2.0,1.0,35.945,29.705,30.074,285.0,314.0,303.0,320.0,True,MEDIUM,3.0,False,Aston Martin,1,5.0,True,Saudi Arabia,2024,False
ALO,94.439,3.0,1.0,35.214,29.443,29.782,282.0,318.0,304.0,324.0,True,MEDIUM,4.0,False,Aston Martin,1,5.0,True,Saudi Arabia,2024,False
ALO,94.746,4.0,1.0,35.313,29.54,29.893,283.0,314.0,304.0,323.0,False,MEDIUM,5.0,False,Aston Martin,1,5.0,True,Saudi Arabia,2024,False
ALO,94.512,5.0,1.0,35.061,29.628,29.823,284.0,316.0,301.0,324.0,False,MEDIUM,6.0,False,Aston Martin,1,5.0,True,Saudi Arabia,2024,False
ALO,97.296,10.0,2.0,36.944,30.179,30.173,280.0,300.0,292.0,308.0,False,HARD,4.0,False,Aston Martin,1,7.0,True,Saudi Arabia,2024,True
ALO,94.53,11.0,2.0,35.307,29.584,29.639,287.0,321.0,305.0,327.0,False,HARD,5.0,False,Aston Martin,1,7.0,True,Saudi Arabia,2024,False
ALO,94.735,12.0,2.0,35.001,29.76,29.974,286.0,301.0,293.0,308.0,False,HARD,6.0,False,Aston Martin,1,7.0,True,Saudi Arabia,2024,False
ALO,94.664,13.0,2.0,34.964,29.795,29.905,285.0,304.0,294.0,309.0,False,HARD,7.0,False,Aston Martin,1,7.0,True,Saudi Arabia,2024,False
ALO,94.877,14.0,2.0,35.033,29.853,29.991,286.0,306.0,292.0,308.0,False,HARD,8.0,False,Aston Martin,1,7.0,True,Saudi Arabia,2024,False
ALO,94.678,15.0,2.0,34.902,29.818,29.958,286.0,305.0,293.0,306.0,False,HARD,9.0,False,Aston Martin,1,7.0,True,Saudi Arabia,2024,False
ALO,94.773,16.0,2.0,34.934,29.778,30.061,286.0,304.0,294.0,308.0,False,HARD,10.0,False,Aston Martin,1,7.0,True,Saudi Arabia,2024,False
ALO,94.695,17.0,2.0,34.943,29.737,30.015,286.0,304.0,293.0,306.0,False,HARD,11.0,False,Aston Martin,1,7.0,True,Saudi Arabia,2024,False
ALO,94.651,18.0,2.0,34.896,29.912,29.843,286.0,305.0,292.0,307.0,False,HARD,12.0,False,Aston Martin,1,7.0,True,Saudi Arabia,2024,False
ALO,94.576,19.0,2.0,34.983,29.717,29.876,287.0,304.0,293.0,307.0,False,HARD,13.0,False,Aston Martin,1,7.0,True,Saudi Arabia,2024,False
ALO,94.39,20.0,2.0,34.883,29.704,29.803,287.0,305.0,294.0,309.0,True,HARD,14.0,False,Aston Martin,1,7.0,True,Saudi Arabia,2024,False
ALO,94.378,21.0,2.0,34.729,29.72,29.929,287.0,304.0,293.0,305.0,True,HARD,15.0,False,Aston Martin,1,7.0,True,Saudi Arabia,2024,False
ALO,94.173,22.0,2.0,34.739,29.559,29.875,287.0,303.0,293.0,306.0,True,HARD,16.0,False,Aston Martin,1,7.0,True,Saudi Arabia,2024,False
ALO,93.958,23.0,2.0,34.657,29.538,29.763,288.0,303.0,293.0,307.0,True,HARD,17.0,False,Aston Martin,1,7.0,True,Saudi Arabia,2024,False
ALO,94.033,24.0,2.0,34.677,29.528,29.828,288.0,302.0,292.0,306.0,False,HARD,18.0,False,Aston Martin,1,7.0,True,Saudi Arabia,2024,False
ALO,93.89,25.0,2.0,34.616,29.499,29.775,288.0,303.0,293.0,305.0,True,HARD,19.0,False,Aston Martin,1,7.0,True,Saudi Arabia,2024,False
ALO,93.841,26.0,2.0,34.594,29.461,29.786,287.0,304.0,294.0,306.0,True,HARD,20.0,False,Aston Martin,1,7.0,True,Saudi Arabia,2024,False
ALO,93.58,27.0,2.0,34.426,29.398,29.756,288.0,306.0,293.0,308.0,True,HARD,21.0,False,Aston Martin,1,7.0,True,Saudi Arabia,2024,False
ALO,93.863,28.0,2.0,34.576,29.484,29.803,288.0,306.0,293.0,307.0,False,HARD,22.0,False,Aston Martin,1,7.0,True,Saudi Arabia,2024,False
ALO,93.682,29.0,2.0,34.537,29.386,29.759,288.0,303.0,295.0,307.0,False,HARD,23.0,False,Aston Martin,1,7.0,True,Saudi Arabia,2024,False
ALO,93.493,30.0,2.0,34.451,29.373,29.669,288.0,307.0,293.0,306.0,True,HARD,24.0,False,Aston Martin,1,7.0,True,Saudi Arabia,2024,False
ALO,93.67,31.0,2.0,34.486,29.375,29.809,289.0,303.0,293.0,303.0,False,HARD,25.0,False,Aston Martin,1,7.0,True,Saudi Arabia,2024,False
ALO,93.398,32.0,2.0,34.473,29.294,29.631,289.0,301.0,294.0,306.0,True,HARD,26.0,False,Aston Martin,1,7.0,True,Saudi Arabia,2024,False
ALO,93.452,33.0,2.0,34.434,29.329,29.689,288.0,304.0,292.0,305.0,False,HARD,27.0,False,Aston Martin,1,7.0,True,Saudi Arabia,2024,False
ALO,93.261,34.0,2.0,34.38,29.248,29.633,289.0,304.0,293.0,306.0,True,HARD,28.0,False,Aston Martin,1,7.0,True,Saudi Arabia,2024,False
ALO,93.395,35.0,2.0,34.323,29.277,29.795,288.0,303.0,294.0,305.0,False,HARD,29.0,False,Aston Martin,1,7.0,True,Saudi Arabia,2024,False
ALO,93.014,36.0,2.0,34.245,29.25,29.519,288.0,304.0,295.0,309.0,True,HARD,30.0,False,Aston Martin,1,7.0,True,Saudi Arabia,2024,False
ALO,93.116,37.0,2.0,34.24,29.262,29.614,288.0,303.0,292.0,307.0,False,HARD,31.0,False,Aston Martin,1,6.0,True,Saudi Arabia,2024,False
ALO,92.937,38.0,2.0,34.158,29.198,29.581,288.0,305.0,293.0,308.0,True,HARD,32.0,False,Aston Martin,1,5.0,True,Saudi Arabia,2024,False
ALO,92.692,39.0,2.0,34.055,29.086,29.551,289.0,303.0,292.0,305.0,True,HARD,33.0,False,Aston Martin,1,5.0,True,Saudi Arabia,2024,False
ALO,92.427,40.0,2.0,34.056,28.961,29.41,290.0,304.0,292.0,308.0,True,HARD,34.0,False,Aston Martin,1,5.0,True,Saudi Arabia,2024,False
ALO,92.662,41.0,2.0,34.078,29.065,29.519,289.0,300.0,292.0,304.0,False,HARD,35.0,False,Aston Martin,1,5.0,True,Saudi Arabia,2024,False
ALO,92.41,42.0,2.0,33.949,29.054,29.407,289.0,303.0,293.0,306.0,True,HARD,36.0,False,Aston Martin,1,5.0,True,Saudi Arabia,2024,False
ALO,92.387,43.0,2.0,33.992,28.953,29.442,290.0,301.0,293.0,308.0,True,HARD,37.0,False,Aston Martin,1,5.0,True,Saudi Arabia,2024,False
ALO,92.474,44.0,2.0,34.096,28.971,29.407,290.0,301.0,294.0,307.0,False,HARD,38.0,False,Aston Martin,1,5.0,True,Saudi Arabia,2024,False
ALO,92.413,45.0,2.0,34.007,29.022,29.384,290.0,302.0,294.0,307.0,False,HARD,39.0,False,Aston Martin,1,5.0,True,Saudi Arabia,2024,False
ALO,92.641,46.0,2.0,34.101,29.066,29.474,289.0,303.0,294.0,308.0,False,HARD,40.0,False,Aston Martin,1,5.0,True,Saudi Arabia,2024,False
ALO,92.579,47.0,2.0,34.06,29.02,29.499,291.0,305.0,293.0,307.0,False,HARD,41.0,False,Aston Martin,1,5.0,True,Saudi Arabia,2024,False
ALO,92.629,48.0,2.0,34.035,29.132,29.462,289.0,299.0,294.0,302.0,False,HARD,42.0,False,Aston Martin,1,5.0,True,Saudi Arabia,2024,False
ALO,92.389,49.0,2.0,34.003,28.907,29.479,289.0,304.0,293.0,308.0,False,HARD,43.0,False,Aston Martin,1,5.0,True,Saudi Arabia,2024,False
ALO,92.779,50.0,2.0,34.105,29.053,29.621,290.0,306.0,294.0,309.0,False,HARD,44.0,False,Aston Martin,1,5.0,True,Saudi Arabia,2024,False
LEC,94.179,2.0,1.0,34.757,29.603,29.819,284.0,305.0,291.0,304.0,True,MEDIUM,2.0,True,Ferrari,1,2.0,True,Saudi Arabia,2024,False
LEC,94.549,3.0,1.0,34.851,29.856,29.842,283.0,293.0,291.0,303.0,False,MEDIUM,3.0,True,Ferrari,1,2.0,True,Saudi Arabia,2024,False
LEC,95.213,4.0,1.0,35.927,29.635,29.651,279.0,309.0,302.0,318.0,False,MEDIUM,4.0,True,Ferrari,1,3.0,True,Saudi Arabia,2024,False
LEC,94.382,5.0,1.0,34.902,29.654,29.826,281.0,304.0,293.0,305.0,False,MEDIUM,5.0,True,Ferrari,1,3.0,True,Saudi Arabia,2024,False
LEC,94.244,6.0,1.0,34.737,29.696,29.811,283.0,296.0,292.0,305.0,False,MEDIUM,6.0,True,Ferrari,1,3.0,True,Saudi Arabia,2024,False
LEC,96.082,10.0,2.0,36.458,29.741,29.883,282.0,310.0,293.0,315.0,False,HARD,3.0,True,Ferrari,1,5.0,True,Saudi Arabia,2024,True
LEC,94.443,11.0,2.0,35.345,29.571,29.527,285.0,316.0,294.0,325.0,False,HARD,4.0,True,Ferrari,1,5.0,True,Saudi Arabia,2024,False
LEC,93.599,12.0,2.0,34.732,29.576,29.291,285.0,318.0,304.0,328.0,True,HARD,5.0,True,Ferrari,1,5.0,True,Saudi Arabia,2024,False
LEC,94.627,13.0,2.0,35.443,29.747,29.437,284.0,316.0,308.0,330.0,False,HARD,6.0,True,Ferrari,1,5.0,True,Saudi Arabia,2024,False
LEC,94.039,14.0,2.0,35.106,29.602,29.331,282.0,315.0,308.0,326.0,False,HARD,7.0,True,Ferrari,1,5.0,True,Saudi Arabia,2024,False
LEC,94.225,15.0,2.0,34.869,29.647,29.709,283.0,297.0,291.0,313.0,False,HARD,8.0,True,Ferrari,1,4.0,True,Saudi Arabia,2024,False
LEC,94.033,16.0,2.0,34.623,29.653,29.757,282.0,296.0,292.0,304.0,False,HARD,9.0,True,Ferrari,1,4.0,True,Saudi Arabia,2024,False
LEC,94.073,17.0,2.0,34.602,29.638,29.833,283.0,297.0,292.0,304.0,False,HARD,10.0,True,Ferrari,1,4.0,True,Saudi Arabia,2024,False
LEC,94.142,18.0,2.0,34.703,29.663,29.776,285.0,299.0,292.0,306.0,False,HARD,11.0,True,Ferrari,1,4.0,True,Saudi Arabia,2024,False
LEC,93.94,19.0,2.0,34.7,29.52,29.72,285.0,300.0,293.0,307.0,False,HARD,12.0,True,Ferrari,1,4.0,True,Saudi Arabia,2024,False
LEC,93.949,20.0,2.0,34.734,29.551,29.664,286.0,300.0,293.0,307.0,False,HARD,13.0,True,Ferrari,1,4.0,True,Saudi Arabia,2024,False
LEC,93.722,21.0,2.0,34.562,29.535,29.625,286.0,300.0,294.0,308.0,False,HARD,14.0,True,Ferrari,1,4.0,True,Saudi Arabia,2024,False
LEC,93.702,22.0,2.0,34.505,29.563,29.634,287.0,300.0,294.0,308.0,False,HARD,15.0,True,Ferrari,1,4.0,True,Saudi Arabia,2024,False
LEC,93.602,23.0,2.0,34.525,29.498,29.579,287.0,300.0,304.0,309.0,False,HARD,16.0,True,Ferrari,1,4.0,True,Saudi Arabia,2024,False
LEC,93.511,24.0,2.0,34.499,29.443,29.569,289.0,299.0,304.0,307.0,True,HARD,17.0,True,Ferrari,1,4.0,True,Saudi Arabia,2024,False
LEC,93.136,25.0,2.0,34.411,29.258,29.467,285.0,315.0,306.0,324.0,True,HARD,18.0,True,Ferrari,1,4.0,True,Saudi Arabia,2024,False
LEC,93.51,26.0,2.0,34.95,29.334,29.226,283.0,315.0,309.0,324.0,False,HARD,19.0,True,Ferrari,1,4.0,True,Saudi Arabia,2024,False
LEC,93.151,27.0,2.0,34.087,29.421,29.643,286.0,295.0,290.0,302.0,False,HARD,20.0,True,Ferrari,1,3.0,True,Saudi Arabia,2024,False
LEC,93.202,28.0,2.0,33.992,29.51,29.7,283.0,295.0,290.0,302.0,False,HARD,21.0,True,Ferrari,1,3.0,True,Saudi Arabia,2024,False
LEC,93.305,29.0,2.0,34.229,29.48,29.596,283.0,295.0,291.0,302.0,False,HARD,22.0,True,Ferrari,1,3.0,True,Saudi Arabia,2024,False
LEC,92.863,30.0,2.0,34.034,29.334,29.495,287.0,298.0,290.0,307.0,True,HARD,23.0,True,Ferrari,1,3.0,True,Saudi Arabia,2024,False
LEC,92.606,31.0,2.0,33.852,29.225,29.529,288.0,297.0,291.0,307.0,True,HARD,24.0,True,Ferrari,1,3.0,True,Saudi Arabia,2024,False
LEC,92.959,32.0,2.0,33.998,29.346,29.615,287.0,294.0,291.0,304.0,False,HARD,25.0,True,Ferrari,1,3.0,True,Saudi Arabia,2024,False
LEC,93.064,33.0,2.0,34.074,29.404,29.586,286.0,293.0,291.0,302.0,False,HARD,26.0,True,Ferrari,1,3.0,True,Saudi Arabia,2024,False
LEC,93.097,34.0,2.0,34.015,29.529,29.553,285.0,294.0,291.0,304.0,False,HARD,27.0,True,Ferrari,1,3.0,True,Saudi Arabia,2024,False
LEC,93.013,35.0,2.0,34.047,29.381,29.585,286.0,294.0,292.0,303.0,False,HARD,28.0,True,Ferrari,1,3.0,True,Saudi Arabia,2024,False
LEC,92.915,36.0,2.0,33.953,29.399,29.563,286.0,294.0,292.0,303.0,False,HARD,29.0,True,Ferrari,1,3.0,True,Saudi Arabia,2024,False
LEC,92.674,37.0,2.0,33.871,29.276,29.527,287.0,296.0,291.0,305.0,False,HARD,30.0,True,Ferrari,1,3.0,True,Saudi Arabia,2024,False
LEC,92.632,38.0,2.0,34.03,29.157,29.445,288.0,298.0,293.0,307.0,False,HARD,31.0,True,Ferrari,1,3.0,True,Saudi Arabia,2024,False
LEC,92.722,39.0,2.0,33.983,29.226,29.513,285.0,298.0,292.0,303.0,False,HARD,32.0,True,Ferrari,1,3.0,True,Saudi Arabia,2024,False
LEC,92.282,40.0,2.0,33.896,29.111,29.275,289.0,303.0,291.0,309.0,True,HARD,33.0,True,Ferrari,1,3.0,True,Saudi Arabia,2024,False
LEC,92.504,41.0,2.0,33.936,29.187,29.381,288.0,300.0,293.0,307.0,False,HARD,34.0,True,Ferrari,1,3.0,True,Saudi Arabia,2024,False
LEC,92.66,42.0,2.0,34.077,29.135,29.448,288.0,300.0,293.0,308.0,False,HARD,35.0,True,Ferrari,1,3.0,True,Saudi Arabia,2024,False
LEC,92.556,43.0,2.0,34.02,29.165,29.371,289.0,302.0,294.0,311.0,False,HARD,36.0,True,Ferrari,1,3.0,True,Saudi Arabia,2024,False
LEC,92.679,44.0,2.0,33.979,29.234,29.466,289.0,301.0,294.0,308.0,False,HARD,37.0,True,Ferrari,1,3.0,True,Saudi Arabia,2024,False
LEC,92.552,45.0,2.0,33.883,29.319,29.35,289.0,298.0,293.0,306.0,False,HARD,38.0,True,Ferrari,1,3.0,True,Saudi Arabia,2024,False
LEC,92.052,46.0,2.0,33.737,29.074,29.241,288.0,298.0,292.0,306.0,True,HARD,39.0,True,Ferrari,1,3.0,True,Saudi Arabia,2024,False
LEC,92.029,47.0,2.0,33.634,29.122,29.273,287.0,298.0,292.0,304.0,True,HARD,40.0,True,Ferrari,1,3.0,True,Saudi Arabia,2024,False
LEC,93.364,48.0,2.0,33.936,29.713,29.715,287.0,297.0,292.0,304.0,False,HARD,41.0,True,Ferrari,1,3.0,True,Saudi Arabia,2024,False
LEC,91.931,49.0,2.0,33.682,28.97,29.279,290.0,303.0,294.0,312.0,True,HARD,42.0,True,Ferrari,1,3.0,True,Saudi Arabia,2024,False
LEC,91.632,50.0,2.0,33.75,28.668,29.214,291.0,325.0,285.0,312.0,True,HARD,43.0,True,Ferrari,1,3.0,True,Saudi Arabia,2024,False
STR,96.094,2.0,1.0,35.771,30.16,30.163,279.0,307.0,294.0,307.0,True,MEDIUM,3.0,False,Aston Martin,1,9.0,True,Saudi Arabia,2024,False
STR,95.79,3.0,1.0,35.453,30.148,30.189,284.0,304.0,294.0,303.0,True,MEDIUM,4.0,False,Aston Martin,1,9.0,True,Saudi Arabia,2024,False
STR,95.735,4.0,1.0,35.301,30.247,30.187,284.0,300.0,294.0,301.0,True,MEDIUM,5.0,False,Aston Martin,1,9.0,True,Saudi Arabia,2024,False
STR,95.56,5.0,1.0,35.293,30.188,30.079,282.0,297.0,293.0,306.0,True,MEDIUM,6.0,False,Aston Martin,1,9.0,True,Saudi Arabia,2024,False
SAR,98.418,2.0,1.0,37.303,30.722,30.393,286.0,318.0,310.0,341.0,True,MEDIUM,2.0,True,Williams,1,18.0,True,Saudi Arabia,2024,False
SAR,96.871,3.0,1.0,36.326,30.341,30.204,285.0,318.0,310.0,335.0,True,MEDIUM,3.0,True,Williams,1,18.0,True,Saudi Arabia,2024,False
SAR,96.544,4.0,1.0,36.153,30.291,30.1,285.0,319.0,310.0,331.0,True,MEDIUM,4.0,True,Williams,1,18.0,True,Saudi Arabia,2024,False
SAR,96.204,5.0,1.0,35.938,30.121,30.145,286.0,321.0,309.0,329.0,True,MEDIUM,5.0,True,Williams,1,18.0,True,Saudi Arabia,2024,False
SAR,100.141,10.0,2.0,38.458,30.866,30.817,287.0,289.0,295.0,316.0,False,HARD,3.0,True,Williams,1,17.0,True,Saudi Arabia,2024,True
SAR,96.468,11.0,2.0,36.344,30.175,29.949,286.0,319.0,308.0,333.0,False,HARD,4.0,True,Williams,1,17.0,True,Saudi Arabia,2024,False
SAR,95.642,12.0,2.0,35.639,30.071,29.932,284.0,318.0,309.0,329.0,True,HARD,5.0,True,Williams,1,17.0,True,Saudi Arabia,2024,False
SAR,95.751,13.0,2.0,35.743,30.108,29.9,285.0,319.0,306.0,325.0,False,HARD,6.0,True,Williams,1,17.0,True,Saudi Arabia,2024,False
SAR,95.207,14.0,2.0,35.526,29.922,29.759,288.0,319.0,307.0,329.0,True,HARD,7.0,True,Williams,1,17.0,True,Saudi Arabia,2024,False
SAR,95.601,15.0,2.0,35.548,29.97,30.083,287.0,317.0,308.0,330.0,False,HARD,8.0,True,Williams,1,17.0,True,Saudi Arabia,2024,False
SAR,96.062,16.0,2.0,35.952,30.028,30.082,282.0,319.0,297.0,327.0,False,HARD,9.0,True,Williams,1,16.0,True,Saudi Arabia,2024,False
SAR,96.336,17.0,2.0,36.065,30.102,30.169,284.0,316.0,307.0,311.0,False,HARD,10.0,True,Williams,1,16.0,True,Saudi Arabia,2024,False
SAR,96.039,18.0,2.0,35.719,30.213,30.107,288.0,310.0,296.0,312.0,False,HARD,11.0,True,Williams,1,16.0,True,Saudi Arabia,2024,False
SAR,95.361,19.0,2.0,35.415,29.984,29.962,284.0,312.0,296.0,310.0,False,HARD,12.0,True,Williams,1,16.0,True,Saudi Arabia,2024,False
SAR,95.251,20.0,2.0,35.308,29.973,29.97,285.0,312.0,296.0,309.0,False,HARD,13.0,True,Williams,1,16.0,True,Saudi Arabia,2024,False
SAR,95.082,21.0,2.0,35.159,29.953,29.97,288.0,307.0,296.0,307.0,True,HARD,14.0,True,Williams,1,16.0,True,Saudi Arabia,2024,False
SAR,95.601,22.0,2.0,35.472,29.997,30.132,287.0,304.0,295.0,306.0,False,HARD,15.0,True,Williams,1,16.0,True,Saudi Arabia,2024,False
SAR,95.016,23.0,2.0,35.34,29.841,29.835,289.0,313.0,297.0,314.0,True,HARD,16.0,True,Williams,1,16.0,True,Saudi Arabia,2024,False
SAR,95.133,24.0,2.0,35.392,29.975,29.766,289.0,320.0,313.0,333.0,False,HARD,17.0,True,Williams,1,16.0,True,Saudi Arabia,2024,False
SAR,96.539,25.0,2.0,36.231,30.238,30.07,288.0,324.0,310.0,334.0,False,HARD,18.0,True,Williams,1,16.0,True,Saudi Arabia,2024,False
SAR,96.497,26.0,2.0,36.255,30.218,30.024,288.0,320.0,310.0,331.0,False,HARD,19.0,True,Williams,1,16.0,True,Saudi Arabia,2024,False
SAR,96.198,27.0,2.0,35.934,30.282,29.982,287.0,318.0,310.0,334.0,False,HARD,20.0,True,Williams,1,16.0,True,Saudi Arabia,2024,False
SAR,95.886,28.0,2.0,35.701,30.345,29.84,289.0,324.0,313.0,337.0,False,HARD,21.0,True,Williams,1,16.0,True,Saudi Arabia,2024,False
SAR,96.047,29.0,2.0,36.095,30.058,29.894,288.0,321.0,310.0,332.0,False,HARD,22.0,True,Williams,1,16.0,True,Saudi Arabia,2024,False
SAR,95.75,30.0,2.0,35.725,30.206,29.819,289.0,321.0,312.0,336.0,False,HARD,23.0,True,Williams,1,16.0,True,Saudi Arabia,2024,False
SAR,95.879,31.0,2.0,35.994,30.034,29.851,288.0,321.0,312.0,336.0,False,HARD,24.0,True,Williams,1,16.0,True,Saudi Arabia,2024,False
SAR,95.897,32.0,2.0,35.934,30.097,29.866,289.0,323.0,310.0,336.0,False,HARD,25.0,True,Williams,1,16.0,True,Saudi Arabia,2024,False
SAR,95.7,33.0,2.0,36.155,29.809,29.736,290.0,323.0,311.0,331.0,False,HARD,26.0,True,Williams,1,16.0,True,Saudi Arabia,2024,False
SAR,94.843,34.0,2.0,35.442,29.784,29.617,290.0,320.0,310.0,332.0,True,HARD,27.0,True,Williams,1,16.0,True,Saudi Arabia,2024,False
SAR,94.716,35.0,2.0,35.301,29.851,29.564,290.0,324.0,310.0,327.0,True,HARD,28.0,True,Williams,1,16.0,True,Saudi Arabia,2024,False
SAR,94.576,36.0,2.0,35.216,29.696,29.664,290.0,322.0,307.0,327.0,True,HARD,29.0,True,Williams,1,16.0,True,Saudi Arabia,2024,False
SAR,94.228,37.0,2.0,34.96,29.684,29.584,290.0,320.0,308.0,327.0,True,HARD,30.0,True,Williams,1,16.0,True,Saudi Arabia,2024,False
SAR,93.763,38.0,2.0,34.749,29.457,29.557,289.0,320.0,307.0,324.0,True,HARD,31.0,True,Williams,1,16.0,True,Saudi Arabia,2024,False
SAR,93.97,39.0,2.0,34.958,29.471,29.541,289.0,317.0,305.0,327.0,False,HARD,32.0,True,Williams,1,16.0,True,Saudi Arabia,2024,False
SAR,93.547,40.0,2.0,34.661,29.359,29.527,291.0,320.0,307.0,328.0,True,HARD,33.0,True,Williams,1,16.0,True,Saudi Arabia,2024,False
SAR,93.838,41.0,2.0,35.051,29.373,29.414,289.0,325.0,306.0,324.0,False,HARD,34.0,True,Williams,1,16.0,True,Saudi Arabia,2024,False
SAR,93.648,42.0,2.0,34.875,29.282,29.491,290.0,326.0,306.0,326.0,False,HARD,35.0,True,Williams,1,15.0,True,Saudi Arabia,2024,False
SAR,93.766,43.0,2.0,34.869,29.378,29.519,290.0,325.0,305.0,327.0,False,HARD,36.0,True,Williams,1,15.0,True,Saudi Arabia,2024,False
SAR,95.215,44.0,2.0,34.746,30.819,29.65,290.0,315.0,308.0,332.0,False,HARD,37.0,True,Williams,1,15.0,True,Saudi Arabia,2024,False
SAR,94.077,45.0,2.0,34.812,29.554,29.711,289.0,308.0,296.0,306.0,False,HARD,38.0,True,Williams,1,15.0,True,Saudi Arabia,2024,False
SAR,94.141,46.0,2.0,35.016,29.46,29.665,289.0,309.0,294.0,308.0,False,HARD,39.0,True,Williams,1,15.0,True,Saudi Arabia,2024,False
SAR,93.718,47.0,2.0,34.616,29.351,29.751,290.0,306.0,295.0,306.0,False,HARD,40.0,True,Williams,1,15.0,True,Saudi Arabia,2024,False
SAR,93.383,48.0,2.0,34.529,29.348,29.506,290.0,309.0,295.0,309.0,True,HARD,41.0,True,Williams,1,15.0,True,Saudi Arabia,2024,False
SAR,93.026,49.0,2.0,34.439,29.211,29.376,290.0,314.0,296.0,314.0,True,HARD,42.0,True,Williams,1,15.0,True,Saudi Arabia,2024,False
MAG,97.522,2.0,1.0,37.419,30.138,29.965,285.0,316.0,310.0,328.0,True,MEDIUM,2.0,True,Haas F1 Team,1,12.0,True,Saudi Arabia,2024,False
MAG,95.85,3.0,1.0,35.815,30.103,29.932,281.0,317.0,308.0,326.0,True,MEDIUM,3.0,True,Haas F1 Team,1,12.0,True,Saudi Arabia,2024,False
MAG,95.367,4.0,1.0,35.537,29.956,29.874,285.0,321.0,310.0,330.0,True,MEDIUM,4.0,True,Haas F1 Team,1,12.0,True,Saudi Arabia,2024,False
MAG,95.684,5.0,1.0,35.781,30.081,29.822,284.0,317.0,308.0,330.0,False,MEDIUM,5.0,True,Haas F1 Team,1,12.0,True,Saudi Arabia,2024,False
MAG,99.463,10.0,2.0,38.527,30.559,30.377,286.0,315.0,297.0,312.0,False,HARD,3.0,True,Haas F1 Team,1,13.0,True,Saudi Arabia,2024,True
MAG,96.036,11.0,2.0,36.096,30.152,29.788,283.0,319.0,308.0,327.0,False,HARD,4.0,True,Haas F1 Team,1,13.0,True,Saudi Arabia,2024,False
MAG,95.229,12.0,2.0,35.57,29.944,29.715,285.0,318.0,307.0,328.0,True,HARD,5.0,True,Haas F1 Team,1,13.0,True,Saudi Arabia,2024,False
MAG,95.062,13.0,2.0,35.513,29.888,29.661,285.0,319.0,308.0,336.0,True,HARD,6.0,True,Haas F1 Team,1,13.0,True,Saudi Arabia,2024,False
MAG,95.553,14.0,2.0,35.596,30.154,29.803,287.0,319.0,311.0,333.0,False,HARD,7.0,True,Haas F1 Team,1,13.0,True,Saudi Arabia,2024,False
MAG,95.746,15.0,2.0,35.796,30.074,29.876,285.0,319.0,312.0,325.0,False,HARD,8.0,True,Haas F1 Team,1,13.0,True,Saudi Arabia,2024,False
MAG,96.1,16.0,2.0,36.392,30.091,29.617,286.0,320.0,311.0,326.0,False,HARD,9.0,True,Haas F1 Team,1,13.0,True,Saudi Arabia,2024,False
MAG,96.621,17.0,2.0,36.447,30.141,30.033,284.0,303.0,296.0,309.0,False,HARD,10.0,True,Haas F1 Team,1,12.0,True,Saudi Arabia,2024,False
MAG,95.266,18.0,2.0,35.237,30.01,30.019,286.0,303.0,296.0,308.0,False,HARD,11.0,True,Haas F1 Team,1,12.0,True,Saudi Arabia,2024,False
MAG,95.22,19.0,2.0,35.318,29.957,29.945,285.0,313.0,297.0,309.0,False,HARD,12.0,True,Haas F1 Team,1,12.0,True,Saudi Arabia,2024,False
MAG,95.012,20.0,2.0,35.225,29.959,29.828,286.0,304.0,297.0,311.0,True,HARD,13.0,True,Haas F1 Team,1,12.0,True,Saudi Arabia,2024,False
MAG,94.923,21.0,2.0,35.229,29.763,29.931,286.0,318.0,298.0,324.0,True,HARD,14.0,True,Haas F1 Team,1,12.0,True,Saudi Arabia,2024,False
MAG,95.804,22.0,2.0,35.779,30.008,30.017,286.0,303.0,297.0,307.0,False,HARD,15.0,True,Haas F1 Team,1,12.0,True,Saudi Arabia,2024,False
MAG,96.198,23.0,2.0,36.375,29.957,29.866,282.0,316.0,296.0,310.0,False,HARD,16.0,True,Haas F1 Team,1,12.0,True,Saudi Arabia,2024,False
MAG,96.072,24.0,2.0,36.264,29.983,29.825,281.0,299.0,294.0,313.0,False,HARD,17.0,True,Haas F1 Team,1,12.0,True,Saudi Arabia,2024,False
MAG,96.555,25.0,2.0,36.561,29.906,30.088,280.0,297.0,296.0,300.0,False,HARD,18.0,True,Haas F1 Team,1,12.0,True,Saudi Arabia,2024,False
MAG,96.26,26.0,2.0,36.579,29.808,29.873,281.0,298.0,296.0,302.0,False,HARD,19.0,True,Haas F1 Team,1,12.0,True,Saudi Arabia,2024,False
MAG,96.222,27.0,2.0,36.586,29.869,29.767,281.0,297.0,295.0,308.0,False,HARD,20.0,True,Haas F1 Team,1,12.0,True,Saudi Arabia,2024,False
MAG,96.099,28.0,2.0,36.373,29.681,30.045,281.0,299.0,295.0,314.0,False,HARD,21.0,True,Haas F1 Team,1,12.0,True,Saudi Arabia,2024,False
MAG,95.797,29.0,2.0,36.062,29.785,29.95,281.0,297.0,295.0,306.0,False,HARD,22.0,True,Haas F1 Team,1,12.0,True,Saudi Arabia,2024,False
MAG,95.843,30.0,2.0,36.329,29.725,29.789,281.0,298.0,295.0,301.0,False,HARD,23.0,True,Haas F1 Team,1,12.0,True,Saudi Arabia,2024,False
MAG,96.061,31.0,2.0,36.5,29.632,29.929,281.0,297.0,294.0,300.0,False,HARD,24.0,True,Haas F1 Team,1,12.0,True,Saudi Arabia,2024,False
MAG,95.783,32.0,2.0,36.336,29.651,29.796,281.0,297.0,295.0,310.0,False,HARD,25.0,True,Haas F1 Team,1,12.0,True,Saudi Arabia,2024,False
MAG,95.7,33.0,2.0,36.29,29.674,29.736,281.0,297.0,294.0,308.0,False,HARD,26.0,True,Haas F1 Team,1,12.0,True,Saudi Arabia,2024,False
MAG,94.174,34.0,2.0,34.753,29.681,29.74,283.0,298.0,297.0,303.0,True,HARD,27.0,True,Haas F1 Team,1,12.0,True,Saudi Arabia,2024,False
MAG,93.923,35.0,2.0,34.681,29.531,29.711,282.0,299.0,296.0,301.0,True,HARD,28.0,True,Haas F1 Team,1,12.0,True,Saudi Arabia,2024,False
MAG,93.76,36.0,2.0,34.509,29.557,29.694,282.0,299.0,296.0,302.0,True,HARD,29.0,True,Haas F1 Team,1,12.0,True,Saudi Arabia,2024,False
MAG,93.516,37.0,2.0,34.443,29.444,29.629,284.0,300.0,295.0,303.0,True,HARD,30.0,True,Haas F1 Team,1,12.0,True,Saudi Arabia,2024,False
MAG,93.429,38.0,2.0,34.416,29.388,29.625,286.0,301.0,294.0,304.0,True,HARD,31.0,True,Haas F1 Team,1,12.0,True,Saudi Arabia,2024,False
MAG,93.203,39.0,2.0,34.225,29.31,29.668,289.0,304.0,295.0,307.0,True,HARD,32.0,True,Haas F1 Team,1,12.0,True,Saudi Arabia,2024,False
MAG,92.93,40.0,2.0,34.213,29.233,29.484,290.0,302.0,295.0,307.0,True,HARD,33.0,True,Haas F1 Team,1,12.0,True,Saudi Arabia,2024,False
MAG,92.855,41.0,2.0,34.044,29.272,29.539,289.0,303.0,296.0,306.0,True,HARD,34.0,True,Haas F1 Team,1,12.0,True,Saudi Arabia,2024,False
MAG,92.715,42.0,2.0,33.954,29.285,29.476,289.0,301.0,296.0,304.0,True,HARD,35.0,True,Haas F1 Team,1,11.0,True,Saudi Arabia,2024,False
MAG,92.902,43.0,2.0,34.118,29.304,29.48,289.0,301.0,296.0,304.0,False,HARD,36.0,True,Haas F1 Team,1,11.0,True,Saudi Arabia,2024,False
MAG,92.644,44.0,2.0,33.941,29.301,29.402,290.0,301.0,296.0,307.0,True,HARD,37.0,True,Haas F1 Team,1,11.0,True,Saudi Arabia,2024,False
MAG,92.638,45.0,2.0,33.856,29.232,29.55,289.0,302.0,296.0,305.0,True,HARD,38.0,True,Haas F1 Team,1,11.0,True,Saudi Arabia,2024,False
MAG,92.812,46.0,2.0,33.97,29.396,29.446,290.0,302.0,295.0,306.0,False,HARD,39.0,True,Haas F1 Team,1,11.0,True,Saudi Arabia,2024,False
MAG,92.338,47.0,2.0,33.881,29.088,29.369,290.0,303.0,295.0,308.0,True,HARD,40.0,True,Haas F1 Team,1,11.0,True,Saudi Arabia,2024,False
MAG,93.474,48.0,2.0,34.893,29.227,29.354,289.0,305.0,295.0,308.0,False,HARD,41.0,True,Haas F1 Team,1,11.0,True,Saudi Arabia,2024,False
MAG,93.437,49.0,2.0,34.333,29.412,29.692,289.0,304.0,295.0,309.0,False,HARD,42.0,True,Haas F1 Team,1,11.0,True,Saudi Arabia,2024,False
MAG,94.603,50.0,2.0,35.144,29.638,29.821,288.0,301.0,296.0,305.0,False,HARD,43.0,True,Haas F1 Team,1,11.0,True,Saudi Arabia,2024,False
TSU,96.873,2.0,1.0,36.61,30.236,30.027,286.0,308.0,306.0,322.0,True,MEDIUM,2.0,True,RB,1,10.0,True,Saudi Arabia,2024,False
TSU,95.703,3.0,1.0,35.593,30.17,29.94,287.0,308.0,305.0,321.0,True,MEDIUM,3.0,True,RB,1,10.0,True,Saudi Arabia,2024,False
TSU,95.378,4.0,1.0,35.57,29.858,29.95,285.0,314.0,308.0,333.0,True,MEDIUM,4.0,True,RB,1,10.0,True,Saudi Arabia,2024,False
TSU,95.589,5.0,1.0,35.908,30.063,29.618,286.0,308.0,307.0,334.0,False,MEDIUM,5.0,True,RB,1,10.0,True,Saudi Arabia,2024,False
TSU,99.222,10.0,2.0,38.387,30.481,30.354,285.0,309.0,297.0,322.0,False,HARD,3.0,True,RB,1,12.0,True,Saudi Arabia,2024,True
TSU,95.738,11.0,2.0,36.072,29.954,29.712,286.0,321.0,307.0,337.0,False,HARD,4.0,True,RB,1,12.0,True,Saudi Arabia,2024,False
TSU,95.263,12.0,2.0,35.637,29.947,29.679,288.0,312.0,298.0,325.0,True,HARD,5.0,True,RB,1,12.0,True,Saudi Arabia,2024,False
TSU,95.325,13.0,2.0,35.622,30.067,29.636,285.0,310.0,298.0,323.0,False,HARD,6.0,True,RB,1,12.0,True,Saudi Arabia,2024,False
TSU,95.575,14.0,2.0,35.709,30.068,29.798,288.0,312.0,309.0,335.0,False,HARD,7.0,True,RB,1,12.0,True,Saudi Arabia,2024,False
TSU,95.952,15.0,2.0,35.754,29.936,30.262,287.0,323.0,306.0,335.0,False,HARD,8.0,True,RB,1,12.0,True,Saudi Arabia,2024,False
TSU,95.995,16.0,2.0,36.156,29.823,30.016,287.0,322.0,307.0,336.0,False,HARD,9.0,True,RB,1,12.0,True,Saudi Arabia,2024,False
TSU,97.603,17.0,2.0,37.518,30.111,29.974,285.0,319.0,306.0,334.0,False,HARD,10.0,True,RB,1,13.0,True,Saudi Arabia,2024,False
TSU,95.367,18.0,2.0,35.599,29.995,29.773,286.0,309.0,305.0,334.0,False,HARD,11.0,True,RB,1,13.0,True,Saudi Arabia,2024,False
TSU,95.146,19.0,2.0,35.486,29.895,29.765,285.0,318.0,306.0,332.0,True,HARD,12.0,True,RB,1,13.0,True,Saudi Arabia,2024,False
TSU,95.06,20.0,2.0,35.498,29.825,29.737,286.0,320.0,306.0,335.0,True,HARD,13.0,True,RB,1,13.0,True,Saudi Arabia,2024,False
TSU,94.71,21.0,2.0,35.457,29.701,29.552,286.0,321.0,308.0,339.0,True,HARD,14.0,True,RB,1,13.0,True,Saudi Arabia,2024,False
TSU,95.698,22.0,2.0,35.785,30.024,29.889,288.0,317.0,310.0,336.0,False,HARD,15.0,True,RB,1,13.0,True,Saudi Arabia,2024,False
TSU,96.285,23.0,2.0,36.367,30.077,29.841,287.0,320.0,307.0,333.0,False,HARD,16.0,True,RB,1,13.0,True,Saudi Arabia,2024,False
TSU,95.882,24.0,2.0,36.214,29.871,29.797,287.0,308.0,309.0,335.0,False,HARD,17.0,True,RB,1,13.0,True,Saudi Arabia,2024,False
TSU,96.548,25.0,2.0,36.806,29.671,30.071,288.0,319.0,309.0,334.0,False,HARD,18.0,True,RB,1,13.0,True,Saudi Arabia,2024,False
TSU,96.662,26.0,2.0,36.84,29.68,30.142,287.0,320.0,306.0,334.0,False,HARD,19.0,True,RB,1,13.0,True,Saudi Arabia,2024,False
TSU,96.093,27.0,2.0,36.464,29.707,29.922,285.0,317.0,306.0,333.0,False,HARD,20.0,True,RB,1,13.0,True,Saudi Arabia,2024,False
TSU,95.668,28.0,2.0,36.328,29.684,29.656,287.0,320.0,310.0,333.0,False,HARD,21.0,True,RB,1,13.0,True,Saudi Arabia,2024,False
TSU,96.731,29.0,2.0,37.282,29.817,29.632,287.0,325.0,310.0,337.0,False,HARD,22.0,True,RB,1,14.0,True,Saudi Arabia,2024,False
TSU,96.041,30.0,2.0,36.222,29.96,29.859,286.0,322.0,310.0,338.0,False,HARD,23.0,True,RB,1,14.0,True,Saudi Arabia,2024,False
TSU,95.939,31.0,2.0,36.193,29.85,29.896,289.0,321.0,309.0,336.0,False,HARD,24.0,True,RB,1,14.0,True,Saudi Arabia,2024,False
TSU,95.694,32.0,2.0,36.159,29.801,29.734,287.0,322.0,308.0,335.0,False,HARD,25.0,True,RB,1,14.0,True,Saudi Arabia,2024,False
TSU,96.118,33.0,2.0,36.774,29.635,29.709,288.0,323.0,311.0,341.0,False,HARD,26.0,True,RB,1,15.0,True,Saudi Arabia,2024,False
TSU,94.768,34.0,2.0,35.626,29.68,29.462,288.0,323.0,309.0,338.0,False,HARD,27.0,True,RB,1,15.0,True,Saudi Arabia,2024,False
TSU,94.781,35.0,2.0,35.49,29.639,29.652,290.0,324.0,309.0,336.0,False,HARD,28.0,True,RB,1,15.0,True,Saudi Arabia,2024,False
TSU,94.358,36.0,2.0,35.13,29.652,29.576,289.0,311.0,298.0,322.0,True,HARD,29.0,True,RB,1,15.0,True,Saudi Arabia,2024,False
TSU,94.233,37.0,2.0,34.974,29.635,29.624,288.0,309.0,298.0,322.0,True,HARD,30.0,True,RB,1,15.0,True,Saudi Arabia,2024,False
TSU,93.961,38.0,2.0,34.743,29.51,29.708,289.0,310.0,296.0,321.0,True,HARD,31.0,True,RB,1,15.0,True,Saudi Arabia,2024,False
TSU,93.894,39.0,2.0,34.876,29.508,29.51,291.0,312.0,296.0,320.0,True,HARD,32.0,True,RB,1,15.0,True,Saudi Arabia,2024,False
TSU,93.601,40.0,2.0,34.619,29.479,29.503,290.0,309.0,297.0,318.0,True,HARD,33.0,True,RB,1,15.0,True,Saudi Arabia,2024,False
TSU,93.731,41.0,2.0,34.725,29.443,29.563,289.0,309.0,297.0,321.0,False,HARD,34.0,True,RB,1,15.0,True,Saudi Arabia,2024,False
TSU,93.623,42.0,2.0,34.63,29.439,29.554,291.0,312.0,296.0,322.0,False,HARD,35.0,True,RB,1,14.0,True,Saudi Arabia,2024,False
TSU,93.767,43.0,2.0,34.621,29.542,29.604,290.0,309.0,297.0,319.0,False,HARD,36.0,True,RB,1,14.0,True,Saudi Arabia,2024,False
TSU,93.523,44.0,2.0,34.541,29.493,29.489,290.0,309.0,298.0,320.0,True,HARD,37.0,True,RB,1,14.0,True,Saudi Arabia,2024,False
TSU,93.644,45.0,2.0,34.656,29.394,29.594,289.0,311.0,298.0,320.0,False,HARD,38.0,True,RB,1,14.0,True,Saudi Arabia,2024,False
TSU,94.961,46.0,2.0,35.343,30.098,29.52,241.0,320.0,298.0,334.0,False,HARD,39.0,True,RB,1,14.0,True,Saudi Arabia,2024,False
TSU,93.525,47.0,2.0,34.567,29.343,29.615,292.0,312.0,300.0,321.0,False,HARD,40.0,True,RB,1,14.0,True,Saudi Arabia,2024,False
TSU,93.84,48.0,2.0,34.678,29.494,29.668,289.0,308.0,297.0,319.0,False,HARD,41.0,True,RB,1,14.0,True,Saudi Arabia,2024,False
TSU,93.56,49.0,2.0,34.63,29.419,29.511,290.0,310.0,298.0,321.0,False,HARD,42.0,True,RB,1,14.0,True,Saudi Arabia,2024,False
ALB,97.553,2.0,1.0,37.27,30.174,30.109,286.0,313.0,310.0,326.0,True,MEDIUM,2.0,True,Williams,1,13.0,True,Saudi Arabia,2024,False
ALB,95.986,3.0,1.0,35.739,30.029,30.218,286.0,318.0,309.0,327.0,True,MEDIUM,3.0,True,Williams,1,13.0,True,Saudi Arabia,2024,False
ALB,95.553,4.0,1.0,35.715,29.935,29.903,287.0,315.0,308.0,328.0,True,MEDIUM,4.0,True,Williams,1,13.0,True,Saudi Arabia,2024,False
ALB,95.59,5.0,1.0,35.622,30.005,29.963,287.0,307.0,307.0,330.0,False,MEDIUM,5.0,True,Williams,1,13.0,True,Saudi Arabia,2024,False
ALB,100.318,10.0,2.0,39.036,30.557,30.725,284.0,310.0,296.0,312.0,False,HARD,3.0,True,Williams,1,15.0,True,Saudi Arabia,2024,True
ALB,96.232,11.0,2.0,36.04,30.082,30.11,287.0,320.0,307.0,328.0,False,HARD,4.0,True,Williams,1,15.0,True,Saudi Arabia,2024,False
ALB,95.441,12.0,2.0,35.514,29.964,29.963,286.0,314.0,308.0,326.0,True,HARD,5.0,True,Williams,1,15.0,True,Saudi Arabia,2024,False
ALB,95.213,13.0,2.0,35.449,29.919,29.845,286.0,321.0,307.0,329.0,True,HARD,6.0,True,Williams,1,15.0,True,Saudi Arabia,2024,False
ALB,95.181,14.0,2.0,35.471,29.892,29.818,287.0,321.0,309.0,331.0,True,HARD,7.0,True,Williams,1,15.0,True,Saudi Arabia,2024,False
ALB,95.533,15.0,2.0,35.647,29.917,29.969,288.0,318.0,311.0,330.0,False,HARD,8.0,True,Williams,1,15.0,True,Saudi Arabia,2024,False
ALB,96.47,16.0,2.0,36.164,30.114,30.192,288.0,315.0,308.0,331.0,False,HARD,9.0,True,Williams,1,15.0,True,Saudi Arabia,2024,False
ALB,97.029,17.0,2.0,36.439,30.263,30.327,286.0,326.0,309.0,328.0,False,HARD,10.0,True,Williams,1,15.0,True,Saudi Arabia,2024,False
ALB,95.608,18.0,2.0,35.803,29.832,29.973,288.0,322.0,306.0,328.0,False,HARD,11.0,True,Williams,1,15.0,True,Saudi Arabia,2024,False
ALB,95.064,19.0,2.0,35.426,29.708,29.93,288.0,327.0,309.0,339.0,True,HARD,12.0,True,Williams,1,15.0,True,Saudi Arabia,2024,False
ALB,95.278,20.0,2.0,35.644,29.864,29.77,287.0,322.0,306.0,331.0,False,HARD,13.0,True,Williams,1,15.0,True,Saudi Arabia,2024,False
ALB,94.82,21.0,2.0,35.308,29.749,29.763,285.0,315.0,308.0,330.0,True,HARD,14.0,True,Williams,1,15.0,True,Saudi Arabia,2024,False
ALB,96.016,22.0,2.0,36.002,29.959,30.055,287.0,311.0,297.0,309.0,False,HARD,15.0,True,Williams,1,15.0,True,Saudi Arabia,2024,False
ALB,95.363,23.0,2.0,35.496,29.899,29.968,288.0,307.0,309.0,329.0,False,HARD,16.0,True,Williams,1,15.0,True,Saudi Arabia,2024,False
ALB,95.967,24.0,2.0,35.696,30.115,30.156,290.0,316.0,311.0,334.0,False,HARD,17.0,True,Williams,1,15.0,True,Saudi Arabia,2024,False
ALB,96.124,25.0,2.0,36.148,30.089,29.887,290.0,310.0,313.0,333.0,False,HARD,18.0,True,Williams,1,15.0,True,Saudi Arabia,2024,False
ALB,96.633,26.0,2.0,36.635,29.905,30.093,284.0,309.0,309.0,328.0,False,HARD,19.0,True,Williams,1,15.0,True,Saudi Arabia,2024,False
ALB,96.127,27.0,2.0,36.103,30.185,29.839,289.0,327.0,314.0,334.0,False,HARD,20.0,True,Williams,1,15.0,True,Saudi Arabia,2024,False
ALB,96.166,28.0,2.0,35.985,30.096,30.085,290.0,326.0,310.0,331.0,False,HARD,21.0,True,Williams,1,15.0,True,Saudi Arabia,2024,False
ALB,95.687,29.0,2.0,36.139,29.81,29.738,290.0,317.0,312.0,337.0,False,HARD,22.0,True,Williams,1,15.0,True,Saudi Arabia,2024,False
ALB,96.135,30.0,2.0,36.098,30.204,29.833,289.0,324.0,312.0,338.0,False,HARD,23.0,True,Williams,1,15.0,True,Saudi Arabia,2024,False
ALB,95.84,31.0,2.0,36.024,29.855,29.961,289.0,314.0,312.0,332.0,False,HARD,24.0,True,Williams,1,15.0,True,Saudi Arabia,2024,False
ALB,95.621,32.0,2.0,36.014,29.983,29.624,290.0,322.0,315.0,331.0,False,HARD,25.0,True,Williams,1,15.0,True,Saudi Arabia,2024,False
ALB,95.221,33.0,2.0,35.946,29.662,29.613,289.0,318.0,312.0,327.0,False,HARD,26.0,True,Williams,1,14.0,True,Saudi Arabia,2024,False
ALB,94.524,34.0,2.0,35.596,29.417,29.511,288.0,326.0,309.0,328.0,True,HARD,27.0,True,Williams,1,14.0,True,Saudi Arabia,2024,False
ALB,95.05,35.0,2.0,35.697,29.481,29.872,289.0,314.0,298.0,310.0,False,HARD,28.0,True,Williams,1,14.0,True,Saudi Arabia,2024,False
ALB,93.987,36.0,2.0,34.779,29.469,29.739,289.0,311.0,297.0,313.0,True,HARD,29.0,True,Williams,1,14.0,True,Saudi Arabia,2024,False
ALB,93.939,37.0,2.0,34.692,29.501,29.746,289.0,309.0,297.0,313.0,True,HARD,30.0,True,Williams,1,14.0,True,Saudi Arabia,2024,False
ALB,93.673,38.0,2.0,34.538,29.376,29.759,290.0,311.0,295.0,311.0,True,HARD,31.0,True,Williams,1,14.0,True,Saudi Arabia,2024,False
ALB,93.504,39.0,2.0,34.722,29.231,29.551,289.0,311.0,295.0,312.0,True,HARD,32.0,True,Williams,1,14.0,True,Saudi Arabia,2024,False
ALB,93.424,40.0,2.0,34.576,29.217,29.631,291.0,311.0,296.0,313.0,True,HARD,33.0,True,Williams,1,14.0,True,Saudi Arabia,2024,False
ALB,93.75,41.0,2.0,34.761,29.3,29.689,289.0,313.0,297.0,310.0,False,HARD,34.0,True,Williams,1,14.0,True,Saudi Arabia,2024,False
ALB,92.85,42.0,2.0,34.546,29.01,29.294,290.0,323.0,310.0,328.0,True,HARD,35.0,True,Williams,1,13.0,True,Saudi Arabia,2024,False
ALB,92.994,43.0,2.0,34.116,29.271,29.607,290.0,303.0,294.0,303.0,False,HARD,36.0,True,Williams,1,12.0,True,Saudi Arabia,2024,False
ALB,92.997,44.0,2.0,34.316,29.167,29.514,290.0,305.0,295.0,309.0,False,HARD,37.0,True,Williams,1,12.0,True,Saudi Arabia,2024,False
ALB,92.564,45.0,2.0,34.171,29.009,29.384,290.0,310.0,296.0,307.0,True,HARD,38.0,True,Williams,1,12.0,True,Saudi Arabia,2024,False
ALB,92.54,46.0,2.0,34.109,29.046,29.385,290.0,306.0,295.0,309.0,True,HARD,39.0,True,Williams,1,12.0,True,Saudi Arabia,2024,False
ALB,93.858,47.0,2.0,35.331,29.094,29.433,290.0,305.0,295.0,309.0,False,HARD,40.0,True,Williams,1,12.0,True,Saudi Arabia,2024,False
ALB,92.711,48.0,2.0,34.315,28.916,29.48,289.0,307.0,294.0,307.0,False,HARD,41.0,True,Williams,1,12.0,True,Saudi Arabia,2024,False
ALB,92.56,49.0,2.0,34.145,29.008,29.407,289.0,306.0,295.0,309.0,False,HARD,42.0,True,Williams,1,12.0,True,Saudi Arabia,2024,False
ALB,92.307,50.0,2.0,33.975,28.993,29.339,291.0,309.0,297.0,317.0,True,HARD,43.0,True,Williams,1,12.0,True,Saudi Arabia,2024,False
ZHO,98.539,2.0,1.0,37.329,30.946,30.264,280.0,310.0,307.0,329.0,True,MEDIUM,2.0,True,Kick Sauber,1,19.0,True,Saudi Arabia,2024,True
ZHO,97.232,3.0,1.0,36.3,30.556,30.376,279.0,318.0,305.0,322.0,True,MEDIUM,3.0,True,Kick Sauber,1,19.0,True,Saudi Arabia,2024,False
ZHO,96.526,4.0,1.0,36.001,30.359,30.166,285.0,320.0,307.0,322.0,True,MEDIUM,4.0,True,Kick Sauber,1,19.0,True,Saudi Arabia,2024,False
ZHO,96.238,5.0,1.0,35.861,30.252,30.125,285.0,321.0,305.0,321.0,True,MEDIUM,5.0,True,Kick Sauber,1,19.0,True,Saudi Arabia,2024,False
ZHO,98.417,10.0,1.0,37.871,30.292,30.254,287.0,308.0,294.0,310.0,False,MEDIUM,10.0,True,Kick Sauber,1,10.0,True,Saudi Arabia,2024,True
ZHO,95.695,11.0,1.0,35.805,30.006,29.884,281.0,315.0,295.0,307.0,True,MEDIUM,11.0,True,Kick Sauber,1,10.0,True,Saudi Arabia,2024,False
ZHO,94.998,12.0,1.0,35.228,29.896,29.874,286.0,307.0,295.0,311.0,True,MEDIUM,12.0,True,Kick Sauber,1,10.0,True,Saudi Arabia,2024,False
ZHO,95.355,13.0,1.0,35.518,29.938,29.899,285.0,305.0,294.0,307.0,False,MEDIUM,13.0,True,Kick Sauber,1,10.0,True,Saudi Arabia,2024,False
ZHO,96.658,14.0,1.0,36.466,29.899,30.293,285.0,315.0,302.0,319.0,False,MEDIUM,14.0,True,Kick Sauber,1,11.0,True,Saudi Arabia,2024,False
ZHO,96.053,15.0,1.0,35.646,30.059,30.348,283.0,304.0,294.0,305.0,False,MEDIUM,15.0,True,Kick Sauber,1,11.0,True,Saudi Arabia,2024,False
ZHO,96.065,16.0,1.0,35.904,29.92,30.241,285.0,304.0,294.0,307.0,False,MEDIUM,16.0,True,Kick Sauber,1,11.0,True,Saudi Arabia,2024,False
ZHO,95.882,17.0,1.0,35.909,29.916,30.057,282.0,301.0,293.0,303.0,False,MEDIUM,17.0,True,Kick Sauber,1,11.0,True,Saudi Arabia,2024,False
ZHO,95.466,18.0,1.0,35.43,30.013,30.023,283.0,302.0,293.0,304.0,False,MEDIUM,18.0,True,Kick Sauber,1,11.0,True,Saudi Arabia,2024,False
ZHO,95.407,19.0,1.0,35.361,30.027,30.019,284.0,302.0,293.0,305.0,False,MEDIUM,19.0,True,Kick Sauber,1,11.0,True,Saudi Arabia,2024,False
ZHO,95.087,20.0,1.0,35.247,29.912,29.928,286.0,303.0,293.0,306.0,False,MEDIUM,20.0,True,Kick Sauber,1,11.0,True,Saudi Arabia,2024,False
ZHO,95.399,21.0,1.0,35.37,29.931,30.098,284.0,301.0,293.0,303.0,False,MEDIUM,21.0,True,Kick Sauber,1,11.0,True,Saudi Arabia,2024,False
ZHO,95.158,22.0,1.0,35.125,29.952,30.081,284.0,302.0,293.0,303.0,False,MEDIUM,22.0,True,Kick Sauber,1,11.0,True,Saudi Arabia,2024,False
ZHO,95.296,23.0,1.0,35.253,29.933,30.11,283.0,301.0,292.0,303.0,False,MEDIUM,23.0,True,Kick Sauber,1,11.0,True,Saudi Arabia,2024,False
ZHO,95.145,24.0,1.0,35.242,29.865,30.038,285.0,302.0,291.0,304.0,False,MEDIUM,24.0,True,Kick Sauber,1,11.0,True,Saudi Arabia,2024,False
ZHO,95.145,25.0,1.0,35.278,29.815,30.052,284.0,301.0,293.0,303.0,False,MEDIUM,25.0,True,Kick Sauber,1,11.0,True,Saudi Arabia,2024,False
ZHO,95.036,26.0,1.0,35.26,29.824,29.952,283.0,301.0,292.0,302.0,False,MEDIUM,26.0,True,Kick Sauber,1,11.0,True,Saudi Arabia,2024,False
ZHO,95.002,27.0,1.0,35.17,29.729,30.103,285.0,301.0,291.0,304.0,False,MEDIUM,27.0,True,Kick Sauber,1,11.0,True,Saudi Arabia,2024,False
ZHO,94.879,28.0,1.0,35.104,29.726,30.049,285.0,303.0,291.0,304.0,True,MEDIUM,28.0,True,Kick Sauber,1,11.0,True,Saudi Arabia,2024,False
ZHO,94.99,29.0,1.0,35.142,29.83,30.018,284.0,302.0,293.0,303.0,False,MEDIUM,29.0,True,Kick Sauber,1,11.0,True,Saudi Arabia,2024,False
ZHO,94.885,30.0,1.0,35.153,29.709,30.023,284.0,301.0,292.0,302.0,False,MEDIUM,30.0,True,Kick Sauber,1,11.0,True,Saudi Arabia,2024,False
ZHO,94.8,31.0,1.0,34.983,29.738,30.079,285.0,302.0,291.0,303.0,True,MEDIUM,31.0,True,Kick Sauber,1,11.0,True,Saudi Arabia,2024,False
ZHO,94.631,32.0,1.0,34.972,29.732,29.927,286.0,302.0,292.0,304.0,True,MEDIUM,32.0,True,Kick Sauber,1,11.0,True,Saudi Arabia,2024,False
ZHO,94.679,33.0,1.0,35.023,29.741,29.915,284.0,301.0,291.0,303.0,False,MEDIUM,33.0,True,Kick Sauber,1,11.0,True,Saudi Arabia,2024,False
ZHO,94.65,34.0,1.0,34.981,29.728,29.941,283.0,300.0,292.0,302.0,False,MEDIUM,34.0,True,Kick Sauber,1,10.0,True,Saudi Arabia,2024,False
ZHO,94.405,35.0,1.0,34.813,29.624,29.968,285.0,301.0,292.0,303.0,True,MEDIUM,35.0,True,Kick Sauber,1,10.0,True,Saudi Arabia,2024,False
ZHO,94.282,36.0,1.0,34.747,29.596,29.939,283.0,300.0,292.0,303.0,True,MEDIUM,36.0,True,Kick Sauber,1,10.0,True,Saudi Arabia,2024,False
ZHO,94.132,37.0,1.0,34.806,29.49,29.836,285.0,302.0,291.0,303.0,True,MEDIUM,37.0,True,Kick Sauber,1,10.0,True,Saudi Arabia,2024,False
ZHO,93.914,38.0,1.0,34.602,29.446,29.866,286.0,302.0,291.0,304.0,True,MEDIUM,38.0,True,Kick Sauber,1,10.0,True,Saudi Arabia,2024,False
ZHO,93.915,39.0,1.0,34.674,29.444,29.797,287.0,303.0,291.0,305.0,False,MEDIUM,39.0,True,Kick Sauber,1,10.0,True,Saudi Arabia,2024,False
ZHO,93.736,40.0,1.0,34.604,29.283,29.849,287.0,303.0,291.0,306.0,True,MEDIUM,40.0,True,Kick Sauber,1,10.0,True,Saudi Arabia,2024,False
ZHO,96.379,41.0,1.0,34.611,29.551,32.217,284.0,300.0,296.0,303.0,False,MEDIUM,41.0,True,Kick Sauber,1,10.0,False,Saudi Arabia,2024,False
ZHO,137.392,42.0,2.0,78.203,29.657,29.532,281.0,298.0,292.0,300.0,False,SOFT,1.0,True,Kick Sauber,1,18.0,False,Saudi Arabia,2024,True
ZHO,93.047,43.0,2.0,34.276,29.221,29.55,283.0,298.0,292.0,300.0,True,SOFT,2.0,True,Kick Sauber,1,18.0,True,Saudi Arabia,2024,False
ZHO,92.77,44.0,2.0,34.167,29.203,29.4,283.0,299.0,294.0,303.0,True,SOFT,3.0,True,Kick Sauber,1,18.0,True,Saudi Arabia,2024,False
ZHO,92.857,45.0,2.0,34.219,29.221,29.417,285.0,299.0,294.0,303.0,False,SOFT,4.0,True,Kick Sauber,1,18.0,True,Saudi Arabia,2024,False
ZHO,92.874,46.0,2.0,34.126,29.24,29.508,286.0,301.0,294.0,303.0,False,SOFT,5.0,True,Kick Sauber,1,18.0,True,Saudi Arabia,2024,False
ZHO,93.207,47.0,2.0,34.497,29.254,29.456,283.0,300.0,293.0,302.0,False,SOFT,6.0,True,Kick Sauber,1,18.0,True,Saudi Arabia,2024,False
ZHO,92.761,48.0,2.0,34.272,28.992,29.497,289.0,305.0,293.0,308.0,True,SOFT,7.0,True,Kick Sauber,1,18.0,True,Saudi Arabia,2024,False
ZHO,92.208,49.0,2.0,33.892,28.979,29.337,290.0,306.0,294.0,308.0,True,SOFT,8.0,True,Kick Sauber,1,18.0,True,Saudi Arabia,2024,False
HUL,97.836,2.0,1.0,37.559,30.401,29.876,282.0,314.0,312.0,325.0,False,MEDIUM,2.0,True,Haas F1 Team,1,14.0,True,Saudi Arabia,2024,True
HUL,96.382,3.0,1.0,36.146,30.285,29.951,282.0,317.0,309.0,328.0,True,MEDIUM,3.0,True,Haas F1 Team,1,14.0,True,Saudi Arabia,2024,False
HUL,96.231,4.0,1.0,35.786,30.354,30.091,285.0,310.0,299.0,315.0,True,MEDIUM,4.0,True,Haas F1 Team,1,14.0,True,Saudi Arabia,2024,False
HUL,95.723,5.0,1.0,35.486,30.198,30.039,285.0,306.0,299.0,315.0,True,MEDIUM,5.0,True,Haas F1 Team,1,14.0,True,Saudi Arabia,2024,False
HUL,97.796,10.0,1.0,37.449,30.017,30.33,284.0,303.0,297.0,308.0,False,MEDIUM,10.0,True,Haas F1 Team,1,8.0,True,Saudi Arabia,2024,True
HUL,94.864,11.0,1.0,35.558,29.716,29.59,285.0,318.0,309.0,328.0,True,MEDIUM,11.0,True,Haas F1 Team,1,8.0,True,Saudi Arabia,2024,False
HUL,94.605,12.0,1.0,35.112,29.784,29.709,286.0,308.0,307.0,329.0,True,MEDIUM,12.0,True,Haas F1 Team,1,8.0,True,Saudi Arabia,2024,False
HUL,95.367,13.0,1.0,35.322,29.978,30.067,284.0,305.0,297.0,312.0,False,MEDIUM,13.0,True,Haas F1 Team,1,8.0,True,Saudi Arabia,2024,False
HUL,96.481,14.0,1.0,36.334,30.027,30.12,286.0,304.0,296.0,311.0,False,MEDIUM,14.0,True,Haas F1 Team,1,9.0,True,Saudi Arabia,2024,False
HUL,95.495,15.0,1.0,35.314,30.054,30.127,286.0,304.0,296.0,310.0,False,MEDIUM,15.0,True,Haas F1 Team,1,9.0,True,Saudi Arabia,2024,False
HUL,95.153,16.0,1.0,35.134,29.939,30.08,286.0,304.0,296.0,310.0,False,MEDIUM,16.0,True,Haas F1 Team,1,9.0,True,Saudi Arabia,2024,False
HUL,95.205,17.0,1.0,35.144,29.975,30.086,284.0,302.0,295.0,308.0,False,MEDIUM,17.0,True,Haas F1 Team,1,9.0,True,Saudi Arabia,2024,False
HUL,95.687,18.0,1.0,35.228,30.008,30.451,285.0,302.0,311.0,308.0,False,MEDIUM,18.0,True,Haas F1 Team,1,10.0,True,Saudi Arabia,2024,False
HUL,95.174,19.0,1.0,35.076,29.99,30.108,284.0,302.0,296.0,307.0,False,MEDIUM,19.0,True,Haas F1 Team,1,9.0,True,Saudi Arabia,2024,False
HUL,95.067,20.0,1.0,35.019,30.032,30.016,284.0,301.0,295.0,307.0,False,MEDIUM,20.0,True,Haas F1 Team,1,9.0,True,Saudi Arabia,2024,False
HUL,96.369,21.0,1.0,36.167,30.13,30.072,285.0,303.0,297.0,308.0,False,MEDIUM,21.0,True,Haas F1 Team,1,10.0,True,Saudi Arabia,2024,False
HUL,95.358,22.0,1.0,35.191,30.086,30.081,286.0,302.0,296.0,307.0,False,MEDIUM,22.0,True,Haas F1 Team,1,10.0,True,Saudi Arabia,2024,False
HUL,94.816,23.0,1.0,34.99,29.832,29.994,286.0,302.0,295.0,307.0,False,MEDIUM,23.0,True,Haas F1 Team,1,10.0,True,Saudi Arabia,2024,False
HUL,94.843,24.0,1.0,34.948,29.851,30.044,285.0,302.0,294.0,306.0,False,MEDIUM,24.0,True,Haas F1 Team,1,10.0,True,Saudi Arabia,2024,False
HUL,94.725,25.0,1.0,34.835,29.843,30.047,286.0,302.0,295.0,306.0,False,MEDIUM,25.0,True,Haas F1 Team,1,10.0,True,Saudi Arabia,2024,False
HUL,94.694,26.0,1.0,34.909,29.843,29.942,286.0,301.0,295.0,306.0,False,MEDIUM,26.0,True,Haas F1 Team,1,10.0,True,Saudi Arabia,2024,False
HUL,94.704,27.0,1.0,34.882,29.78,30.042,285.0,300.0,294.0,306.0,False,MEDIUM,27.0,True,Haas F1 Team,1,10.0,True,Saudi Arabia,2024,False
HUL,94.482,28.0,1.0,34.779,29.72,29.983,286.0,301.0,295.0,306.0,True,MEDIUM,28.0,True,Haas F1 Team,1,10.0,True,Saudi Arabia,2024,False
HUL,94.235,29.0,1.0,34.681,29.696,29.858,287.0,301.0,296.0,306.0,True,MEDIUM,29.0,True,Haas F1 Team,1,10.0,True,Saudi Arabia,2024,False
HUL,94.307,30.0,1.0,34.693,29.632,29.982,287.0,302.0,294.0,306.0,False,MEDIUM,30.0,True,Haas F1 Team,1,10.0,True,Saudi Arabia,2024,False
HUL,94.182,31.0,1.0,34.648,29.597,29.937,288.0,302.0,294.0,306.0,True,MEDIUM,31.0,True,Haas F1 Team,1,10.0,True,Saudi Arabia,2024,False
HUL,93.999,32.0,1.0,34.55,29.619,29.83,287.0,301.0,295.0,306.0,True,MEDIUM,32.0,True,Haas F1 Team,1,10.0,True,Saudi Arabia,2024,False
HUL,96.601,33.0,1.0,34.574,29.67,32.357,288.0,301.0,296.0,306.0,False,MEDIUM,33.0,True,Haas F1 Team,1,10.0,False,Saudi Arabia,2024,False
HUL,111.863,34.0,2.0,52.578,29.706,29.579,282.0,298.0,294.0,302.0,False,HARD,1.0,True,Haas F1 Team,1,11.0,False,Saudi Arabia,2024,True
HUL,93.106,35.0,2.0,34.267,29.275,29.564,286.0,298.0,295.0,305.0,True,HARD,2.0,True,Haas F1 Team,1,11.0,True,Saudi Arabia,2024,False
HUL,93.015,36.0,2.0,34.214,29.216,29.585,286.0,302.0,295.0,308.0,True,HARD,3.0,True,Haas F1 Team,1,11.0,True,Saudi Arabia,2024,False
HUL,93.248,37.0,2.0,34.457,29.25,29.541,288.0,302.0,295.0,308.0,False,HARD,4.0,True,Haas F1 Team,1,11.0,True,Saudi Arabia,2024,False
HUL,93.153,38.0,2.0,34.298,29.309,29.546,287.0,301.0,295.0,307.0,False,HARD,5.0,True,Haas F1 Team,1,11.0,True,Saudi Arabia,2024,False
HUL,93.045,39.0,2.0,34.246,29.26,29.539,288.0,302.0,294.0,308.0,False,HARD,6.0,True,Haas F1 Team,1,11.0,True,Saudi Arabia,2024,False
HUL,92.932,40.0,2.0,34.275,29.18,29.477,288.0,302.0,295.0,308.0,True,HARD,7.0,True,Haas F1 Team,1,11.0,True,Saudi Arabia,2024,False
HUL,92.84,41.0,2.0,34.206,29.15,29.484,289.0,303.0,294.0,309.0,True,HARD,8.0,True,Haas F1 Team,1,11.0,True,Saudi Arabia,2024,False
HUL,92.592,42.0,2.0,34.091,29.11,29.391,289.0,301.0,294.0,308.0,True,HARD,9.0,True,Haas F1 Team,1,10.0,True,Saudi Arabia,2024,False
HUL,92.752,43.0,2.0,34.046,29.121,29.585,288.0,300.0,294.0,306.0,False,HARD,10.0,True,Haas F1 Team,1,10.0,True,Saudi Arabia,2024,False
HUL,92.636,44.0,2.0,34.039,29.187,29.41,288.0,298.0,295.0,306.0,False,HARD,11.0,True,Haas F1 Team,1,10.0,True,Saudi Arabia,2024,False
HUL,92.493,45.0,2.0,34.018,29.048,29.427,288.0,301.0,295.0,308.0,True,HARD,12.0,True,Haas F1 Team,1,10.0,True,Saudi Arabia,2024,False
HUL,92.43,46.0,2.0,33.923,29.144,29.363,288.0,299.0,295.0,305.0,True,HARD,13.0,True,Haas F1 Team,1,10.0,True,Saudi Arabia,2024,False
HUL,92.379,47.0,2.0,33.912,28.976,29.491,290.0,300.0,294.0,308.0,True,HARD,14.0,True,Haas F1 Team,1,10.0,True,Saudi Arabia,2024,False
HUL,92.52,48.0,2.0,34.149,29.026,29.345,288.0,303.0,295.0,308.0,False,HARD,15.0,True,Haas F1 Team,1,10.0,True,Saudi Arabia,2024,False
HUL,92.366,49.0,2.0,34.024,29.035,29.307,289.0,304.0,295.0,311.0,True,HARD,16.0,True,Haas F1 Team,1,10.0,True,Saudi Arabia,2024,False
HUL,93.081,50.0,2.0,34.241,29.278,29.562,287.0,300.0,294.0,307.0,False,HARD,17.0,True,Haas F1 Team,1,10.0,True,Saudi Arabia,2024,False
RIC,98.035,2.0,1.0,37.42,30.467,30.148,284.0,317.0,305.0,334.0,True,MEDIUM,2.0,True,RB,1,15.0,True,Saudi Arabia,2024,False
RIC,96.766,3.0,1.0,36.44,30.303,30.023,282.0,311.0,298.0,322.0,True,MEDIUM,3.0,True,RB,1,15.0,True,Saudi Arabia,2024,False
RIC,96.271,4.0,1.0,35.734,30.292,30.245,285.0,309.0,297.0,318.0,True,MEDIUM,4.0,True,RB,1,15.0,True,Saudi Arabia,2024,False
RIC,95.699,5.0,1.0,35.461,30.256,29.982,285.0,307.0,297.0,318.0,True,MEDIUM,5.0,True,RB,1,15.0,True,Saudi Arabia,2024,False
RIC,99.99,10.0,2.0,38.26,31.032,30.698,286.0,303.0,297.0,322.0,False,HARD,3.0,True,RB,1,18.0,True,Saudi Arabia,2024,True
RIC,96.819,11.0,2.0,36.633,30.266,29.92,286.0,321.0,307.0,330.0,False,HARD,4.0,True,RB,1,18.0,True,Saudi Arabia,2024,False
RIC,96.095,12.0,2.0,35.792,30.336,29.967,284.0,313.0,298.0,316.0,False,HARD,5.0,True,RB,1,18.0,True,Saudi Arabia,2024,False
RIC,96.337,13.0,2.0,35.538,30.714,30.085,286.0,310.0,297.0,314.0,False,HARD,6.0,True,RB,1,18.0,True,Saudi Arabia,2024,False
RIC,95.606,14.0,2.0,35.562,30.218,29.826,287.0,308.0,297.0,314.0,True,HARD,7.0,True,RB,1,18.0,True,Saudi Arabia,2024,False
RIC,95.466,15.0,2.0,35.33,30.18,29.956,285.0,312.0,298.0,317.0,True,HARD,8.0,True,RB,1,18.0,True,Saudi Arabia,2024,False
RIC,95.805,16.0,2.0,35.48,30.212,30.113,287.0,312.0,299.0,318.0,False,HARD,9.0,True,RB,1,18.0,True,Saudi Arabia,2024,False
RIC,96.267,17.0,2.0,35.974,30.31,29.983,285.0,324.0,305.0,333.0,False,HARD,10.0,True,RB,1,18.0,True,Saudi Arabia,2024,False
RIC,96.093,18.0,2.0,35.958,30.173,29.962,288.0,312.0,306.0,319.0,False,HARD,11.0,True,RB,1,18.0,True,Saudi Arabia,2024,False
RIC,95.853,19.0,2.0,35.819,30.112,29.922,287.0,310.0,306.0,326.0,False,HARD,12.0,True,RB,1,18.0,True,Saudi Arabia,2024,False
RIC,96.073,20.0,2.0,35.843,29.937,30.293,287.0,324.0,306.0,332.0,False,HARD,13.0,True,RB,1,18.0,True,Saudi Arabia,2024,False
RIC,96.779,21.0,2.0,36.83,29.973,29.976,287.0,318.0,306.0,331.0,False,HARD,14.0,True,RB,1,18.0,True,Saudi Arabia,2024,False
RIC,96.433,22.0,2.0,36.561,29.903,29.969,287.0,323.0,307.0,331.0,False,HARD,15.0,True,RB,1,18.0,True,Saudi Arabia,2024,False
RIC,95.855,23.0,2.0,35.877,30.007,29.971,287.0,318.0,306.0,330.0,False,HARD,16.0,True,RB,1,18.0,True,Saudi Arabia,2024,False
RIC,94.935,24.0,2.0,35.091,29.843,30.001,288.0,309.0,295.0,313.0,True,HARD,17.0,True,RB,1,17.0,True,Saudi Arabia,2024,False
RIC,94.739,25.0,2.0,35.044,29.885,29.81,288.0,309.0,296.0,315.0,True,HARD,18.0,True,RB,1,17.0,True,Saudi Arabia,2024,False
RIC,94.973,26.0,2.0,35.025,29.981,29.967,289.0,308.0,297.0,316.0,False,HARD,19.0,True,RB,1,17.0,True,Saudi Arabia,2024,False
RIC,95.648,27.0,2.0,35.583,30.098,29.967,284.0,312.0,297.0,318.0,False,HARD,20.0,True,RB,1,17.0,True,Saudi Arabia,2024,False
RIC,95.285,28.0,2.0,35.502,29.959,29.824,288.0,316.0,299.0,322.0,False,HARD,21.0,True,RB,1,17.0,True,Saudi Arabia,2024,False
RIC,95.649,29.0,2.0,35.595,30.2,29.854,287.0,313.0,300.0,322.0,False,HARD,22.0,True,RB,1,17.0,True,Saudi Arabia,2024,False
RIC,95.608,30.0,2.0,35.466,30.276,29.866,288.0,300.0,300.0,323.0,False,HARD,23.0,True,RB,1,17.0,True,Saudi Arabia,2024,False
RIC,95.433,31.0,2.0,35.565,30.106,29.762,288.0,311.0,308.0,332.0,False,HARD,24.0,True,RB,1,17.0,True,Saudi Arabia,2024,False
RIC,95.804,32.0,2.0,35.768,30.303,29.733,289.0,317.0,307.0,328.0,False,HARD,25.0,True,RB,1,17.0,True,Saudi Arabia,2024,False
RIC,95.753,33.0,2.0,36.095,30.076,29.582,288.0,318.0,309.0,335.0,False,HARD,26.0,True,RB,1,17.0,True,Saudi Arabia,2024,False
RIC,95.25,34.0,2.0,35.588,29.868,29.794,288.0,322.0,299.0,320.0,False,HARD,27.0,True,RB,1,17.0,True,Saudi Arabia,2024,False
RIC,94.658,35.0,2.0,35.174,29.822,29.662,288.0,314.0,300.0,321.0,True,HARD,28.0,True,RB,1,17.0,True,Saudi Arabia,2024,False
RIC,94.92,36.0,2.0,35.342,29.868,29.71,289.0,311.0,298.0,312.0,False,HARD,29.0,True,RB,1,17.0,True,Saudi Arabia,2024,False
RIC,94.125,37.0,2.0,34.931,29.642,29.552,289.0,312.0,299.0,318.0,True,HARD,30.0,True,RB,1,17.0,True,Saudi Arabia,2024,False
RIC,93.821,38.0,2.0,34.776,29.527,29.518,290.0,311.0,296.0,316.0,True,HARD,31.0,True,RB,1,17.0,True,Saudi Arabia,2024,False
RIC,93.974,39.0,2.0,34.822,29.556,29.596,290.0,311.0,296.0,314.0,False,HARD,32.0,True,RB,1,17.0,True,Saudi Arabia,2024,False
RIC,93.494,40.0,2.0,34.721,29.372,29.401,291.0,313.0,297.0,317.0,True,HARD,33.0,True,RB,1,17.0,True,Saudi Arabia,2024,False
RIC,94.574,41.0,2.0,35.343,29.67,29.561,289.0,310.0,297.0,314.0,False,HARD,34.0,True,RB,1,17.0,True,Saudi Arabia,2024,False
RIC,95.812,42.0,2.0,35.691,30.525,29.596,245.0,311.0,296.0,319.0,False,HARD,35.0,True,RB,1,16.0,True,Saudi Arabia,2024,False
RIC,93.705,43.0,2.0,34.779,29.46,29.466,291.0,311.0,296.0,315.0,False,HARD,36.0,True,RB,1,16.0,True,Saudi Arabia,2024,False
RIC,93.436,44.0,2.0,34.624,29.301,29.511,289.0,311.0,297.0,317.0,True,HARD,37.0,True,RB,1,16.0,True,Saudi Arabia,2024,False
RIC,93.75,45.0,2.0,34.885,29.449,29.416,289.0,309.0,297.0,315.0,False,HARD,38.0,True,RB,1,16.0,True,Saudi Arabia,2024,False
RIC,93.4,46.0,2.0,34.552,29.384,29.464,291.0,312.0,297.0,319.0,True,HARD,39.0,True,RB,1,16.0,True,Saudi Arabia,2024,False
RIC,93.323,47.0,2.0,34.562,29.364,29.397,290.0,311.0,297.0,318.0,True,HARD,40.0,True,RB,1,16.0,True,Saudi Arabia,2024,False
RIC,103.781,48.0,2.0,44.188,29.932,29.661,287.0,310.0,295.0,314.0,False,HARD,41.0,True,RB,1,16.0,True,Saudi Arabia,2024,True
RIC,95.536,49.0,2.0,34.334,30.319,30.883,290.0,244.0,290.0,329.0,False,HARD,42.0,True,RB,1,16.0,True,Saudi Arabia,2024,False
OCO,98.482,2.0,1.0,37.709,30.659,30.114,283.0,324.0,309.0,334.0,True,MEDIUM,2.0,True,Alpine,1,16.0,True,Saudi Arabia,2024,False
OCO,96.92,3.0,1.0,36.32,30.427,30.173,281.0,320.0,307.0,328.0,True,MEDIUM,3.0,True,Alpine,1,16.0,True,Saudi Arabia,2024,False
OCO,96.261,4.0,1.0,35.875,30.204,30.182,282.0,320.0,306.0,326.0,True,MEDIUM,4.0,True,Alpine,1,16.0,True,Saudi Arabia,2024,False
OCO,96.003,5.0,1.0,35.727,30.153,30.123,284.0,326.0,305.0,327.0,True,MEDIUM,5.0,True,Alpine,1,16.0,True,Saudi Arabia,2024,False
OCO,99.439,10.0,2.0,38.307,30.515,30.617,286.0,308.0,290.0,314.0,False,HARD,3.0,True,Alpine,1,14.0,True,Saudi Arabia,2024,True
OCO,95.969,11.0,2.0,36.156,30.118,29.695,280.0,322.0,309.0,329.0,True,HARD,4.0,True,Alpine,1,14.0,True,Saudi Arabia,2024,False
OCO,95.4,12.0,2.0,35.633,29.872,29.895,284.0,326.0,307.0,330.0,True,HARD,5.0,True,Alpine,1,14.0,True,Saudi Arabia,2024,False
OCO,95.107,13.0,2.0,35.506,29.824,29.777,286.0,322.0,308.0,329.0,True,HARD,6.0,True,Alpine,1,14.0,True,Saudi Arabia,2024,False
OCO,95.432,14.0,2.0,35.525,30.106,29.801,286.0,322.0,309.0,337.0,False,HARD,7.0,True,Alpine,1,14.0,True,Saudi Arabia,2024,False
OCO,95.717,15.0,2.0,35.792,30.026,29.899,286.0,324.0,309.0,328.0,False,HARD,8.0,True,Alpine,1,14.0,True,Saudi Arabia,2024,False
OCO,96.245,16.0,2.0,36.319,29.994,29.932,286.0,325.0,309.0,329.0,False,HARD,9.0,True,Alpine,1,14.0,True,Saudi Arabia,2024,False
OCO,97.264,17.0,2.0,36.819,30.101,30.344,285.0,323.0,306.0,319.0,False,HARD,10.0,True,Alpine,1,14.0,True,Saudi Arabia,2024,False
OCO,95.436,18.0,2.0,35.655,29.942,29.839,286.0,320.0,306.0,330.0,False,HARD,11.0,True,Alpine,1,14.0,True,Saudi Arabia,2024,False
OCO,95.152,19.0,2.0,35.53,29.911,29.711,286.0,320.0,307.0,331.0,False,HARD,12.0,True,Alpine,1,14.0,True,Saudi Arabia,2024,False
OCO,95.02,20.0,2.0,35.44,29.871,29.709,287.0,322.0,308.0,332.0,True,HARD,13.0,True,Alpine,1,14.0,True,Saudi Arabia,2024,False
OCO,94.925,21.0,2.0,35.383,29.841,29.701,287.0,323.0,307.0,331.0,True,HARD,14.0,True,Alpine,1,14.0,True,Saudi Arabia,2024,False
OCO,95.218,22.0,2.0,35.49,29.92,29.808,286.0,323.0,309.0,331.0,False,HARD,15.0,True,Alpine,1,14.0,True,Saudi Arabia,2024,False
OCO,96.216,23.0,2.0,36.275,30.09,29.851,288.0,322.0,308.0,334.0,False,HARD,16.0,True,Alpine,1,14.0,True,Saudi Arabia,2024,False
OCO,96.124,24.0,2.0,36.07,30.165,29.889,286.0,322.0,305.0,330.0,False,HARD,17.0,True,Alpine,1,14.0,True,Saudi Arabia,2024,False
OCO,96.373,25.0,2.0,36.401,29.926,30.046,289.0,323.0,308.0,327.0,False,HARD,18.0,True,Alpine,1,14.0,True,Saudi Arabia,2024,False
OCO,96.331,26.0,2.0,36.625,29.868,29.838,285.0,323.0,311.0,338.0,False,HARD,19.0,True,Alpine,1,14.0,True,Saudi Arabia,2024,False
OCO,96.399,27.0,2.0,36.41,30.212,29.777,289.0,322.0,309.0,331.0,False,HARD,20.0,True,Alpine,1,14.0,True,Saudi Arabia,2024,False
OCO,95.884,28.0,2.0,36.049,30.157,29.678,284.0,332.0,307.0,326.0,False,HARD,21.0,True,Alpine,1,14.0,True,Saudi Arabia,2024,False
OCO,95.305,29.0,2.0,35.624,29.785,29.896,285.0,318.0,307.0,324.0,False,HARD,22.0,True,Alpine,1,13.0,True,Saudi Arabia,2024,False
OCO,96.117,30.0,2.0,36.326,29.891,29.9,284.0,316.0,306.0,321.0,False,HARD,23.0,True,Alpine,1,13.0,True,Saudi Arabia,2024,False
OCO,95.912,31.0,2.0,36.31,29.779,29.823,284.0,317.0,304.0,322.0,False,HARD,24.0,True,Alpine,1,13.0,True,Saudi Arabia,2024,False
OCO,95.709,32.0,2.0,36.228,29.665,29.816,287.0,320.0,306.0,326.0,False,HARD,25.0,True,Alpine,1,13.0,True,Saudi Arabia,2024,False
OCO,95.753,33.0,2.0,36.304,29.67,29.779,287.0,319.0,305.0,326.0,False,HARD,26.0,True,Alpine,1,13.0,True,Saudi Arabia,2024,False
OCO,94.087,34.0,2.0,35.063,29.492,29.532,287.0,321.0,309.0,329.0,True,HARD,27.0,True,Alpine,1,13.0,True,Saudi Arabia,2024,False
OCO,94.061,35.0,2.0,35.081,29.409,29.571,289.0,318.0,306.0,324.0,True,HARD,28.0,True,Alpine,1,13.0,True,Saudi Arabia,2024,False
OCO,93.799,36.0,2.0,34.881,29.369,29.549,288.0,319.0,306.0,326.0,True,HARD,29.0,True,Alpine,1,13.0,True,Saudi Arabia,2024,False
OCO,93.81,37.0,2.0,34.845,29.517,29.448,285.0,304.0,305.0,324.0,False,HARD,30.0,True,Alpine,1,13.0,True,Saudi Arabia,2024,False
OCO,93.845,38.0,2.0,34.643,29.442,29.76,287.0,306.0,293.0,309.0,False,HARD,31.0,True,Alpine,1,13.0,True,Saudi Arabia,2024,False
OCO,94.047,39.0,2.0,34.721,29.501,29.825,288.0,304.0,293.0,309.0,False,HARD,32.0,True,Alpine,1,13.0,True,Saudi Arabia,2024,False
OCO,93.716,40.0,2.0,34.6,29.347,29.769,288.0,303.0,293.0,306.0,True,HARD,33.0,True,Alpine,1,13.0,True,Saudi Arabia,2024,False
OCO,93.711,41.0,2.0,34.532,29.502,29.677,287.0,299.0,293.0,305.0,True,HARD,34.0,True,Alpine,1,13.0,True,Saudi Arabia,2024,False
OCO,93.633,42.0,2.0,34.532,29.461,29.64,286.0,301.0,293.0,307.0,True,HARD,35.0,True,Alpine,1,12.0,True,Saudi Arabia,2024,False
OCO,94.59,43.0,2.0,35.359,29.6,29.631,285.0,302.0,295.0,309.0,False,HARD,36.0,True,Alpine,1,13.0,True,Saudi Arabia,2024,False
OCO,93.871,44.0,2.0,34.803,29.467,29.601,283.0,302.0,294.0,308.0,False,HARD,37.0,True,Alpine,1,13.0,True,Saudi Arabia,2024,False
OCO,93.643,45.0,2.0,34.713,29.349,29.581,288.0,301.0,295.0,309.0,False,HARD,38.0,True,Alpine,1,13.0,True,Saudi Arabia,2024,False
OCO,93.757,46.0,2.0,34.502,29.533,29.722,285.0,300.0,293.0,308.0,False,HARD,39.0,True,Alpine,1,13.0,True,Saudi Arabia,2024,False
OCO,95.294,47.0,2.0,34.722,29.585,30.987,288.0,301.0,305.0,274.0,False,HARD,40.0,True,Alpine,1,13.0,True,Saudi Arabia,2024,False
OCO,93.481,48.0,2.0,34.57,29.352,29.559,288.0,303.0,293.0,309.0,True,HARD,41.0,True,Alpine,1,13.0,True,Saudi Arabia,2024,False
OCO,93.813,49.0,2.0,34.63,29.521,29.662,287.0,302.0,293.0,309.0,False,HARD,42.0,True,Alpine,1,13.0,True,Saudi Arabia,2024,False
BEA,97.415,2.0,1.0,37.634,29.937,29.844,282.0,311.0,307.0,327.0,True,SOFT,2.0,True,Ferrari,1,11.0,True,Saudi Arabia,2024,False
BEA,95.515,3.0,1.0,35.728,30.062,29.725,283.0,311.0,308.0,333.0,True,SOFT,3.0,True,Ferrari,1,11.0,True,Saudi Arabia,2024,False
BEA,95.645,4.0,1.0,35.862,30.067,29.716,283.0,313.0,306.0,326.0,False,SOFT,4.0,True,Ferrari,1,11.0,True,Saudi Arabia,2024,False
BEA,95.593,5.0,1.0,35.766,30.04,29.787,284.0,310.0,305.0,326.0,False,SOFT,5.0,True,Ferrari,1,11.0,True,Saudi Arabia,2024,False
BEA,98.427,10.0,2.0,37.734,30.418,30.275,285.0,301.0,293.0,310.0,False,HARD,3.0,True,Ferrari,1,11.0,True,Saudi Arabia,2024,True
BEA,95.645,11.0,2.0,35.816,30.052,29.777,283.0,318.0,306.0,327.0,False,HARD,4.0,True,Ferrari,1,11.0,True,Saudi Arabia,2024,False
BEA,94.907,12.0,2.0,35.377,29.858,29.672,285.0,328.0,306.0,336.0,True,HARD,5.0,True,Ferrari,1,11.0,True,Saudi Arabia,2024,False
BEA,95.153,13.0,2.0,35.641,29.885,29.627,284.0,316.0,308.0,327.0,False,HARD,6.0,True,Ferrari,1,11.0,True,Saudi Arabia,2024,False
BEA,95.479,14.0,2.0,35.53,30.013,29.936,281.0,297.0,292.0,305.0,False,HARD,7.0,True,Ferrari,1,10.0,True,Saudi Arabia,2024,False
BEA,95.118,15.0,2.0,35.174,29.998,29.946,281.0,300.0,294.0,306.0,False,HARD,8.0,True,Ferrari,1,10.0,True,Saudi Arabia,2024,False
BEA,94.715,16.0,2.0,35.076,29.878,29.761,285.0,312.0,306.0,316.0,True,HARD,9.0,True,Ferrari,1,10.0,True,Saudi Arabia,2024,False
BEA,94.681,17.0,2.0,34.949,29.85,29.882,285.0,327.0,307.0,323.0,True,HARD,10.0,True,Ferrari,1,10.0,True,Saudi Arabia,2024,False
BEA,95.27,18.0,2.0,35.543,29.795,29.932,286.0,317.0,292.0,328.0,False,HARD,11.0,True,Ferrari,1,9.0,True,Saudi Arabia,2024,False
BEA,95.616,19.0,2.0,35.914,29.887,29.815,283.0,314.0,306.0,324.0,False,HARD,12.0,True,Ferrari,1,10.0,True,Saudi Arabia,2024,False
BEA,94.828,20.0,2.0,35.453,29.793,29.582,283.0,314.0,311.0,324.0,False,HARD,13.0,True,Ferrari,1,10.0,True,Saudi Arabia,2024,False
BEA,94.368,21.0,2.0,34.628,29.902,29.838,283.0,297.0,292.0,303.0,True,HARD,14.0,True,Ferrari,1,9.0,True,Saudi Arabia,2024,False
BEA,94.559,22.0,2.0,34.844,29.851,29.864,283.0,295.0,292.0,304.0,False,HARD,15.0,True,Ferrari,1,9.0,True,Saudi Arabia,2024,False
BEA,94.128,23.0,2.0,34.668,29.649,29.811,286.0,298.0,291.0,305.0,True,HARD,16.0,True,Ferrari,1,9.0,True,Saudi Arabia,2024,False
BEA,93.966,24.0,2.0,34.503,29.637,29.826,287.0,298.0,290.0,306.0,True,HARD,17.0,True,Ferrari,1,9.0,True,Saudi Arabia,2024,False
BEA,93.924,25.0,2.0,34.546,29.619,29.759,286.0,298.0,291.0,306.0,True,HARD,18.0,True,Ferrari,1,9.0,True,Saudi Arabia,2024,False
BEA,93.788,26.0,2.0,34.447,29.616,29.725,287.0,299.0,292.0,306.0,True,HARD,19.0,True,Ferrari,1,9.0,True,Saudi Arabia,2024,False
BEA,93.808,27.0,2.0,34.562,29.549,29.697,287.0,299.0,291.0,307.0,False,HARD,20.0,True,Ferrari,1,9.0,True,Saudi Arabia,2024,False
BEA,93.639,28.0,2.0,34.428,29.472,29.739,287.0,299.0,291.0,307.0,True,HARD,21.0,True,Ferrari,1,9.0,True,Saudi Arabia,2024,False
BEA,93.379,29.0,2.0,34.35,29.366,29.663,287.0,302.0,293.0,310.0,True,HARD,22.0,True,Ferrari,1,9.0,True,Saudi Arabia,2024,False
BEA,93.771,30.0,2.0,34.425,29.502,29.844,286.0,299.0,291.0,305.0,False,HARD,23.0,True,Ferrari,1,9.0,True,Saudi Arabia,2024,False
BEA,93.446,31.0,2.0,34.401,29.339,29.706,287.0,299.0,291.0,307.0,False,HARD,24.0,True,Ferrari,1,9.0,True,Saudi Arabia,2024,False
BEA,93.086,32.0,2.0,34.056,29.388,29.642,288.0,301.0,292.0,310.0,True,HARD,25.0,True,Ferrari,1,9.0,True,Saudi Arabia,2024,False
BEA,93.551,33.0,2.0,34.36,29.499,29.692,286.0,300.0,292.0,306.0,False,HARD,26.0,True,Ferrari,1,9.0,True,Saudi Arabia,2024,False
BEA,93.256,34.0,2.0,34.378,29.319,29.559,286.0,302.0,292.0,309.0,False,HARD,27.0,True,Ferrari,1,9.0,True,Saudi Arabia,2024,False
BEA,93.266,35.0,2.0,34.206,29.525,29.535,287.0,299.0,292.0,306.0,False,HARD,28.0,True,Ferrari,1,9.0,True,Saudi Arabia,2024,False
BEA,93.053,36.0,2.0,34.127,29.387,29.539,288.0,300.0,293.0,308.0,True,HARD,29.0,True,Ferrari,1,9.0,True,Saudi Arabia,2024,False
BEA,93.052,37.0,2.0,34.129,29.377,29.546,287.0,299.0,291.0,306.0,True,HARD,30.0,True,Ferrari,1,8.0,True,Saudi Arabia,2024,False
BEA,92.708,38.0,2.0,34.037,29.216,29.455,288.0,299.0,293.0,307.0,True,HARD,31.0,True,Ferrari,1,7.0,True,Saudi Arabia,2024,False
BEA,92.756,39.0,2.0,33.924,29.286,29.546,288.0,299.0,291.0,306.0,False,HARD,32.0,True,Ferrari,1,7.0,True,Saudi Arabia,2024,False
BEA,92.607,40.0,2.0,33.945,29.292,29.37,288.0,299.0,291.0,307.0,True,HARD,33.0,True,Ferrari,1,7.0,True,Saudi Arabia,2024,False
BEA,92.691,41.0,2.0,34.036,29.221,29.434,288.0,299.0,292.0,306.0,False,HARD,34.0,True,Ferrari,1,7.0,True,Saudi Arabia,2024,False
BEA,92.656,42.0,2.0,33.968,29.224,29.464,287.0,299.0,292.0,306.0,False,HARD,35.0,True,Ferrari,1,7.0,True,Saudi Arabia,2024,False
BEA,92.672,43.0,2.0,34.038,29.226,29.408,288.0,299.0,293.0,306.0,False,HARD,36.0,True,Ferrari,1,7.0,True,Saudi Arabia,2024,False
BEA,92.322,44.0,2.0,33.793,29.117,29.412,290.0,299.0,293.0,308.0,True,HARD,37.0,True,Ferrari,1,7.0,True,Saudi Arabia,2024,False
BEA,92.613,45.0,2.0,33.973,29.263,29.377,287.0,297.0,293.0,305.0,False,HARD,38.0,True,Ferrari,1,7.0,True,Saudi Arabia,2024,False
BEA,92.749,46.0,2.0,34.091,29.206,29.452,288.0,298.0,293.0,308.0,False,HARD,39.0,True,Ferrari,1,7.0,True,Saudi Arabia,2024,False
BEA,92.583,47.0,2.0,33.921,29.125,29.537,289.0,300.0,292.0,309.0,False,HARD,40.0,True,Ferrari,1,7.0,True,Saudi Arabia,2024,False
BEA,92.262,48.0,2.0,33.863,29.067,29.332,290.0,300.0,293.0,308.0,True,HARD,41.0,True,Ferrari,1,7.0,True,Saudi Arabia,2024,False
BEA,92.484,49.0,2.0,33.939,29.04,29.505,289.0,301.0,293.0,310.0,False,HARD,42.0,True,Ferrari,1,7.0,True,Saudi Arabia,2024,False
BEA,92.186,50.0,2.0,33.854,29.085,29.247,289.0,313.0,287.0,313.0,True,HARD,43.0,True,Ferrari,1,7.0,True,Saudi Arabia,2024,False
NOR,95.246,2.0,1.0,35.355,29.959,29.932,286.0,303.0,304.0,307.0,True,MEDIUM,2.0,True,McLaren,1,6.0,True,Saudi Arabia,2024,False
NOR,95.079,3.0,1.0,35.158,29.767,30.154,285.0,305.0,294.0,307.0,True,MEDIUM,3.0,True,McLaren,1,6.0,True,Saudi Arabia,2024,False
NOR,94.897,4.0,1.0,35.054,29.889,29.954,287.0,304.0,293.0,305.0,True,MEDIUM,4.0,True,McLaren,1,6.0,True,Saudi Arabia,2024,False
NOR,94.902,5.0,1.0,35.043,29.824,30.035,286.0,301.0,292.0,304.0,False,MEDIUM,5.0,True,McLaren,1,6.0,True,Saudi Arabia,2024,False
NOR,94.352,10.0,1.0,34.882,29.644,29.826,284.0,294.0,289.0,298.0,True,MEDIUM,10.0,True,McLaren,1,1.0,True,Saudi Arabia,2024,False
NOR,93.674,11.0,1.0,34.198,29.625,29.851,282.0,293.0,289.0,296.0,True,MEDIUM,11.0,True,McLaren,1,1.0,True,Saudi Arabia,2024,False
NOR,93.877,12.0,1.0,34.258,29.634,29.985,280.0,292.0,288.0,295.0,False,MEDIUM,12.0,True,McLaren,1,1.0,True,Saudi Arabia,2024,False
NOR,95.131,13.0,1.0,35.575,29.624,29.932,285.0,299.0,290.0,301.0,False,MEDIUM,13.0,True,McLaren,1,2.0,True,Saudi Arabia,2024,False
NOR,93.971,14.0,1.0,34.497,29.55,29.924,286.0,297.0,290.0,300.0,False,MEDIUM,14.0,True,McLaren,1,2.0,True,Saudi Arabia,2024,False
NOR,93.944,15.0,1.0,34.389,29.587,29.968,286.0,298.0,290.0,299.0,False,MEDIUM,15.0,True,McLaren,1,2.0,True,Saudi Arabia,2024,False
NOR,93.858,16.0,1.0,34.387,29.562,29.909,286.0,298.0,289.0,300.0,False,MEDIUM,16.0,True,McLaren,1,2.0,True,Saudi Arabia,2024,False
NOR,94.497,17.0,1.0,34.635,29.782,30.08,283.0,294.0,286.0,297.0,False,MEDIUM,17.0,True,McLaren,1,2.0,True,Saudi Arabia,2024,False
NOR,95.607,18.0,1.0,35.599,29.723,30.285,286.0,301.0,291.0,306.0,False,MEDIUM,18.0,True,McLaren,1,3.0,True,Saudi Arabia,2024,False
NOR,94.194,19.0,1.0,34.537,29.596,30.061,288.0,299.0,291.0,300.0,False,MEDIUM,19.0,True,McLaren,1,3.0,True,Saudi Arabia,2024,False
NOR,94.003,20.0,1.0,34.492,29.626,29.885,287.0,299.0,291.0,301.0,False,MEDIUM,20.0,True,McLaren,1,3.0,True,Saudi Arabia,2024,False
NOR,93.941,21.0,1.0,34.384,29.621,29.936,287.0,298.0,290.0,299.0,False,MEDIUM,21.0,True,McLaren,1,3.0,True,Saudi Arabia,2024,False
NOR,93.698,22.0,1.0,34.268,29.525,29.905,287.0,297.0,291.0,298.0,False,MEDIUM,22.0,True,McLaren,1,3.0,True,Saudi Arabia,2024,False
NOR,93.824,23.0,1.0,34.331,29.528,29.965,287.0,298.0,290.0,299.0,False,MEDIUM,23.0,True,McLaren,1,3.0,True,Saudi Arabia,2024,False
NOR,93.561,24.0,1.0,34.228,29.486,29.847,288.0,297.0,290.0,298.0,True,MEDIUM,24.0,True,McLaren,1,3.0,True,Saudi Arabia,2024,False
NOR,93.572,25.0,1.0,34.207,29.461,29.904,287.0,298.0,290.0,298.0,False,MEDIUM,25.0,True,McLaren,1,3.0,True,Saudi Arabia,2024,False
NOR,93.792,26.0,1.0,34.364,29.549,29.879,284.0,296.0,285.0,297.0,False,MEDIUM,26.0,True,McLaren,1,3.0,True,Saudi Arabia,2024,False
NOR,94.718,27.0,1.0,35.204,29.598,29.916,288.0,301.0,292.0,305.0,False,MEDIUM,27.0,True,McLaren,1,4.0,True,Saudi Arabia,2024,False
NOR,93.794,28.0,1.0,34.295,29.568,29.931,288.0,301.0,291.0,301.0,False,MEDIUM,28.0,True,McLaren,1,4.0,True,Saudi Arabia,2024,False
NOR,93.631,29.0,1.0,34.288,29.531,29.812,287.0,302.0,292.0,303.0,False,MEDIUM,29.0,True,McLaren,1,4.0,True,Saudi Arabia,2024,False
NOR,93.65,30.0,1.0,34.252,29.547,29.851,288.0,301.0,291.0,302.0,False,MEDIUM,30.0,True,McLaren,1,4.0,True,Saudi Arabia,2024,False
NOR,93.562,31.0,1.0,34.267,29.436,29.859,288.0,301.0,291.0,301.0,False,MEDIUM,31.0,True,McLaren,1,4.0,True,Saudi Arabia,2024,False
NOR,93.309,32.0,1.0,34.073,29.426,29.81,289.0,300.0,292.0,301.0,True,MEDIUM,32.0,True,McLaren,1,4.0,True,Saudi Arabia,2024,False
NOR,93.514,33.0,1.0,34.174,29.433,29.907,288.0,298.0,291.0,298.0,False,MEDIUM,33.0,True,McLaren,1,4.0,True,Saudi Arabia,2024,False
NOR,93.399,34.0,1.0,34.242,29.411,29.746,288.0,301.0,291.0,300.0,False,MEDIUM,34.0,True,McLaren,1,4.0,True,Saudi Arabia,2024,False
NOR,93.571,35.0,1.0,34.212,29.504,29.855,288.0,300.0,292.0,300.0,False,MEDIUM,35.0,True,McLaren,1,4.0,True,Saudi Arabia,2024,False
NOR,93.573,36.0,1.0,34.258,29.481,29.834,288.0,301.0,293.0,302.0,False,MEDIUM,36.0,True,McLaren,1,4.0,True,Saudi Arabia,2024,False
NOR,96.675,37.0,1.0,34.295,29.498,32.882,288.0,300.0,296.0,299.0,False,MEDIUM,37.0,True,McLaren,1,4.0,False,Saudi Arabia,2024,True
NOR,110.849,38.0,2.0,52.11,29.326,29.413,283.0,294.0,292.0,294.0,False,SOFT,7.0,False,McLaren,1,8.0,False,Saudi Arabia,2024,True
NOR,92.106,39.0,2.0,33.72,29.019,29.367,290.0,299.0,290.0,299.0,True,SOFT,8.0,False,McLaren,1,8.0,True,Saudi Arabia,2024,False
NOR,91.944,40.0,2.0,33.625,28.987,29.332,285.0,298.0,292.0,299.0,True,SOFT,9.0,False,McLaren,1,8.0,True,Saudi Arabia,2024,False
NOR,92.095,41.0,2.0,33.575,29.014,29.506,291.0,300.0,293.0,299.0,False,SOFT,10.0,False,McLaren,1,8.0,True,Saudi Arabia,2024,False
NOR,92.202,42.0,2.0,33.716,29.121,29.365,288.0,298.0,292.0,298.0,False,SOFT,11.0,False,McLaren,1,8.0,True,Saudi Arabia,2024,False
NOR,92.399,43.0,2.0,33.785,29.124,29.49,290.0,298.0,293.0,299.0,False,SOFT,12.0,False,McLaren,1,8.0,True,Saudi Arabia,2024,False
NOR,92.151,44.0,2.0,33.605,29.054,29.492,292.0,299.0,293.0,300.0,False,SOFT,13.0,False,McLaren,1,8.0,True,Saudi Arabia,2024,False
NOR,92.205,45.0,2.0,33.639,29.138,29.428,290.0,299.0,293.0,300.0,False,SOFT,14.0,False,McLaren,1,8.0,True,Saudi Arabia,2024,False
NOR,92.502,46.0,2.0,33.904,29.141,29.457,288.0,299.0,293.0,299.0,False,SOFT,15.0,False,McLaren,1,8.0,True,Saudi Arabia,2024,False
NOR,92.153,47.0,2.0,33.589,29.131,29.433,291.0,301.0,293.0,301.0,False,SOFT,16.0,False,McLaren,1,8.0,True,Saudi Arabia,2024,False
NOR,92.369,48.0,2.0,33.734,29.088,29.547,291.0,302.0,293.0,300.0,False,SOFT,17.0,False,McLaren,1,8.0,True,Saudi Arabia,2024,False
NOR,92.388,49.0,2.0,33.667,29.131,29.59,291.0,304.0,293.0,301.0,False,SOFT,18.0,False,McLaren,1,8.0,True,Saudi Arabia,2024,False
NOR,92.841,50.0,2.0,33.771,29.282,29.788,290.0,301.0,293.0,298.0,False,SOFT,19.0,False,McLaren,1,8.0,True,Saudi Arabia,2024,False
HAM,95.541,2.0,1.0,36.082,29.801,29.658,288.0,322.0,309.0,332.0,True,MEDIUM,2.0,True,Mercedes,1,8.0,True,Saudi Arabia,2024,False
HAM,95.184,3.0,1.0,35.62,29.818,29.746,289.0,316.0,308.0,329.0,True,MEDIUM,3.0,True,Mercedes,1,8.0,True,Saudi Arabia,2024,False
HAM,95.672,4.0,1.0,35.622,29.971,30.079,289.0,307.0,294.0,313.0,False,MEDIUM,4.0,True,Mercedes,1,8.0,True,Saudi Arabia,2024,False
HAM,95.107,5.0,1.0,35.365,29.797,29.945,288.0,310.0,298.0,316.0,True,MEDIUM,5.0,True,Mercedes,1,8.0,True,Saudi Arabia,2024,False
HAM,95.257,10.0,1.0,36.023,29.399,29.835,289.0,311.0,298.0,319.0,False,MEDIUM,10.0,True,Mercedes,1,3.0,True,Saudi Arabia,2024,False
HAM,94.334,11.0,1.0,35.119,29.502,29.713,288.0,308.0,298.0,314.0,True,MEDIUM,11.0,True,Mercedes,1,3.0,True,Saudi Arabia,2024,False
HAM,94.018,12.0,1.0,34.807,29.506,29.705,288.0,311.0,296.0,314.0,True,MEDIUM,12.0,True,Mercedes,1,3.0,True,Saudi Arabia,2024,False
HAM,95.312,13.0,1.0,36.142,29.596,29.574,289.0,310.0,306.0,327.0,False,MEDIUM,13.0,True,Mercedes,1,4.0,True,Saudi Arabia,2024,False
HAM,94.341,14.0,1.0,34.994,29.546,29.801,289.0,312.0,297.0,316.0,False,MEDIUM,14.0,True,Mercedes,1,4.0,True,Saudi Arabia,2024,False
HAM,95.355,15.0,1.0,36.045,29.69,29.62,289.0,314.0,305.0,330.0,False,MEDIUM,15.0,True,Mercedes,1,5.0,True,Saudi Arabia,2024,False
HAM,94.435,16.0,1.0,35.036,29.551,29.848,289.0,312.0,298.0,317.0,False,MEDIUM,16.0,True,Mercedes,1,5.0,True,Saudi Arabia,2024,False
HAM,94.811,17.0,1.0,35.564,29.468,29.779,289.0,310.0,297.0,316.0,False,MEDIUM,17.0,True,Mercedes,1,5.0,True,Saudi Arabia,2024,False
HAM,94.307,18.0,1.0,34.882,29.588,29.837,289.0,309.0,299.0,313.0,False,MEDIUM,18.0,True,Mercedes,1,5.0,True,Saudi Arabia,2024,False
HAM,94.524,19.0,1.0,35.163,29.567,29.794,290.0,309.0,297.0,311.0,False,MEDIUM,19.0,True,Mercedes,1,5.0,True,Saudi Arabia,2024,False
HAM,94.225,20.0,1.0,34.86,29.553,29.812,290.0,306.0,296.0,312.0,False,MEDIUM,20.0,True,Mercedes,1,5.0,True,Saudi Arabia,2024,False
HAM,94.016,21.0,1.0,34.763,29.48,29.773,290.0,309.0,296.0,312.0,True,MEDIUM,21.0,True,Mercedes,1,5.0,True,Saudi Arabia,2024,False
HAM,94.419,22.0,1.0,35.066,29.586,29.767,289.0,309.0,298.0,312.0,False,MEDIUM,22.0,True,Mercedes,1,5.0,True,Saudi Arabia,2024,False
HAM,94.041,23.0,1.0,34.829,29.483,29.729,290.0,307.0,297.0,312.0,False,MEDIUM,23.0,True,Mercedes,1,5.0,True,Saudi Arabia,2024,False
HAM,94.025,24.0,1.0,34.845,29.441,29.739,290.0,307.0,296.0,309.0,False,MEDIUM,24.0,True,Mercedes,1,5.0,True,Saudi Arabia,2024,False
HAM,93.532,25.0,1.0,34.498,29.364,29.67,290.0,308.0,298.0,312.0,True,MEDIUM,25.0,True,Mercedes,1,5.0,True,Saudi Arabia,2024,False
HAM,93.518,26.0,1.0,34.498,29.387,29.633,290.0,309.0,298.0,316.0,True,MEDIUM,26.0,True,Mercedes,1,5.0,True,Saudi Arabia,2024,False
HAM,93.918,27.0,1.0,34.772,29.393,29.753,289.0,306.0,297.0,309.0,False,MEDIUM,27.0,True,Mercedes,1,5.0,True,Saudi Arabia,2024,False
HAM,93.56,28.0,1.0,34.565,29.32,29.675,290.0,306.0,296.0,311.0,False,MEDIUM,28.0,True,Mercedes,1,5.0,True,Saudi Arabia,2024,False
HAM,93.567,29.0,1.0,34.579,29.359,29.629,289.0,308.0,298.0,313.0,False,MEDIUM,29.0,True,Mercedes,1,5.0,True,Saudi Arabia,2024,False
HAM,93.354,30.0,1.0,34.562,29.249,29.543,290.0,309.0,297.0,316.0,True,MEDIUM,30.0,True,Mercedes,1,5.0,True,Saudi Arabia,2024,False
HAM,93.384,31.0,1.0,34.454,29.342,29.588,291.0,308.0,297.0,315.0,False,MEDIUM,31.0,True,Mercedes,1,5.0,True,Saudi Arabia,2024,False
HAM,93.406,32.0,1.0,34.534,29.297,29.575,291.0,311.0,298.0,318.0,False,MEDIUM,32.0,True,Mercedes,1,5.0,True,Saudi Arabia,2024,False
HAM,93.36,33.0,1.0,34.51,29.199,29.651,291.0,311.0,298.0,315.0,False,MEDIUM,33.0,True,Mercedes,1,5.0,True,Saudi Arabia,2024,False
HAM,93.693,34.0,1.0,34.622,29.317,29.754,291.0,309.0,297.0,312.0,False,MEDIUM,34.0,True,Mercedes,1,5.0,True,Saudi Arabia,2024,False
HAM,93.742,35.0,1.0,34.844,29.297,29.601,290.0,311.0,298.0,312.0,False,MEDIUM,35.0,True,Mercedes,1,5.0,True,Saudi Arabia,2024,False
HAM,95.967,36.0,1.0,34.588,29.352,32.027,290.0,313.0,296.0,316.0,False,MEDIUM,36.0,True,Mercedes,1,6.0,False,Saudi Arabia,2024,True
HAM,109.485,37.0,2.0,51.107,29.127,29.251,289.0,306.0,296.0,310.0,False,SOFT,4.0,False,Mercedes,1,9.0,False,Saudi Arabia,2024,True
HAM,91.746,38.0,2.0,33.995,28.878,28.873,292.0,313.0,310.0,330.0,True,SOFT,5.0,False,Mercedes,1,9.0,True,Saudi Arabia,2024,False
HAM,92.315,39.0,2.0,34.456,28.846,29.013,293.0,308.0,307.0,311.0,False,SOFT,6.0,False,Mercedes,1,9.0,True,Saudi Arabia,2024,False
HAM,92.37,40.0,2.0,34.188,28.938,29.244,293.0,310.0,300.0,314.0,False,SOFT,7.0,False,Mercedes,1,9.0,True,Saudi Arabia,2024,False
HAM,92.201,41.0,2.0,34.196,28.857,29.148,294.0,313.0,300.0,318.0,False,SOFT,8.0,False,Mercedes,1,9.0,True,Saudi Arabia,2024,False
HAM,92.027,42.0,2.0,34.075,28.77,29.182,294.0,313.0,300.0,319.0,False,SOFT,9.0,False,Mercedes,1,9.0,True,Saudi Arabia,2024,False
HAM,92.041,43.0,2.0,34.125,28.81,29.106,293.0,313.0,309.0,317.0,False,SOFT,10.0,False,Mercedes,1,9.0,True,Saudi Arabia,2024,False
HAM,92.232,44.0,2.0,34.288,28.825,29.119,293.0,313.0,309.0,318.0,False,SOFT,11.0,False,Mercedes,1,9.0,True,Saudi Arabia,2024,False
HAM,91.943,45.0,2.0,34.153,28.802,28.988,294.0,313.0,311.0,330.0,False,SOFT,12.0,False,Mercedes,1,9.0,True,Saudi Arabia,2024,False
HAM,93.036,46.0,2.0,34.709,29.03,29.297,295.0,312.0,300.0,315.0,False,SOFT,13.0,False,Mercedes,1,9.0,True,Saudi Arabia,2024,False
HAM,92.106,47.0,2.0,34.081,28.818,29.207,294.0,314.0,301.0,318.0,False,SOFT,14.0,False,Mercedes,1,9.0,True,Saudi Arabia,2024,False
HAM,92.381,48.0,2.0,34.186,28.899,29.296,294.0,313.0,301.0,317.0,False,SOFT,15.0,False,Mercedes,1,9.0,True,Saudi Arabia,2024,False
HAM,92.615,49.0,2.0,34.257,28.931,29.427,293.0,315.0,300.0,323.0,False,SOFT,16.0,False,Mercedes,1,9.0,True,Saudi Arabia,2024,False
HAM,93.314,50.0,2.0,34.397,29.264,29.653,291.0,314.0,281.0,320.0,False,SOFT,17.0,False,Mercedes,1,9.0,True,Saudi Arabia,2024,False
RUS,95.146,2.0,1.0,35.762,29.646,29.738,288.0,328.0,310.0,329.0,True,MEDIUM,2.0,True,Mercedes,1,7.0,True,Saudi Arabia,2024,False
RUS,95.219,3.0,1.0,35.737,29.727,29.755,288.0,316.0,301.0,327.0,False,MEDIUM,3.0,True,Mercedes,1,7.0,True,Saudi Arabia,2024,False
RUS,95.033,4.0,1.0,35.522,29.747,29.764,290.0,316.0,302.0,328.0,True,MEDIUM,4.0,True,Mercedes,1,7.0,True,Saudi Arabia,2024,False
RUS,95.15,5.0,1.0,35.467,29.73,29.953,288.0,315.0,299.0,313.0,False,MEDIUM,5.0,True,Mercedes,1,7.0,True,Saudi Arabia,2024,False
RUS,97.943,10.0,2.0,37.722,30.004,30.217,287.0,311.0,300.0,318.0,False,HARD,3.0,True,Mercedes,1,9.0,True,Saudi Arabia,2024,True
RUS,95.048,11.0,2.0,35.82,29.607,29.621,290.0,317.0,310.0,338.0,False,HARD,4.0,True,Mercedes,1,9.0,True,Saudi Arabia,2024,False
RUS,94.488,12.0,2.0,35.327,29.546,29.615,290.0,329.0,310.0,336.0,True,HARD,5.0,True,Mercedes,1,9.0,True,Saudi Arabia,2024,False
RUS,95.082,13.0,2.0,35.53,29.642,29.91,290.0,323.0,310.0,323.0,False,HARD,6.0,True,Mercedes,1,9.0,True,Saudi Arabia,2024,False
RUS,94.379,14.0,2.0,35.046,29.535,29.798,289.0,314.0,296.0,315.0,True,HARD,7.0,True,Mercedes,1,8.0,True,Saudi Arabia,2024,False
RUS,94.803,15.0,2.0,35.346,29.583,29.874,289.0,315.0,299.0,314.0,False,HARD,8.0,True,Mercedes,1,8.0,True,Saudi Arabia,2024,False
RUS,94.638,16.0,2.0,35.196,29.642,29.8,290.0,318.0,300.0,317.0,False,HARD,9.0,True,Mercedes,1,8.0,True,Saudi Arabia,2024,False
RUS,94.907,17.0,2.0,35.144,29.726,30.037,291.0,318.0,299.0,314.0,False,HARD,10.0,True,Mercedes,1,8.0,True,Saudi Arabia,2024,False
RUS,94.559,18.0,2.0,35.218,29.495,29.846,291.0,318.0,298.0,315.0,False,HARD,11.0,True,Mercedes,1,8.0,True,Saudi Arabia,2024,False
RUS,94.395,19.0,2.0,35.139,29.488,29.768,291.0,319.0,300.0,324.0,False,HARD,12.0,True,Mercedes,1,8.0,True,Saudi Arabia,2024,False
RUS,94.457,20.0,2.0,35.093,29.493,29.871,291.0,320.0,300.0,317.0,False,HARD,13.0,True,Mercedes,1,8.0,True,Saudi Arabia,2024,False
RUS,94.144,21.0,2.0,34.966,29.383,29.795,291.0,320.0,300.0,316.0,True,HARD,14.0,True,Mercedes,1,8.0,True,Saudi Arabia,2024,False
RUS,94.264,22.0,2.0,34.97,29.49,29.804,292.0,318.0,301.0,317.0,False,HARD,15.0,True,Mercedes,1,8.0,True,Saudi Arabia,2024,False
RUS,94.099,23.0,2.0,34.763,29.481,29.855,292.0,320.0,299.0,314.0,True,HARD,16.0,True,Mercedes,1,8.0,True,Saudi Arabia,2024,False
RUS,94.256,24.0,2.0,35.064,29.354,29.838,292.0,318.0,292.0,312.0,False,HARD,17.0,True,Mercedes,1,8.0,True,Saudi Arabia,2024,False
RUS,94.077,25.0,2.0,35.002,29.345,29.73,292.0,319.0,291.0,311.0,True,HARD,18.0,True,Mercedes,1,8.0,True,Saudi Arabia,2024,False
RUS,93.737,26.0,2.0,34.921,29.222,29.594,291.0,320.0,300.0,315.0,True,HARD,19.0,True,Mercedes,1,8.0,True,Saudi Arabia,2024,False
RUS,93.571,27.0,2.0,34.788,29.2,29.583,292.0,319.0,300.0,317.0,True,HARD,20.0,True,Mercedes,1,8.0,True,Saudi Arabia,2024,False
RUS,93.775,28.0,2.0,34.708,29.23,29.837,293.0,320.0,298.0,318.0,False,HARD,21.0,True,Mercedes,1,8.0,True,Saudi Arabia,2024,False
RUS,93.643,29.0,2.0,34.73,29.277,29.636,293.0,312.0,301.0,317.0,False,HARD,22.0,True,Mercedes,1,8.0,True,Saudi Arabia,2024,False
RUS,93.631,30.0,2.0,34.659,29.328,29.644,292.0,312.0,300.0,317.0,False,HARD,23.0,True,Mercedes,1,8.0,True,Saudi Arabia,2024,False
RUS,93.565,31.0,2.0,34.639,29.243,29.683,292.0,314.0,299.0,319.0,True,HARD,24.0,True,Mercedes,1,8.0,True,Saudi Arabia,2024,False
RUS,93.39,32.0,2.0,34.602,29.208,29.58,293.0,312.0,300.0,318.0,True,HARD,25.0,True,Mercedes,1,8.0,True,Saudi Arabia,2024,False
RUS,93.32,33.0,2.0,34.61,29.169,29.541,293.0,314.0,300.0,318.0,True,HARD,26.0,True,Mercedes,1,8.0,True,Saudi Arabia,2024,False
RUS,93.309,34.0,2.0,34.543,29.198,29.568,293.0,311.0,300.0,314.0,True,HARD,27.0,True,Mercedes,1,8.0,True,Saudi Arabia,2024,False
RUS,93.081,35.0,2.0,34.496,29.091,29.494,294.0,314.0,302.0,322.0,True,HARD,28.0,True,Mercedes,1,8.0,True,Saudi Arabia,2024,False
RUS,93.125,36.0,2.0,34.449,29.136,29.54,293.0,322.0,302.0,319.0,False,HARD,29.0,True,Mercedes,1,8.0,True,Saudi Arabia,2024,False
RUS,93.258,37.0,2.0,34.474,29.178,29.606,292.0,311.0,299.0,317.0,False,HARD,30.0,True,Mercedes,1,7.0,True,Saudi Arabia,2024,False
RUS,93.018,38.0,2.0,34.454,29.036,29.528,293.0,312.0,300.0,317.0,True,HARD,31.0,True,Mercedes,1,6.0,True,Saudi Arabia,2024,False
RUS,92.607,39.0,2.0,34.309,28.941,29.357,294.0,312.0,299.0,318.0,True,HARD,32.0,True,Mercedes,1,6.0,True,Saudi Arabia,2024,False
RUS,92.487,40.0,2.0,34.21,28.95,29.327,295.0,312.0,299.0,320.0,True,HARD,33.0,True,Mercedes,1,6.0,True,Saudi Arabia,2024,False
RUS,92.458,41.0,2.0,34.172,28.924,29.362,293.0,313.0,300.0,320.0,True,HARD,34.0,True,Mercedes,1,6.0,True,Saudi Arabia,2024,False
RUS,92.254,42.0,2.0,34.061,28.821,29.372,294.0,320.0,301.0,320.0,True,HARD,35.0,True,Mercedes,1,6.0,True,Saudi Arabia,2024,False
RUS,92.499,43.0,2.0,34.162,28.933,29.404,295.0,311.0,302.0,317.0,False,HARD,36.0,True,Mercedes,1,6.0,True,Saudi Arabia,2024,False
RUS,92.571,44.0,2.0,34.256,28.946,29.369,294.0,311.0,301.0,319.0,False,HARD,37.0,True,Mercedes,1,6.0,True,Saudi Arabia,2024,False
RUS,92.573,45.0,2.0,34.325,28.874,29.374,293.0,319.0,302.0,316.0,False,HARD,38.0,True,Mercedes,1,6.0,True,Saudi Arabia,2024,False
RUS,92.64,46.0,2.0,34.342,28.939,29.359,295.0,312.0,301.0,317.0,False,HARD,39.0,True,Mercedes,1,6.0,True,Saudi Arabia,2024,False
RUS,92.494,47.0,2.0,34.327,28.862,29.305,295.0,320.0,296.0,318.0,False,HARD,40.0,True,Mercedes,1,6.0,True,Saudi Arabia,2024,False
RUS,92.88,48.0,2.0,34.605,28.934,29.341,295.0,320.0,301.0,314.0,False,HARD,41.0,True,Mercedes,1,6.0,True,Saudi Arabia,2024,False
RUS,92.68,49.0,2.0,34.431,28.907,29.342,293.0,320.0,301.0,315.0,False,HARD,42.0,True,Mercedes,1,6.0,True,Saudi Arabia,2024,False
RUS,95.145,50.0,2.0,34.509,30.163,30.473,292.0,313.0,300.0,289.0,False,HARD,43.0,True,Mercedes,1,6.0,True,Saudi Arabia,2024,False
BOT,98.474,2.0,1.0,37.493,30.68,30.301,281.0,322.0,309.0,340.0,True,SOFT,2.0,True,Kick Sauber,1,17.0,True,Saudi Arabia,2024,False
BOT,96.966,3.0,1.0,36.222,30.52,30.224,281.0,318.0,306.0,325.0,True,SOFT,3.0,True,Kick Sauber,1,17.0,True,Saudi Arabia,2024,False
BOT,96.417,4.0,1.0,35.91,30.33,30.177,280.0,315.0,305.0,320.0,True,SOFT,4.0,True,Kick Sauber,1,17.0,True,Saudi Arabia,2024,False
BOT,96.244,5.0,1.0,35.837,30.36,30.047,282.0,313.0,303.0,321.0,True,SOFT,5.0,True,Kick Sauber,1,17.0,True,Saudi Arabia,2024,False
BOT,100.082,10.0,2.0,38.709,30.926,30.447,286.0,305.0,296.0,321.0,False,HARD,3.0,True,Kick Sauber,1,16.0,True,Saudi Arabia,2024,True
BOT,96.456,11.0,2.0,36.431,30.173,29.852,282.0,319.0,307.0,325.0,False,HARD,4.0,True,Kick Sauber,1,16.0,True,Saudi Arabia,2024,False
BOT,95.827,12.0,2.0,35.578,30.285,29.964,280.0,318.0,304.0,325.0,True,HARD,5.0,True,Kick Sauber,1,16.0,True,Saudi Arabia,2024,False
BOT,95.447,13.0,2.0,35.489,29.924,30.034,285.0,322.0,298.0,314.0,True,HARD,6.0,True,Kick Sauber,1,16.0,True,Saudi Arabia,2024,False
BOT,95.424,14.0,2.0,35.414,30.05,29.96,283.0,307.0,299.0,312.0,True,HARD,7.0,True,Kick Sauber,1,16.0,True,Saudi Arabia,2024,False
BOT,95.721,15.0,2.0,35.38,30.202,30.139,282.0,306.0,297.0,311.0,False,HARD,8.0,True,Kick Sauber,1,16.0,True,Saudi Arabia,2024,False
BOT,96.825,16.0,2.0,35.638,30.419,30.768,284.0,306.0,308.0,303.0,False,HARD,9.0,True,Kick Sauber,1,17.0,True,Saudi Arabia,2024,False
BOT,97.238,17.0,2.0,36.446,30.612,30.18,282.0,304.0,297.0,309.0,False,HARD,10.0,True,Kick Sauber,1,17.0,True,Saudi Arabia,2024,False
BOT,96.058,18.0,2.0,35.531,30.108,30.419,282.0,316.0,297.0,321.0,False,HARD,11.0,True,Kick Sauber,1,17.0,True,Saudi Arabia,2024,False
BOT,95.828,19.0,2.0,35.387,30.276,30.165,284.0,302.0,294.0,306.0,False,HARD,12.0,True,Kick Sauber,1,17.0,True,Saudi Arabia,2024,False
BOT,96.253,20.0,2.0,35.663,30.15,30.44,281.0,302.0,296.0,305.0,False,HARD,13.0,True,Kick Sauber,1,17.0,True,Saudi Arabia,2024,False
BOT,96.801,21.0,2.0,36.614,30.048,30.139,280.0,301.0,294.0,303.0,False,HARD,14.0,True,Kick Sauber,1,17.0,True,Saudi Arabia,2024,False
BOT,96.425,22.0,2.0,36.244,29.991,30.19,281.0,300.0,294.0,303.0,False,HARD,15.0,True,Kick Sauber,1,17.0,True,Saudi Arabia,2024,False
BOT,96.251,23.0,2.0,35.641,30.17,30.44,279.0,299.0,294.0,303.0,False,HARD,16.0,True,Kick Sauber,1,17.0,True,Saudi Arabia,2024,False
BOT,96.902,24.0,2.0,36.506,30.247,30.149,279.0,301.0,293.0,305.0,False,HARD,17.0,True,Kick Sauber,1,18.0,True,Saudi Arabia,2024,False
BOT,95.619,25.0,2.0,35.557,30.038,30.024,281.0,301.0,295.0,304.0,False,HARD,18.0,True,Kick Sauber,1,18.0,True,Saudi Arabia,2024,False
BOT,95.319,26.0,2.0,35.298,30.032,29.989,283.0,302.0,295.0,307.0,True,HARD,19.0,True,Kick Sauber,1,18.0,True,Saudi Arabia,2024,False
BOT,95.254,27.0,2.0,35.279,30.019,29.956,281.0,304.0,295.0,307.0,True,HARD,20.0,True,Kick Sauber,1,18.0,True,Saudi Arabia,2024,False
BOT,95.324,28.0,2.0,35.381,30.039,29.904,284.0,304.0,297.0,309.0,False,HARD,21.0,True,Kick Sauber,1,18.0,True,Saudi Arabia,2024,False
BOT,94.857,29.0,2.0,35.074,29.984,29.799,285.0,307.0,297.0,311.0,True,HARD,22.0,True,Kick Sauber,1,18.0,True,Saudi Arabia,2024,False
BOT,95.313,30.0,2.0,35.378,30.009,29.926,286.0,308.0,297.0,313.0,False,HARD,23.0,True,Kick Sauber,1,18.0,True,Saudi Arabia,2024,False
BOT,95.415,31.0,2.0,35.237,30.039,30.139,287.0,312.0,297.0,315.0,False,HARD,24.0,True,Kick Sauber,1,18.0,True,Saudi Arabia,2024,False
BOT,95.173,32.0,2.0,35.252,30.116,29.805,288.0,322.0,300.0,327.0,False,HARD,25.0,True,Kick Sauber,1,18.0,True,Saudi Arabia,2024,False
BOT,95.792,33.0,2.0,35.706,30.259,29.827,285.0,323.0,300.0,327.0,False,HARD,26.0,True,Kick Sauber,1,18.0,True,Saudi Arabia,2024,False
BOT,95.721,34.0,2.0,35.876,30.007,29.838,284.0,307.0,297.0,309.0,False,HARD,27.0,True,Kick Sauber,1,18.0,True,Saudi Arabia,2024,False
BOT,97.864,35.0,2.0,35.391,29.894,32.579,286.0,305.0,296.0,308.0,False,HARD,28.0,True,Kick Sauber,1,18.0,False,Saudi Arabia,2024,False
BOT,114.249,36.0,3.0,54.741,29.718,29.79,280.0,298.0,292.0,298.0,False,SOFT,1.0,True,Kick Sauber,1,18.0,False,Saudi Arabia,2024,True
BOT,93.08,37.0,3.0,34.261,29.338,29.481,284.0,300.0,293.0,302.0,True,SOFT,2.0,True,Kick Sauber,1,18.0,True,Saudi Arabia,2024,False
BOT,92.927,38.0,3.0,34.133,29.305,29.489,285.0,302.0,292.0,303.0,True,SOFT,3.0,True,Kick Sauber,1,18.0,True,Saudi Arabia,2024,False
BOT,93.028,39.0,3.0,34.203,29.28,29.545,286.0,301.0,292.0,304.0,False,SOFT,4.0,True,Kick Sauber,1,18.0,True,Saudi Arabia,2024,False
BOT,93.175,40.0,3.0,34.335,29.317,29.523,284.0,301.0,292.0,304.0,False,SOFT,5.0,True,Kick Sauber,1,18.0,True,Saudi Arabia,2024,False
BOT,93.194,41.0,3.0,34.358,29.274,29.562,284.0,301.0,293.0,304.0,False,SOFT,6.0,True,Kick Sauber,1,18.0,True,Saudi Arabia,2024,False
BOT,92.996,42.0,3.0,34.237,29.246,29.513,286.0,301.0,293.0,303.0,False,SOFT,7.0,True,Kick Sauber,1,17.0,True,Saudi Arabia,2024,False
BOT,93.068,43.0,3.0,34.16,29.321,29.587,285.0,299.0,292.0,302.0,False,SOFT,8.0,True,Kick Sauber,1,17.0,True,Saudi Arabia,2024,False
BOT,95.201,44.0,3.0,34.198,31.305,29.698,283.0,313.0,295.0,320.0,False,SOFT,9.0,True,Kick Sauber,1,17.0,True,Saudi Arabia,2024,False
BOT,92.903,45.0,3.0,34.239,29.184,29.48,290.0,306.0,295.0,311.0,True,SOFT,10.0,True,Kick Sauber,1,17.0,True,Saudi Arabia,2024,False
BOT,92.948,46.0,3.0,34.251,29.24,29.457,288.0,304.0,295.0,306.0,False,SOFT,11.0,True,Kick Sauber,1,17.0,True,Saudi Arabia,2024,False
BOT,92.852,47.0,3.0,34.198,29.17,29.484,290.0,305.0,295.0,306.0,True,SOFT,12.0,True,Kick Sauber,1,17.0,True,Saudi Arabia,2024,False
BOT,92.947,48.0,3.0,34.108,29.208,29.631,288.0,303.0,294.0,306.0,False,SOFT,13.0,True,Kick Sauber,1,17.0,True,Saudi Arabia,2024,False
BOT,92.706,49.0,3.0,34.026,29.241,29.439,289.0,306.0,296.0,308.0,True,SOFT,14.0,True,Kick Sauber,1,17.0,True,Saudi Arabia,2024,False
PIA,95.082,2.0,1.0,34.965,29.949,30.168,282.0,295.0,292.0,296.0,True,MEDIUM,2.0,True,McLaren,1,4.0,True,Saudi Arabia,2024,False
PIA,94.379,3.0,1.0,34.586,29.726,30.067,284.0,300.0,292.0,299.0,True,MEDIUM,3.0,True,McLaren,1,4.0,True,Saudi Arabia,2024,False
PIA,94.589,4.0,1.0,34.81,29.76,30.019,286.0,298.0,293.0,299.0,False,MEDIUM,4.0,True,McLaren,1,4.0,True,Saudi Arabia,2024,False
PIA,94.557,5.0,1.0,34.773,29.755,30.029,284.0,297.0,291.0,300.0,False,MEDIUM,5.0,True,McLaren,1,4.0,True,Saudi Arabia,2024,False
PIA,94.409,6.0,1.0,34.705,29.757,29.947,286.0,298.0,291.0,301.0,False,MEDIUM,6.0,True,McLaren,1,4.0,True,Saudi Arabia,2024,False
PIA,96.768,10.0,2.0,36.736,29.821,30.211,287.0,303.0,292.0,310.0,False,HARD,4.0,False,McLaren,1,6.0,True,Saudi Arabia,2024,True
PIA,94.448,11.0,2.0,35.264,29.527,29.657,287.0,321.0,303.0,326.0,False,HARD,5.0,False,McLaren,1,6.0,True,Saudi Arabia,2024,False
PIA,93.946,12.0,2.0,34.817,29.496,29.633,286.0,322.0,295.0,326.0,True,HARD,6.0,False,McLaren,1,6.0,True,Saudi Arabia,2024,False
PIA,94.34,13.0,2.0,35.103,29.5,29.737,285.0,323.0,305.0,328.0,False,HARD,7.0,False,McLaren,1,6.0,True,Saudi Arabia,2024,False
PIA,94.431,14.0,2.0,34.969,29.601,29.861,288.0,318.0,294.0,324.0,False,HARD,8.0,False,McLaren,1,6.0,True,Saudi Arabia,2024,False
PIA,94.309,15.0,2.0,35.174,29.636,29.499,287.0,320.0,309.0,330.0,False,HARD,9.0,False,McLaren,1,6.0,True,Saudi Arabia,2024,False
PIA,94.379,16.0,2.0,35.147,29.516,29.716,288.0,318.0,308.0,325.0,False,HARD,10.0,False,McLaren,1,6.0,True,Saudi Arabia,2024,False
PIA,95.057,17.0,2.0,35.865,29.514,29.678,288.0,318.0,304.0,323.0,False,HARD,11.0,False,McLaren,1,6.0,True,Saudi Arabia,2024,False
PIA,94.075,18.0,2.0,34.898,29.575,29.602,289.0,317.0,308.0,320.0,False,HARD,12.0,False,McLaren,1,6.0,True,Saudi Arabia,2024,False
PIA,94.631,19.0,2.0,35.267,29.534,29.83,288.0,316.0,304.0,324.0,False,HARD,13.0,False,McLaren,1,6.0,True,Saudi Arabia,2024,False
PIA,94.324,20.0,2.0,34.99,29.683,29.651,288.0,316.0,302.0,320.0,False,HARD,14.0,False,McLaren,1,6.0,True,Saudi Arabia,2024,False
PIA,93.793,21.0,2.0,34.684,29.515,29.594,289.0,321.0,307.0,325.0,True,HARD,15.0,False,McLaren,1,6.0,True,Saudi Arabia,2024,False
PIA,94.76,22.0,2.0,35.259,29.729,29.772,286.0,315.0,301.0,317.0,False,HARD,16.0,False,McLaren,1,6.0,True,Saudi Arabia,2024,False
PIA,93.715,23.0,2.0,34.722,29.323,29.67,290.0,320.0,307.0,327.0,True,HARD,17.0,False,McLaren,1,6.0,True,Saudi Arabia,2024,False
PIA,94.097,24.0,2.0,35.019,29.504,29.574,287.0,316.0,305.0,331.0,False,HARD,18.0,False,McLaren,1,6.0,True,Saudi Arabia,2024,False
PIA,93.694,25.0,2.0,34.773,29.394,29.527,288.0,316.0,302.0,319.0,True,HARD,19.0,False,McLaren,1,6.0,True,Saudi Arabia,2024,False
PIA,93.312,26.0,2.0,34.612,29.304,29.396,289.0,316.0,307.0,332.0,True,HARD,20.0,False,McLaren,1,6.0,True,Saudi Arabia,2024,False
PIA,93.998,27.0,2.0,34.846,29.428,29.724,286.0,314.0,303.0,321.0,False,HARD,21.0,False,McLaren,1,6.0,True,Saudi Arabia,2024,False
PIA,93.527,28.0,2.0,34.617,29.324,29.586,290.0,320.0,296.0,333.0,False,HARD,22.0,False,McLaren,1,6.0,True,Saudi Arabia,2024,False
PIA,93.821,29.0,2.0,34.792,29.473,29.556,288.0,315.0,305.0,317.0,False,HARD,23.0,False,McLaren,1,6.0,True,Saudi Arabia,2024,False
PIA,93.376,30.0,2.0,34.651,29.218,29.507,288.0,319.0,304.0,323.0,False,HARD,24.0,False,McLaren,1,6.0,True,Saudi Arabia,2024,False
PIA,93.352,31.0,2.0,34.555,29.213,29.584,289.0,321.0,305.0,324.0,False,HARD,25.0,False,McLaren,1,6.0,True,Saudi Arabia,2024,False
PIA,93.261,32.0,2.0,34.729,29.156,29.376,290.0,320.0,306.0,324.0,True,HARD,26.0,False,McLaren,1,6.0,True,Saudi Arabia,2024,False
PIA,93.29,33.0,2.0,34.649,29.198,29.443,290.0,320.0,306.0,324.0,False,HARD,27.0,False,McLaren,1,6.0,True,Saudi Arabia,2024,False
PIA,93.405,34.0,2.0,34.725,29.221,29.459,291.0,320.0,311.0,328.0,False,HARD,28.0,False,McLaren,1,6.0,True,Saudi Arabia,2024,False
PIA,94.118,35.0,2.0,35.331,29.465,29.322,288.0,319.0,303.0,319.0,False,HARD,29.0,False,McLaren,1,6.0,True,Saudi Arabia,2024,False
PIA,93.029,36.0,2.0,34.596,29.161,29.272,290.0,323.0,306.0,327.0,True,HARD,30.0,False,McLaren,1,5.0,True,Saudi Arabia,2024,False
PIA,92.934,37.0,2.0,33.99,29.224,29.72,288.0,302.0,291.0,302.0,True,HARD,31.0,False,McLaren,1,5.0,True,Saudi Arabia,2024,False
PIA,93.087,38.0,2.0,34.21,29.17,29.707,289.0,301.0,292.0,302.0,False,HARD,32.0,False,McLaren,1,4.0,True,Saudi Arabia,2024,False
PIA,92.675,39.0,2.0,34.0,29.096,29.579,288.0,302.0,291.0,301.0,True,HARD,33.0,False,McLaren,1,4.0,True,Saudi Arabia,2024,False
PIA,92.603,40.0,2.0,33.984,29.149,29.47,288.0,300.0,291.0,302.0,True,HARD,34.0,False,McLaren,1,4.0,True,Saudi Arabia,2024,False
PIA,92.545,41.0,2.0,34.014,29.008,29.523,288.0,302.0,291.0,303.0,True,HARD,35.0,False,McLaren,1,4.0,True,Saudi Arabia,2024,False
PIA,92.453,42.0,2.0,33.936,29.031,29.486,286.0,301.0,292.0,304.0,True,HARD,36.0,False,McLaren,1,4.0,True,Saudi Arabia,2024,False
PIA,92.521,43.0,2.0,33.951,29.02,29.55,290.0,301.0,294.0,304.0,False,HARD,37.0,False,McLaren,1,4.0,True,Saudi Arabia,2024,False
PIA,92.539,44.0,2.0,33.957,29.124,29.458,289.0,304.0,294.0,306.0,False,HARD,38.0,False,McLaren,1,4.0,True,Saudi Arabia,2024,False
PIA,92.31,45.0,2.0,33.816,28.959,29.535,290.0,301.0,296.0,306.0,True,HARD,39.0,False,McLaren,1,4.0,True,Saudi Arabia,2024,False
PIA,92.557,46.0,2.0,34.112,29.071,29.374,289.0,302.0,296.0,305.0,False,HARD,40.0,False,McLaren,1,4.0,True,Saudi Arabia,2024,False
PIA,92.574,47.0,2.0,34.006,29.145,29.423,291.0,304.0,294.0,307.0,False,HARD,41.0,False,McLaren,1,4.0,True,Saudi Arabia,2024,False
PIA,92.657,48.0,2.0,34.01,29.151,29.496,290.0,309.0,295.0,311.0,False,HARD,42.0,False,McLaren,1,4.0,True,Saudi Arabia,2024,False
PIA,92.588,49.0,2.0,34.052,29.094,29.442,290.0,307.0,295.0,307.0,False,HARD,43.0,False,McLaren,1,4.0,True,Saudi Arabia,2024,False
PIA,92.769,50.0,2.0,33.983,29.094,29.692,290.0,307.0,294.0,311.0,False,HARD,44.0,False,McLaren,1,4.0,True,Saudi Arabia,2024,False
VER,84.099,2.0,1.0,29.623,18.375,36.101,273.0,297.0,298.0,281.0,True,MEDIUM,2.0,True,Red Bull Racing,1,2.0,True,Australia,2024,False
VER,83.115,3.0,1.0,28.793,18.573,35.749,275.0,314.0,295.0,305.0,True,MEDIUM,3.0,True,Red Bull Racing,1,2.0,True,Australia,2024,False
GAS,84.649,2.0,1.0,29.905,18.241,36.503,270.0,325.0,304.0,287.0,True,MEDIUM,2.0,True,Alpine,1,17.0,True,Australia,2024,False
GAS,83.851,3.0,1.0,29.379,18.148,36.324,271.0,322.0,304.0,292.0,True,MEDIUM,3.0,True,Alpine,1,17.0,True,Australia,2024,False
GAS,83.7,4.0,1.0,29.05,18.116,36.534,272.0,320.0,304.0,305.0,True,MEDIUM,4.0,True,Alpine,1,16.0,True,Australia,2024,False
GAS,84.526,5.0,1.0,29.693,17.983,36.85,273.0,334.0,302.0,305.0,False,MEDIUM,5.0,True,Alpine,1,16.0,True,Australia,2024,False
GAS,83.912,6.0,1.0,29.368,18.107,36.437,272.0,320.0,301.0,308.0,False,MEDIUM,6.0,True,Alpine,1,15.0,True,Australia,2024,False
GAS,83.445,7.0,1.0,29.068,18.122,36.255,273.0,321.0,302.0,310.0,True,MEDIUM,7.0,True,Alpine,1,13.0,True,Australia,2024,False
GAS,83.879,8.0,1.0,29.38,18.109,36.39,272.0,319.0,300.0,297.0,False,MEDIUM,8.0,True,Alpine,1,10.0,True,Australia,2024,False
GAS,83.829,9.0,1.0,29.349,18.235,36.245,273.0,318.0,301.0,303.0,False,MEDIUM,9.0,True,Alpine,1,8.0,True,Australia,2024,False
GAS,83.856,10.0,1.0,29.318,18.15,36.388,273.0,317.0,300.0,298.0,False,MEDIUM,10.0,True,Alpine,1,6.0,True,Australia,2024,False
GAS,85.397,11.0,1.0,29.402,18.252,37.743,270.0,311.0,304.0,301.0,False,MEDIUM,11.0,True,Alpine,1,8.0,True,Australia,2024,True
GAS,84.625,12.0,1.0,29.816,18.154,36.655,271.0,321.0,300.0,306.0,False,MEDIUM,12.0,True,Alpine,1,8.0,True,Australia,2024,False
GAS,84.049,13.0,1.0,29.379,18.093,36.577,272.0,318.0,299.0,306.0,False,MEDIUM,13.0,True,Alpine,1,8.0,True,Australia,2024,False
GAS,84.104,14.0,1.0,29.43,18.09,36.584,279.0,318.0,298.0,302.0,False,MEDIUM,14.0,True,Alpine,1,8.0,True,Australia,2024,False
GAS,84.1,15.0,1.0,29.378,18.207,36.515,272.0,316.0,299.0,305.0,False,MEDIUM,15.0,True,Alpine,1,7.0,True,Australia,2024,False
GAS,85.367,16.0,1.0,29.942,18.256,37.169,276.0,325.0,288.0,306.0,False,MEDIUM,16.0,True,Alpine,1,8.0,True,Australia,2024,False
GAS,89.888,18.0,2.0,35.202,18.398,36.288,276.0,302.0,290.0,227.0,False,HARD,1.0,True,Alpine,1,15.0,False,Australia,2024,False
GAS,83.922,19.0,2.0,29.141,18.401,36.38,270.0,297.0,288.0,291.0,False,HARD,2.0,True,Alpine,1,15.0,True,Australia,2024,False
GAS,83.662,20.0,2.0,29.06,18.369,36.233,271.0,297.0,288.0,292.0,False,HARD,3.0,True,Alpine,1,15.0,True,Australia,2024,False
GAS,83.241,21.0,2.0,28.904,18.274,36.063,272.0,299.0,288.0,293.0,True,HARD,4.0,True,Alpine,1,15.0,True,Australia,2024,False
GAS,83.045,22.0,2.0,28.793,18.236,36.016,273.0,298.0,289.0,292.0,True,HARD,5.0,True,Alpine,1,15.0,True,Australia,2024,False
GAS,82.929,23.0,2.0,28.898,18.198,35.833,272.0,299.0,289.0,292.0,True,HARD,6.0,True,Alpine,1,15.0,True,Australia,2024,False
GAS,83.001,24.0,2.0,28.729,18.222,36.05,274.0,301.0,289.0,294.0,False,HARD,7.0,True,Alpine,1,15.0,True,Australia,2024,False
GAS,82.933,25.0,2.0,28.803,18.241,35.889,276.0,302.0,290.0,294.0,False,HARD,8.0,True,Alpine,1,15.0,True,Australia,2024,False
GAS,83.015,26.0,2.0,28.851,18.346,35.818,276.0,299.0,290.0,295.0,False,HARD,9.0,True,Alpine,1,15.0,True,Australia,2024,False
GAS,82.904,27.0,2.0,28.749,18.186,35.969,277.0,300.0,289.0,294.0,True,HARD,10.0,True,Alpine,1,14.0,True,Australia,2024,False
GAS,82.674,28.0,2.0,28.974,17.953,35.747,278.0,316.0,302.0,295.0,True,HARD,11.0,True,Alpine,1,14.0,True,Australia,2024,False
GAS,82.708,29.0,2.0,28.988,17.968,35.752,278.0,317.0,299.0,308.0,False,HARD,12.0,True,Alpine,1,13.0,True,Australia,2024,False
GAS,82.99,30.0,2.0,28.857,17.993,36.14,277.0,315.0,300.0,307.0,False,HARD,13.0,True,Alpine,1,13.0,True,Australia,2024,False
GAS,82.727,31.0,2.0,28.855,17.99,35.882,278.0,314.0,301.0,304.0,False,HARD,14.0,True,Alpine,1,13.0,True,Australia,2024,False
GAS,83.245,32.0,2.0,28.996,18.019,36.23,276.0,312.0,301.0,308.0,False,HARD,15.0,True,Alpine,1,13.0,True,Australia,2024,False
GAS,83.215,33.0,2.0,28.788,17.98,36.447,277.0,313.0,300.0,309.0,False,HARD,16.0,True,Alpine,1,12.0,True,Australia,2024,False
GAS,83.036,34.0,2.0,28.986,18.083,35.967,278.0,316.0,302.0,307.0,False,HARD,17.0,True,Alpine,1,12.0,True,Australia,2024,False
GAS,83.225,35.0,2.0,28.898,17.957,36.37,279.0,327.0,298.0,309.0,False,HARD,18.0,True,Alpine,1,10.0,True,Australia,2024,False
GAS,82.84,36.0,2.0,28.631,18.346,35.863,276.0,293.0,287.0,305.0,False,HARD,19.0,True,Alpine,1,10.0,True,Australia,2024,False
GAS,83.326,37.0,2.0,28.965,18.388,35.973,276.0,294.0,287.0,288.0,False,HARD,20.0,True,Alpine,1,9.0,True,Australia,2024,False
GAS,85.109,38.0,2.0,30.199,18.344,36.566,273.0,305.0,301.0,288.0,False,HARD,21.0,True,Alpine,1,9.0,True,Australia,2024,False
GAS,83.016,39.0,2.0,28.723,18.282,36.011,276.0,297.0,289.0,307.0,False,HARD,22.0,True,Alpine,1,9.0,True,Australia,2024,False
GAS,85.02,40.0,2.0,28.917,18.214,37.889,277.0,308.0,301.0,291.0,False,HARD,23.0,True,Alpine,1,10.0,True,Australia,2024,False
GAS,104.594,41.0,2.0,31.987,20.379,52.228,260.0,298.0,290.0,295.0,False,HARD,24.0,True,Alpine,1,15.0,False,Australia,2024,True
GAS,88.171,42.0,3.0,34.671,18.274,35.226,275.0,298.0,290.0,230.0,False,HARD,1.0,True,Alpine,1,14.0,False,Australia,2024,True
GAS,84.419,43.0,3.0,28.467,19.217,36.735,276.0,299.0,289.0,289.0,False,HARD,2.0,True,Alpine,1,14.0,True,Australia,2024,False
GAS,81.447,44.0,3.0,28.348,18.045,35.054,281.0,298.0,290.0,293.0,True,HARD,3.0,True,Alpine,1,14.0,True,Australia,2024,False
GAS,82.079,45.0,3.0,29.395,17.816,34.868,280.0,318.0,291.0,290.0,False,HARD,4.0,True,Alpine,1,14.0,True,Australia,2024,False
GAS,81.22,46.0,3.0,28.209,18.001,35.01,280.0,303.0,291.0,297.0,True,HARD,5.0,True,Alpine,1,14.0,True,Australia,2024,False
GAS,81.275,47.0,3.0,28.128,17.982,35.165,279.0,300.0,290.0,294.0,False,HARD,6.0,True,Alpine,1,14.0,True,Australia,2024,False
GAS,81.211,48.0,3.0,28.32,17.977,34.914,278.0,297.0,291.0,292.0,True,HARD,7.0,True,Alpine,1,14.0,True,Australia,2024,False
GAS,81.34,49.0,3.0,28.468,17.975,34.897,277.0,298.0,291.0,292.0,False,HARD,8.0,True,Alpine,1,14.0,True,Australia,2024,False
GAS,81.222,50.0,3.0,28.249,18.088,34.885,277.0,296.0,290.0,292.0,False,HARD,9.0,True,Alpine,1,14.0,True,Australia,2024,False
GAS,81.09,51.0,3.0,28.224,18.052,34.814,278.0,296.0,291.0,292.0,True,HARD,10.0,True,Alpine,1,14.0,True,Australia,2024,False
GAS,81.161,52.0,3.0,28.228,18.036,34.897,277.0,295.0,290.0,291.0,False,HARD,11.0,True,Alpine,1,14.0,True,Australia,2024,False
GAS,81.324,53.0,3.0,28.293,18.046,34.985,276.0,294.0,290.0,291.0,False,HARD,12.0,True,Alpine,1,14.0,True,Australia,2024,False
GAS,83.034,54.0,3.0,29.613,18.361,35.06,244.0,315.0,303.0,290.0,False,HARD,13.0,True,Alpine,1,14.0,True,Australia,2024,False
GAS,81.427,55.0,3.0,28.115,18.119,35.193,279.0,300.0,291.0,311.0,False,HARD,14.0,True,Alpine,1,14.0,True,Australia,2024,False
PER,83.381,2.0,1.0,29.37,17.903,36.108,273.0,324.0,304.0,290.0,True,MEDIUM,2.0,True,Red Bull Racing,1,7.0,True,Australia,2024,False
PER,83.165,3.0,1.0,29.005,17.939,36.221,269.0,323.0,301.0,307.0,True,MEDIUM,3.0,True,Red Bull Racing,1,7.0,True,Australia,2024,False
PER,83.398,4.0,1.0,28.848,18.02,36.53,273.0,324.0,301.0,310.0,False,MEDIUM,4.0,True,Red Bull Racing,1,6.0,True,Australia,2024,False
PER,83.364,5.0,1.0,28.964,17.747,36.653,272.0,322.0,301.0,302.0,False,MEDIUM,5.0,True,Red Bull Racing,1,6.0,True,Australia,2024,False
PER,83.024,6.0,1.0,28.808,17.868,36.348,272.0,320.0,301.0,312.0,True,MEDIUM,6.0,True,Red Bull Racing,1,6.0,True,Australia,2024,False
PER,82.804,7.0,1.0,28.962,17.896,35.946,271.0,320.0,302.0,311.0,True,MEDIUM,7.0,True,Red Bull Racing,1,6.0,True,Australia,2024,False
PER,83.048,8.0,1.0,28.744,17.746,36.558,281.0,328.0,300.0,316.0,False,MEDIUM,8.0,True,Red Bull Racing,1,5.0,True,Australia,2024,False
PER,82.97,9.0,1.0,28.758,18.147,36.065,273.0,302.0,289.0,311.0,False,MEDIUM,9.0,True,Red Bull Racing,1,3.0,True,Australia,2024,False
PER,82.68,10.0,1.0,28.928,18.188,35.564,274.0,301.0,290.0,295.0,True,MEDIUM,10.0,True,Red Bull Racing,1,3.0,True,Australia,2024,False
PER,82.921,11.0,1.0,29.025,18.117,35.779,273.0,302.0,289.0,296.0,False,MEDIUM,11.0,True,Red Bull Racing,1,3.0,True,Australia,2024,False
PER,83.704,12.0,1.0,29.511,18.198,35.995,273.0,304.0,288.0,300.0,False,MEDIUM,12.0,True,Red Bull Racing,1,3.0,True,Australia,2024,False
PER,83.664,13.0,1.0,29.259,18.263,36.142,275.0,304.0,288.0,301.0,False,MEDIUM,13.0,True,Red Bull Racing,1,3.0,True,Australia,2024,False
PER,98.693,14.0,1.0,29.415,18.259,51.019,273.0,303.0,290.0,299.0,False,MEDIUM,14.0,True,Red Bull Racing,1,6.0,False,Australia,2024,True
PER,87.909,15.0,2.0,34.38,18.04,35.489,276.0,307.0,305.0,228.0,False,HARD,1.0,True,Red Bull Racing,1,10.0,False,Australia,2024,False
PER,84.122,16.0,2.0,28.669,17.803,37.65,277.0,318.0,304.0,317.0,False,HARD,2.0,True,Red Bull Racing,1,10.0,True,Australia,2024,False
PER,81.84,19.0,2.0,28.441,17.929,35.47,277.0,306.0,291.0,300.0,True,HARD,5.0,True,Red Bull Racing,1,7.0,True,Australia,2024,False
PER,81.711,20.0,2.0,28.353,17.751,35.607,287.0,322.0,303.0,299.0,True,HARD,6.0,True,Red Bull Racing,1,7.0,True,Australia,2024,False
PER,82.051,21.0,2.0,28.506,17.651,35.894,285.0,332.0,291.0,310.0,False,HARD,7.0,True,Red Bull Racing,1,6.0,True,Australia,2024,False
PER,81.869,22.0,2.0,28.59,17.918,35.361,276.0,301.0,291.0,297.0,False,HARD,8.0,True,Red Bull Racing,1,6.0,True,Australia,2024,False
PER,81.849,23.0,2.0,28.617,18.014,35.218,276.0,303.0,291.0,296.0,False,HARD,9.0,True,Red Bull Racing,1,6.0,True,Australia,2024,False
PER,81.527,24.0,2.0,28.583,17.881,35.063,278.0,303.0,292.0,294.0,True,HARD,10.0,True,Red Bull Racing,1,6.0,True,Australia,2024,False
PER,81.495,25.0,2.0,28.513,17.809,35.173,277.0,303.0,291.0,295.0,True,HARD,11.0,True,Red Bull Racing,1,6.0,True,Australia,2024,False
PER,82.246,26.0,2.0,28.587,17.932,35.727,275.0,301.0,304.0,295.0,False,HARD,12.0,True,Red Bull Racing,1,6.0,True,Australia,2024,False
PER,81.557,27.0,2.0,28.521,17.6,35.436,284.0,329.0,291.0,312.0,False,HARD,13.0,True,Red Bull Racing,1,5.0,True,Australia,2024,False
PER,82.152,28.0,2.0,28.742,18.141,35.269,273.0,296.0,291.0,292.0,False,HARD,14.0,True,Red Bull Racing,1,5.0,True,Australia,2024,False
PER,82.126,29.0,2.0,28.645,18.042,35.439,274.0,298.0,291.0,293.0,False,HARD,15.0,True,Red Bull Racing,1,5.0,True,Australia,2024,False
PER,82.18,30.0,2.0,28.599,17.955,35.626,275.0,301.0,290.0,295.0,False,HARD,16.0,True,Red Bull Racing,1,5.0,True,Australia,2024,False
PER,82.359,31.0,2.0,28.718,18.013,35.628,275.0,299.0,290.0,296.0,False,HARD,17.0,True,Red Bull Racing,1,5.0,True,Australia,2024,False
PER,82.441,32.0,2.0,28.807,18.016,35.618,278.0,299.0,290.0,295.0,False,HARD,18.0,True,Red Bull Racing,1,5.0,True,Australia,2024,False
PER,82.566,33.0,2.0,28.869,18.127,35.57,276.0,299.0,290.0,293.0,False,HARD,19.0,True,Red Bull Racing,1,5.0,True,Australia,2024,False
PER,82.962,34.0,2.0,28.911,18.114,35.937,276.0,300.0,290.0,295.0,False,HARD,20.0,True,Red Bull Racing,1,5.0,True,Australia,2024,False
PER,99.44,35.0,2.0,31.486,18.229,49.725,275.0,304.0,290.0,294.0,False,HARD,21.0,True,Red Bull Racing,1,7.0,False,Australia,2024,True
PER,87.672,36.0,3.0,34.252,18.108,35.312,271.0,306.0,292.0,232.0,False,HARD,1.0,True,Red Bull Racing,1,8.0,False,Australia,2024,True
PER,81.218,37.0,3.0,28.323,17.862,35.033,277.0,303.0,293.0,294.0,True,HARD,2.0,True,Red Bull Racing,1,7.0,True,Australia,2024,False
PER,81.245,38.0,3.0,28.319,18.045,34.881,274.0,298.0,292.0,295.0,False,HARD,3.0,True,Red Bull Racing,1,7.0,True,Australia,2024,False
PER,81.448,39.0,3.0,28.423,17.834,35.191,275.0,300.0,292.0,294.0,False,HARD,4.0,True,Red Bull Racing,1,7.0,True,Australia,2024,False
PER,81.045,40.0,3.0,28.4,17.836,34.809,276.0,302.0,292.0,294.0,True,HARD,5.0,True,Red Bull Racing,1,7.0,True,Australia,2024,False
PER,80.998,41.0,3.0,28.268,17.817,34.913,278.0,302.0,292.0,295.0,True,HARD,6.0,True,Red Bull Racing,1,6.0,True,Australia,2024,False
PER,81.35,42.0,3.0,28.442,17.795,35.113,275.0,302.0,292.0,296.0,False,HARD,7.0,True,Red Bull Racing,1,6.0,True,Australia,2024,False
PER,80.798,43.0,3.0,28.267,17.739,34.792,280.0,305.0,293.0,298.0,True,HARD,8.0,True,Red Bull Racing,1,6.0,True,Australia,2024,False
PER,80.706,44.0,3.0,28.222,17.702,34.782,279.0,304.0,293.0,297.0,True,HARD,9.0,True,Red Bull Racing,1,6.0,True,Australia,2024,False
PER,80.769,45.0,3.0,28.262,17.736,34.771,279.0,302.0,293.0,294.0,False,HARD,10.0,True,Red Bull Racing,1,5.0,True,Australia,2024,False
PER,80.428,46.0,3.0,28.204,17.718,34.506,278.0,300.0,293.0,297.0,True,HARD,11.0,True,Red Bull Racing,1,5.0,True,Australia,2024,False
PER,80.388,47.0,3.0,28.091,17.734,34.563,278.0,302.0,293.0,295.0,True,HARD,12.0,True,Red Bull Racing,1,5.0,True,Australia,2024,False
PER,80.836,48.0,3.0,28.191,17.724,34.921,277.0,302.0,293.0,295.0,False,HARD,13.0,True,Red Bull Racing,1,5.0,True,Australia,2024,False
PER,80.76,49.0,3.0,28.14,17.803,34.817,281.0,304.0,293.0,297.0,False,HARD,14.0,True,Red Bull Racing,1,5.0,True,Australia,2024,False
PER,80.871,50.0,3.0,28.244,17.792,34.835,277.0,300.0,293.0,293.0,False,HARD,15.0,True,Red Bull Racing,1,5.0,True,Australia,2024,False
PER,81.038,51.0,3.0,28.284,17.866,34.888,278.0,300.0,293.0,296.0,False,HARD,16.0,True,Red Bull Racing,1,5.0,True,Australia,2024,False
PER,81.15,52.0,3.0,28.38,17.743,35.027,278.0,301.0,293.0,296.0,False,HARD,17.0,True,Red Bull Racing,1,5.0,True,Australia,2024,False
PER,81.544,53.0,3.0,28.466,17.814,35.264,278.0,303.0,293.0,296.0,False,HARD,18.0,True,Red Bull Racing,1,5.0,True,Australia,2024,False
PER,81.63,54.0,3.0,28.537,17.969,35.124,276.0,301.0,293.0,297.0,False,HARD,19.0,True,Red Bull Racing,1,5.0,True,Australia,2024,False
PER,81.616,55.0,3.0,28.522,17.986,35.108,278.0,302.0,293.0,300.0,False,HARD,20.0,True,Red Bull Racing,1,5.0,True,Australia,2024,False
PER,81.849,56.0,3.0,28.564,17.943,35.342,277.0,302.0,293.0,298.0,False,HARD,21.0,True,Red Bull Racing,1,5.0,True,Australia,2024,False
ALO,84.284,2.0,1.0,29.59,18.419,36.275,272.0,318.0,302.0,283.0,True,HARD,3.0,False,Aston Martin,1,11.0,True,Australia,2024,True
ALO,82.978,3.0,1.0,28.865,18.223,35.89,266.0,321.0,303.0,322.0,True,HARD,4.0,False,Aston Martin,1,11.0,True,Australia,2024,False
ALO,83.742,4.0,1.0,29.019,18.082,36.641,271.0,320.0,288.0,302.0,False,HARD,5.0,False,Aston Martin,1,10.0,True,Australia,2024,False
ALO,83.294,5.0,1.0,28.967,18.355,35.972,270.0,306.0,303.0,305.0,False,HARD,6.0,False,Aston Martin,1,10.0,True,Australia,2024,False
ALO,83.196,6.0,1.0,29.13,18.13,35.936,273.0,329.0,303.0,312.0,False,HARD,7.0,False,Aston Martin,1,10.0,True,Australia,2024,False
ALO,82.795,7.0,1.0,28.901,18.077,35.817,270.0,326.0,303.0,312.0,True,HARD,8.0,False,Aston Martin,1,9.0,True,Australia,2024,False
ALO,82.769,8.0,1.0,28.605,18.317,35.847,271.0,301.0,301.0,316.0,True,HARD,9.0,False,Aston Martin,1,7.0,True,Australia,2024,False
ALO,83.345,9.0,1.0,29.058,18.168,36.119,271.0,316.0,300.0,309.0,False,HARD,10.0,False,Aston Martin,1,4.0,True,Australia,2024,False
ALO,82.608,10.0,1.0,28.563,18.363,35.682,270.0,296.0,288.0,319.0,True,HARD,11.0,False,Aston Martin,1,4.0,True,Australia,2024,False
ALO,82.939,11.0,1.0,28.895,18.338,35.706,267.0,295.0,288.0,288.0,False,HARD,12.0,False,Aston Martin,1,4.0,True,Australia,2024,False
ALO,82.904,12.0,1.0,28.712,18.34,35.852,270.0,296.0,286.0,296.0,False,HARD,13.0,False,Aston Martin,1,4.0,True,Australia,2024,False
ALO,83.187,13.0,1.0,28.986,18.324,35.877,270.0,297.0,288.0,289.0,False,HARD,14.0,False,Aston Martin,1,4.0,True,Australia,2024,False
ALO,83.455,14.0,1.0,29.2,18.278,35.977,272.0,298.0,286.0,290.0,False,HARD,15.0,False,Aston Martin,1,2.0,True,Australia,2024,False
ALO,83.138,15.0,1.0,28.907,18.401,35.83,271.0,291.0,285.0,294.0,False,HARD,16.0,False,Aston Martin,1,2.0,True,Australia,2024,False
ALO,83.239,16.0,1.0,29.002,18.45,35.787,269.0,294.0,285.0,285.0,False,HARD,17.0,False,Aston Martin,1,2.0,True,Australia,2024,False
ALO,82.928,19.0,2.0,28.883,18.355,35.69,272.0,299.0,288.0,295.0,False,MEDIUM,3.0,False,Aston Martin,1,5.0,True,Australia,2024,False
ALO,82.831,20.0,2.0,28.729,18.285,35.817,272.0,297.0,287.0,297.0,False,MEDIUM,4.0,False,Aston Martin,1,5.0,True,Australia,2024,False
ALO,82.704,21.0,2.0,28.737,18.277,35.69,269.0,294.0,287.0,293.0,False,MEDIUM,5.0,False,Aston Martin,1,5.0,True,Australia,2024,False
ALO,82.478,22.0,2.0,28.735,18.288,35.455,272.0,298.0,287.0,285.0,True,MEDIUM,6.0,False,Aston Martin,1,5.0,True,Australia,2024,False
ALO,82.441,23.0,2.0,28.625,18.197,35.619,271.0,296.0,287.0,290.0,True,MEDIUM,7.0,False,Aston Martin,1,5.0,True,Australia,2024,False
ALO,82.287,24.0,2.0,28.695,18.171,35.421,274.0,297.0,288.0,284.0,True,MEDIUM,8.0,False,Aston Martin,1,5.0,True,Australia,2024,False
ALO,82.708,25.0,2.0,28.728,18.219,35.761,269.0,293.0,287.0,286.0,False,MEDIUM,9.0,False,Aston Martin,1,5.0,True,Australia,2024,False
ALO,82.988,26.0,2.0,28.899,18.353,35.736,270.0,293.0,288.0,282.0,False,MEDIUM,10.0,False,Aston Martin,1,5.0,True,Australia,2024,False
ALO,83.257,27.0,2.0,28.79,18.31,36.157,270.0,293.0,302.0,292.0,False,MEDIUM,11.0,False,Aston Martin,1,6.0,True,Australia,2024,False
ALO,82.259,28.0,2.0,28.746,17.966,35.547,279.0,320.0,302.0,313.0,True,MEDIUM,12.0,False,Aston Martin,1,6.0,True,Australia,2024,False
ALO,81.98,29.0,2.0,28.578,18.02,35.382,274.0,315.0,302.0,317.0,True,MEDIUM,13.0,False,Aston Martin,1,6.0,True,Australia,2024,False
ALO,82.175,30.0,2.0,28.685,17.887,35.603,280.0,325.0,301.0,307.0,False,MEDIUM,14.0,False,Aston Martin,1,6.0,True,Australia,2024,False
ALO,82.355,31.0,2.0,28.794,17.957,35.604,274.0,317.0,302.0,302.0,False,MEDIUM,15.0,False,Aston Martin,1,6.0,True,Australia,2024,False
ALO,82.491,32.0,2.0,28.885,17.888,35.718,276.0,319.0,301.0,308.0,False,MEDIUM,16.0,False,Aston Martin,1,6.0,True,Australia,2024,False
ALO,82.649,33.0,2.0,28.882,18.031,35.736,277.0,311.0,301.0,302.0,False,MEDIUM,17.0,False,Aston Martin,1,6.0,True,Australia,2024,False
ALO,82.918,34.0,2.0,28.788,18.042,36.088,274.0,314.0,301.0,321.0,False,MEDIUM,18.0,False,Aston Martin,1,6.0,True,Australia,2024,False
ALO,85.73,35.0,2.0,31.068,18.302,36.36,268.0,311.0,300.0,314.0,False,MEDIUM,19.0,False,Aston Martin,1,5.0,True,Australia,2024,False
ALO,82.714,36.0,2.0,28.579,18.254,35.881,274.0,300.0,287.0,320.0,False,MEDIUM,20.0,False,Aston Martin,1,5.0,True,Australia,2024,False
ALO,82.862,37.0,2.0,28.779,18.217,35.866,276.0,297.0,288.0,301.0,False,MEDIUM,21.0,False,Aston Martin,1,5.0,True,Australia,2024,False
ALO,82.566,38.0,2.0,28.719,18.232,35.615,276.0,297.0,288.0,290.0,False,MEDIUM,22.0,False,Aston Martin,1,5.0,True,Australia,2024,False
ALO,82.772,39.0,2.0,28.724,18.187,35.861,277.0,298.0,287.0,288.0,False,MEDIUM,23.0,False,Aston Martin,1,5.0,True,Australia,2024,False
ALO,82.714,40.0,2.0,28.768,18.18,35.766,279.0,299.0,287.0,300.0,False,MEDIUM,24.0,False,Aston Martin,1,4.0,True,Australia,2024,False
ALO,98.988,41.0,2.0,28.767,18.183,52.038,274.0,300.0,290.0,297.0,False,MEDIUM,25.0,False,Aston Martin,1,7.0,False,Australia,2024,True
ALO,87.347,42.0,3.0,33.772,18.354,35.221,271.0,294.0,283.0,231.0,False,HARD,2.0,False,Aston Martin,1,7.0,False,Australia,2024,True
ALO,81.724,43.0,3.0,28.361,18.176,35.187,275.0,295.0,289.0,280.0,True,HARD,3.0,False,Aston Martin,1,7.0,True,Australia,2024,False
ALO,81.394,44.0,3.0,28.28,18.16,34.954,273.0,292.0,289.0,286.0,True,HARD,4.0,False,Aston Martin,1,7.0,True,Australia,2024,False
ALO,81.454,45.0,3.0,28.352,18.08,35.022,273.0,294.0,290.0,284.0,False,HARD,5.0,False,Aston Martin,1,7.0,True,Australia,2024,False
ALO,81.344,46.0,3.0,28.221,18.17,34.953,275.0,292.0,289.0,292.0,True,HARD,6.0,False,Aston Martin,1,6.0,True,Australia,2024,False
ALO,81.183,47.0,3.0,28.291,18.101,34.791,273.0,295.0,290.0,283.0,True,HARD,7.0,False,Aston Martin,1,6.0,True,Australia,2024,False
ALO,81.347,48.0,3.0,28.288,18.181,34.878,274.0,295.0,289.0,284.0,False,HARD,8.0,False,Aston Martin,1,6.0,True,Australia,2024,False
ALO,81.122,49.0,3.0,28.266,18.051,34.805,278.0,294.0,290.0,286.0,True,HARD,9.0,False,Aston Martin,1,6.0,True,Australia,2024,False
ALO,80.736,50.0,3.0,28.053,18.004,34.679,278.0,293.0,290.0,285.0,True,HARD,10.0,False,Aston Martin,1,6.0,True,Australia,2024,False
ALO,80.938,51.0,3.0,28.169,18.104,34.665,277.0,293.0,290.0,287.0,False,HARD,11.0,False,Aston Martin,1,6.0,True,Australia,2024,False
ALO,80.493,52.0,3.0,27.981,18.004,34.508,279.0,294.0,291.0,290.0,True,HARD,12.0,False,Aston Martin,1,6.0,True,Australia,2024,False
ALO,80.867,53.0,3.0,28.122,18.029,34.716,277.0,292.0,291.0,288.0,False,HARD,13.0,False,Aston Martin,1,6.0,True,Australia,2024,False
ALO,81.035,54.0,3.0,28.123,18.064,34.848,276.0,300.0,289.0,287.0,False,HARD,14.0,False,Aston Martin,1,6.0,True,Australia,2024,False
ALO,80.952,55.0,3.0,28.152,18.067,34.733,277.0,288.0,289.0,285.0,False,HARD,15.0,False,Aston Martin,1,6.0,True,Australia,2024,False
ALO,80.752,56.0,3.0,27.909,17.991,34.852,280.0,291.0,290.0,287.0,False,HARD,16.0,False,Aston Martin,1,6.0,True,Australia,2024,False
LEC,83.014,2.0,1.0,28.731,17.982,36.301,273.0,319.0,301.0,291.0,True,MEDIUM,2.0,True,Ferrari,1,4.0,True,Australia,2024,False
LEC,82.776,3.0,1.0,28.753,17.912,36.111,272.0,316.0,303.0,310.0,True,MEDIUM,3.0,True,Ferrari,1,4.0,True,Australia,2024,False
LEC,82.519,4.0,1.0,28.753,18.015,35.751,273.0,322.0,299.0,312.0,True,MEDIUM,4.0,True,Ferrari,1,3.0,True,Australia,2024,False
LEC,82.632,5.0,1.0,28.895,17.93,35.807,278.0,317.0,300.0,307.0,False,MEDIUM,5.0,True,Ferrari,1,3.0,True,Australia,2024,False
LEC,82.673,6.0,1.0,28.817,17.824,36.032,280.0,323.0,299.0,302.0,False,MEDIUM,6.0,True,Ferrari,1,3.0,True,Australia,2024,False
LEC,82.684,7.0,1.0,28.963,17.949,35.772,278.0,315.0,300.0,308.0,False,MEDIUM,7.0,True,Ferrari,1,3.0,True,Australia,2024,False
LEC,82.983,8.0,1.0,28.769,17.823,36.391,283.0,327.0,299.0,308.0,False,MEDIUM,8.0,True,Ferrari,1,3.0,True,Australia,2024,False
LEC,96.036,9.0,1.0,28.769,17.994,49.273,271.0,315.0,290.0,307.0,False,MEDIUM,9.0,True,Ferrari,1,5.0,False,Australia,2024,True
LEC,87.861,10.0,2.0,33.912,18.358,35.591,271.0,298.0,292.0,232.0,False,HARD,1.0,True,Ferrari,1,7.0,False,Australia,2024,False
LEC,82.647,11.0,2.0,28.9,18.018,35.729,273.0,320.0,288.0,296.0,False,HARD,2.0,True,Ferrari,1,5.0,True,Australia,2024,False
LEC,81.841,12.0,2.0,28.454,18.244,35.143,272.0,294.0,288.0,291.0,True,HARD,3.0,True,Ferrari,1,5.0,True,Australia,2024,False
LEC,82.222,13.0,2.0,28.716,18.198,35.308,270.0,295.0,288.0,289.0,False,HARD,4.0,True,Ferrari,1,5.0,True,Australia,2024,False
LEC,81.952,14.0,2.0,28.647,18.127,35.178,275.0,300.0,288.0,291.0,False,HARD,5.0,True,Ferrari,1,4.0,True,Australia,2024,False
LEC,81.735,15.0,2.0,28.447,18.202,35.086,276.0,299.0,288.0,293.0,True,HARD,6.0,True,Ferrari,1,3.0,True,Australia,2024,False
LEC,82.247,16.0,2.0,28.598,18.349,35.3,272.0,297.0,288.0,291.0,False,HARD,7.0,True,Ferrari,1,3.0,True,Australia,2024,False
LEC,81.881,19.0,2.0,28.197,18.205,35.479,283.0,301.0,290.0,309.0,False,HARD,10.0,True,Ferrari,1,2.0,True,Australia,2024,False
LEC,81.885,20.0,2.0,28.409,18.11,35.366,276.0,301.0,289.0,295.0,False,HARD,11.0,True,Ferrari,1,2.0,True,Australia,2024,False
LEC,82.058,21.0,2.0,28.477,18.114,35.467,276.0,301.0,289.0,293.0,False,HARD,12.0,True,Ferrari,1,2.0,True,Australia,2024,False
LEC,81.722,22.0,2.0,28.368,18.072,35.282,276.0,300.0,289.0,293.0,True,HARD,13.0,True,Ferrari,1,2.0,True,Australia,2024,False
LEC,81.932,23.0,2.0,28.419,18.062,35.451,275.0,300.0,289.0,292.0,False,HARD,14.0,True,Ferrari,1,2.0,True,Australia,2024,False
LEC,81.852,24.0,2.0,28.455,18.042,35.355,275.0,300.0,289.0,291.0,False,HARD,15.0,True,Ferrari,1,2.0,True,Australia,2024,False
LEC,81.951,25.0,2.0,28.587,18.078,35.286,275.0,299.0,287.0,290.0,False,HARD,16.0,True,Ferrari,1,2.0,True,Australia,2024,False
LEC,82.042,26.0,2.0,28.596,18.091,35.355,272.0,298.0,289.0,291.0,False,HARD,17.0,True,Ferrari,1,2.0,True,Australia,2024,False
LEC,81.822,27.0,2.0,28.59,18.059,35.173,277.0,302.0,288.0,295.0,False,HARD,18.0,True,Ferrari,1,2.0,True,Australia,2024,False
LEC,81.969,28.0,2.0,28.496,18.164,35.309,276.0,299.0,288.0,293.0,False,HARD,19.0,True,Ferrari,1,2.0,True,Australia,2024,False
LEC,82.433,29.0,2.0,28.845,18.259,35.329,277.0,301.0,288.0,294.0,False,HARD,20.0,True,Ferrari,1,2.0,True,Australia,2024,False
LEC,82.284,30.0,2.0,28.708,18.276,35.3,276.0,300.0,288.0,293.0,False,HARD,21.0,True,Ferrari,1,2.0,True,Australia,2024,False
LEC,81.996,31.0,2.0,28.587,18.184,35.225,276.0,299.0,289.0,291.0,False,HARD,22.0,True,Ferrari,1,2.0,True,Australia,2024,False
LEC,81.841,32.0,2.0,28.706,18.13,35.005,276.0,298.0,288.0,293.0,False,HARD,23.0,True,Ferrari,1,2.0,True,Australia,2024,False
LEC,82.022,33.0,2.0,28.743,18.172,35.107,274.0,295.0,289.0,290.0,False,HARD,24.0,True,Ferrari,1,2.0,True,Australia,2024,False
LEC,95.962,34.0,2.0,28.835,18.205,48.922,275.0,298.0,290.0,292.0,False,HARD,25.0,True,Ferrari,1,4.0,False,Australia,2024,True
LEC,87.951,35.0,3.0,34.283,18.437,35.231,272.0,291.0,288.0,234.0,False,HARD,1.0,True,Ferrari,1,4.0,False,Australia,2024,True
LEC,81.942,36.0,3.0,28.493,18.231,35.218,271.0,299.0,288.0,289.0,False,HARD,2.0,True,Ferrari,1,4.0,True,Australia,2024,False
LEC,80.688,37.0,3.0,28.238,18.085,34.365,276.0,299.0,291.0,290.0,True,HARD,3.0,True,Ferrari,1,4.0,True,Australia,2024,False
LEC,80.949,38.0,3.0,28.1,17.966,34.883,276.0,300.0,290.0,291.0,False,HARD,4.0,True,Ferrari,1,4.0,True,Australia,2024,False
LEC,80.909,39.0,3.0,28.184,17.887,34.838,278.0,302.0,291.0,294.0,False,HARD,5.0,True,Ferrari,1,3.0,True,Australia,2024,False
LEC,80.953,40.0,3.0,28.187,17.895,34.871,277.0,302.0,291.0,294.0,False,HARD,6.0,True,Ferrari,1,3.0,True,Australia,2024,False
LEC,80.675,41.0,3.0,28.107,17.871,34.697,279.0,306.0,292.0,297.0,True,HARD,7.0,True,Ferrari,1,2.0,True,Australia,2024,False
LEC,80.849,42.0,3.0,28.366,17.866,34.617,277.0,304.0,291.0,295.0,False,HARD,8.0,True,Ferrari,1,2.0,True,Australia,2024,False
LEC,80.853,43.0,3.0,28.089,17.823,34.941,282.0,312.0,292.0,296.0,False,HARD,9.0,True,Ferrari,1,2.0,True,Australia,2024,False
LEC,80.56,44.0,3.0,28.069,17.861,34.63,287.0,315.0,290.0,294.0,True,HARD,10.0,True,Ferrari,1,2.0,True,Australia,2024,False
LEC,80.408,45.0,3.0,28.11,17.8,34.498,277.0,300.0,291.0,293.0,True,HARD,11.0,True,Ferrari,1,2.0,True,Australia,2024,False
LEC,80.76,46.0,3.0,28.049,18.096,34.615,278.0,298.0,291.0,292.0,False,HARD,12.0,True,Ferrari,1,2.0,True,Australia,2024,False
LEC,79.999,47.0,3.0,27.807,17.791,34.401,281.0,303.0,291.0,295.0,True,HARD,13.0,True,Ferrari,1,2.0,True,Australia,2024,False
LEC,80.349,48.0,3.0,28.125,17.844,34.38,277.0,299.0,290.0,291.0,False,HARD,14.0,True,Ferrari,1,2.0,True,Australia,2024,False
LEC,80.144,49.0,3.0,27.919,17.844,34.381,278.0,298.0,291.0,291.0,False,HARD,15.0,True,Ferrari,1,2.0,True,Australia,2024,False
LEC,79.925,50.0,3.0,27.895,17.77,34.26,280.0,303.0,291.0,293.0,True,HARD,16.0,True,Ferrari,1,2.0,True,Australia,2024,False
LEC,80.215,51.0,3.0,27.948,17.857,34.41,278.0,300.0,291.0,293.0,False,HARD,17.0,True,Ferrari,1,2.0,True,Australia,2024,False
LEC,80.331,52.0,3.0,27.976,17.865,34.49,279.0,300.0,291.0,292.0,False,HARD,18.0,True,Ferrari,1,2.0,True,Australia,2024,False
LEC,80.463,53.0,3.0,28.073,17.852,34.538,277.0,299.0,291.0,292.0,False,HARD,19.0,True,Ferrari,1,2.0,True,Australia,2024,False
LEC,80.32,54.0,3.0,28.019,17.81,34.491,277.0,300.0,292.0,292.0,False,HARD,20.0,True,Ferrari,1,2.0,True,Australia,2024,False
LEC,80.962,55.0,3.0,28.437,17.832,34.693,277.0,301.0,292.0,294.0,False,HARD,21.0,True,Ferrari,1,2.0,True,Australia,2024,False
LEC,79.813,56.0,3.0,28.044,17.572,34.197,287.0,325.0,294.0,298.0,True,HARD,22.0,True,Ferrari,1,2.0,True,Australia,2024,False
STR,83.551,2.0,1.0,29.507,18.117,35.927,275.0,328.0,304.0,295.0,True,MEDIUM,3.0,False,Aston Martin,1,8.0,True,Australia,2024,False
STR,83.196,3.0,1.0,29.015,18.169,36.012,262.0,316.0,304.0,314.0,True,MEDIUM,4.0,False,Aston Martin,1,8.0,True,Australia,2024,False
STR,83.454,4.0,1.0,28.949,18.13,36.375,271.0,322.0,303.0,320.0,False,MEDIUM,5.0,False,Aston Martin,1,7.0,True,Australia,2024,False
STR,83.337,5.0,1.0,28.941,18.062,36.334,270.0,320.0,303.0,309.0,False,MEDIUM,6.0,False,Aston Martin,1,7.0,True,Australia,2024,False
STR,83.027,6.0,1.0,28.902,18.106,36.019,271.0,320.0,304.0,308.0,True,MEDIUM,7.0,False,Aston Martin,1,7.0,True,Australia,2024,False
STR,83.019,7.0,1.0,28.945,18.021,36.053,272.0,321.0,302.0,314.0,True,MEDIUM,8.0,False,Aston Martin,1,7.0,True,Australia,2024,False
STR,97.362,8.0,1.0,28.791,18.042,50.529,273.0,322.0,290.0,316.0,False,MEDIUM,9.0,False,Aston Martin,1,12.0,False,Australia,2024,True
STR,87.945,9.0,2.0,34.017,18.371,35.557,268.0,293.0,289.0,229.0,False,HARD,2.0,False,Aston Martin,1,11.0,False,Australia,2024,False
STR,82.883,10.0,2.0,28.763,18.299,35.821,271.0,298.0,289.0,289.0,True,HARD,3.0,False,Aston Martin,1,10.0,True,Australia,2024,False
STR,82.718,11.0,2.0,28.755,18.212,35.751,271.0,301.0,290.0,296.0,True,HARD,4.0,False,Aston Martin,1,10.0,True,Australia,2024,False
STR,83.063,12.0,2.0,28.858,18.308,35.897,268.0,298.0,289.0,301.0,False,HARD,5.0,False,Aston Martin,1,10.0,True,Australia,2024,False
STR,83.322,13.0,2.0,28.92,18.278,36.124,271.0,301.0,288.0,290.0,False,HARD,6.0,False,Aston Martin,1,10.0,True,Australia,2024,False
STR,83.106,14.0,2.0,28.867,18.238,36.001,273.0,303.0,291.0,289.0,False,HARD,7.0,False,Aston Martin,1,10.0,True,Australia,2024,False
STR,83.45,15.0,2.0,29.221,18.357,35.872,269.0,300.0,304.0,304.0,False,HARD,8.0,False,Aston Martin,1,9.0,True,Australia,2024,False
STR,84.65,16.0,2.0,29.194,17.98,37.476,272.0,329.0,301.0,305.0,False,HARD,9.0,False,Aston Martin,1,9.0,True,Australia,2024,False
STR,83.105,19.0,2.0,28.71,18.244,36.151,271.0,302.0,288.0,308.0,False,HARD,12.0,False,Aston Martin,1,8.0,True,Australia,2024,False
STR,82.922,20.0,2.0,28.668,18.233,36.021,273.0,299.0,289.0,291.0,False,HARD,13.0,False,Aston Martin,1,8.0,True,Australia,2024,False
STR,82.628,21.0,2.0,28.674,18.202,35.752,273.0,300.0,289.0,290.0,True,HARD,14.0,False,Aston Martin,1,8.0,True,Australia,2024,False
STR,82.905,22.0,2.0,28.641,18.185,36.079,274.0,300.0,287.0,303.0,False,HARD,15.0,False,Aston Martin,1,8.0,True,Australia,2024,False
STR,82.861,23.0,2.0,28.795,18.236,35.83,273.0,300.0,287.0,294.0,False,HARD,16.0,False,Aston Martin,1,8.0,True,Australia,2024,False
STR,82.852,24.0,2.0,28.715,18.159,35.978,274.0,300.0,288.0,290.0,False,HARD,17.0,False,Aston Martin,1,8.0,True,Australia,2024,False
STR,82.941,25.0,2.0,28.821,18.203,35.917,273.0,299.0,287.0,292.0,False,HARD,18.0,False,Aston Martin,1,8.0,True,Australia,2024,False
STR,83.294,26.0,2.0,28.858,18.27,36.166,271.0,296.0,288.0,296.0,False,HARD,19.0,False,Aston Martin,1,8.0,True,Australia,2024,False
STR,83.192,27.0,2.0,28.78,18.21,36.202,273.0,299.0,288.0,293.0,False,HARD,20.0,False,Aston Martin,1,8.0,True,Australia,2024,False
STR,83.059,28.0,2.0,28.871,18.249,35.939,274.0,297.0,288.0,300.0,False,HARD,21.0,False,Aston Martin,1,8.0,True,Australia,2024,False
STR,83.135,29.0,2.0,28.955,18.347,35.833,271.0,298.0,287.0,290.0,False,HARD,22.0,False,Aston Martin,1,8.0,True,Australia,2024,False
STR,83.124,30.0,2.0,28.875,18.298,35.951,273.0,297.0,287.0,293.0,False,HARD,23.0,False,Aston Martin,1,8.0,True,Australia,2024,False
STR,83.521,31.0,2.0,29.11,18.331,36.08,273.0,296.0,288.0,290.0,False,HARD,24.0,False,Aston Martin,1,8.0,True,Australia,2024,False
STR,83.157,32.0,2.0,28.921,18.262,35.974,275.0,295.0,288.0,301.0,False,HARD,25.0,False,Aston Martin,1,8.0,True,Australia,2024,False
STR,83.266,33.0,2.0,29.001,18.354,35.911,272.0,294.0,287.0,294.0,False,HARD,26.0,False,Aston Martin,1,8.0,True,Australia,2024,False
STR,83.114,34.0,2.0,28.986,18.288,35.84,275.0,296.0,288.0,289.0,False,HARD,27.0,False,Aston Martin,1,8.0,True,Australia,2024,False
STR,83.398,35.0,2.0,29.054,18.316,36.028,273.0,295.0,287.0,293.0,False,HARD,28.0,False,Aston Martin,1,8.0,True,Australia,2024,False
STR,83.207,36.0,2.0,29.035,18.282,35.89,273.0,296.0,287.0,300.0,False,HARD,29.0,False,Aston Martin,1,7.0,True,Australia,2024,False
STR,97.526,37.0,2.0,28.958,18.264,50.304,274.0,297.0,290.0,290.0,False,HARD,30.0,False,Aston Martin,1,8.0,False,Australia,2024,True
STR,87.847,38.0,3.0,34.155,18.064,35.628,272.0,315.0,288.0,230.0,False,HARD,2.0,False,Aston Martin,1,8.0,False,Australia,2024,True
STR,82.042,39.0,3.0,28.498,18.275,35.269,269.0,295.0,288.0,287.0,True,HARD,3.0,False,Aston Martin,1,8.0,True,Australia,2024,False
STR,82.1,40.0,3.0,28.665,18.23,35.205,269.0,297.0,288.0,286.0,False,HARD,4.0,False,Aston Martin,1,8.0,True,Australia,2024,False
STR,82.244,41.0,3.0,28.417,18.198,35.629,272.0,298.0,289.0,289.0,False,HARD,5.0,False,Aston Martin,1,8.0,True,Australia,2024,False
STR,81.829,42.0,3.0,28.383,18.2,35.246,271.0,300.0,289.0,295.0,True,HARD,6.0,False,Aston Martin,1,8.0,True,Australia,2024,False
STR,81.722,43.0,3.0,28.38,18.055,35.287,273.0,299.0,289.0,299.0,True,HARD,7.0,False,Aston Martin,1,8.0,True,Australia,2024,False
STR,81.992,44.0,3.0,28.476,18.074,35.442,275.0,298.0,289.0,291.0,False,HARD,8.0,False,Aston Martin,1,8.0,True,Australia,2024,False
STR,81.603,45.0,3.0,28.27,18.094,35.239,276.0,298.0,290.0,291.0,True,HARD,9.0,False,Aston Martin,1,8.0,True,Australia,2024,False
STR,81.431,46.0,3.0,28.26,18.093,35.078,275.0,299.0,291.0,291.0,True,HARD,10.0,False,Aston Martin,1,8.0,True,Australia,2024,False
STR,81.014,47.0,3.0,28.162,18.105,34.747,277.0,301.0,290.0,293.0,True,HARD,11.0,False,Aston Martin,1,8.0,True,Australia,2024,False
STR,81.109,48.0,3.0,28.185,18.076,34.848,276.0,297.0,290.0,291.0,False,HARD,12.0,False,Aston Martin,1,8.0,True,Australia,2024,False
STR,80.93,49.0,3.0,28.058,18.072,34.8,277.0,298.0,290.0,289.0,True,HARD,13.0,False,Aston Martin,1,8.0,True,Australia,2024,False
STR,80.991,50.0,3.0,28.152,18.077,34.762,275.0,296.0,290.0,289.0,False,HARD,14.0,False,Aston Martin,1,8.0,True,Australia,2024,False
STR,81.121,51.0,3.0,28.174,18.099,34.848,276.0,298.0,290.0,290.0,False,HARD,15.0,False,Aston Martin,1,8.0,True,Australia,2024,False
STR,81.213,52.0,3.0,28.234,18.166,34.813,275.0,295.0,290.0,299.0,False,HARD,16.0,False,Aston Martin,1,8.0,True,Australia,2024,False
STR,81.063,53.0,3.0,28.121,18.093,34.849,276.0,295.0,290.0,288.0,False,HARD,17.0,False,Aston Martin,1,8.0,True,Australia,2024,False
STR,81.13,54.0,3.0,28.029,18.135,34.966,276.0,294.0,290.0,292.0,False,HARD,18.0,False,Aston Martin,1,8.0,True,Australia,2024,False
STR,81.272,55.0,3.0,28.135,18.219,34.918,276.0,295.0,289.0,291.0,False,HARD,19.0,False,Aston Martin,1,8.0,True,Australia,2024,False
STR,81.233,56.0,3.0,28.132,18.185,34.916,277.0,296.0,290.0,290.0,False,HARD,20.0,False,Aston Martin,1,8.0,True,Australia,2024,False
MAG,84.248,2.0,1.0,29.856,18.052,36.34,272.0,326.0,306.0,291.0,True,MEDIUM,2.0,True,Haas F1 Team,1,13.0,True,Australia,2024,False
MAG,83.565,3.0,1.0,29.255,18.095,36.215,271.0,325.0,303.0,316.0,True,MEDIUM,3.0,True,Haas F1 Team,1,13.0,True,Australia,2024,False
MAG,83.529,4.0,1.0,29.068,18.018,36.443,271.0,327.0,303.0,316.0,True,MEDIUM,4.0,True,Haas F1 Team,1,12.0,True,Australia,2024,False
MAG,83.961,5.0,1.0,29.446,18.061,36.454,271.0,321.0,303.0,311.0,False,MEDIUM,5.0,True,Haas F1 Team,1,12.0,True,Australia,2024,False
MAG,83.954,6.0,1.0,29.211,18.296,36.447,273.0,307.0,292.0,317.0,False,MEDIUM,6.0,True,Haas F1 Team,1,12.0,True,Australia,2024,False
MAG,97.945,7.0,1.0,29.198,18.137,50.61,278.0,311.0,290.0,300.0,False,MEDIUM,7.0,True,Haas F1 Team,1,15.0,False,Australia,2024,True
MAG,89.979,8.0,2.0,35.149,18.717,36.113,268.0,300.0,291.0,215.0,False,HARD,1.0,True,Haas F1 Team,1,15.0,False,Australia,2024,False
MAG,83.662,9.0,2.0,29.317,18.413,35.932,271.0,300.0,292.0,292.0,False,HARD,2.0,True,Haas F1 Team,1,15.0,True,Australia,2024,False
MAG,83.671,10.0,2.0,29.145,17.985,36.541,274.0,329.0,303.0,297.0,False,HARD,3.0,True,Haas F1 Team,1,15.0,True,Australia,2024,False
MAG,83.322,11.0,2.0,29.073,18.025,36.224,273.0,325.0,303.0,315.0,True,HARD,4.0,True,Haas F1 Team,1,15.0,True,Australia,2024,False
MAG,83.11,12.0,2.0,29.117,17.971,36.022,272.0,325.0,303.0,316.0,True,HARD,5.0,True,Haas F1 Team,1,15.0,True,Australia,2024,False
MAG,83.063,13.0,2.0,28.848,18.03,36.185,273.0,323.0,302.0,314.0,True,HARD,6.0,True,Haas F1 Team,1,15.0,True,Australia,2024,False
MAG,82.905,14.0,2.0,28.975,17.955,35.975,275.0,326.0,303.0,315.0,True,HARD,7.0,True,Haas F1 Team,1,15.0,True,Australia,2024,False
MAG,83.668,15.0,2.0,29.093,18.303,36.272,272.0,304.0,293.0,315.0,False,HARD,8.0,True,Haas F1 Team,1,15.0,True,Australia,2024,False
MAG,83.561,16.0,2.0,29.073,18.228,36.26,274.0,303.0,290.0,299.0,False,HARD,9.0,True,Haas F1 Team,1,13.0,True,Australia,2024,False
MAG,83.125,18.0,2.0,29.28,18.21,35.635,281.0,309.0,291.0,280.0,False,HARD,11.0,True,Haas F1 Team,1,11.0,True,Australia,2024,False
MAG,82.848,19.0,2.0,28.691,18.204,35.953,274.0,303.0,290.0,296.0,True,HARD,12.0,True,Haas F1 Team,1,11.0,True,Australia,2024,False
MAG,82.809,20.0,2.0,28.859,18.147,35.803,276.0,302.0,291.0,297.0,True,HARD,13.0,True,Haas F1 Team,1,11.0,True,Australia,2024,False
MAG,82.86,21.0,2.0,28.817,18.149,35.894,276.0,304.0,291.0,297.0,False,HARD,14.0,True,Haas F1 Team,1,11.0,True,Australia,2024,False
MAG,83.315,22.0,2.0,28.881,18.063,36.371,278.0,305.0,290.0,299.0,False,HARD,15.0,True,Haas F1 Team,1,11.0,True,Australia,2024,False
MAG,84.285,23.0,2.0,29.063,18.199,37.023,273.0,302.0,302.0,295.0,False,HARD,16.0,True,Haas F1 Team,1,12.0,True,Australia,2024,False
MAG,83.33,24.0,2.0,28.96,18.161,36.209,276.0,307.0,290.0,313.0,False,HARD,17.0,True,Haas F1 Team,1,12.0,True,Australia,2024,False
MAG,83.502,25.0,2.0,29.113,18.175,36.214,276.0,307.0,291.0,296.0,False,HARD,18.0,True,Haas F1 Team,1,12.0,True,Australia,2024,False
MAG,83.485,26.0,2.0,29.057,18.279,36.149,275.0,305.0,293.0,299.0,False,HARD,19.0,True,Haas F1 Team,1,12.0,True,Australia,2024,False
MAG,83.525,27.0,2.0,29.057,18.167,36.301,275.0,308.0,292.0,299.0,False,HARD,20.0,True,Haas F1 Team,1,11.0,True,Australia,2024,False
MAG,83.467,28.0,2.0,28.881,18.441,36.145,276.0,304.0,291.0,300.0,False,HARD,21.0,True,Haas F1 Team,1,11.0,True,Australia,2024,False
MAG,83.456,29.0,2.0,28.996,18.266,36.194,275.0,303.0,290.0,297.0,False,HARD,22.0,True,Haas F1 Team,1,11.0,True,Australia,2024,False
MAG,83.407,30.0,2.0,29.082,18.187,36.138,275.0,306.0,290.0,297.0,False,HARD,23.0,True,Haas F1 Team,1,11.0,True,Australia,2024,False
MAG,83.216,31.0,2.0,29.001,18.254,35.961,278.0,304.0,291.0,297.0,False,HARD,24.0,True,Haas F1 Team,1,11.0,True,Australia,2024,False
MAG,83.396,32.0,2.0,29.113,18.248,36.035,275.0,301.0,291.0,295.0,False,HARD,25.0,True,Haas F1 Team,1,11.0,True,Australia,2024,False
MAG,97.802,33.0,2.0,29.137,18.406,50.259,270.0,307.0,290.0,297.0,False,HARD,26.0,True,Haas F1 Team,1,13.0,False,Australia,2024,True
MAG,88.539,34.0,3.0,34.484,18.512,35.543,274.0,299.0,291.0,235.0,False,HARD,1.0,True,Haas F1 Team,1,14.0,False,Australia,2024,True
MAG,82.34,35.0,3.0,28.467,18.179,35.694,276.0,299.0,290.0,294.0,True,HARD,2.0,True,Haas F1 Team,1,13.0,True,Australia,2024,False
MAG,82.109,36.0,3.0,28.474,18.015,35.62,277.0,306.0,292.0,295.0,True,HARD,3.0,True,Haas F1 Team,1,13.0,True,Australia,2024,False
MAG,82.261,37.0,3.0,28.64,18.008,35.613,277.0,307.0,294.0,297.0,False,HARD,4.0,True,Haas F1 Team,1,13.0,True,Australia,2024,False
MAG,82.085,38.0,3.0,28.649,17.979,35.457,277.0,307.0,294.0,299.0,True,HARD,5.0,True,Haas F1 Team,1,13.0,True,Australia,2024,False
MAG,81.845,39.0,3.0,28.582,17.962,35.301,279.0,308.0,305.0,299.0,True,HARD,6.0,True,Haas F1 Team,1,13.0,True,Australia,2024,False
MAG,81.771,40.0,3.0,28.346,18.034,35.391,279.0,310.0,305.0,317.0,True,HARD,7.0,True,Haas F1 Team,1,13.0,True,Australia,2024,False
MAG,83.189,41.0,3.0,29.007,18.687,35.495,245.0,324.0,305.0,318.0,False,HARD,8.0,True,Haas F1 Team,1,12.0,True,Australia,2024,False
MAG,81.914,42.0,3.0,28.45,17.579,35.885,281.0,336.0,305.0,317.0,False,HARD,9.0,True,Haas F1 Team,1,12.0,True,Australia,2024,False
MAG,82.053,43.0,3.0,28.314,17.657,36.082,279.0,325.0,305.0,316.0,False,HARD,10.0,True,Haas F1 Team,1,12.0,True,Australia,2024,False
MAG,81.082,44.0,3.0,28.418,17.488,35.176,282.0,334.0,293.0,315.0,True,HARD,11.0,True,Haas F1 Team,1,11.0,True,Australia,2024,False
MAG,81.637,45.0,3.0,28.428,18.032,35.177,277.0,302.0,293.0,296.0,False,HARD,12.0,True,Haas F1 Team,1,11.0,True,Australia,2024,False
MAG,81.463,46.0,3.0,28.385,17.994,35.084,279.0,304.0,293.0,297.0,False,HARD,13.0,True,Haas F1 Team,1,11.0,True,Australia,2024,False
MAG,81.538,47.0,3.0,28.307,17.952,35.279,279.0,305.0,293.0,297.0,False,HARD,14.0,True,Haas F1 Team,1,11.0,True,Australia,2024,False
MAG,81.67,48.0,3.0,28.41,17.98,35.28,278.0,302.0,293.0,297.0,False,HARD,15.0,True,Haas F1 Team,1,11.0,True,Australia,2024,False
MAG,81.386,49.0,3.0,28.312,17.874,35.2,279.0,304.0,293.0,297.0,False,HARD,16.0,True,Haas F1 Team,1,11.0,True,Australia,2024,False
MAG,81.666,50.0,3.0,28.432,18.004,35.23,280.0,303.0,293.0,297.0,False,HARD,17.0,True,Haas F1 Team,1,11.0,True,Australia,2024,False
MAG,81.42,51.0,3.0,28.391,17.891,35.138,280.0,303.0,292.0,298.0,False,HARD,18.0,True,Haas F1 Team,1,11.0,True,Australia,2024,False
MAG,81.631,52.0,3.0,28.441,18.011,35.179,280.0,303.0,293.0,296.0,False,HARD,19.0,True,Haas F1 Team,1,11.0,True,Australia,2024,False
MAG,81.663,53.0,3.0,28.371,17.973,35.319,279.0,303.0,293.0,297.0,False,HARD,20.0,True,Haas F1 Team,1,11.0,True,Australia,2024,False
MAG,85.255,54.0,3.0,28.606,18.056,38.593,275.0,302.0,289.0,297.0,False,HARD,21.0,True,Haas F1 Team,1,11.0,True,Australia,2024,False
MAG,84.951,55.0,3.0,29.244,18.362,37.345,274.0,299.0,305.0,293.0,False,HARD,22.0,True,Haas F1 Team,1,11.0,True,Australia,2024,False
MAG,83.198,56.0,3.0,28.619,18.156,36.423,279.0,304.0,251.0,315.0,False,HARD,23.0,True,Haas F1 Team,1,11.0,True,Australia,2024,False
TSU,83.807,2.0,1.0,29.709,18.016,36.082,273.0,326.0,303.0,286.0,True,MEDIUM,2.0,True,RB,1,9.0,True,Australia,2024,False
TSU,83.203,3.0,1.0,29.009,18.089,36.105,273.0,327.0,302.0,310.0,True,MEDIUM,3.0,True,RB,1,9.0,True,Australia,2024,False
TSU,83.434,4.0,1.0,29.05,18.104,36.28,273.0,329.0,301.0,308.0,False,MEDIUM,4.0,True,RB,1,8.0,True,Australia,2024,False
TSU,83.31,5.0,1.0,29.072,18.048,36.19,274.0,327.0,303.0,310.0,False,MEDIUM,5.0,True,RB,1,8.0,True,Australia,2024,False
TSU,83.445,6.0,1.0,29.026,18.115,36.304,275.0,329.0,292.0,310.0,False,MEDIUM,6.0,True,RB,1,8.0,True,Australia,2024,False
TSU,82.864,7.0,1.0,28.848,17.947,36.069,276.0,330.0,301.0,302.0,True,MEDIUM,7.0,True,RB,1,8.0,True,Australia,2024,False
TSU,83.381,8.0,1.0,28.869,18.224,36.288,275.0,312.0,289.0,309.0,False,MEDIUM,8.0,True,RB,1,6.0,True,Australia,2024,False
TSU,98.21,9.0,1.0,29.13,18.328,50.752,274.0,307.0,290.0,299.0,False,MEDIUM,9.0,True,RB,1,9.0,False,Australia,2024,True
TSU,89.892,10.0,2.0,35.218,18.534,36.14,272.0,305.0,289.0,227.0,False,HARD,1.0,True,RB,1,12.0,False,Australia,2024,False
TSU,82.898,11.0,2.0,28.912,18.29,35.696,273.0,306.0,289.0,296.0,False,HARD,2.0,True,RB,1,12.0,True,Australia,2024,False
TSU,82.799,12.0,2.0,28.776,18.268,35.755,273.0,307.0,290.0,296.0,True,HARD,3.0,True,RB,1,12.0,True,Australia,2024,False
TSU,83.032,13.0,2.0,28.72,18.212,36.1,274.0,309.0,289.0,297.0,False,HARD,4.0,True,RB,1,12.0,True,Australia,2024,False
TSU,82.823,14.0,2.0,28.795,18.235,35.793,274.0,309.0,289.0,297.0,False,HARD,5.0,True,RB,1,12.0,True,Australia,2024,False
TSU,83.336,15.0,2.0,29.078,18.251,36.007,275.0,311.0,291.0,293.0,False,HARD,6.0,True,RB,1,12.0,True,Australia,2024,False
TSU,83.252,16.0,2.0,28.921,18.224,36.107,277.0,312.0,291.0,296.0,False,HARD,7.0,True,RB,1,11.0,True,Australia,2024,False
TSU,82.994,19.0,2.0,28.9,18.234,35.86,274.0,310.0,290.0,299.0,False,HARD,10.0,True,RB,1,9.0,True,Australia,2024,False
TSU,83.048,20.0,2.0,28.775,18.134,36.139,278.0,311.0,290.0,299.0,False,HARD,11.0,True,RB,1,9.0,True,Australia,2024,False
TSU,82.968,21.0,2.0,28.808,18.25,35.91,276.0,311.0,291.0,296.0,False,HARD,12.0,True,RB,1,9.0,True,Australia,2024,False
TSU,82.673,22.0,2.0,28.789,18.167,35.717,277.0,311.0,289.0,298.0,True,HARD,13.0,True,RB,1,9.0,True,Australia,2024,False
TSU,82.953,23.0,2.0,28.884,18.167,35.902,275.0,309.0,289.0,298.0,False,HARD,14.0,True,RB,1,9.0,True,Australia,2024,False
TSU,83.026,24.0,2.0,28.864,18.186,35.976,277.0,310.0,289.0,296.0,False,HARD,15.0,True,RB,1,9.0,True,Australia,2024,False
TSU,83.001,25.0,2.0,28.961,18.23,35.81,276.0,309.0,289.0,296.0,False,HARD,16.0,True,RB,1,9.0,True,Australia,2024,False
TSU,83.302,26.0,2.0,28.853,18.222,36.227,276.0,307.0,289.0,296.0,False,HARD,17.0,True,RB,1,9.0,True,Australia,2024,False
TSU,83.248,27.0,2.0,29.0,18.22,36.028,274.0,309.0,289.0,298.0,False,HARD,18.0,True,RB,1,9.0,True,Australia,2024,False
TSU,83.075,28.0,2.0,28.872,18.218,35.985,275.0,308.0,289.0,298.0,False,HARD,19.0,True,RB,1,9.0,True,Australia,2024,False
TSU,83.498,29.0,2.0,29.078,18.314,36.106,275.0,306.0,288.0,296.0,False,HARD,20.0,True,RB,1,9.0,True,Australia,2024,False
TSU,83.382,30.0,2.0,28.979,18.32,36.083,276.0,309.0,289.0,298.0,False,HARD,21.0,True,RB,1,9.0,True,Australia,2024,False
TSU,83.367,31.0,2.0,29.068,18.3,35.999,276.0,307.0,289.0,297.0,False,HARD,22.0,True,RB,1,9.0,True,Australia,2024,False
TSU,83.39,32.0,2.0,29.119,18.318,35.953,275.0,306.0,288.0,299.0,False,HARD,23.0,True,RB,1,9.0,True,Australia,2024,False
TSU,83.226,33.0,2.0,29.053,18.274,35.899,275.0,306.0,288.0,297.0,False,HARD,24.0,True,RB,1,9.0,True,Australia,2024,False
TSU,83.323,34.0,2.0,29.019,18.339,35.965,274.0,305.0,289.0,297.0,False,HARD,25.0,True,RB,1,9.0,True,Australia,2024,False
TSU,83.289,35.0,2.0,29.056,18.349,35.884,275.0,305.0,289.0,299.0,False,HARD,26.0,True,RB,1,9.0,True,Australia,2024,False
TSU,97.156,36.0,2.0,29.164,18.289,49.703,274.0,308.0,290.0,298.0,False,HARD,27.0,True,RB,1,9.0,False,Australia,2024,True
TSU,89.144,37.0,3.0,35.017,18.451,35.676,271.0,301.0,289.0,227.0,False,HARD,1.0,True,RB,1,10.0,False,Australia,2024,True
TSU,81.924,38.0,3.0,28.555,18.135,35.234,275.0,310.0,292.0,294.0,True,HARD,2.0,True,RB,1,10.0,True,Australia,2024,False
TSU,82.247,39.0,3.0,28.595,18.154,35.498,272.0,306.0,302.0,297.0,False,HARD,3.0,True,RB,1,10.0,True,Australia,2024,False
TSU,83.218,40.0,3.0,28.834,17.732,36.652,278.0,330.0,290.0,305.0,False,HARD,4.0,True,RB,1,9.0,True,Australia,2024,False
TSU,81.764,41.0,3.0,28.515,18.091,35.158,276.0,307.0,290.0,294.0,True,HARD,5.0,True,RB,1,9.0,True,Australia,2024,False
TSU,81.784,42.0,3.0,28.437,18.099,35.248,275.0,306.0,290.0,298.0,False,HARD,6.0,True,RB,1,9.0,True,Australia,2024,False
TSU,81.928,43.0,3.0,28.484,18.093,35.351,276.0,306.0,290.0,297.0,False,HARD,7.0,True,RB,1,9.0,True,Australia,2024,False
TSU,81.824,44.0,3.0,28.49,18.101,35.233,276.0,306.0,291.0,297.0,False,HARD,8.0,True,RB,1,9.0,True,Australia,2024,False
TSU,81.696,45.0,3.0,28.467,18.092,35.137,276.0,305.0,291.0,297.0,True,HARD,9.0,True,RB,1,9.0,True,Australia,2024,False
TSU,81.134,46.0,3.0,28.246,18.038,34.85,277.0,306.0,292.0,298.0,True,HARD,10.0,True,RB,1,9.0,True,Australia,2024,False
TSU,81.254,47.0,3.0,28.261,18.02,34.973,276.0,308.0,291.0,298.0,False,HARD,11.0,True,RB,1,9.0,True,Australia,2024,False
TSU,81.174,48.0,3.0,28.276,18.014,34.884,277.0,308.0,291.0,296.0,False,HARD,12.0,True,RB,1,9.0,True,Australia,2024,False
TSU,81.303,49.0,3.0,28.282,18.017,35.004,278.0,307.0,292.0,297.0,False,HARD,13.0,True,RB,1,9.0,True,Australia,2024,False
TSU,81.285,50.0,3.0,28.3,18.041,34.944,278.0,305.0,291.0,296.0,False,HARD,14.0,True,RB,1,9.0,True,Australia,2024,False
TSU,81.568,51.0,3.0,28.22,18.095,35.253,278.0,304.0,291.0,297.0,False,HARD,15.0,True,RB,1,9.0,True,Australia,2024,False
TSU,81.647,52.0,3.0,28.445,18.095,35.107,278.0,305.0,291.0,296.0,False,HARD,16.0,True,RB,1,9.0,True,Australia,2024,False
TSU,81.553,53.0,3.0,28.27,18.125,35.158,276.0,305.0,290.0,297.0,False,HARD,17.0,True,RB,1,9.0,True,Australia,2024,False
TSU,81.716,54.0,3.0,28.338,18.148,35.23,276.0,304.0,290.0,297.0,False,HARD,18.0,True,RB,1,9.0,True,Australia,2024,False
TSU,81.677,55.0,3.0,28.368,18.132,35.177,276.0,303.0,291.0,297.0,False,HARD,19.0,True,RB,1,9.0,True,Australia,2024,False
TSU,81.812,56.0,3.0,28.53,18.148,35.134,278.0,305.0,291.0,296.0,False,HARD,20.0,True,RB,1,9.0,True,Australia,2024,False
ALB,84.536,2.0,1.0,30.021,18.135,36.38,273.0,321.0,306.0,279.0,True,MEDIUM,2.0,True,Williams,1,14.0,True,Australia,2024,False
ALB,83.606,3.0,1.0,29.307,18.047,36.252,269.0,319.0,305.0,312.0,True,MEDIUM,3.0,True,Williams,1,14.0,True,Australia,2024,False
ALB,83.438,4.0,1.0,29.061,18.076,36.301,272.0,322.0,304.0,312.0,True,MEDIUM,4.0,True,Williams,1,13.0,True,Australia,2024,False
ALB,83.916,5.0,1.0,29.328,18.079,36.509,275.0,325.0,306.0,308.0,False,MEDIUM,5.0,True,Williams,1,13.0,True,Australia,2024,False
ALB,97.861,6.0,1.0,29.299,18.127,50.435,274.0,323.0,290.0,304.0,False,MEDIUM,6.0,True,Williams,1,16.0,False,Australia,2024,False
ALB,88.447,7.0,2.0,34.494,18.518,35.435,272.0,298.0,288.0,229.0,False,HARD,1.0,True,Williams,1,16.0,False,Australia,2024,False
ALB,83.72,8.0,2.0,29.377,18.444,35.899,273.0,299.0,289.0,297.0,False,HARD,2.0,True,Williams,1,14.0,True,Australia,2024,False
ALB,83.645,9.0,2.0,29.274,18.408,35.963,272.0,300.0,290.0,298.0,False,HARD,3.0,True,Williams,1,14.0,True,Australia,2024,False
ALB,83.852,10.0,2.0,29.78,18.253,35.819,271.0,299.0,290.0,287.0,False,HARD,4.0,True,Williams,1,13.0,True,Australia,2024,False
ALB,83.254,11.0,2.0,29.091,18.333,35.83,267.0,298.0,290.0,306.0,True,HARD,5.0,True,Williams,1,13.0,True,Australia,2024,False
ALB,82.767,12.0,2.0,29.045,18.159,35.563,271.0,303.0,290.0,298.0,True,HARD,6.0,True,Williams,1,13.0,True,Australia,2024,False
ALB,83.183,13.0,2.0,28.991,18.198,35.994,272.0,302.0,289.0,299.0,False,HARD,7.0,True,Williams,1,13.0,True,Australia,2024,False
ALB,82.978,14.0,2.0,29.004,18.19,35.784,274.0,302.0,289.0,299.0,False,HARD,8.0,True,Williams,1,13.0,True,Australia,2024,False
ALB,83.027,15.0,2.0,28.888,18.215,35.924,273.0,302.0,290.0,304.0,False,HARD,9.0,True,Williams,1,13.0,True,Australia,2024,False
ALB,82.963,16.0,2.0,28.847,18.121,35.995,279.0,309.0,290.0,300.0,False,HARD,10.0,True,Williams,1,12.0,True,Australia,2024,False
ALB,84.344,18.0,2.0,30.085,18.383,35.876,277.0,301.0,289.0,267.0,False,HARD,12.0,True,Williams,1,10.0,True,Australia,2024,False
ALB,83.022,19.0,2.0,28.826,18.266,35.93,280.0,306.0,288.0,302.0,False,HARD,13.0,True,Williams,1,10.0,True,Australia,2024,False
ALB,82.607,20.0,2.0,28.717,18.161,35.729,279.0,306.0,290.0,301.0,True,HARD,14.0,True,Williams,1,10.0,True,Australia,2024,False
ALB,83.066,21.0,2.0,28.956,18.216,35.894,276.0,304.0,290.0,302.0,False,HARD,15.0,True,Williams,1,10.0,True,Australia,2024,False
ALB,83.301,22.0,2.0,28.925,18.219,36.157,278.0,303.0,288.0,304.0,False,HARD,16.0,True,Williams,1,10.0,True,Australia,2024,False
ALB,83.198,23.0,2.0,28.917,18.205,36.076,277.0,304.0,288.0,301.0,False,HARD,17.0,True,Williams,1,10.0,True,Australia,2024,False
ALB,83.513,24.0,2.0,28.97,18.28,36.263,277.0,302.0,288.0,301.0,False,HARD,18.0,True,Williams,1,10.0,True,Australia,2024,False
ALB,83.671,25.0,2.0,29.201,18.328,36.142,275.0,302.0,288.0,298.0,False,HARD,19.0,True,Williams,1,10.0,True,Australia,2024,False
ALB,83.525,26.0,2.0,29.159,18.247,36.119,276.0,304.0,289.0,305.0,False,HARD,20.0,True,Williams,1,10.0,True,Australia,2024,False
ALB,97.44,27.0,2.0,29.197,18.247,49.996,274.0,302.0,290.0,299.0,False,HARD,21.0,True,Williams,1,15.0,False,Australia,2024,True
ALB,89.209,28.0,3.0,34.96,18.403,35.846,273.0,300.0,289.0,230.0,False,HARD,1.0,True,Williams,1,15.0,False,Australia,2024,True
ALB,82.792,29.0,3.0,28.879,18.372,35.541,277.0,301.0,289.0,295.0,False,HARD,2.0,True,Williams,1,14.0,True,Australia,2024,False
ALB,82.898,30.0,3.0,28.864,18.254,35.78,278.0,304.0,289.0,297.0,False,HARD,3.0,True,Williams,1,14.0,True,Australia,2024,False
ALB,82.949,31.0,3.0,28.883,18.264,35.802,278.0,303.0,290.0,295.0,False,HARD,4.0,True,Williams,1,14.0,True,Australia,2024,False
ALB,82.901,32.0,3.0,28.71,18.292,35.899,278.0,301.0,289.0,295.0,False,HARD,5.0,True,Williams,1,14.0,True,Australia,2024,False
ALB,83.188,33.0,3.0,28.963,18.242,35.983,277.0,301.0,289.0,297.0,False,HARD,6.0,True,Williams,1,14.0,True,Australia,2024,False
ALB,83.061,34.0,3.0,28.857,18.208,35.996,279.0,302.0,290.0,299.0,False,HARD,7.0,True,Williams,1,13.0,True,Australia,2024,False
ALB,83.135,35.0,3.0,28.982,18.222,35.931,278.0,304.0,289.0,297.0,False,HARD,8.0,True,Williams,1,12.0,True,Australia,2024,False
ALB,84.486,36.0,3.0,29.749,18.001,36.736,278.0,322.0,290.0,284.0,False,HARD,9.0,True,Williams,1,12.0,True,Australia,2024,False
ALB,82.918,37.0,3.0,29.079,18.177,35.662,276.0,303.0,291.0,299.0,False,HARD,10.0,True,Williams,1,12.0,True,Australia,2024,False
ALB,82.154,38.0,3.0,28.612,18.068,35.474,277.0,304.0,291.0,301.0,True,HARD,11.0,True,Williams,1,12.0,True,Australia,2024,False
ALB,82.011,39.0,3.0,28.529,18.079,35.403,277.0,303.0,291.0,304.0,True,HARD,12.0,True,Williams,1,12.0,True,Australia,2024,False
ALB,81.74,40.0,3.0,28.341,17.928,35.471,282.0,307.0,293.0,303.0,True,HARD,13.0,True,Williams,1,12.0,True,Australia,2024,False
ALB,83.574,41.0,3.0,29.684,18.583,35.307,270.0,302.0,291.0,306.0,False,HARD,14.0,True,Williams,1,11.0,True,Australia,2024,False
ALB,81.73,42.0,3.0,28.438,17.99,35.302,281.0,309.0,292.0,305.0,True,HARD,15.0,True,Williams,1,11.0,True,Australia,2024,False
ALB,82.292,43.0,3.0,28.355,17.984,35.953,278.0,303.0,291.0,305.0,False,HARD,16.0,True,Williams,1,11.0,True,Australia,2024,False
ALB,82.499,44.0,3.0,28.359,17.953,36.187,278.0,304.0,303.0,306.0,False,HARD,17.0,True,Williams,1,12.0,True,Australia,2024,False
ALB,81.907,45.0,3.0,28.459,17.961,35.487,280.0,306.0,293.0,321.0,False,HARD,18.0,True,Williams,1,12.0,True,Australia,2024,False
ALB,81.618,46.0,3.0,28.449,17.918,35.251,280.0,308.0,293.0,307.0,True,HARD,19.0,True,Williams,1,12.0,True,Australia,2024,False
ALB,81.845,47.0,3.0,28.443,17.962,35.44,278.0,305.0,292.0,307.0,False,HARD,20.0,True,Williams,1,12.0,True,Australia,2024,False
ALB,81.927,48.0,3.0,28.571,17.994,35.362,282.0,307.0,293.0,307.0,False,HARD,21.0,True,Williams,1,12.0,True,Australia,2024,False
ALB,81.918,49.0,3.0,28.461,17.94,35.517,283.0,307.0,293.0,307.0,False,HARD,22.0,True,Williams,1,12.0,True,Australia,2024,False
ALB,82.219,50.0,3.0,28.659,18.048,35.512,280.0,304.0,292.0,307.0,False,HARD,23.0,True,Williams,1,12.0,True,Australia,2024,False
ALB,82.319,51.0,3.0,28.736,18.093,35.49,277.0,298.0,291.0,305.0,False,HARD,24.0,True,Williams,1,12.0,True,Australia,2024,False
ALB,82.184,52.0,3.0,28.514,18.049,35.621,281.0,305.0,291.0,304.0,False,HARD,25.0,True,Williams,1,12.0,True,Australia,2024,False
ALB,82.399,53.0,3.0,28.743,18.071,35.585,280.0,303.0,291.0,305.0,False,HARD,26.0,True,Williams,1,12.0,True,Australia,2024,False
ALB,84.131,54.0,3.0,28.682,18.173,37.276,279.0,302.0,304.0,305.0,False,HARD,27.0,True,Williams,1,12.0,True,Australia,2024,False
ALB,82.312,55.0,3.0,28.597,18.128,35.587,280.0,303.0,295.0,322.0,False,HARD,28.0,True,Williams,1,12.0,True,Australia,2024,False
ZHO,84.379,2.0,1.0,29.555,18.148,36.676,269.0,320.0,304.0,278.0,True,SOFT,2.0,True,Kick Sauber,1,19.0,True,Australia,2024,False
ZHO,83.912,3.0,1.0,29.466,18.314,36.132,267.0,319.0,304.0,308.0,True,SOFT,3.0,True,Kick Sauber,1,19.0,True,Australia,2024,False
ZHO,83.948,4.0,1.0,29.158,18.187,36.603,274.0,325.0,303.0,304.0,False,SOFT,4.0,True,Kick Sauber,1,18.0,True,Australia,2024,False
ZHO,84.161,5.0,1.0,29.236,18.04,36.885,270.0,326.0,300.0,300.0,False,SOFT,5.0,True,Kick Sauber,1,17.0,True,Australia,2024,False
ZHO,98.941,6.0,1.0,29.282,18.206,51.453,274.0,322.0,290.0,303.0,False,SOFT,6.0,True,Kick Sauber,1,17.0,False,Australia,2024,False
ZHO,91.168,7.0,2.0,35.188,18.742,37.238,265.0,295.0,287.0,226.0,False,HARD,2.0,False,Kick Sauber,1,18.0,False,Australia,2024,False
ZHO,84.402,8.0,2.0,29.497,18.682,36.223,266.0,293.0,288.0,288.0,False,HARD,3.0,False,Kick Sauber,1,17.0,True,Australia,2024,False
ZHO,83.624,9.0,2.0,29.129,18.477,36.018,269.0,297.0,289.0,290.0,True,HARD,4.0,False,Kick Sauber,1,17.0,True,Australia,2024,False
ZHO,83.66,10.0,2.0,29.197,18.524,35.939,267.0,299.0,288.0,291.0,False,HARD,5.0,False,Kick Sauber,1,17.0,True,Australia,2024,False
ZHO,83.447,11.0,2.0,29.027,18.488,35.932,268.0,300.0,288.0,293.0,True,HARD,6.0,False,Kick Sauber,1,17.0,True,Australia,2024,False
ZHO,83.177,12.0,2.0,28.869,18.421,35.887,271.0,302.0,289.0,295.0,True,HARD,7.0,False,Kick Sauber,1,17.0,True,Australia,2024,False
ZHO,83.471,13.0,2.0,29.107,18.41,35.954,267.0,299.0,288.0,293.0,False,HARD,8.0,False,Kick Sauber,1,17.0,True,Australia,2024,False
ZHO,83.302,14.0,2.0,29.086,18.441,35.775,268.0,298.0,287.0,291.0,False,HARD,9.0,False,Kick Sauber,1,17.0,True,Australia,2024,False
ZHO,83.329,15.0,2.0,29.07,18.426,35.833,272.0,299.0,288.0,292.0,False,HARD,10.0,False,Kick Sauber,1,17.0,True,Australia,2024,False
ZHO,84.958,18.0,2.0,30.106,18.67,36.182,269.0,300.0,286.0,285.0,False,HARD,13.0,False,Kick Sauber,1,14.0,True,Australia,2024,False
ZHO,83.537,19.0,2.0,29.184,18.441,35.912,270.0,298.0,286.0,290.0,False,HARD,14.0,False,Kick Sauber,1,14.0,True,Australia,2024,False
ZHO,83.069,20.0,2.0,28.95,18.377,35.742,272.0,297.0,287.0,291.0,True,HARD,15.0,False,Kick Sauber,1,14.0,True,Australia,2024,False
ZHO,83.473,21.0,2.0,29.095,18.409,35.969,269.0,295.0,287.0,292.0,False,HARD,16.0,False,Kick Sauber,1,14.0,True,Australia,2024,False
ZHO,83.431,22.0,2.0,29.084,18.404,35.943,269.0,295.0,287.0,289.0,False,HARD,17.0,False,Kick Sauber,1,14.0,True,Australia,2024,False
ZHO,83.264,23.0,2.0,28.997,18.387,35.88,268.0,295.0,287.0,288.0,False,HARD,18.0,False,Kick Sauber,1,14.0,True,Australia,2024,False
ZHO,83.196,24.0,2.0,28.947,18.39,35.859,268.0,295.0,285.0,288.0,False,HARD,19.0,False,Kick Sauber,1,14.0,True,Australia,2024,False
ZHO,83.031,25.0,2.0,29.065,18.3,35.666,269.0,295.0,288.0,286.0,True,HARD,20.0,False,Kick Sauber,1,14.0,True,Australia,2024,False
ZHO,83.062,26.0,2.0,28.892,18.441,35.729,270.0,294.0,288.0,290.0,False,HARD,21.0,False,Kick Sauber,1,14.0,True,Australia,2024,False
ZHO,83.097,27.0,2.0,28.839,18.349,35.909,270.0,295.0,287.0,289.0,False,HARD,22.0,False,Kick Sauber,1,13.0,True,Australia,2024,False
ZHO,83.023,28.0,2.0,28.924,18.332,35.767,274.0,297.0,288.0,292.0,True,HARD,23.0,False,Kick Sauber,1,13.0,True,Australia,2024,False
ZHO,82.602,29.0,2.0,28.809,18.249,35.544,274.0,298.0,284.0,291.0,True,HARD,24.0,False,Kick Sauber,1,12.0,True,Australia,2024,False
ZHO,82.989,30.0,2.0,28.908,18.308,35.773,272.0,296.0,286.0,287.0,False,HARD,25.0,False,Kick Sauber,1,12.0,True,Australia,2024,False
ZHO,82.826,31.0,2.0,28.813,18.357,35.656,274.0,297.0,288.0,288.0,False,HARD,26.0,False,Kick Sauber,1,12.0,True,Australia,2024,False
ZHO,83.17,32.0,2.0,28.988,18.274,35.908,265.0,296.0,287.0,286.0,False,HARD,27.0,False,Kick Sauber,1,12.0,True,Australia,2024,False
ZHO,83.246,33.0,2.0,28.848,18.365,36.033,269.0,293.0,286.0,288.0,False,HARD,28.0,False,Kick Sauber,1,11.0,True,Australia,2024,False
ZHO,83.068,34.0,2.0,28.927,18.358,35.783,270.0,294.0,287.0,289.0,False,HARD,29.0,False,Kick Sauber,1,11.0,True,Australia,2024,False
ZHO,116.595,35.0,2.0,28.943,18.355,69.297,272.0,300.0,290.0,289.0,False,HARD,30.0,False,Kick Sauber,1,17.0,False,Australia,2024,True
ZHO,88.57,36.0,3.0,34.544,18.48,35.546,268.0,293.0,288.0,218.0,False,HARD,1.0,True,Kick Sauber,1,17.0,False,Australia,2024,True
ZHO,82.598,37.0,3.0,28.596,18.262,35.74,270.0,295.0,290.0,286.0,True,HARD,2.0,True,Kick Sauber,1,17.0,True,Australia,2024,False
ZHO,82.43,38.0,3.0,28.906,18.19,35.334,269.0,297.0,289.0,290.0,True,HARD,3.0,True,Kick Sauber,1,17.0,True,Australia,2024,False
ZHO,82.008,39.0,3.0,28.476,18.181,35.351,274.0,299.0,290.0,292.0,True,HARD,4.0,True,Kick Sauber,1,17.0,True,Australia,2024,False
ZHO,81.908,40.0,3.0,28.391,18.108,35.409,274.0,298.0,289.0,292.0,True,HARD,5.0,True,Kick Sauber,1,17.0,True,Australia,2024,False
ZHO,83.999,41.0,3.0,28.641,18.957,36.401,271.0,263.0,288.0,290.0,False,HARD,6.0,True,Kick Sauber,1,17.0,True,Australia,2024,False
ZHO,82.195,42.0,3.0,28.581,18.041,35.573,274.0,302.0,291.0,291.0,False,HARD,7.0,True,Kick Sauber,1,17.0,True,Australia,2024,False
ZHO,83.827,43.0,3.0,30.079,18.142,35.606,276.0,304.0,290.0,295.0,False,HARD,8.0,True,Kick Sauber,1,16.0,True,Australia,2024,False
ZHO,82.147,44.0,3.0,28.709,18.003,35.435,276.0,306.0,291.0,296.0,False,HARD,9.0,True,Kick Sauber,1,16.0,True,Australia,2024,False
ZHO,81.609,45.0,3.0,28.403,18.006,35.2,275.0,304.0,291.0,294.0,True,HARD,10.0,True,Kick Sauber,1,16.0,True,Australia,2024,False
ZHO,81.663,46.0,3.0,28.342,17.961,35.36,274.0,303.0,290.0,294.0,False,HARD,11.0,True,Kick Sauber,1,16.0,True,Australia,2024,False
ZHO,81.776,47.0,3.0,28.474,18.026,35.276,273.0,303.0,290.0,293.0,False,HARD,12.0,True,Kick Sauber,1,16.0,True,Australia,2024,False
ZHO,83.135,48.0,3.0,28.701,18.848,35.586,276.0,297.0,291.0,294.0,False,HARD,13.0,True,Kick Sauber,1,16.0,True,Australia,2024,False
ZHO,81.327,49.0,3.0,28.288,17.953,35.086,284.0,307.0,290.0,302.0,True,HARD,14.0,True,Kick Sauber,1,16.0,True,Australia,2024,False
ZHO,81.831,50.0,3.0,28.509,18.043,35.279,276.0,303.0,291.0,294.0,False,HARD,15.0,True,Kick Sauber,1,16.0,True,Australia,2024,False
ZHO,81.83,51.0,3.0,28.516,18.063,35.251,277.0,299.0,290.0,293.0,False,HARD,16.0,True,Kick Sauber,1,16.0,True,Australia,2024,False
ZHO,82.06,52.0,3.0,28.554,18.137,35.369,275.0,297.0,291.0,290.0,False,HARD,17.0,True,Kick Sauber,1,16.0,True,Australia,2024,False
ZHO,82.184,53.0,3.0,28.537,18.159,35.488,273.0,296.0,290.0,291.0,False,HARD,18.0,True,Kick Sauber,1,16.0,True,Australia,2024,False
ZHO,82.067,54.0,3.0,28.629,18.202,35.236,273.0,298.0,291.0,292.0,False,HARD,19.0,True,Kick Sauber,1,16.0,True,Australia,2024,False
ZHO,81.798,55.0,3.0,28.526,18.117,35.155,278.0,300.0,290.0,291.0,False,HARD,20.0,True,Kick Sauber,1,16.0,True,Australia,2024,False
HUL,84.707,2.0,1.0,29.987,17.967,36.753,269.0,330.0,304.0,290.0,True,HARD,2.0,True,Haas F1 Team,1,16.0,True,Australia,2024,False
HUL,83.576,3.0,1.0,29.211,17.961,36.404,272.0,327.0,306.0,307.0,True,HARD,3.0,True,Haas F1 Team,1,16.0,True,Australia,2024,False
HUL,83.731,4.0,1.0,29.279,17.896,36.556,272.0,329.0,304.0,299.0,False,HARD,4.0,True,Haas F1 Team,1,15.0,True,Australia,2024,False
HUL,84.465,5.0,1.0,29.917,18.222,36.326,272.0,317.0,294.0,313.0,False,HARD,5.0,True,Haas F1 Team,1,15.0,True,Australia,2024,False
HUL,83.747,6.0,1.0,29.454,18.156,36.137,273.0,311.0,294.0,303.0,False,HARD,6.0,True,Haas F1 Team,1,14.0,True,Australia,2024,False
HUL,83.868,7.0,1.0,29.24,18.255,36.373,272.0,308.0,292.0,303.0,False,HARD,7.0,True,Haas F1 Team,1,12.0,True,Australia,2024,False
HUL,83.838,8.0,1.0,29.28,18.187,36.371,274.0,306.0,291.0,300.0,False,HARD,8.0,True,Haas F1 Team,1,9.0,True,Australia,2024,False
HUL,83.856,9.0,1.0,29.292,18.189,36.375,275.0,305.0,290.0,297.0,False,HARD,9.0,True,Haas F1 Team,1,7.0,True,Australia,2024,False
HUL,83.777,10.0,1.0,29.195,18.304,36.278,274.0,304.0,290.0,298.0,False,HARD,10.0,True,Haas F1 Team,1,5.0,True,Australia,2024,False
HUL,85.07,11.0,1.0,29.3,18.421,37.349,273.0,300.0,301.0,295.0,False,HARD,11.0,True,Haas F1 Team,1,6.0,True,Australia,2024,True
HUL,84.824,12.0,1.0,30.309,18.181,36.334,272.0,309.0,291.0,275.0,False,HARD,12.0,True,Haas F1 Team,1,7.0,True,Australia,2024,False
HUL,83.953,13.0,1.0,29.327,18.202,36.424,273.0,307.0,290.0,300.0,False,HARD,13.0,True,Haas F1 Team,1,7.0,True,Australia,2024,False
HUL,83.965,14.0,1.0,29.364,18.238,36.363,273.0,304.0,289.0,297.0,False,HARD,14.0,True,Haas F1 Team,1,7.0,True,Australia,2024,False
HUL,84.281,15.0,1.0,29.486,18.313,36.482,273.0,304.0,289.0,296.0,False,HARD,15.0,True,Haas F1 Team,1,6.0,True,Australia,2024,False
HUL,84.025,16.0,1.0,29.386,18.222,36.417,273.0,304.0,289.0,297.0,False,HARD,16.0,True,Haas F1 Team,1,6.0,True,Australia,2024,False
HUL,87.954,18.0,2.0,34.027,18.275,35.652,272.0,304.0,291.0,220.0,False,MEDIUM,1.0,True,Haas F1 Team,1,12.0,False,Australia,2024,False
HUL,82.247,19.0,2.0,28.72,18.125,35.402,275.0,304.0,291.0,297.0,True,MEDIUM,2.0,True,Haas F1 Team,1,12.0,True,Australia,2024,False
HUL,82.406,20.0,2.0,28.781,18.139,35.486,275.0,304.0,292.0,293.0,False,MEDIUM,3.0,True,Haas F1 Team,1,12.0,True,Australia,2024,False
HUL,82.479,21.0,2.0,28.71,18.167,35.602,272.0,305.0,292.0,298.0,False,MEDIUM,4.0,True,Haas F1 Team,1,12.0,True,Australia,2024,False
HUL,82.439,22.0,2.0,28.793,18.007,35.639,276.0,307.0,292.0,299.0,False,MEDIUM,5.0,True,Haas F1 Team,1,12.0,True,Australia,2024,False
HUL,82.152,23.0,2.0,28.841,17.743,35.568,275.0,326.0,292.0,300.0,True,MEDIUM,6.0,True,Haas F1 Team,1,11.0,True,Australia,2024,False
HUL,82.528,24.0,2.0,28.812,18.025,35.691,276.0,308.0,292.0,299.0,False,MEDIUM,7.0,True,Haas F1 Team,1,11.0,True,Australia,2024,False
HUL,82.974,25.0,2.0,29.021,17.804,36.149,276.0,325.0,304.0,299.0,False,MEDIUM,8.0,True,Haas F1 Team,1,11.0,True,Australia,2024,False
HUL,83.693,26.0,2.0,29.534,17.873,36.286,273.0,322.0,303.0,280.0,False,MEDIUM,9.0,True,Haas F1 Team,1,11.0,True,Australia,2024,False
HUL,83.385,27.0,2.0,29.38,17.87,36.135,274.0,323.0,301.0,311.0,False,MEDIUM,10.0,True,Haas F1 Team,1,10.0,True,Australia,2024,False
HUL,83.338,28.0,2.0,29.038,18.292,36.008,273.0,300.0,290.0,311.0,False,MEDIUM,11.0,True,Haas F1 Team,1,10.0,True,Australia,2024,False
HUL,83.167,29.0,2.0,29.023,18.157,35.987,276.0,303.0,290.0,297.0,False,MEDIUM,12.0,True,Haas F1 Team,1,10.0,True,Australia,2024,False
HUL,83.299,30.0,2.0,29.128,18.18,35.991,276.0,304.0,290.0,297.0,False,MEDIUM,13.0,True,Haas F1 Team,1,10.0,True,Australia,2024,False
HUL,83.139,31.0,2.0,29.15,18.189,35.8,276.0,302.0,291.0,295.0,False,MEDIUM,14.0,True,Haas F1 Team,1,10.0,True,Australia,2024,False
HUL,82.892,32.0,2.0,29.055,18.114,35.723,278.0,304.0,291.0,298.0,False,MEDIUM,15.0,True,Haas F1 Team,1,10.0,True,Australia,2024,False
HUL,82.91,33.0,2.0,29.039,18.152,35.719,277.0,303.0,291.0,297.0,False,MEDIUM,16.0,True,Haas F1 Team,1,10.0,True,Australia,2024,False
HUL,83.143,34.0,2.0,29.043,18.128,35.972,278.0,303.0,289.0,297.0,False,MEDIUM,17.0,True,Haas F1 Team,1,10.0,True,Australia,2024,False
HUL,97.314,35.0,2.0,29.129,18.17,50.015,277.0,306.0,290.0,299.0,False,MEDIUM,18.0,True,Haas F1 Team,1,11.0,False,Australia,2024,True
HUL,87.3,36.0,3.0,33.67,18.256,35.374,273.0,301.0,291.0,221.0,False,HARD,1.0,True,Haas F1 Team,1,11.0,False,Australia,2024,True
HUL,81.63,37.0,3.0,28.386,18.027,35.217,277.0,304.0,294.0,295.0,True,HARD,2.0,True,Haas F1 Team,1,11.0,True,Australia,2024,False
HUL,82.025,38.0,3.0,28.496,18.043,35.486,277.0,307.0,294.0,297.0,False,HARD,3.0,True,Haas F1 Team,1,11.0,True,Australia,2024,False
HUL,81.896,39.0,3.0,28.419,17.929,35.548,276.0,307.0,295.0,298.0,False,HARD,4.0,True,Haas F1 Team,1,11.0,True,Australia,2024,False
HUL,82.823,40.0,3.0,28.402,17.87,36.551,277.0,310.0,311.0,301.0,False,HARD,5.0,True,Haas F1 Team,1,11.0,True,Australia,2024,False
HUL,82.016,41.0,3.0,28.708,17.905,35.403,275.0,306.0,295.0,326.0,False,HARD,6.0,True,Haas F1 Team,1,10.0,True,Australia,2024,False
HUL,82.173,42.0,3.0,28.542,17.916,35.715,277.0,307.0,294.0,300.0,False,HARD,7.0,True,Haas F1 Team,1,10.0,True,Australia,2024,False
HUL,81.909,43.0,3.0,28.49,17.946,35.473,278.0,306.0,294.0,300.0,False,HARD,8.0,True,Haas F1 Team,1,10.0,True,Australia,2024,False
HUL,81.73,44.0,3.0,28.459,17.92,35.351,279.0,309.0,295.0,301.0,False,HARD,9.0,True,Haas F1 Team,1,10.0,True,Australia,2024,False
HUL,81.532,45.0,3.0,28.385,17.924,35.223,280.0,307.0,295.0,299.0,True,HARD,10.0,True,Haas F1 Team,1,10.0,True,Australia,2024,False
HUL,81.145,46.0,3.0,28.292,17.801,35.052,281.0,308.0,295.0,301.0,True,HARD,11.0,True,Haas F1 Team,1,10.0,True,Australia,2024,False
HUL,81.629,47.0,3.0,28.572,17.864,35.193,278.0,309.0,294.0,302.0,False,HARD,12.0,True,Haas F1 Team,1,10.0,True,Australia,2024,False
HUL,81.602,48.0,3.0,28.463,17.811,35.328,281.0,311.0,295.0,302.0,False,HARD,13.0,True,Haas F1 Team,1,10.0,True,Australia,2024,False
HUL,81.728,49.0,3.0,28.583,17.833,35.312,280.0,307.0,295.0,300.0,False,HARD,14.0,True,Haas F1 Team,1,10.0,True,Australia,2024,False
HUL,82.102,50.0,3.0,28.709,17.968,35.425,279.0,307.0,294.0,300.0,False,HARD,15.0,True,Haas F1 Team,1,10.0,True,Australia,2024,False
HUL,81.73,51.0,3.0,28.585,17.865,35.28,281.0,306.0,293.0,300.0,False,HARD,16.0,True,Haas F1 Team,1,10.0,True,Australia,2024,False
HUL,81.781,52.0,3.0,28.555,17.936,35.29,279.0,305.0,293.0,298.0,False,HARD,17.0,True,Haas F1 Team,1,10.0,True,Australia,2024,False
HUL,81.758,53.0,3.0,28.571,17.893,35.294,281.0,308.0,294.0,301.0,False,HARD,18.0,True,Haas F1 Team,1,10.0,True,Australia,2024,False
HUL,82.021,54.0,3.0,28.618,17.922,35.481,280.0,306.0,292.0,301.0,False,HARD,19.0,True,Haas F1 Team,1,10.0,True,Australia,2024,False
HUL,82.697,55.0,3.0,28.788,17.981,35.928,277.0,304.0,293.0,298.0,False,HARD,20.0,True,Haas F1 Team,1,10.0,True,Australia,2024,False
HUL,82.274,56.0,3.0,28.734,18.107,35.433,277.0,303.0,294.0,297.0,False,HARD,21.0,True,Haas F1 Team,1,10.0,True,Australia,2024,False
RIC,84.826,2.0,1.0,29.987,18.107,36.732,274.0,327.0,304.0,270.0,True,SOFT,2.0,True,RB,1,18.0,True,Australia,2024,False
RIC,83.84,3.0,1.0,29.486,18.113,36.241,276.0,327.0,303.0,305.0,True,SOFT,3.0,True,RB,1,18.0,True,Australia,2024,False
RIC,84.095,4.0,1.0,29.291,18.222,36.582,271.0,322.0,301.0,297.0,False,SOFT,4.0,True,RB,1,17.0,True,Australia,2024,False
RIC,98.806,5.0,1.0,29.233,18.254,51.319,272.0,324.0,290.0,307.0,False,SOFT,5.0,True,RB,1,18.0,False,Australia,2024,False
RIC,90.576,6.0,2.0,35.583,18.737,36.256,267.0,297.0,286.0,228.0,False,HARD,1.0,True,RB,1,18.0,False,Australia,2024,False
RIC,84.04,7.0,2.0,29.836,18.238,35.966,273.0,323.0,287.0,293.0,False,HARD,2.0,True,RB,1,17.0,True,Australia,2024,False
RIC,83.608,8.0,2.0,29.153,18.481,35.974,271.0,297.0,288.0,284.0,True,HARD,3.0,True,RB,1,16.0,True,Australia,2024,False
RIC,83.491,9.0,2.0,29.023,18.506,35.962,271.0,298.0,289.0,288.0,True,HARD,4.0,True,RB,1,16.0,True,Australia,2024,False
RIC,83.245,10.0,2.0,29.012,18.394,35.839,270.0,300.0,290.0,291.0,True,HARD,5.0,True,RB,1,16.0,True,Australia,2024,False
RIC,83.083,11.0,2.0,28.925,18.291,35.867,272.0,301.0,289.0,290.0,True,HARD,6.0,True,RB,1,16.0,True,Australia,2024,False
RIC,83.058,12.0,2.0,28.94,18.339,35.779,271.0,301.0,289.0,293.0,True,HARD,7.0,True,RB,1,16.0,True,Australia,2024,False
RIC,82.904,13.0,2.0,28.856,18.242,35.806,272.0,302.0,289.0,291.0,True,HARD,8.0,True,RB,1,16.0,True,Australia,2024,False
RIC,82.877,14.0,2.0,28.865,18.292,35.72,273.0,301.0,289.0,295.0,True,HARD,9.0,True,RB,1,16.0,True,Australia,2024,False
RIC,82.83,15.0,2.0,28.787,18.216,35.827,275.0,302.0,288.0,294.0,True,HARD,10.0,True,RB,1,16.0,True,Australia,2024,False
RIC,83.143,16.0,2.0,28.844,18.294,36.005,274.0,305.0,289.0,291.0,False,HARD,11.0,True,RB,1,14.0,True,Australia,2024,False
RIC,85.117,18.0,2.0,31.019,18.099,35.999,276.0,325.0,299.0,288.0,False,HARD,13.0,True,RB,1,13.0,True,Australia,2024,False
RIC,83.024,19.0,2.0,28.66,18.17,36.194,280.0,308.0,288.0,310.0,False,HARD,14.0,True,RB,1,13.0,True,Australia,2024,False
RIC,83.127,20.0,2.0,28.883,18.286,35.958,274.0,301.0,288.0,290.0,False,HARD,15.0,True,RB,1,13.0,True,Australia,2024,False
RIC,83.187,21.0,2.0,28.875,18.32,35.992,276.0,302.0,287.0,295.0,False,HARD,16.0,True,RB,1,13.0,True,Australia,2024,False
RIC,83.105,22.0,2.0,28.81,18.282,36.013,275.0,302.0,287.0,292.0,False,HARD,17.0,True,RB,1,13.0,True,Australia,2024,False
RIC,83.012,23.0,2.0,28.748,18.232,36.032,275.0,302.0,288.0,291.0,False,HARD,18.0,True,RB,1,13.0,True,Australia,2024,False
RIC,83.292,24.0,2.0,28.906,18.214,36.172,277.0,302.0,286.0,295.0,False,HARD,19.0,True,RB,1,13.0,True,Australia,2024,False
RIC,83.547,25.0,2.0,28.966,18.389,36.192,275.0,300.0,288.0,293.0,False,HARD,20.0,True,RB,1,13.0,True,Australia,2024,False
RIC,83.357,26.0,2.0,28.941,18.374,36.042,276.0,299.0,289.0,295.0,False,HARD,21.0,True,RB,1,13.0,True,Australia,2024,False
RIC,83.885,27.0,2.0,29.084,18.357,36.444,271.0,300.0,287.0,295.0,False,HARD,22.0,True,RB,1,12.0,True,Australia,2024,False
RIC,83.863,28.0,2.0,29.169,18.421,36.273,276.0,301.0,287.0,298.0,False,HARD,23.0,True,RB,1,12.0,True,Australia,2024,False
RIC,97.341,29.0,2.0,29.021,18.369,49.951,272.0,297.0,290.0,294.0,False,HARD,24.0,True,RB,1,15.0,False,Australia,2024,True
RIC,90.602,30.0,3.0,35.785,18.637,36.18,270.0,297.0,289.0,230.0,False,HARD,1.0,True,RB,1,17.0,False,Australia,2024,True
RIC,82.938,31.0,3.0,28.84,18.35,35.748,276.0,297.0,289.0,291.0,False,HARD,2.0,True,RB,1,17.0,True,Australia,2024,False
RIC,82.738,32.0,3.0,28.592,18.387,35.759,273.0,295.0,289.0,293.0,True,HARD,3.0,True,RB,1,17.0,True,Australia,2024,False
RIC,82.443,33.0,3.0,28.549,18.246,35.648,275.0,298.0,289.0,293.0,True,HARD,4.0,True,RB,1,17.0,True,Australia,2024,False
RIC,82.709,34.0,3.0,28.674,18.203,35.832,277.0,303.0,305.0,291.0,False,HARD,5.0,True,RB,1,17.0,True,Australia,2024,False
RIC,83.49,35.0,3.0,29.175,17.917,36.398,273.0,324.0,302.0,300.0,False,HARD,6.0,True,RB,1,16.0,True,Australia,2024,False
RIC,85.131,36.0,3.0,30.883,18.289,35.959,275.0,305.0,302.0,302.0,False,HARD,7.0,True,RB,1,15.0,True,Australia,2024,False
RIC,82.438,37.0,3.0,28.605,17.895,35.938,277.0,322.0,304.0,311.0,True,HARD,8.0,True,RB,1,15.0,True,Australia,2024,False
RIC,82.38,38.0,3.0,28.792,17.749,35.839,277.0,320.0,289.0,295.0,True,HARD,9.0,True,RB,1,14.0,True,Australia,2024,False
RIC,82.172,39.0,3.0,28.698,18.094,35.38,276.0,302.0,290.0,294.0,True,HARD,10.0,True,RB,1,14.0,True,Australia,2024,False
RIC,81.387,40.0,3.0,28.28,17.98,35.127,278.0,303.0,290.0,293.0,True,HARD,11.0,True,RB,1,14.0,True,Australia,2024,False
RIC,81.608,41.0,3.0,28.388,18.093,35.127,278.0,301.0,290.0,293.0,False,HARD,12.0,True,RB,1,13.0,True,Australia,2024,False
RIC,81.888,42.0,3.0,28.421,18.093,35.374,278.0,297.0,290.0,290.0,False,HARD,13.0,True,RB,1,13.0,True,Australia,2024,False
RIC,81.648,43.0,3.0,28.395,18.129,35.124,277.0,298.0,290.0,292.0,False,HARD,14.0,True,RB,1,13.0,True,Australia,2024,False
RIC,81.313,44.0,3.0,28.202,18.024,35.087,278.0,299.0,290.0,292.0,True,HARD,15.0,True,RB,1,13.0,True,Australia,2024,False
RIC,81.33,45.0,3.0,28.362,18.034,34.934,276.0,296.0,291.0,290.0,False,HARD,16.0,True,RB,1,13.0,True,Australia,2024,False
RIC,81.239,46.0,3.0,28.318,18.046,34.875,278.0,296.0,291.0,291.0,True,HARD,17.0,True,RB,1,13.0,True,Australia,2024,False
RIC,81.3,47.0,3.0,28.35,18.044,34.906,277.0,297.0,291.0,291.0,False,HARD,18.0,True,RB,1,13.0,True,Australia,2024,False
RIC,81.492,48.0,3.0,28.441,18.008,35.043,278.0,298.0,291.0,291.0,False,HARD,19.0,True,RB,1,13.0,True,Australia,2024,False
RIC,81.606,49.0,3.0,28.441,18.039,35.126,277.0,298.0,290.0,293.0,False,HARD,20.0,True,RB,1,13.0,True,Australia,2024,False
RIC,81.782,50.0,3.0,28.525,18.038,35.219,278.0,297.0,290.0,292.0,False,HARD,21.0,True,RB,1,13.0,True,Australia,2024,False
RIC,81.769,51.0,3.0,28.534,18.066,35.169,278.0,300.0,291.0,294.0,False,HARD,22.0,True,RB,1,13.0,True,Australia,2024,False
RIC,81.884,52.0,3.0,28.406,18.086,35.392,279.0,299.0,290.0,296.0,False,HARD,23.0,True,RB,1,13.0,True,Australia,2024,False
RIC,84.232,53.0,3.0,28.574,18.108,37.55,278.0,299.0,291.0,296.0,False,HARD,24.0,True,RB,1,13.0,True,Australia,2024,False
RIC,82.568,54.0,3.0,28.907,18.176,35.485,280.0,303.0,292.0,296.0,False,HARD,25.0,True,RB,1,13.0,True,Australia,2024,False
RIC,83.611,55.0,3.0,28.647,18.849,36.115,277.0,284.0,291.0,298.0,False,HARD,26.0,True,RB,1,13.0,True,Australia,2024,False
OCO,84.68,2.0,1.0,30.049,18.139,36.492,267.0,323.0,303.0,278.0,True,MEDIUM,2.0,True,Alpine,1,15.0,True,Australia,2024,False
OCO,83.577,3.0,1.0,29.145,18.189,36.243,270.0,322.0,305.0,304.0,True,MEDIUM,3.0,True,Alpine,1,15.0,True,Australia,2024,False
OCO,83.574,4.0,1.0,29.067,18.211,36.296,269.0,321.0,302.0,310.0,True,MEDIUM,4.0,True,Alpine,1,14.0,True,Australia,2024,False
OCO,83.784,5.0,1.0,29.26,18.166,36.358,268.0,320.0,304.0,305.0,False,MEDIUM,5.0,True,Alpine,1,14.0,True,Australia,2024,False
OCO,83.841,6.0,1.0,29.312,18.144,36.385,270.0,322.0,300.0,305.0,False,MEDIUM,6.0,True,Alpine,1,13.0,True,Australia,2024,False
OCO,83.198,7.0,1.0,29.006,18.045,36.147,272.0,321.0,299.0,306.0,True,MEDIUM,7.0,True,Alpine,1,11.0,True,Australia,2024,False
OCO,82.98,8.0,1.0,28.72,18.308,35.952,273.0,301.0,288.0,310.0,True,MEDIUM,8.0,True,Alpine,1,8.0,True,Australia,2024,False
OCO,97.948,9.0,1.0,29.049,18.286,50.613,274.0,299.0,290.0,295.0,False,MEDIUM,9.0,True,Alpine,1,13.0,False,Australia,2024,True
OCO,89.439,10.0,2.0,35.229,18.185,36.025,270.0,319.0,301.0,225.0,False,HARD,1.0,True,Alpine,1,14.0,False,Australia,2024,True
OCO,83.339,11.0,2.0,29.052,18.138,36.149,268.0,316.0,300.0,307.0,False,HARD,2.0,True,Alpine,1,14.0,True,Australia,2024,False
OCO,82.882,12.0,2.0,29.059,18.017,35.806,270.0,319.0,301.0,305.0,True,HARD,3.0,True,Alpine,1,14.0,True,Australia,2024,False
OCO,82.956,13.0,2.0,29.0,17.95,36.006,273.0,319.0,301.0,310.0,False,HARD,4.0,True,Alpine,1,14.0,True,Australia,2024,False
OCO,83.119,14.0,2.0,29.032,17.992,36.095,273.0,318.0,300.0,302.0,False,HARD,5.0,True,Alpine,1,14.0,True,Australia,2024,False
OCO,83.091,15.0,2.0,28.883,18.132,36.076,274.0,319.0,301.0,309.0,False,HARD,6.0,True,Alpine,1,14.0,True,Australia,2024,False
OCO,82.587,18.0,3.0,28.802,18.118,35.667,278.0,314.0,301.0,305.0,True,HARD,2.0,True,Alpine,1,17.0,True,Australia,2024,False
OCO,82.88,19.0,3.0,28.874,17.974,36.032,275.0,316.0,300.0,297.0,False,HARD,3.0,True,Alpine,1,17.0,True,Australia,2024,False
OCO,82.814,20.0,3.0,28.867,18.0,35.947,276.0,316.0,300.0,310.0,False,HARD,4.0,True,Alpine,1,17.0,True,Australia,2024,False
OCO,82.663,21.0,3.0,28.765,18.216,35.682,276.0,298.0,290.0,304.0,False,HARD,5.0,True,Alpine,1,17.0,True,Australia,2024,False
OCO,82.803,22.0,3.0,28.775,18.267,35.761,276.0,300.0,289.0,294.0,False,HARD,6.0,True,Alpine,1,17.0,True,Australia,2024,False
OCO,82.713,23.0,3.0,28.865,18.181,35.667,273.0,299.0,289.0,292.0,False,HARD,7.0,True,Alpine,1,17.0,True,Australia,2024,False
OCO,82.759,24.0,3.0,28.786,18.173,35.8,276.0,301.0,289.0,293.0,False,HARD,8.0,True,Alpine,1,17.0,True,Australia,2024,False
OCO,82.797,25.0,3.0,28.949,18.161,35.687,274.0,298.0,290.0,292.0,False,HARD,9.0,True,Alpine,1,17.0,True,Australia,2024,False
OCO,82.892,26.0,3.0,28.887,18.25,35.755,273.0,298.0,290.0,293.0,False,HARD,10.0,True,Alpine,1,17.0,True,Australia,2024,False
OCO,82.901,27.0,3.0,28.822,18.263,35.816,272.0,299.0,289.0,293.0,False,HARD,11.0,True,Alpine,1,17.0,True,Australia,2024,False
OCO,83.108,28.0,3.0,29.033,18.242,35.833,274.0,301.0,289.0,293.0,False,HARD,12.0,True,Alpine,1,17.0,True,Australia,2024,False
OCO,83.117,29.0,3.0,29.026,18.2,35.891,273.0,301.0,289.0,293.0,False,HARD,13.0,True,Alpine,1,17.0,True,Australia,2024,False
OCO,83.04,30.0,3.0,28.846,18.294,35.9,274.0,298.0,290.0,292.0,False,HARD,14.0,True,Alpine,1,16.0,True,Australia,2024,False
OCO,82.921,31.0,3.0,28.916,18.218,35.787,274.0,300.0,289.0,293.0,False,HARD,15.0,True,Alpine,1,16.0,True,Australia,2024,False
OCO,82.909,32.0,3.0,28.954,18.2,35.755,273.0,299.0,290.0,292.0,False,HARD,16.0,True,Alpine,1,16.0,True,Australia,2024,False
OCO,82.996,33.0,3.0,28.88,18.21,35.906,274.0,301.0,289.0,294.0,False,HARD,17.0,True,Alpine,1,16.0,True,Australia,2024,False
OCO,85.483,34.0,3.0,29.603,18.022,37.858,272.0,328.0,301.0,294.0,False,HARD,18.0,True,Alpine,1,16.0,True,Australia,2024,False
OCO,83.239,35.0,3.0,29.09,17.942,36.207,270.0,317.0,301.0,305.0,False,HARD,19.0,True,Alpine,1,15.0,True,Australia,2024,False
OCO,84.94,36.0,3.0,29.138,17.984,37.818,271.0,318.0,300.0,306.0,False,HARD,20.0,True,Alpine,1,14.0,True,Australia,2024,False
OCO,82.834,37.0,3.0,28.899,18.227,35.708,276.0,302.0,290.0,303.0,False,HARD,21.0,True,Alpine,1,14.0,True,Australia,2024,False
OCO,83.627,38.0,3.0,28.734,18.147,36.746,275.0,301.0,301.0,292.0,False,HARD,22.0,True,Alpine,1,15.0,True,Australia,2024,False
OCO,82.706,39.0,3.0,28.807,17.857,36.042,274.0,316.0,290.0,307.0,False,HARD,23.0,True,Alpine,1,15.0,True,Australia,2024,False
OCO,82.989,40.0,3.0,28.867,18.166,35.956,275.0,300.0,289.0,294.0,False,HARD,24.0,True,Alpine,1,15.0,True,Australia,2024,False
OCO,83.162,41.0,3.0,28.965,18.145,36.052,274.0,299.0,288.0,292.0,False,HARD,25.0,True,Alpine,1,14.0,True,Australia,2024,False
OCO,98.198,42.0,3.0,28.991,18.252,50.955,274.0,298.0,290.0,290.0,False,HARD,26.0,True,Alpine,1,16.0,False,Australia,2024,True
OCO,88.206,43.0,4.0,34.613,18.343,35.25,274.0,300.0,290.0,228.0,False,HARD,8.0,False,Alpine,1,17.0,False,Australia,2024,True
OCO,81.597,44.0,4.0,28.464,18.066,35.067,273.0,295.0,292.0,288.0,True,HARD,9.0,False,Alpine,1,17.0,True,Australia,2024,False
OCO,81.354,45.0,4.0,28.306,18.045,35.003,274.0,297.0,292.0,293.0,True,HARD,10.0,False,Alpine,1,17.0,True,Australia,2024,False
OCO,83.041,46.0,4.0,28.332,18.035,36.674,276.0,301.0,304.0,294.0,False,HARD,11.0,False,Alpine,1,17.0,True,Australia,2024,False
OCO,81.464,47.0,4.0,28.349,17.961,35.154,276.0,306.0,291.0,313.0,False,HARD,12.0,False,Alpine,1,17.0,True,Australia,2024,False
OCO,81.549,48.0,4.0,28.342,17.956,35.251,279.0,304.0,292.0,295.0,False,HARD,13.0,False,Alpine,1,17.0,True,Australia,2024,False
OCO,81.678,49.0,4.0,28.478,18.074,35.126,278.0,303.0,291.0,296.0,False,HARD,14.0,False,Alpine,1,17.0,True,Australia,2024,False
OCO,81.633,50.0,4.0,28.521,17.917,35.195,275.0,302.0,291.0,294.0,False,HARD,15.0,False,Alpine,1,17.0,True,Australia,2024,False
OCO,81.951,51.0,4.0,28.499,18.024,35.428,276.0,302.0,291.0,296.0,False,HARD,16.0,False,Alpine,1,17.0,True,Australia,2024,False
OCO,82.155,52.0,4.0,28.631,18.008,35.516,276.0,303.0,292.0,295.0,False,HARD,17.0,False,Alpine,1,17.0,True,Australia,2024,False
OCO,82.207,53.0,4.0,28.556,18.036,35.615,276.0,301.0,291.0,295.0,False,HARD,18.0,False,Alpine,1,17.0,True,Australia,2024,False
OCO,82.229,54.0,4.0,28.646,18.1,35.483,276.0,300.0,291.0,294.0,False,HARD,19.0,False,Alpine,1,17.0,True,Australia,2024,False
OCO,82.304,55.0,4.0,28.627,18.124,35.553,274.0,299.0,290.0,294.0,False,HARD,20.0,False,Alpine,1,17.0,True,Australia,2024,False
NOR,83.183,2.0,1.0,28.814,18.319,36.05,276.0,296.0,291.0,294.0,True,MEDIUM,2.0,True,McLaren,1,3.0,True,Australia,2024,False
NOR,82.656,3.0,1.0,28.75,18.204,35.702,271.0,299.0,302.0,297.0,True,MEDIUM,3.0,True,McLaren,1,3.0,True,Australia,2024,False
NOR,82.609,4.0,1.0,28.749,18.059,35.801,272.0,315.0,288.0,301.0,True,MEDIUM,4.0,True,McLaren,1,2.0,True,Australia,2024,False
NOR,82.685,5.0,1.0,28.74,18.302,35.643,272.0,298.0,289.0,287.0,False,MEDIUM,5.0,True,McLaren,1,2.0,True,Australia,2024,False
NOR,82.632,6.0,1.0,28.717,18.248,35.667,273.0,298.0,289.0,292.0,False,MEDIUM,6.0,True,McLaren,1,2.0,True,Australia,2024,False
NOR,82.744,7.0,1.0,28.881,18.232,35.631,272.0,298.0,289.0,290.0,False,MEDIUM,7.0,True,McLaren,1,2.0,True,Australia,2024,False
NOR,82.63,8.0,1.0,28.705,18.245,35.68,273.0,298.0,288.0,295.0,False,MEDIUM,8.0,True,McLaren,1,2.0,True,Australia,2024,False
NOR,82.727,9.0,1.0,28.832,18.238,35.657,273.0,299.0,289.0,289.0,False,MEDIUM,9.0,True,McLaren,1,2.0,True,Australia,2024,False
NOR,82.695,10.0,1.0,28.756,18.235,35.704,272.0,299.0,289.0,291.0,False,MEDIUM,10.0,True,McLaren,1,2.0,True,Australia,2024,False
NOR,82.936,11.0,1.0,28.88,18.277,35.779,272.0,297.0,288.0,290.0,False,MEDIUM,11.0,True,McLaren,1,2.0,True,Australia,2024,False
NOR,82.814,12.0,1.0,28.783,18.242,35.789,271.0,297.0,287.0,297.0,False,MEDIUM,12.0,True,McLaren,1,2.0,True,Australia,2024,False
NOR,83.153,13.0,1.0,29.105,18.251,35.797,270.0,296.0,288.0,288.0,False,MEDIUM,13.0,True,McLaren,1,2.0,True,Australia,2024,False
NOR,98.099,14.0,1.0,29.257,18.343,50.499,270.0,297.0,290.0,290.0,False,MEDIUM,14.0,True,McLaren,1,3.0,False,Australia,2024,True
NOR,88.205,15.0,2.0,34.29,18.252,35.663,272.0,297.0,290.0,229.0,False,HARD,2.0,False,McLaren,1,5.0,False,Australia,2024,False
NOR,81.936,16.0,2.0,28.534,18.177,35.225,268.0,297.0,289.0,290.0,True,HARD,3.0,False,McLaren,1,5.0,True,Australia,2024,False
NOR,82.356,19.0,2.0,29.03,18.133,35.193,275.0,305.0,290.0,305.0,False,HARD,6.0,False,McLaren,1,4.0,True,Australia,2024,False
NOR,81.642,20.0,2.0,28.355,18.023,35.264,274.0,303.0,290.0,304.0,True,HARD,7.0,False,McLaren,1,4.0,True,Australia,2024,False
NOR,81.907,21.0,2.0,28.385,18.033,35.489,275.0,303.0,290.0,295.0,False,HARD,8.0,False,McLaren,1,4.0,True,Australia,2024,False
NOR,81.749,22.0,2.0,28.441,18.106,35.202,276.0,303.0,291.0,291.0,False,HARD,9.0,False,McLaren,1,4.0,True,Australia,2024,False
NOR,81.745,23.0,2.0,28.381,17.98,35.384,277.0,305.0,290.0,294.0,False,HARD,10.0,False,McLaren,1,4.0,True,Australia,2024,False
NOR,81.562,24.0,2.0,28.376,17.989,35.197,276.0,306.0,291.0,295.0,True,HARD,11.0,False,McLaren,1,4.0,True,Australia,2024,False
NOR,81.713,25.0,2.0,28.517,17.95,35.246,275.0,305.0,290.0,296.0,False,HARD,12.0,False,McLaren,1,4.0,True,Australia,2024,False
NOR,81.611,26.0,2.0,28.398,17.959,35.254,275.0,305.0,292.0,293.0,False,HARD,13.0,False,McLaren,1,4.0,True,Australia,2024,False
NOR,81.976,27.0,2.0,28.523,18.045,35.408,274.0,305.0,291.0,298.0,False,HARD,14.0,False,McLaren,1,4.0,True,Australia,2024,False
NOR,81.837,28.0,2.0,28.562,18.04,35.235,277.0,306.0,303.0,297.0,False,HARD,15.0,False,McLaren,1,4.0,True,Australia,2024,False
NOR,81.864,29.0,2.0,28.483,18.029,35.352,275.0,302.0,290.0,307.0,False,HARD,16.0,False,McLaren,1,3.0,True,Australia,2024,False
NOR,81.982,30.0,2.0,28.568,18.058,35.356,274.0,302.0,290.0,292.0,False,HARD,17.0,False,McLaren,1,3.0,True,Australia,2024,False
NOR,81.848,31.0,2.0,28.565,17.981,35.302,281.0,303.0,292.0,295.0,False,HARD,18.0,False,McLaren,1,3.0,True,Australia,2024,False
NOR,81.574,32.0,2.0,28.394,18.012,35.168,279.0,301.0,291.0,293.0,False,HARD,19.0,False,McLaren,1,3.0,True,Australia,2024,False
NOR,81.692,33.0,2.0,28.57,18.002,35.12,276.0,302.0,292.0,291.0,False,HARD,20.0,False,McLaren,1,3.0,True,Australia,2024,False
NOR,81.769,34.0,2.0,28.421,18.062,35.286,276.0,301.0,289.0,298.0,False,HARD,21.0,False,McLaren,1,2.0,True,Australia,2024,False
NOR,81.51,35.0,2.0,28.479,18.089,34.942,276.0,297.0,290.0,288.0,True,HARD,22.0,False,McLaren,1,2.0,True,Australia,2024,False
NOR,81.446,36.0,2.0,28.511,17.999,34.936,275.0,302.0,290.0,289.0,True,HARD,23.0,False,McLaren,1,2.0,True,Australia,2024,False
NOR,81.662,37.0,2.0,28.425,17.983,35.254,273.0,301.0,291.0,294.0,False,HARD,24.0,False,McLaren,1,2.0,True,Australia,2024,False
NOR,81.518,38.0,2.0,28.457,17.95,35.111,275.0,302.0,292.0,293.0,False,HARD,25.0,False,McLaren,1,2.0,True,Australia,2024,False
NOR,81.901,39.0,2.0,28.746,17.982,35.173,274.0,303.0,291.0,290.0,False,HARD,26.0,False,McLaren,1,2.0,True,Australia,2024,False
NOR,96.023,40.0,2.0,28.505,17.974,49.544,276.0,305.0,290.0,302.0,False,HARD,27.0,False,McLaren,1,2.0,False,Australia,2024,True
NOR,86.576,41.0,3.0,33.55,18.013,35.013,273.0,302.0,291.0,231.0,False,HARD,2.0,False,McLaren,1,3.0,False,Australia,2024,True
NOR,81.025,42.0,3.0,28.317,17.944,34.764,274.0,305.0,292.0,290.0,True,HARD,3.0,False,McLaren,1,3.0,True,Australia,2024,False
NOR,80.652,43.0,3.0,28.003,17.82,34.829,275.0,306.0,294.0,293.0,True,HARD,4.0,False,McLaren,1,3.0,True,Australia,2024,False
NOR,80.613,44.0,3.0,28.003,17.82,34.79,277.0,305.0,295.0,297.0,True,HARD,5.0,False,McLaren,1,3.0,True,Australia,2024,False
NOR,80.62,45.0,3.0,28.171,17.82,34.629,276.0,306.0,305.0,295.0,False,HARD,6.0,False,McLaren,1,3.0,True,Australia,2024,False
NOR,79.971,46.0,3.0,27.633,17.752,34.586,283.0,303.0,293.0,321.0,True,HARD,7.0,False,McLaren,1,3.0,True,Australia,2024,False
NOR,80.188,47.0,3.0,27.953,17.79,34.445,277.0,302.0,293.0,291.0,False,HARD,8.0,False,McLaren,1,3.0,True,Australia,2024,False
NOR,80.26,48.0,3.0,27.979,17.763,34.518,281.0,304.0,293.0,290.0,False,HARD,9.0,False,McLaren,1,3.0,True,Australia,2024,False
NOR,79.915,49.0,3.0,27.883,17.762,34.27,282.0,304.0,293.0,293.0,True,HARD,10.0,False,McLaren,1,3.0,True,Australia,2024,False
NOR,80.151,50.0,3.0,27.914,17.768,34.469,280.0,302.0,293.0,295.0,False,HARD,11.0,False,McLaren,1,3.0,True,Australia,2024,False
NOR,80.261,51.0,3.0,27.985,17.769,34.507,278.0,301.0,293.0,291.0,False,HARD,12.0,False,McLaren,1,3.0,True,Australia,2024,False
NOR,79.959,52.0,3.0,27.971,17.717,34.271,282.0,303.0,293.0,294.0,False,HARD,13.0,False,McLaren,1,3.0,True,Australia,2024,False
NOR,80.267,53.0,3.0,27.968,17.81,34.489,278.0,300.0,293.0,294.0,False,HARD,14.0,False,McLaren,1,3.0,True,Australia,2024,False
NOR,80.107,54.0,3.0,27.907,17.75,34.45,280.0,303.0,293.0,290.0,False,HARD,15.0,False,McLaren,1,3.0,True,Australia,2024,False
NOR,80.294,55.0,3.0,28.045,17.782,34.467,281.0,304.0,293.0,291.0,False,HARD,16.0,False,McLaren,1,3.0,True,Australia,2024,False
NOR,80.481,56.0,3.0,28.074,17.779,34.628,282.0,306.0,295.0,293.0,False,HARD,17.0,False,McLaren,1,3.0,True,Australia,2024,False
HAM,84.055,2.0,1.0,29.971,18.028,36.056,270.0,319.0,304.0,273.0,True,SOFT,2.0,True,Mercedes,1,10.0,True,Australia,2024,False
HAM,83.07,3.0,1.0,29.083,18.05,35.937,264.0,317.0,304.0,298.0,True,SOFT,3.0,True,Mercedes,1,10.0,True,Australia,2024,False
HAM,83.436,4.0,1.0,29.088,18.015,36.333,270.0,322.0,303.0,303.0,False,SOFT,4.0,True,Mercedes,1,9.0,True,Australia,2024,False
HAM,83.556,5.0,1.0,28.93,18.561,36.065,276.0,326.0,304.0,314.0,False,SOFT,5.0,True,Mercedes,1,9.0,True,Australia,2024,False
HAM,83.165,6.0,1.0,29.165,18.154,35.846,268.0,319.0,302.0,299.0,False,SOFT,6.0,True,Mercedes,1,9.0,True,Australia,2024,False
HAM,96.858,7.0,1.0,28.973,17.875,50.01,275.0,325.0,290.0,316.0,False,SOFT,7.0,True,Mercedes,1,14.0,False,Australia,2024,True
HAM,88.164,8.0,2.0,34.166,18.449,35.549,267.0,297.0,288.0,229.0,False,HARD,1.0,True,Mercedes,1,13.0,False,Australia,2024,True
HAM,82.555,9.0,2.0,28.842,17.977,35.736,272.0,313.0,301.0,300.0,True,HARD,2.0,True,Mercedes,1,12.0,True,Australia,2024,False
HAM,84.295,10.0,2.0,30.157,18.345,35.793,269.0,297.0,291.0,318.0,False,HARD,3.0,True,Mercedes,1,11.0,True,Australia,2024,False
HAM,82.444,11.0,2.0,28.718,18.168,35.558,273.0,301.0,293.0,301.0,True,HARD,4.0,True,Mercedes,1,11.0,True,Australia,2024,False
HAM,83.041,12.0,2.0,29.006,18.193,35.842,268.0,300.0,291.0,303.0,False,HARD,5.0,True,Mercedes,1,11.0,True,Australia,2024,False
HAM,83.246,13.0,2.0,28.911,18.146,36.189,272.0,302.0,290.0,291.0,False,HARD,6.0,True,Mercedes,1,11.0,True,Australia,2024,False
HAM,82.712,14.0,2.0,28.876,18.088,35.748,273.0,302.0,291.0,293.0,False,HARD,7.0,True,Mercedes,1,11.0,True,Australia,2024,False
HAM,84.141,15.0,2.0,29.861,17.993,36.287,273.0,319.0,294.0,307.0,False,HARD,8.0,True,Mercedes,1,11.0,True,Australia,2024,False
SAI,82.6,2.0,1.0,29.006,18.026,35.568,277.0,320.0,286.0,302.0,True,MEDIUM,2.0,True,Ferrari,1,1.0,True,Australia,2024,False
SAI,83.006,3.0,1.0,29.002,18.548,35.456,266.0,288.0,287.0,285.0,False,MEDIUM,3.0,True,Ferrari,1,1.0,True,Australia,2024,False
SAI,82.433,4.0,1.0,28.643,18.497,35.293,270.0,291.0,286.0,287.0,True,MEDIUM,4.0,True,Ferrari,1,1.0,True,Australia,2024,False
SAI,82.629,5.0,1.0,28.705,18.504,35.42,270.0,292.0,287.0,287.0,False,MEDIUM,5.0,True,Ferrari,1,1.0,True,Australia,2024,False
SAI,82.572,6.0,1.0,28.648,18.453,35.471,270.0,293.0,287.0,289.0,False,MEDIUM,6.0,True,Ferrari,1,1.0,True,Australia,2024,False
SAI,82.434,7.0,1.0,28.67,18.462,35.302,272.0,295.0,287.0,290.0,False,MEDIUM,7.0,True,Ferrari,1,1.0,True,Australia,2024,False
SAI,82.303,8.0,1.0,28.562,18.397,35.344,274.0,296.0,287.0,291.0,True,MEDIUM,8.0,True,Ferrari,1,1.0,True,Australia,2024,False
SAI,82.025,9.0,1.0,28.594,18.29,35.141,273.0,295.0,288.0,290.0,True,MEDIUM,9.0,True,Ferrari,1,1.0,True,Australia,2024,False
SAI,81.715,10.0,1.0,28.426,18.281,35.008,274.0,295.0,289.0,291.0,True,MEDIUM,10.0,True,Ferrari,1,1.0,True,Australia,2024,False
SAI,81.938,11.0,1.0,28.46,18.272,35.206,275.0,299.0,288.0,294.0,False,MEDIUM,11.0,True,Ferrari,1,1.0,True,Australia,2024,False
SAI,82.175,12.0,1.0,28.592,18.284,35.299,273.0,297.0,287.0,291.0,False,MEDIUM,12.0,True,Ferrari,1,1.0,True,Australia,2024,False
SAI,82.205,13.0,1.0,28.595,18.317,35.293,273.0,297.0,288.0,291.0,False,MEDIUM,13.0,True,Ferrari,1,1.0,True,Australia,2024,False
SAI,82.487,14.0,1.0,28.815,18.261,35.411,272.0,302.0,287.0,290.0,False,MEDIUM,14.0,True,Ferrari,1,1.0,True,Australia,2024,False
SAI,82.62,15.0,1.0,28.688,18.274,35.658,273.0,302.0,286.0,289.0,False,MEDIUM,15.0,True,Ferrari,1,1.0,True,Australia,2024,False
SAI,96.31,16.0,1.0,28.715,18.274,49.321,278.0,301.0,290.0,295.0,False,MEDIUM,16.0,True,Ferrari,1,1.0,False,Australia,2024,True
SAI,81.811,19.0,2.0,28.284,18.342,35.185,273.0,293.0,288.0,288.0,False,HARD,3.0,True,Ferrari,1,1.0,True,Australia,2024,False
SAI,81.602,20.0,2.0,28.321,18.274,35.007,274.0,294.0,288.0,290.0,True,HARD,4.0,True,Ferrari,1,1.0,True,Australia,2024,False
SAI,81.931,21.0,2.0,28.376,18.292,35.263,273.0,294.0,287.0,289.0,False,HARD,5.0,True,Ferrari,1,1.0,True,Australia,2024,False
SAI,81.471,22.0,2.0,28.277,18.216,34.978,277.0,300.0,288.0,293.0,True,HARD,6.0,True,Ferrari,1,1.0,True,Australia,2024,False
SAI,81.531,23.0,2.0,28.345,18.162,35.024,273.0,297.0,288.0,290.0,False,HARD,7.0,True,Ferrari,1,1.0,True,Australia,2024,False
SAI,81.458,24.0,2.0,28.329,18.173,34.956,274.0,296.0,288.0,288.0,True,HARD,8.0,True,Ferrari,1,1.0,True,Australia,2024,False
SAI,81.243,25.0,2.0,28.229,18.081,34.933,273.0,296.0,288.0,288.0,True,HARD,9.0,True,Ferrari,1,1.0,True,Australia,2024,False
SAI,81.078,26.0,2.0,28.144,18.086,34.848,275.0,295.0,289.0,290.0,True,HARD,10.0,True,Ferrari,1,1.0,True,Australia,2024,False
SAI,81.457,27.0,2.0,28.388,18.153,34.916,276.0,297.0,288.0,293.0,False,HARD,11.0,True,Ferrari,1,1.0,True,Australia,2024,False
SAI,81.44,28.0,2.0,28.279,18.153,35.008,274.0,294.0,289.0,290.0,False,HARD,12.0,True,Ferrari,1,1.0,True,Australia,2024,False
SAI,81.489,29.0,2.0,28.336,18.131,35.022,278.0,299.0,289.0,292.0,False,HARD,13.0,True,Ferrari,1,1.0,True,Australia,2024,False
SAI,81.623,30.0,2.0,28.468,18.196,34.959,274.0,296.0,289.0,289.0,False,HARD,14.0,True,Ferrari,1,1.0,True,Australia,2024,False
SAI,81.282,31.0,2.0,28.215,18.059,35.008,276.0,300.0,289.0,291.0,False,HARD,15.0,True,Ferrari,1,1.0,True,Australia,2024,False
SAI,81.205,32.0,2.0,28.209,18.107,34.889,278.0,300.0,289.0,293.0,False,HARD,16.0,True,Ferrari,1,1.0,True,Australia,2024,False
SAI,81.495,33.0,2.0,28.398,18.086,35.011,275.0,296.0,290.0,290.0,False,HARD,17.0,True,Ferrari,1,1.0,True,Australia,2024,False
SAI,81.717,34.0,2.0,28.512,18.103,35.102,276.0,303.0,289.0,295.0,False,HARD,18.0,True,Ferrari,1,1.0,True,Australia,2024,False
SAI,81.721,35.0,2.0,28.432,18.105,35.184,277.0,303.0,291.0,293.0,False,HARD,19.0,True,Ferrari,1,1.0,True,Australia,2024,False
SAI,82.018,36.0,2.0,28.557,18.086,35.375,275.0,306.0,292.0,294.0,False,HARD,20.0,True,Ferrari,1,1.0,True,Australia,2024,False
SAI,81.971,37.0,2.0,28.542,18.047,35.382,281.0,310.0,289.0,301.0,False,HARD,21.0,True,Ferrari,1,1.0,True,Australia,2024,False
SAI,81.412,38.0,2.0,28.38,18.048,34.984,281.0,307.0,291.0,296.0,False,HARD,22.0,True,Ferrari,1,1.0,True,Australia,2024,False
SAI,81.554,39.0,2.0,28.367,18.153,35.034,275.0,301.0,290.0,292.0,False,HARD,23.0,True,Ferrari,1,1.0,True,Australia,2024,False
SAI,81.443,40.0,2.0,28.4,18.024,35.019,275.0,301.0,291.0,292.0,False,HARD,24.0,True,Ferrari,1,1.0,True,Australia,2024,False
SAI,95.51,41.0,2.0,28.241,18.016,49.253,280.0,306.0,290.0,297.0,False,HARD,25.0,True,Ferrari,1,1.0,False,Australia,2024,True
SAI,87.215,42.0,3.0,33.986,18.315,34.914,268.0,295.0,290.0,235.0,False,HARD,1.0,True,Ferrari,1,1.0,False,Australia,2024,True
SAI,80.73,43.0,3.0,27.993,18.04,34.697,275.0,295.0,290.0,290.0,True,HARD,2.0,True,Ferrari,1,1.0,True,Australia,2024,False
SAI,80.767,44.0,3.0,28.014,18.073,34.68,274.0,295.0,290.0,290.0,False,HARD,3.0,True,Ferrari,1,1.0,True,Australia,2024,False
SAI,80.223,45.0,3.0,27.853,17.961,34.409,276.0,297.0,291.0,292.0,True,HARD,4.0,True,Ferrari,1,1.0,True,Australia,2024,False
SAI,80.374,46.0,3.0,27.945,17.998,34.431,275.0,295.0,291.0,291.0,False,HARD,5.0,True,Ferrari,1,1.0,True,Australia,2024,False
SAI,80.203,47.0,3.0,27.87,17.958,34.375,276.0,297.0,291.0,292.0,True,HARD,6.0,True,Ferrari,1,1.0,True,Australia,2024,False
SAI,80.031,48.0,3.0,27.935,17.884,34.212,277.0,298.0,291.0,292.0,True,HARD,7.0,True,Ferrari,1,1.0,True,Australia,2024,False
SAI,80.281,49.0,3.0,28.046,17.897,34.338,277.0,298.0,292.0,289.0,False,HARD,8.0,True,Ferrari,1,1.0,True,Australia,2024,False
SAI,80.45,50.0,3.0,28.157,17.919,34.374,277.0,298.0,292.0,286.0,False,HARD,9.0,True,Ferrari,1,1.0,True,Australia,2024,False
SAI,80.083,51.0,3.0,27.905,17.821,34.357,279.0,301.0,292.0,292.0,False,HARD,10.0,True,Ferrari,1,1.0,True,Australia,2024,False
SAI,80.209,52.0,3.0,27.963,17.912,34.334,279.0,301.0,292.0,293.0,False,HARD,11.0,True,Ferrari,1,1.0,True,Australia,2024,False
SAI,80.615,53.0,3.0,27.962,17.926,34.727,278.0,305.0,291.0,292.0,False,HARD,12.0,True,Ferrari,1,1.0,True,Australia,2024,False
SAI,80.582,54.0,3.0,28.193,17.922,34.467,278.0,302.0,293.0,297.0,False,HARD,13.0,True,Ferrari,1,1.0,True,Australia,2024,False
SAI,80.753,55.0,3.0,28.132,17.897,34.724,285.0,298.0,291.0,292.0,False,HARD,14.0,True,Ferrari,1,1.0,True,Australia,2024,False
SAI,81.098,56.0,3.0,28.091,18.0,35.007,276.0,299.0,291.0,292.0,False,HARD,15.0,True,Ferrari,1,1.0,True,Australia,2024,False
SAI,80.882,57.0,3.0,28.011,18.062,34.809,279.0,300.0,292.0,293.0,False,HARD,16.0,True,Ferrari,1,1.0,True,Australia,2024,False
RUS,83.347,2.0,1.0,29.07,18.099,36.178,273.0,320.0,301.0,300.0,True,MEDIUM,2.0,True,Mercedes,1,6.0,True,Australia,2024,False
RUS,83.037,3.0,1.0,28.745,18.137,36.155,274.0,316.0,292.0,308.0,True,MEDIUM,3.0,True,Mercedes,1,6.0,True,Australia,2024,False
RUS,83.571,4.0,1.0,28.894,18.318,36.359,270.0,304.0,289.0,293.0,False,MEDIUM,4.0,True,Mercedes,1,5.0,True,Australia,2024,False
RUS,83.172,5.0,1.0,28.763,18.297,36.112,275.0,307.0,290.0,291.0,False,MEDIUM,5.0,True,Mercedes,1,5.0,True,Australia,2024,False
RUS,83.119,6.0,1.0,28.725,18.354,36.04,271.0,296.0,290.0,299.0,False,MEDIUM,6.0,True,Mercedes,1,5.0,True,Australia,2024,False
RUS,82.764,7.0,1.0,28.797,18.279,35.688,279.0,299.0,290.0,293.0,True,MEDIUM,7.0,True,Mercedes,1,5.0,True,Australia,2024,False
RUS,96.92,8.0,1.0,28.679,18.251,49.99,277.0,306.0,290.0,304.0,False,MEDIUM,8.0,True,Mercedes,1,11.0,False,Australia,2024,True
RUS,88.331,9.0,2.0,34.115,18.468,35.748,270.0,298.0,289.0,230.0,False,HARD,1.0,True,Mercedes,1,10.0,False,Australia,2024,True
RUS,82.737,10.0,2.0,28.814,18.308,35.615,267.0,296.0,290.0,295.0,True,HARD,2.0,True,Mercedes,1,9.0,True,Australia,2024,False
RUS,82.716,11.0,2.0,28.731,18.303,35.682,269.0,299.0,293.0,294.0,True,HARD,3.0,True,Mercedes,1,9.0,True,Australia,2024,False
RUS,83.022,12.0,2.0,28.851,18.243,35.928,269.0,300.0,291.0,301.0,False,HARD,4.0,True,Mercedes,1,9.0,True,Australia,2024,False
RUS,83.438,13.0,2.0,28.946,18.222,36.27,269.0,303.0,292.0,298.0,False,HARD,5.0,True,Mercedes,1,9.0,True,Australia,2024,False
RUS,83.39,14.0,2.0,29.168,17.923,36.299,280.0,321.0,303.0,299.0,False,HARD,6.0,True,Mercedes,1,9.0,True,Australia,2024,False
RUS,84.086,15.0,2.0,29.392,18.14,36.554,278.0,327.0,303.0,302.0,False,HARD,7.0,True,Mercedes,1,8.0,True,Australia,2024,False
RUS,83.366,16.0,2.0,28.959,17.999,36.408,279.0,320.0,301.0,295.0,False,HARD,8.0,True,Mercedes,1,7.0,True,Australia,2024,False
RUS,82.4,19.0,2.0,28.473,18.213,35.714,276.0,304.0,289.0,304.0,True,HARD,11.0,True,Mercedes,1,6.0,True,Australia,2024,False
RUS,82.434,20.0,2.0,28.564,18.253,35.617,276.0,303.0,289.0,298.0,False,HARD,12.0,True,Mercedes,1,6.0,True,Australia,2024,False
RUS,83.429,21.0,2.0,28.421,18.16,36.848,276.0,305.0,300.0,296.0,False,HARD,13.0,True,Mercedes,1,7.0,True,Australia,2024,False
RUS,82.838,22.0,2.0,28.819,18.206,35.813,278.0,304.0,290.0,307.0,False,HARD,14.0,True,Mercedes,1,7.0,True,Australia,2024,False
RUS,83.012,23.0,2.0,28.852,18.2,35.96,276.0,307.0,289.0,296.0,False,HARD,15.0,True,Mercedes,1,7.0,True,Australia,2024,False
RUS,82.942,24.0,2.0,28.776,18.226,35.94,277.0,306.0,289.0,298.0,False,HARD,16.0,True,Mercedes,1,7.0,True,Australia,2024,False
RUS,82.703,25.0,2.0,28.6,18.194,35.909,275.0,304.0,289.0,298.0,False,HARD,17.0,True,Mercedes,1,7.0,True,Australia,2024,False
RUS,82.885,26.0,2.0,28.744,18.305,35.836,274.0,300.0,290.0,297.0,False,HARD,18.0,True,Mercedes,1,7.0,True,Australia,2024,False
RUS,83.138,27.0,2.0,28.879,18.293,35.966,274.0,301.0,289.0,299.0,False,HARD,19.0,True,Mercedes,1,7.0,True,Australia,2024,False
RUS,83.096,28.0,2.0,28.885,18.342,35.869,276.0,301.0,290.0,298.0,False,HARD,20.0,True,Mercedes,1,7.0,True,Australia,2024,False
RUS,82.663,29.0,2.0,28.822,18.238,35.603,277.0,302.0,289.0,297.0,False,HARD,21.0,True,Mercedes,1,7.0,True,Australia,2024,False
RUS,82.663,30.0,2.0,28.614,18.224,35.825,274.0,298.0,289.0,292.0,False,HARD,22.0,True,Mercedes,1,7.0,True,Australia,2024,False
RUS,82.515,31.0,2.0,28.718,18.249,35.548,276.0,300.0,290.0,303.0,False,HARD,23.0,True,Mercedes,1,7.0,True,Australia,2024,False
RUS,82.71,32.0,2.0,28.773,18.307,35.63,274.0,297.0,289.0,298.0,False,HARD,24.0,True,Mercedes,1,7.0,True,Australia,2024,False
RUS,82.461,33.0,2.0,28.591,18.249,35.621,276.0,298.0,289.0,296.0,False,HARD,25.0,True,Mercedes,1,7.0,True,Australia,2024,False
RUS,82.353,34.0,2.0,28.601,18.21,35.542,277.0,300.0,290.0,297.0,True,HARD,26.0,True,Mercedes,1,7.0,True,Australia,2024,False
RUS,82.591,35.0,2.0,28.764,18.197,35.63,275.0,299.0,290.0,297.0,False,HARD,27.0,True,Mercedes,1,6.0,True,Australia,2024,False
RUS,82.537,36.0,2.0,28.607,18.165,35.765,274.0,301.0,289.0,301.0,False,HARD,28.0,True,Mercedes,1,6.0,True,Australia,2024,False
RUS,82.408,37.0,2.0,28.51,18.147,35.751,277.0,303.0,290.0,298.0,False,HARD,29.0,True,Mercedes,1,6.0,True,Australia,2024,False
RUS,82.175,38.0,2.0,28.493,18.082,35.6,277.0,304.0,290.0,298.0,True,HARD,30.0,True,Mercedes,1,6.0,True,Australia,2024,False
RUS,82.167,39.0,2.0,28.472,18.104,35.591,277.0,304.0,291.0,297.0,True,HARD,31.0,True,Mercedes,1,6.0,True,Australia,2024,False
RUS,82.473,40.0,2.0,28.756,18.009,35.708,277.0,308.0,290.0,306.0,False,HARD,32.0,True,Mercedes,1,6.0,True,Australia,2024,False
RUS,82.319,41.0,2.0,28.561,17.981,35.777,275.0,304.0,291.0,301.0,False,HARD,33.0,True,Mercedes,1,5.0,True,Australia,2024,False
RUS,82.257,42.0,2.0,28.651,18.023,35.583,278.0,305.0,290.0,293.0,False,HARD,34.0,True,Mercedes,1,5.0,True,Australia,2024,False
RUS,82.111,43.0,2.0,28.479,18.027,35.605,278.0,303.0,290.0,298.0,True,HARD,35.0,True,Mercedes,1,5.0,True,Australia,2024,False
RUS,82.097,44.0,2.0,28.459,18.06,35.578,278.0,301.0,289.0,299.0,True,HARD,36.0,True,Mercedes,1,5.0,True,Australia,2024,False
RUS,96.343,45.0,2.0,28.436,18.042,49.865,278.0,302.0,290.0,298.0,False,HARD,37.0,True,Mercedes,1,6.0,False,Australia,2024,True
RUS,86.434,46.0,3.0,33.556,17.996,34.882,276.0,299.0,293.0,234.0,False,HARD,1.0,True,Mercedes,1,7.0,False,Australia,2024,True
RUS,80.326,47.0,3.0,27.721,17.919,34.686,278.0,301.0,293.0,302.0,True,HARD,2.0,True,Mercedes,1,7.0,True,Australia,2024,False
RUS,80.739,48.0,3.0,27.983,17.916,34.84,278.0,302.0,293.0,295.0,False,HARD,3.0,True,Mercedes,1,7.0,True,Australia,2024,False
RUS,80.808,49.0,3.0,27.856,17.993,34.959,282.0,305.0,294.0,301.0,False,HARD,4.0,True,Mercedes,1,7.0,True,Australia,2024,False
RUS,80.982,50.0,3.0,28.097,17.951,34.934,278.0,297.0,294.0,308.0,False,HARD,5.0,True,Mercedes,1,7.0,True,Australia,2024,False
RUS,80.695,51.0,3.0,27.913,17.919,34.863,282.0,306.0,294.0,295.0,False,HARD,6.0,True,Mercedes,1,7.0,True,Australia,2024,False
RUS,80.529,52.0,3.0,27.848,17.927,34.754,288.0,302.0,295.0,309.0,False,HARD,7.0,True,Mercedes,1,7.0,True,Australia,2024,False
RUS,80.284,53.0,3.0,27.824,17.716,34.744,287.0,315.0,304.0,296.0,True,HARD,8.0,True,Mercedes,1,7.0,True,Australia,2024,False
RUS,81.194,54.0,3.0,28.025,17.764,35.405,277.0,314.0,301.0,324.0,False,HARD,9.0,True,Mercedes,1,7.0,True,Australia,2024,False
RUS,80.791,55.0,3.0,28.079,17.783,34.929,286.0,309.0,306.0,308.0,False,HARD,10.0,True,Mercedes,1,7.0,True,Australia,2024,False
RUS,80.655,56.0,3.0,27.884,17.61,35.161,288.0,323.0,305.0,321.0,False,HARD,11.0,True,Mercedes,1,7.0,True,Australia,2024,False
BOT,84.344,2.0,1.0,29.948,18.32,36.076,264.0,321.0,305.0,271.0,True,MEDIUM,3.0,False,Kick Sauber,1,12.0,True,Australia,2024,False
BOT,83.272,3.0,1.0,29.099,18.153,36.02,266.0,323.0,302.0,308.0,True,MEDIUM,4.0,False,Kick Sauber,1,12.0,True,Australia,2024,False
BOT,83.705,4.0,1.0,29.226,18.314,36.165,264.0,317.0,299.0,310.0,False,MEDIUM,5.0,False,Kick Sauber,1,11.0,True,Australia,2024,False
BOT,83.56,5.0,1.0,29.365,18.397,35.798,273.0,310.0,301.0,298.0,False,MEDIUM,6.0,False,Kick Sauber,1,11.0,True,Australia,2024,False
BOT,83.122,6.0,1.0,29.091,18.07,35.961,265.0,320.0,301.0,310.0,True,MEDIUM,7.0,False,Kick Sauber,1,11.0,True,Australia,2024,False
BOT,83.738,7.0,1.0,29.154,18.416,36.168,263.0,303.0,290.0,310.0,False,MEDIUM,8.0,False,Kick Sauber,1,10.0,True,Australia,2024,False
BOT,126.645,8.0,1.0,28.925,18.345,79.375,270.0,297.0,290.0,293.0,False,MEDIUM,9.0,False,Kick Sauber,1,18.0,False,Australia,2024,True
BOT,89.919,9.0,2.0,35.107,18.847,35.965,261.0,287.0,286.0,227.0,False,HARD,2.0,False,Kick Sauber,1,18.0,False,Australia,2024,False
BOT,83.161,10.0,2.0,28.85,18.575,35.736,263.0,290.0,286.0,287.0,False,HARD,3.0,False,Kick Sauber,1,18.0,True,Australia,2024,False
BOT,83.44,11.0,2.0,28.853,18.677,35.91,265.0,291.0,285.0,287.0,False,HARD,4.0,False,Kick Sauber,1,18.0,True,Australia,2024,False
BOT,82.976,12.0,2.0,28.889,18.482,35.605,267.0,295.0,287.0,289.0,True,HARD,5.0,False,Kick Sauber,1,18.0,True,Australia,2024,False
BOT,83.159,13.0,2.0,28.879,18.418,35.862,266.0,296.0,286.0,290.0,False,HARD,6.0,False,Kick Sauber,1,18.0,True,Australia,2024,False
BOT,83.395,14.0,2.0,29.007,18.558,35.83,264.0,293.0,286.0,286.0,False,HARD,7.0,False,Kick Sauber,1,18.0,True,Australia,2024,False
BOT,83.329,15.0,2.0,28.83,18.473,36.026,268.0,295.0,286.0,289.0,False,HARD,8.0,False,Kick Sauber,1,18.0,True,Australia,2024,False
BOT,82.609,18.0,2.0,28.692,18.311,35.606,272.0,294.0,286.0,295.0,True,HARD,11.0,False,Kick Sauber,1,16.0,True,Australia,2024,False
BOT,82.597,19.0,2.0,28.561,18.349,35.687,270.0,292.0,286.0,286.0,True,HARD,12.0,False,Kick Sauber,1,16.0,True,Australia,2024,False
BOT,82.694,20.0,2.0,28.723,18.441,35.53,269.0,289.0,285.0,285.0,False,HARD,13.0,False,Kick Sauber,1,16.0,True,Australia,2024,False
BOT,82.439,21.0,2.0,28.649,18.32,35.47,269.0,291.0,287.0,285.0,True,HARD,14.0,False,Kick Sauber,1,16.0,True,Australia,2024,False
BOT,82.722,22.0,2.0,28.696,18.373,35.653,270.0,291.0,286.0,286.0,False,HARD,15.0,False,Kick Sauber,1,16.0,True,Australia,2024,False
BOT,82.34,23.0,2.0,28.619,18.29,35.431,269.0,293.0,286.0,284.0,True,HARD,16.0,False,Kick Sauber,1,16.0,True,Australia,2024,False
BOT,82.91,24.0,2.0,28.931,18.349,35.63,265.0,291.0,285.0,284.0,False,HARD,17.0,False,Kick Sauber,1,16.0,True,Australia,2024,False
BOT,82.551,25.0,2.0,28.758,18.28,35.513,272.0,296.0,286.0,288.0,False,HARD,18.0,False,Kick Sauber,1,16.0,True,Australia,2024,False
BOT,83.067,26.0,2.0,28.904,18.384,35.779,267.0,290.0,287.0,286.0,False,HARD,19.0,False,Kick Sauber,1,16.0,True,Australia,2024,False
BOT,82.934,27.0,2.0,28.816,18.434,35.684,268.0,290.0,286.0,286.0,False,HARD,20.0,False,Kick Sauber,1,16.0,True,Australia,2024,False
BOT,82.948,28.0,2.0,28.842,18.393,35.713,271.0,294.0,288.0,287.0,False,HARD,21.0,False,Kick Sauber,1,16.0,True,Australia,2024,False
BOT,82.835,29.0,2.0,28.797,18.325,35.713,272.0,294.0,287.0,289.0,False,HARD,22.0,False,Kick Sauber,1,16.0,True,Australia,2024,False
BOT,82.998,30.0,2.0,28.746,18.429,35.823,270.0,292.0,288.0,285.0,False,HARD,23.0,False,Kick Sauber,1,15.0,True,Australia,2024,False
BOT,83.01,31.0,2.0,28.842,18.5,35.668,271.0,294.0,287.0,289.0,False,HARD,24.0,False,Kick Sauber,1,15.0,True,Australia,2024,False
BOT,82.897,32.0,2.0,28.941,18.313,35.643,271.0,294.0,287.0,288.0,False,HARD,25.0,False,Kick Sauber,1,15.0,True,Australia,2024,False
BOT,82.851,33.0,2.0,28.88,18.328,35.643,270.0,293.0,288.0,287.0,False,HARD,26.0,False,Kick Sauber,1,15.0,True,Australia,2024,False
BOT,86.453,34.0,2.0,31.308,18.233,36.912,273.0,313.0,288.0,289.0,False,HARD,27.0,False,Kick Sauber,1,15.0,True,Australia,2024,False
BOT,83.446,35.0,2.0,29.157,18.464,35.825,268.0,293.0,287.0,287.0,False,HARD,28.0,False,Kick Sauber,1,14.0,True,Australia,2024,False
BOT,98.523,36.0,2.0,29.081,18.305,51.137,267.0,292.0,290.0,286.0,False,HARD,29.0,False,Kick Sauber,1,16.0,False,Australia,2024,True
BOT,88.154,37.0,3.0,34.499,18.486,35.169,266.0,292.0,289.0,233.0,False,HARD,1.0,True,Kick Sauber,1,16.0,False,Australia,2024,True
BOT,81.755,38.0,3.0,28.421,18.251,35.083,268.0,296.0,287.0,288.0,True,HARD,2.0,True,Kick Sauber,1,16.0,True,Australia,2024,False
BOT,81.646,39.0,3.0,28.382,18.3,34.964,268.0,293.0,288.0,286.0,True,HARD,3.0,True,Kick Sauber,1,16.0,True,Australia,2024,False
BOT,81.533,40.0,3.0,28.298,18.215,35.02,269.0,292.0,287.0,286.0,True,HARD,4.0,True,Kick Sauber,1,16.0,True,Australia,2024,False
BOT,82.008,41.0,3.0,28.575,18.187,35.246,271.0,296.0,290.0,285.0,False,HARD,5.0,True,Kick Sauber,1,16.0,True,Australia,2024,False
BOT,85.18,42.0,3.0,30.103,18.136,36.941,266.0,312.0,302.0,288.0,False,HARD,6.0,True,Kick Sauber,1,15.0,True,Australia,2024,False
BOT,82.889,43.0,3.0,28.615,18.51,35.764,267.0,295.0,302.0,307.0,False,HARD,7.0,True,Kick Sauber,1,15.0,True,Australia,2024,False
BOT,83.241,44.0,3.0,29.234,18.562,35.445,244.0,316.0,292.0,309.0,False,HARD,8.0,True,Kick Sauber,1,15.0,True,Australia,2024,False
BOT,81.711,45.0,3.0,28.591,18.183,34.937,274.0,301.0,290.0,296.0,False,HARD,9.0,True,Kick Sauber,1,15.0,True,Australia,2024,False
BOT,81.554,46.0,3.0,28.351,18.097,35.106,273.0,297.0,290.0,291.0,False,HARD,10.0,True,Kick Sauber,1,15.0,True,Australia,2024,False
BOT,81.583,47.0,3.0,28.425,18.156,35.002,272.0,298.0,289.0,290.0,False,HARD,11.0,True,Kick Sauber,1,15.0,True,Australia,2024,False
BOT,81.422,48.0,3.0,28.327,18.104,34.991,274.0,296.0,290.0,291.0,True,HARD,12.0,True,Kick Sauber,1,15.0,True,Australia,2024,False
BOT,81.457,49.0,3.0,28.314,18.137,35.006,275.0,295.0,290.0,289.0,False,HARD,13.0,True,Kick Sauber,1,15.0,True,Australia,2024,False
BOT,83.898,50.0,3.0,29.635,18.731,35.532,226.0,314.0,290.0,289.0,False,HARD,14.0,True,Kick Sauber,1,15.0,True,Australia,2024,False
BOT,81.649,51.0,3.0,28.418,18.133,35.098,277.0,298.0,290.0,294.0,False,HARD,15.0,True,Kick Sauber,1,15.0,True,Australia,2024,False
BOT,82.056,52.0,3.0,28.552,18.262,35.242,272.0,291.0,290.0,288.0,False,HARD,16.0,True,Kick Sauber,1,15.0,True,Australia,2024,False
BOT,81.82,53.0,3.0,28.427,18.228,35.165,272.0,291.0,289.0,287.0,False,HARD,17.0,True,Kick Sauber,1,15.0,True,Australia,2024,False
BOT,82.029,54.0,3.0,28.513,18.274,35.242,273.0,293.0,289.0,289.0,False,HARD,18.0,True,Kick Sauber,1,15.0,True,Australia,2024,False
BOT,82.01,55.0,3.0,28.396,18.405,35.209,275.0,296.0,288.0,291.0,False,HARD,19.0,True,Kick Sauber,1,15.0,True,Australia,2024,False
PIA,83.232,2.0,1.0,29.201,18.266,35.765,276.0,306.0,302.0,294.0,True,MEDIUM,2.0,True,McLaren,1,5.0,True,Australia,2024,False
PIA,82.669,3.0,1.0,28.862,18.065,35.742,268.0,317.0,303.0,304.0,True,MEDIUM,3.0,True,McLaren,1,5.0,True,Australia,2024,False
PIA,82.581,4.0,1.0,28.914,18.092,35.575,274.0,323.0,301.0,307.0,True,MEDIUM,4.0,True,McLaren,1,4.0,True,Australia,2024,False
PIA,82.594,5.0,1.0,28.691,17.918,35.985,274.0,324.0,302.0,309.0,False,MEDIUM,5.0,True,McLaren,1,4.0,True,Australia,2024,False
PIA,82.582,6.0,1.0,28.86,17.959,35.763,275.0,322.0,302.0,311.0,False,MEDIUM,6.0,True,McLaren,1,4.0,True,Australia,2024,False
PIA,82.877,7.0,1.0,28.93,17.931,36.016,276.0,326.0,300.0,314.0,False,MEDIUM,7.0,True,McLaren,1,4.0,True,Australia,2024,False
PIA,83.052,8.0,1.0,28.843,18.018,36.191,275.0,323.0,299.0,312.0,False,MEDIUM,8.0,True,McLaren,1,4.0,True,Australia,2024,False
PIA,96.501,9.0,1.0,28.804,17.895,49.802,274.0,322.0,290.0,315.0,False,MEDIUM,9.0,True,McLaren,1,6.0,False,Australia,2024,True
PIA,87.799,10.0,2.0,34.02,18.199,35.58,272.0,302.0,290.0,230.0,False,HARD,2.0,False,McLaren,1,8.0,False,Australia,2024,False
PIA,82.728,11.0,2.0,28.662,17.907,36.159,274.0,325.0,310.0,298.0,False,HARD,3.0,False,McLaren,1,7.0,True,Australia,2024,False
PIA,82.948,12.0,2.0,29.063,18.222,35.663,270.0,299.0,288.0,321.0,False,HARD,4.0,False,McLaren,1,6.0,True,Australia,2024,False
PIA,82.426,13.0,2.0,28.766,18.093,35.567,274.0,301.0,289.0,294.0,True,HARD,5.0,False,McLaren,1,6.0,True,Australia,2024,False
PIA,81.968,14.0,2.0,28.644,18.063,35.261,275.0,304.0,290.0,292.0,True,HARD,6.0,False,McLaren,1,5.0,True,Australia,2024,False
PIA,81.961,15.0,2.0,28.588,18.04,35.333,276.0,305.0,289.0,294.0,True,HARD,7.0,False,McLaren,1,4.0,True,Australia,2024,False
PIA,82.015,16.0,2.0,28.64,18.102,35.273,273.0,303.0,289.0,299.0,False,HARD,8.0,False,McLaren,1,4.0,True,Australia,2024,False
PIA,81.871,19.0,2.0,28.272,18.086,35.513,281.0,303.0,289.0,306.0,True,HARD,11.0,False,McLaren,1,3.0,True,Australia,2024,False
PIA,82.085,20.0,2.0,28.58,18.02,35.485,277.0,304.0,289.0,299.0,False,HARD,12.0,False,McLaren,1,3.0,True,Australia,2024,False
PIA,81.923,21.0,2.0,28.477,17.99,35.456,278.0,305.0,289.0,296.0,False,HARD,13.0,False,McLaren,1,3.0,True,Australia,2024,False
PIA,82.013,22.0,2.0,28.607,18.037,35.369,276.0,302.0,289.0,296.0,False,HARD,14.0,False,McLaren,1,3.0,True,Australia,2024,False
PIA,81.817,23.0,2.0,28.496,18.003,35.318,275.0,303.0,290.0,296.0,True,HARD,15.0,False,McLaren,1,3.0,True,Australia,2024,False
PIA,81.83,24.0,2.0,28.553,17.964,35.313,276.0,304.0,290.0,294.0,False,HARD,16.0,False,McLaren,1,3.0,True,Australia,2024,False
PIA,81.597,25.0,2.0,28.38,17.95,35.267,278.0,305.0,289.0,298.0,True,HARD,17.0,False,McLaren,1,3.0,True,Australia,2024,False
PIA,82.243,26.0,2.0,28.631,18.061,35.551,275.0,302.0,289.0,299.0,False,HARD,18.0,False,McLaren,1,3.0,True,Australia,2024,False
PIA,82.287,27.0,2.0,28.693,18.076,35.518,281.0,301.0,289.0,296.0,False,HARD,19.0,False,McLaren,1,3.0,True,Australia,2024,False
PIA,82.204,28.0,2.0,28.654,18.065,35.485,276.0,301.0,288.0,295.0,False,HARD,20.0,False,McLaren,1,3.0,True,Australia,2024,False
PIA,83.479,29.0,2.0,29.906,17.833,35.74,281.0,327.0,300.0,296.0,False,HARD,21.0,False,McLaren,1,4.0,True,Australia,2024,False
PIA,82.52,30.0,2.0,28.702,18.059,35.759,275.0,304.0,290.0,318.0,False,HARD,22.0,False,McLaren,1,4.0,True,Australia,2024,False
PIA,82.133,31.0,2.0,28.797,17.98,35.356,277.0,305.0,291.0,296.0,False,HARD,23.0,False,McLaren,1,4.0,True,Australia,2024,False
PIA,81.989,32.0,2.0,28.664,17.973,35.352,279.0,305.0,291.0,298.0,False,HARD,24.0,False,McLaren,1,4.0,True,Australia,2024,False
PIA,82.1,33.0,2.0,28.724,17.962,35.414,278.0,303.0,290.0,300.0,False,HARD,25.0,False,McLaren,1,4.0,True,Australia,2024,False
PIA,82.238,34.0,2.0,28.728,18.06,35.45,277.0,302.0,290.0,299.0,False,HARD,26.0,False,McLaren,1,3.0,True,Australia,2024,False
PIA,82.059,35.0,2.0,28.716,18.075,35.268,278.0,300.0,289.0,298.0,False,HARD,27.0,False,McLaren,1,3.0,True,Australia,2024,False
PIA,82.047,36.0,2.0,28.779,18.041,35.227,276.0,302.0,289.0,298.0,False,HARD,28.0,False,McLaren,1,3.0,True,Australia,2024,False
PIA,81.89,37.0,2.0,28.614,17.986,35.29,282.0,302.0,290.0,298.0,False,HARD,29.0,False,McLaren,1,3.0,True,Australia,2024,False
PIA,85.203,38.0,2.0,28.686,18.0,38.517,278.0,305.0,287.0,296.0,False,HARD,30.0,False,McLaren,1,3.0,True,Australia,2024,False
PIA,96.781,39.0,2.0,28.952,18.083,49.746,277.0,304.0,290.0,296.0,False,HARD,31.0,False,McLaren,1,4.0,False,Australia,2024,True
PIA,86.93,40.0,3.0,33.685,18.052,35.193,274.0,300.0,291.0,233.0,False,HARD,2.0,False,McLaren,1,5.0,False,Australia,2024,True
PIA,81.424,41.0,3.0,28.125,17.593,35.706,278.0,324.0,289.0,304.0,True,HARD,3.0,False,McLaren,1,4.0,True,Australia,2024,False
PIA,81.08,42.0,3.0,28.312,17.964,34.804,274.0,299.0,290.0,287.0,True,HARD,4.0,False,McLaren,1,4.0,True,Australia,2024,False
PIA,80.485,43.0,3.0,28.09,17.952,34.443,276.0,300.0,291.0,295.0,True,HARD,5.0,False,McLaren,1,4.0,True,Australia,2024,False
PIA,80.395,44.0,3.0,27.914,17.885,34.596,276.0,302.0,291.0,294.0,True,HARD,6.0,False,McLaren,1,4.0,True,Australia,2024,False
PIA,80.223,45.0,3.0,27.948,17.772,34.503,280.0,308.0,293.0,297.0,True,HARD,7.0,False,McLaren,1,4.0,True,Australia,2024,False
PIA,80.615,46.0,3.0,27.981,17.817,34.817,279.0,306.0,292.0,302.0,False,HARD,8.0,False,McLaren,1,4.0,True,Australia,2024,False
PIA,80.682,47.0,3.0,28.141,17.683,34.858,281.0,309.0,291.0,297.0,False,HARD,9.0,False,McLaren,1,4.0,True,Australia,2024,False
PIA,80.588,48.0,3.0,28.039,17.853,34.696,279.0,307.0,292.0,299.0,False,HARD,10.0,False,McLaren,1,4.0,True,Australia,2024,False
PIA,80.352,49.0,3.0,28.241,17.61,34.501,281.0,320.0,292.0,302.0,False,HARD,11.0,False,McLaren,1,4.0,True,Australia,2024,False
PIA,80.496,50.0,3.0,28.056,17.746,34.694,280.0,305.0,293.0,296.0,False,HARD,12.0,False,McLaren,1,4.0,True,Australia,2024,False
PIA,80.718,51.0,3.0,28.193,18.067,34.458,277.0,299.0,292.0,299.0,False,HARD,13.0,False,McLaren,1,4.0,True,Australia,2024,False
PIA,80.295,52.0,3.0,27.98,17.85,34.465,281.0,302.0,292.0,295.0,False,HARD,14.0,False,McLaren,1,4.0,True,Australia,2024,False
PIA,80.308,53.0,3.0,27.99,17.841,34.477,280.0,302.0,292.0,300.0,False,HARD,15.0,False,McLaren,1,4.0,True,Australia,2024,False
PIA,80.199,54.0,3.0,27.903,17.756,34.54,283.0,302.0,292.0,300.0,True,HARD,16.0,False,McLaren,1,4.0,True,Australia,2024,False
PIA,80.754,55.0,3.0,28.154,17.949,34.651,283.0,304.0,291.0,307.0,False,HARD,17.0,False,McLaren,1,4.0,True,Australia,2024,False
PIA,80.357,56.0,3.0,27.947,17.927,34.483,275.0,296.0,291.0,299.0,False,HARD,18.0,False,McLaren,1,4.0,True,Australia,2024,False
VER,96.472,4.0,2.0,34.772,43.042,18.658,278.0,292.0,252.0,284.0,True,MEDIUM,4.0,False,Red Bull Racing,1,1.0,True,Japan,2024,False
VER,96.437,5.0,2.0,34.69,43.035,18.712,279.0,293.0,253.0,286.0,True,MEDIUM,5.0,False,Red Bull Racing,1,1.0,True,Japan,2024,False
VER,96.855,6.0,2.0,34.965,43.196,18.694,278.0,293.0,253.0,286.0,False,MEDIUM,6.0,False,Red Bull Racing,1,1.0,True,Japan,2024,False
VER,96.97,7.0,2.0,34.987,43.3,18.683,278.0,293.0,253.0,284.0,False,MEDIUM,7.0,False,Red Bull Racing,1,1.0,True,Japan,2024,False
VER,97.329,8.0,2.0,35.112,43.412,18.805,278.0,293.0,253.0,287.0,False,MEDIUM,8.0,False,Red Bull Racing,1,1.0,True,Japan,2024,False
VER,97.178,9.0,2.0,35.132,43.298,18.748,278.0,293.0,252.0,288.0,False,MEDIUM,9.0,False,Red Bull Racing,1,1.0,True,Japan,2024,False
VER,97.59,10.0,2.0,35.45,43.353,18.787,277.0,292.0,252.0,286.0,False,MEDIUM,10.0,False,Red Bull Racing,1,1.0,True,Japan,2024,False
VER,97.774,11.0,2.0,35.32,43.622,18.832,276.0,293.0,252.0,287.0,False,MEDIUM,11.0,False,Red Bull Racing,1,1.0,True,Japan,2024,False
VER,97.753,12.0,2.0,35.415,43.468,18.87,278.0,292.0,252.0,285.0,False,MEDIUM,12.0,False,Red Bull Racing,1,1.0,True,Japan,2024,False
VER,97.727,13.0,2.0,35.365,43.511,18.851,278.0,292.0,253.0,288.0,False,MEDIUM,13.0,False,Red Bull Racing,1,1.0,True,Japan,2024,False
VER,97.91,14.0,2.0,35.432,43.612,18.866,278.0,291.0,253.0,286.0,False,MEDIUM,14.0,False,Red Bull Racing,1,1.0,True,Japan,2024,False
VER,97.854,15.0,2.0,35.465,43.565,18.824,278.0,292.0,253.0,285.0,False,MEDIUM,15.0,False,Red Bull Racing,1,1.0,True,Japan,2024,False
VER,100.272,16.0,2.0,35.594,43.595,21.083,278.0,293.0,256.0,286.0,False,MEDIUM,16.0,False,Red Bull Racing,1,1.0,False,Japan,2024,True
VER,116.478,17.0,3.0,54.634,43.113,18.731,274.0,294.0,255.0,280.0,False,MEDIUM,1.0,True,Red Bull Racing,1,2.0,False,Japan,2024,True
VER,96.822,18.0,3.0,34.981,43.108,18.733,279.0,295.0,253.0,283.0,False,MEDIUM,2.0,True,Red Bull Racing,1,2.0,True,Japan,2024,False
VER,96.252,19.0,3.0,34.857,42.769,18.626,280.0,297.0,255.0,286.0,True,MEDIUM,3.0,True,Red Bull Racing,1,2.0,True,Japan,2024,False
VER,96.402,20.0,3.0,34.885,42.974,18.543,279.0,298.0,261.0,297.0,False,MEDIUM,4.0,True,Red Bull Racing,1,2.0,True,Japan,2024,False
VER,95.617,21.0,3.0,34.242,42.833,18.542,280.0,293.0,254.0,286.0,True,MEDIUM,5.0,True,Red Bull Racing,1,1.0,True,Japan,2024,False
VER,96.384,22.0,3.0,34.914,42.902,18.568,280.0,293.0,255.0,286.0,False,MEDIUM,6.0,True,Red Bull Racing,1,1.0,True,Japan,2024,False
VER,96.205,23.0,3.0,34.81,42.855,18.54,280.0,294.0,254.0,286.0,False,MEDIUM,7.0,True,Red Bull Racing,1,1.0,True,Japan,2024,False
VER,96.532,24.0,3.0,34.895,43.008,18.629,279.0,294.0,255.0,286.0,False,MEDIUM,8.0,True,Red Bull Racing,1,1.0,True,Japan,2024,False
VER,96.337,25.0,3.0,34.677,43.075,18.585,281.0,295.0,254.0,287.0,False,MEDIUM,9.0,True,Red Bull Racing,1,1.0,True,Japan,2024,False
VER,96.437,26.0,3.0,34.874,42.952,18.611,281.0,295.0,255.0,287.0,False,MEDIUM,10.0,True,Red Bull Racing,1,1.0,True,Japan,2024,False
VER,96.654,27.0,3.0,34.936,42.975,18.743,280.0,296.0,254.0,287.0,False,MEDIUM,11.0,True,Red Bull Racing,1,1.0,True,Japan,2024,False
VER,96.496,28.0,3.0,34.883,43.01,18.603,280.0,297.0,255.0,287.0,False,MEDIUM,12.0,True,Red Bull Racing,1,1.0,True,Japan,2024,False
VER,96.655,29.0,3.0,35.02,43.016,18.619,280.0,296.0,254.0,289.0,False,MEDIUM,13.0,True,Red Bull Racing,1,1.0,True,Japan,2024,False
VER,96.849,30.0,3.0,35.05,43.132,18.667,280.0,296.0,255.0,288.0,False,MEDIUM,14.0,True,Red Bull Racing,1,1.0,True,Japan,2024,False
VER,96.761,31.0,3.0,34.998,43.147,18.616,280.0,296.0,255.0,289.0,False,MEDIUM,15.0,True,Red Bull Racing,1,1.0,True,Japan,2024,False
VER,96.92,32.0,3.0,35.134,43.092,18.694,279.0,296.0,254.0,291.0,False,MEDIUM,16.0,True,Red Bull Racing,1,1.0,True,Japan,2024,False
VER,97.048,33.0,3.0,35.182,43.181,18.685,279.0,297.0,254.0,292.0,False,MEDIUM,17.0,True,Red Bull Racing,1,1.0,True,Japan,2024,False
VER,99.226,34.0,3.0,35.038,43.228,20.96,278.0,296.0,256.0,293.0,False,MEDIUM,18.0,True,Red Bull Racing,1,1.0,False,Japan,2024,False
VER,115.503,35.0,4.0,54.547,42.486,18.47,281.0,297.0,257.0,297.0,False,HARD,1.0,True,Red Bull Racing,1,2.0,False,Japan,2024,True
VER,94.619,36.0,4.0,34.203,42.165,18.251,281.0,300.0,258.0,296.0,True,HARD,2.0,True,Red Bull Racing,1,1.0,True,Japan,2024,False
VER,94.97,37.0,4.0,34.373,42.368,18.229,282.0,298.0,258.0,298.0,False,HARD,3.0,True,Red Bull Racing,1,1.0,True,Japan,2024,False
VER,94.986,38.0,4.0,34.217,42.272,18.497,282.0,296.0,257.0,295.0,False,HARD,4.0,True,Red Bull Racing,1,1.0,True,Japan,2024,False
VER,94.494,39.0,4.0,34.097,42.145,18.252,282.0,298.0,257.0,294.0,True,HARD,5.0,True,Red Bull Racing,1,1.0,True,Japan,2024,False
VER,94.343,40.0,4.0,33.952,42.124,18.267,282.0,298.0,257.0,295.0,True,HARD,6.0,True,Red Bull Racing,1,1.0,True,Japan,2024,False
VER,94.273,41.0,4.0,33.997,42.069,18.207,282.0,298.0,257.0,297.0,True,HARD,7.0,True,Red Bull Racing,1,1.0,True,Japan,2024,False
VER,94.303,43.0,4.0,33.837,42.139,18.327,282.0,298.0,257.0,297.0,False,HARD,9.0,True,Red Bull Racing,1,1.0,True,Japan,2024,False
VER,94.455,44.0,4.0,33.813,42.303,18.339,282.0,299.0,256.0,297.0,False,HARD,10.0,True,Red Bull Racing,1,1.0,True,Japan,2024,False
VER,94.606,45.0,4.0,34.085,42.138,18.383,282.0,299.0,256.0,297.0,False,HARD,11.0,True,Red Bull Racing,1,1.0,True,Japan,2024,False
VER,94.61,46.0,4.0,34.073,42.272,18.265,282.0,299.0,258.0,301.0,False,HARD,12.0,True,Red Bull Racing,1,1.0,True,Japan,2024,False
VER,95.113,47.0,4.0,34.21,42.527,18.376,282.0,301.0,258.0,301.0,False,HARD,13.0,True,Red Bull Racing,1,1.0,True,Japan,2024,False
VER,95.75,48.0,4.0,34.496,42.871,18.383,282.0,298.0,257.0,299.0,False,HARD,14.0,True,Red Bull Racing,1,1.0,True,Japan,2024,False
VER,94.885,49.0,4.0,34.097,42.487,18.301,282.0,300.0,263.0,302.0,False,HARD,15.0,True,Red Bull Racing,1,1.0,True,Japan,2024,False
VER,93.706,50.0,4.0,33.404,42.141,18.161,282.0,298.0,257.0,298.0,True,HARD,16.0,True,Red Bull Racing,1,1.0,True,Japan,2024,False
VER,94.768,51.0,4.0,33.964,42.405,18.399,283.0,299.0,257.0,297.0,False,HARD,17.0,True,Red Bull Racing,1,1.0,True,Japan,2024,False
VER,94.97,52.0,4.0,34.158,42.422,18.39,283.0,300.0,258.0,299.0,False,HARD,18.0,True,Red Bull Racing,1,1.0,True,Japan,2024,False
VER,95.263,53.0,4.0,34.299,42.417,18.547,281.0,298.0,255.0,295.0,False,HARD,19.0,True,Red Bull Racing,1,1.0,True,Japan,2024,False
PER,96.573,4.0,2.0,34.694,43.203,18.676,275.0,295.0,257.0,296.0,True,MEDIUM,4.0,False,Red Bull Racing,1,2.0,True,Japan,2024,False
PER,96.568,5.0,2.0,34.558,43.311,18.699,276.0,295.0,254.0,297.0,True,MEDIUM,5.0,False,Red Bull Racing,1,2.0,True,Japan,2024,False
PER,97.693,6.0,2.0,35.008,43.981,18.704,275.0,295.0,253.0,290.0,False,MEDIUM,6.0,False,Red Bull Racing,1,2.0,True,Japan,2024,False
PER,97.308,7.0,2.0,35.091,43.396,18.821,277.0,295.0,254.0,286.0,False,MEDIUM,7.0,False,Red Bull Racing,1,2.0,True,Japan,2024,False
PER,97.22,8.0,2.0,35.093,43.381,18.746,278.0,295.0,253.0,295.0,False,MEDIUM,8.0,False,Red Bull Racing,1,2.0,True,Japan,2024,False
PER,97.838,9.0,2.0,35.37,43.6,18.868,273.0,294.0,253.0,293.0,False,MEDIUM,9.0,False,Red Bull Racing,1,2.0,True,Japan,2024,False
PER,97.926,10.0,2.0,35.593,43.554,18.779,277.0,294.0,253.0,295.0,False,MEDIUM,10.0,False,Red Bull Racing,1,2.0,True,Japan,2024,False
PER,98.216,11.0,2.0,35.512,43.802,18.902,277.0,294.0,252.0,292.0,False,MEDIUM,11.0,False,Red Bull Racing,1,2.0,True,Japan,2024,False
PER,98.156,12.0,2.0,35.539,43.77,18.847,277.0,294.0,253.0,293.0,False,MEDIUM,12.0,False,Red Bull Racing,1,2.0,True,Japan,2024,False
PER,98.125,13.0,2.0,35.462,43.857,18.806,271.0,294.0,253.0,295.0,False,MEDIUM,13.0,False,Red Bull Racing,1,2.0,True,Japan,2024,False
PER,98.505,14.0,2.0,35.721,43.889,18.895,277.0,292.0,252.0,292.0,False,MEDIUM,14.0,False,Red Bull Racing,1,2.0,True,Japan,2024,False
PER,100.906,15.0,2.0,35.617,43.864,21.425,277.0,293.0,256.0,294.0,False,MEDIUM,15.0,False,Red Bull Racing,1,2.0,False,Japan,2024,True
PER,114.826,16.0,3.0,53.869,42.481,18.476,277.0,297.0,256.0,291.0,False,MEDIUM,1.0,True,Red Bull Racing,1,6.0,False,Japan,2024,True
PER,97.428,17.0,3.0,34.678,43.951,18.799,280.0,304.0,254.0,284.0,False,MEDIUM,2.0,True,Red Bull Racing,1,5.0,True,Japan,2024,False
PER,97.844,18.0,3.0,35.342,43.801,18.701,279.0,307.0,253.0,293.0,False,MEDIUM,3.0,True,Red Bull Racing,1,4.0,True,Japan,2024,False
PER,96.436,19.0,3.0,34.925,42.989,18.522,279.0,298.0,254.0,296.0,True,MEDIUM,4.0,True,Red Bull Racing,1,4.0,True,Japan,2024,False
PER,96.206,20.0,3.0,34.808,42.946,18.452,277.0,298.0,256.0,298.0,True,MEDIUM,5.0,True,Red Bull Racing,1,4.0,True,Japan,2024,False
PER,96.558,21.0,3.0,34.994,43.049,18.515,279.0,299.0,256.0,298.0,False,MEDIUM,6.0,True,Red Bull Racing,1,4.0,True,Japan,2024,False
PER,97.264,22.0,3.0,34.92,43.437,18.907,280.0,302.0,258.0,305.0,False,MEDIUM,7.0,True,Red Bull Racing,1,3.0,True,Japan,2024,False
PER,96.656,23.0,3.0,34.723,43.265,18.668,279.0,297.0,255.0,297.0,False,MEDIUM,8.0,True,Red Bull Racing,1,3.0,True,Japan,2024,False
PER,96.921,24.0,3.0,34.839,43.391,18.691,278.0,298.0,259.0,300.0,False,MEDIUM,9.0,True,Red Bull Racing,1,3.0,True,Japan,2024,False
PER,97.76,25.0,3.0,35.304,43.717,18.739,280.0,300.0,260.0,302.0,False,MEDIUM,10.0,True,Red Bull Racing,1,3.0,True,Japan,2024,False
PER,97.689,26.0,3.0,35.496,43.536,18.657,281.0,296.0,255.0,291.0,False,MEDIUM,11.0,True,Red Bull Racing,1,2.0,True,Japan,2024,False
PER,96.843,27.0,3.0,34.947,43.279,18.617,280.0,296.0,255.0,295.0,False,MEDIUM,12.0,True,Red Bull Racing,1,2.0,True,Japan,2024,False
PER,96.733,28.0,3.0,34.875,43.263,18.595,279.0,297.0,254.0,295.0,False,MEDIUM,13.0,True,Red Bull Racing,1,2.0,True,Japan,2024,False
PER,96.969,29.0,3.0,35.035,43.263,18.671,280.0,296.0,254.0,296.0,False,MEDIUM,14.0,True,Red Bull Racing,1,2.0,True,Japan,2024,False
PER,97.097,30.0,3.0,35.201,43.289,18.607,280.0,296.0,255.0,296.0,False,MEDIUM,15.0,True,Red Bull Racing,1,2.0,True,Japan,2024,False
PER,97.118,31.0,3.0,35.15,43.356,18.612,279.0,296.0,255.0,295.0,False,MEDIUM,16.0,True,Red Bull Racing,1,2.0,True,Japan,2024,False
PER,97.106,32.0,3.0,35.061,43.365,18.68,279.0,296.0,254.0,297.0,False,MEDIUM,17.0,True,Red Bull Racing,1,2.0,True,Japan,2024,False
PER,99.409,33.0,3.0,35.006,43.257,21.146,280.0,297.0,256.0,297.0,False,MEDIUM,18.0,True,Red Bull Racing,1,2.0,False,Japan,2024,False
PER,114.946,34.0,4.0,53.934,42.674,18.338,280.0,304.0,265.0,305.0,False,HARD,1.0,True,Red Bull Racing,1,5.0,False,Japan,2024,True
PER,93.945,35.0,4.0,33.433,42.191,18.321,278.0,303.0,263.0,305.0,True,HARD,2.0,True,Red Bull Racing,1,4.0,True,Japan,2024,False
PER,94.479,36.0,4.0,33.662,42.278,18.539,279.0,299.0,257.0,291.0,False,HARD,3.0,True,Red Bull Racing,1,3.0,True,Japan,2024,False
PER,94.808,37.0,4.0,34.02,42.307,18.481,276.0,300.0,257.0,298.0,False,HARD,4.0,True,Red Bull Racing,1,2.0,True,Japan,2024,False
PER,95.245,38.0,4.0,34.413,42.385,18.447,279.0,299.0,257.0,298.0,False,HARD,5.0,True,Red Bull Racing,1,2.0,True,Japan,2024,False
PER,94.99,39.0,4.0,34.223,42.294,18.473,281.0,300.0,256.0,296.0,False,HARD,6.0,True,Red Bull Racing,1,2.0,True,Japan,2024,False
PER,94.738,40.0,4.0,34.051,42.417,18.27,282.0,300.0,258.0,300.0,False,HARD,7.0,True,Red Bull Racing,1,2.0,True,Japan,2024,False
PER,95.03,41.0,4.0,34.136,42.423,18.471,281.0,301.0,258.0,301.0,False,HARD,8.0,True,Red Bull Racing,1,2.0,True,Japan,2024,False
PER,95.099,43.0,4.0,33.973,42.725,18.401,282.0,298.0,257.0,297.0,False,HARD,10.0,True,Red Bull Racing,1,2.0,True,Japan,2024,False
PER,94.701,44.0,4.0,34.015,42.339,18.347,281.0,299.0,257.0,297.0,False,HARD,11.0,True,Red Bull Racing,1,2.0,True,Japan,2024,False
PER,94.996,45.0,4.0,34.1,42.464,18.432,282.0,298.0,257.0,295.0,False,HARD,12.0,True,Red Bull Racing,1,2.0,True,Japan,2024,False
PER,94.75,46.0,4.0,33.927,42.397,18.426,282.0,297.0,258.0,297.0,False,HARD,13.0,True,Red Bull Racing,1,2.0,True,Japan,2024,False
PER,95.056,47.0,4.0,34.058,42.474,18.524,282.0,298.0,257.0,298.0,False,HARD,14.0,True,Red Bull Racing,1,2.0,True,Japan,2024,False
PER,95.383,48.0,4.0,34.198,42.525,18.66,282.0,298.0,256.0,290.0,False,HARD,15.0,True,Red Bull Racing,1,2.0,True,Japan,2024,False
PER,95.035,49.0,4.0,34.003,42.537,18.495,280.0,299.0,257.0,295.0,False,HARD,16.0,True,Red Bull Racing,1,2.0,True,Japan,2024,False
PER,95.244,50.0,4.0,34.117,42.587,18.54,279.0,300.0,258.0,293.0,False,HARD,17.0,True,Red Bull Racing,1,2.0,True,Japan,2024,False
PER,94.89,51.0,4.0,33.957,42.55,18.383,282.0,303.0,258.0,300.0,False,HARD,18.0,True,Red Bull Racing,1,2.0,True,Japan,2024,False
PER,94.929,52.0,4.0,34.13,42.407,18.392,280.0,300.0,258.0,299.0,False,HARD,19.0,True,Red Bull Racing,1,2.0,True,Japan,2024,False
PER,94.728,53.0,4.0,33.931,42.384,18.413,279.0,301.0,258.0,301.0,False,HARD,20.0,True,Red Bull Racing,1,2.0,True,Japan,2024,False
SAI,97.225,4.0,2.0,35.406,43.259,18.56,277.0,298.0,258.0,300.0,True,MEDIUM,3.0,True,Ferrari,1,4.0,True,Japan,2024,False
SAI,97.322,5.0,2.0,35.099,43.533,18.69,275.0,296.0,254.0,299.0,False,MEDIUM,4.0,True,Ferrari,1,4.0,True,Japan,2024,False
SAI,97.721,6.0,2.0,35.423,43.562,18.736,272.0,298.0,254.0,297.0,False,MEDIUM,5.0,True,Ferrari,1,4.0,True,Japan,2024,False
SAI,97.756,7.0,2.0,35.53,43.673,18.553,272.0,296.0,254.0,297.0,False,MEDIUM,6.0,True,Ferrari,1,4.0,True,Japan,2024,False
SAI,97.736,8.0,2.0,35.544,43.61,18.582,272.0,297.0,254.0,299.0,False,MEDIUM,7.0,True,Ferrari,1,4.0,True,Japan,2024,False
SAI,97.98,9.0,2.0,35.633,43.626,18.721,274.0,297.0,253.0,299.0,False,MEDIUM,8.0,True,Ferrari,1,4.0,True,Japan,2024,False
SAI,98.304,10.0,2.0,35.782,43.746,18.776,273.0,297.0,253.0,298.0,False,MEDIUM,9.0,True,Ferrari,1,4.0,True,Japan,2024,False
SAI,98.273,11.0,2.0,35.648,43.93,18.695,274.0,297.0,253.0,298.0,False,MEDIUM,10.0,True,Ferrari,1,3.0,True,Japan,2024,False
SAI,97.847,12.0,2.0,35.511,43.617,18.719,274.0,294.0,253.0,296.0,False,MEDIUM,11.0,True,Ferrari,1,3.0,True,Japan,2024,False
SAI,98.333,13.0,2.0,35.776,43.833,18.724,275.0,293.0,253.0,295.0,False,MEDIUM,12.0,True,Ferrari,1,3.0,True,Japan,2024,False
SAI,98.504,14.0,2.0,35.794,43.861,18.849,276.0,292.0,253.0,294.0,False,MEDIUM,13.0,True,Ferrari,1,3.0,True,Japan,2024,False
SAI,100.439,15.0,2.0,35.661,43.689,21.089,278.0,294.0,256.0,295.0,False,MEDIUM,14.0,True,Ferrari,1,3.0,False,Japan,2024,True
SAI,116.159,16.0,3.0,54.516,43.041,18.602,279.0,294.0,255.0,293.0,False,MEDIUM,2.0,False,Ferrari,1,7.0,False,Japan,2024,True
SAI,96.469,17.0,3.0,35.106,42.875,18.488,275.0,295.0,255.0,296.0,True,MEDIUM,3.0,False,Ferrari,1,7.0,True,Japan,2024,False
SAI,96.698,18.0,3.0,35.072,43.179,18.447,275.0,299.0,260.0,301.0,False,MEDIUM,4.0,False,Ferrari,1,7.0,True,Japan,2024,False
SAI,97.786,19.0,3.0,35.622,43.58,18.584,274.0,297.0,254.0,292.0,False,MEDIUM,5.0,False,Ferrari,1,6.0,True,Japan,2024,False
SAI,97.314,20.0,3.0,35.072,43.475,18.767,273.0,299.0,261.0,299.0,False,MEDIUM,6.0,False,Ferrari,1,6.0,True,Japan,2024,False
SAI,97.995,21.0,3.0,35.98,43.429,18.586,271.0,294.0,256.0,286.0,False,MEDIUM,7.0,False,Ferrari,1,5.0,True,Japan,2024,False
SAI,96.575,22.0,3.0,34.861,43.148,18.566,273.0,295.0,255.0,293.0,False,MEDIUM,8.0,False,Ferrari,1,5.0,True,Japan,2024,False
SAI,96.779,23.0,3.0,34.988,43.269,18.522,274.0,296.0,255.0,296.0,False,MEDIUM,9.0,False,Ferrari,1,5.0,True,Japan,2024,False
SAI,96.805,24.0,3.0,35.02,43.226,18.559,275.0,295.0,255.0,296.0,False,MEDIUM,10.0,False,Ferrari,1,5.0,True,Japan,2024,False
SAI,96.945,25.0,3.0,35.0,43.395,18.55,276.0,298.0,254.0,297.0,False,MEDIUM,11.0,False,Ferrari,1,5.0,True,Japan,2024,False
SAI,97.137,26.0,3.0,35.136,43.448,18.553,277.0,298.0,254.0,300.0,False,MEDIUM,12.0,False,Ferrari,1,3.0,True,Japan,2024,False
SAI,97.068,27.0,3.0,35.134,43.321,18.613,278.0,297.0,254.0,296.0,False,MEDIUM,13.0,False,Ferrari,1,3.0,True,Japan,2024,False
SAI,96.845,28.0,3.0,35.048,43.195,18.602,277.0,297.0,255.0,296.0,False,MEDIUM,14.0,False,Ferrari,1,3.0,True,Japan,2024,False
SAI,97.176,29.0,3.0,35.255,43.195,18.726,276.0,296.0,254.0,297.0,False,MEDIUM,15.0,False,Ferrari,1,3.0,True,Japan,2024,False
SAI,97.01,30.0,3.0,35.234,43.204,18.572,279.0,297.0,255.0,296.0,False,MEDIUM,16.0,False,Ferrari,1,3.0,True,Japan,2024,False
SAI,96.901,31.0,3.0,35.184,43.163,18.554,278.0,297.0,255.0,296.0,False,MEDIUM,17.0,False,Ferrari,1,3.0,True,Japan,2024,False
SAI,97.106,32.0,3.0,35.216,43.238,18.652,277.0,297.0,255.0,297.0,False,MEDIUM,18.0,False,Ferrari,1,3.0,True,Japan,2024,False
SAI,97.233,33.0,3.0,35.178,43.424,18.631,279.0,297.0,254.0,298.0,False,MEDIUM,19.0,False,Ferrari,1,3.0,True,Japan,2024,False
SAI,96.901,34.0,3.0,35.252,43.177,18.472,277.0,296.0,256.0,297.0,False,MEDIUM,20.0,False,Ferrari,1,2.0,True,Japan,2024,False
SAI,96.948,35.0,3.0,35.136,43.11,18.702,280.0,298.0,247.0,299.0,False,MEDIUM,21.0,False,Ferrari,1,1.0,True,Japan,2024,False
SAI,99.31,36.0,3.0,35.183,43.17,20.957,281.0,299.0,256.0,300.0,False,MEDIUM,22.0,False,Ferrari,1,2.0,False,Japan,2024,False
SAI,115.063,37.0,4.0,54.094,42.463,18.506,281.0,303.0,264.0,307.0,False,HARD,1.0,True,Ferrari,1,7.0,False,Japan,2024,True
SAI,93.995,38.0,4.0,33.588,42.107,18.3,280.0,297.0,258.0,296.0,True,HARD,2.0,True,Ferrari,1,5.0,True,Japan,2024,False
SAI,94.419,39.0,4.0,34.056,42.174,18.189,277.0,299.0,257.0,297.0,False,HARD,3.0,True,Ferrari,1,5.0,True,Japan,2024,False
SAI,94.396,40.0,4.0,33.977,42.111,18.308,278.0,301.0,258.0,299.0,False,HARD,4.0,True,Ferrari,1,5.0,True,Japan,2024,False
SAI,94.863,41.0,4.0,34.232,42.342,18.289,280.0,301.0,258.0,300.0,False,HARD,5.0,True,Ferrari,1,5.0,True,Japan,2024,False
SAI,94.75,43.0,4.0,33.97,42.434,18.346,285.0,304.0,264.0,306.0,False,HARD,7.0,True,Ferrari,1,5.0,True,Japan,2024,False
SAI,94.336,44.0,4.0,33.784,42.143,18.409,277.0,303.0,257.0,302.0,False,HARD,8.0,True,Ferrari,1,4.0,True,Japan,2024,False
SAI,95.006,45.0,4.0,34.293,42.343,18.37,282.0,302.0,264.0,302.0,False,HARD,9.0,True,Ferrari,1,4.0,True,Japan,2024,False
SAI,93.841,46.0,4.0,33.31,42.225,18.306,279.0,297.0,257.0,297.0,True,HARD,10.0,True,Ferrari,1,3.0,True,Japan,2024,False
SAI,95.063,47.0,4.0,34.257,42.398,18.408,277.0,298.0,257.0,295.0,False,HARD,11.0,True,Ferrari,1,3.0,True,Japan,2024,False
SAI,94.962,48.0,4.0,34.153,42.399,18.41,280.0,297.0,256.0,297.0,False,HARD,12.0,True,Ferrari,1,3.0,True,Japan,2024,False
SAI,94.752,49.0,4.0,33.935,42.487,18.33,278.0,298.0,257.0,296.0,False,HARD,13.0,True,Ferrari,1,3.0,True,Japan,2024,False
SAI,94.636,50.0,4.0,33.972,42.405,18.259,278.0,298.0,258.0,298.0,False,HARD,14.0,True,Ferrari,1,3.0,True,Japan,2024,False
SAI,94.877,51.0,4.0,34.124,42.369,18.384,279.0,299.0,258.0,298.0,False,HARD,15.0,True,Ferrari,1,3.0,True,Japan,2024,False
SAI,95.203,52.0,4.0,33.978,42.685,18.54,279.0,300.0,258.0,298.0,False,HARD,16.0,True,Ferrari,1,3.0,True,Japan,2024,False
SAI,95.224,53.0,4.0,34.164,42.648,18.412,281.0,301.0,258.0,303.0,False,HARD,17.0,True,Ferrari,1,3.0,True,Japan,2024,False
LEC,98.268,4.0,2.0,35.805,43.656,18.807,275.0,297.0,254.0,301.0,True,MEDIUM,3.0,True,Ferrari,1,7.0,True,Japan,2024,False
LEC,97.812,5.0,2.0,35.265,43.755,18.792,271.0,297.0,251.0,295.0,True,MEDIUM,4.0,True,Ferrari,1,7.0,True,Japan,2024,False
LEC,98.021,6.0,2.0,35.45,43.788,18.783,273.0,297.0,252.0,297.0,False,MEDIUM,5.0,True,Ferrari,1,7.0,True,Japan,2024,False
LEC,98.187,7.0,2.0,35.725,43.707,18.755,271.0,297.0,252.0,298.0,False,MEDIUM,6.0,True,Ferrari,1,7.0,True,Japan,2024,False
LEC,97.92,8.0,2.0,35.499,43.706,18.715,273.0,299.0,256.0,302.0,False,MEDIUM,7.0,True,Ferrari,1,7.0,True,Japan,2024,False
LEC,98.213,9.0,2.0,35.682,43.768,18.763,272.0,300.0,256.0,301.0,False,MEDIUM,8.0,True,Ferrari,1,7.0,True,Japan,2024,False
LEC,99.034,10.0,2.0,36.074,44.059,18.901,272.0,299.0,257.0,301.0,False,MEDIUM,9.0,True,Ferrari,1,7.0,True,Japan,2024,False
LEC,99.193,11.0,2.0,36.228,44.179,18.786,270.0,298.0,258.0,297.0,False,MEDIUM,10.0,True,Ferrari,1,7.0,True,Japan,2024,False
LEC,98.883,12.0,2.0,35.996,43.969,18.918,271.0,298.0,256.0,297.0,False,MEDIUM,11.0,True,Ferrari,1,5.0,True,Japan,2024,False
LEC,98.479,13.0,2.0,35.607,43.981,18.891,269.0,294.0,252.0,292.0,False,MEDIUM,12.0,True,Ferrari,1,4.0,True,Japan,2024,False
LEC,98.595,14.0,2.0,35.883,43.792,18.92,272.0,291.0,251.0,293.0,False,MEDIUM,13.0,True,Ferrari,1,4.0,True,Japan,2024,False
LEC,98.172,15.0,2.0,35.721,43.614,18.837,273.0,294.0,252.0,294.0,False,MEDIUM,14.0,True,Ferrari,1,4.0,True,Japan,2024,False
LEC,97.876,16.0,2.0,35.533,43.482,18.861,275.0,292.0,252.0,293.0,False,MEDIUM,15.0,True,Ferrari,1,2.0,True,Japan,2024,False
LEC,97.856,17.0,2.0,35.435,43.554,18.867,274.0,292.0,253.0,295.0,False,MEDIUM,16.0,True,Ferrari,1,1.0,True,Japan,2024,False
LEC,97.76,18.0,2.0,35.551,43.501,18.708,274.0,292.0,252.0,295.0,True,MEDIUM,17.0,True,Ferrari,1,1.0,True,Japan,2024,False
LEC,97.523,19.0,2.0,35.393,43.47,18.66,275.0,293.0,253.0,295.0,True,MEDIUM,18.0,True,Ferrari,1,1.0,True,Japan,2024,False
LEC,97.48,20.0,2.0,35.344,43.542,18.594,274.0,293.0,254.0,294.0,True,MEDIUM,19.0,True,Ferrari,1,1.0,True,Japan,2024,False
LEC,98.203,21.0,2.0,35.888,43.624,18.691,275.0,295.0,254.0,298.0,False,MEDIUM,20.0,True,Ferrari,1,2.0,True,Japan,2024,False
LEC,97.744,22.0,2.0,35.399,43.593,18.752,275.0,295.0,253.0,295.0,False,MEDIUM,21.0,True,Ferrari,1,2.0,True,Japan,2024,False
LEC,97.755,23.0,2.0,35.46,43.55,18.745,274.0,295.0,252.0,296.0,False,MEDIUM,22.0,True,Ferrari,1,2.0,True,Japan,2024,False
LEC,98.071,24.0,2.0,35.654,43.621,18.796,273.0,294.0,253.0,295.0,False,MEDIUM,23.0,True,Ferrari,1,2.0,True,Japan,2024,False
LEC,97.918,25.0,2.0,35.498,43.731,18.689,275.0,295.0,254.0,295.0,False,MEDIUM,24.0,True,Ferrari,1,2.0,True,Japan,2024,False
LEC,103.175,26.0,2.0,35.536,46.559,21.08,273.0,297.0,256.0,298.0,False,MEDIUM,25.0,True,Ferrari,1,4.0,False,Japan,2024,True
LEC,115.623,27.0,3.0,54.455,42.624,18.544,276.0,295.0,254.0,293.0,False,HARD,1.0,True,Ferrari,1,6.0,False,Japan,2024,True
LEC,96.09,28.0,3.0,34.766,42.802,18.522,275.0,297.0,254.0,293.0,True,HARD,2.0,True,Ferrari,1,6.0,True,Japan,2024,False
LEC,96.357,29.0,3.0,34.918,42.806,18.633,275.0,296.0,253.0,295.0,False,HARD,3.0,True,Ferrari,1,6.0,True,Japan,2024,False
LEC,96.225,30.0,3.0,34.913,42.847,18.465,275.0,297.0,254.0,296.0,False,HARD,4.0,True,Ferrari,1,6.0,True,Japan,2024,False
LEC,96.201,31.0,3.0,34.794,42.878,18.529,275.0,299.0,254.0,297.0,False,HARD,5.0,True,Ferrari,1,6.0,True,Japan,2024,False
LEC,96.144,32.0,3.0,34.901,42.737,18.506,279.0,300.0,258.0,301.0,False,HARD,6.0,True,Ferrari,1,5.0,True,Japan,2024,False
LEC,95.878,33.0,3.0,34.376,42.93,18.572,276.0,298.0,254.0,298.0,True,HARD,7.0,True,Ferrari,1,5.0,True,Japan,2024,False
LEC,96.32,34.0,3.0,34.925,42.872,18.523,277.0,296.0,255.0,297.0,False,HARD,8.0,True,Ferrari,1,3.0,True,Japan,2024,False
LEC,96.056,35.0,3.0,34.74,42.872,18.444,278.0,297.0,256.0,299.0,False,HARD,9.0,True,Ferrari,1,3.0,True,Japan,2024,False
LEC,96.681,36.0,3.0,35.315,42.85,18.516,276.0,300.0,257.0,298.0,False,HARD,10.0,True,Ferrari,1,4.0,True,Japan,2024,False
LEC,96.135,37.0,3.0,34.712,42.789,18.634,276.0,298.0,256.0,297.0,False,HARD,11.0,True,Ferrari,1,3.0,True,Japan,2024,False
LEC,96.029,38.0,3.0,34.752,42.737,18.54,277.0,299.0,256.0,300.0,False,HARD,12.0,True,Ferrari,1,3.0,True,Japan,2024,False
LEC,95.693,39.0,3.0,34.61,42.582,18.501,280.0,301.0,255.0,303.0,True,HARD,13.0,True,Ferrari,1,3.0,True,Japan,2024,False
LEC,96.341,40.0,3.0,34.998,42.799,18.544,275.0,298.0,256.0,297.0,False,HARD,14.0,True,Ferrari,1,3.0,True,Japan,2024,False
LEC,95.451,41.0,3.0,34.356,42.553,18.542,277.0,298.0,256.0,298.0,True,HARD,15.0,True,Ferrari,1,3.0,True,Japan,2024,False
LEC,95.713,43.0,3.0,34.546,42.666,18.501,277.0,299.0,256.0,298.0,False,HARD,17.0,True,Ferrari,1,3.0,True,Japan,2024,False
LEC,95.685,44.0,3.0,34.483,42.776,18.426,279.0,301.0,257.0,301.0,False,HARD,18.0,True,Ferrari,1,3.0,True,Japan,2024,False
LEC,95.739,45.0,3.0,34.489,42.616,18.634,276.0,297.0,256.0,296.0,False,HARD,19.0,True,Ferrari,1,3.0,True,Japan,2024,False
LEC,96.778,46.0,3.0,35.285,42.882,18.611,277.0,298.0,256.0,299.0,False,HARD,20.0,True,Ferrari,1,4.0,True,Japan,2024,False
LEC,95.922,47.0,3.0,34.607,42.757,18.558,275.0,299.0,256.0,297.0,False,HARD,21.0,True,Ferrari,1,4.0,True,Japan,2024,False
LEC,95.502,48.0,3.0,34.429,42.6,18.473,277.0,298.0,256.0,299.0,False,HARD,22.0,True,Ferrari,1,4.0,True,Japan,2024,False
LEC,95.543,49.0,3.0,34.412,42.697,18.434,276.0,298.0,256.0,298.0,False,HARD,23.0,True,Ferrari,1,4.0,True,Japan,2024,False
LEC,95.274,50.0,3.0,34.352,42.548,18.374,280.0,298.0,257.0,299.0,True,HARD,24.0,True,Ferrari,1,4.0,True,Japan,2024,False
LEC,95.199,51.0,3.0,34.245,42.492,18.462,282.0,299.0,256.0,300.0,True,HARD,25.0,True,Ferrari,1,4.0,True,Japan,2024,False
LEC,95.316,52.0,3.0,34.299,42.573,18.444,281.0,299.0,256.0,299.0,False,HARD,26.0,True,Ferrari,1,4.0,True,Japan,2024,False
LEC,95.044,53.0,3.0,34.141,42.505,18.398,282.0,299.0,255.0,301.0,True,HARD,27.0,True,Ferrari,1,4.0,True,Japan,2024,False
NOR,96.853,4.0,2.0,35.062,43.181,18.61,280.0,295.0,252.0,294.0,True,MEDIUM,4.0,False,McLaren,1,3.0,True,Japan,2024,False
NOR,96.86,5.0,2.0,34.856,43.348,18.656,279.0,295.0,252.0,296.0,False,MEDIUM,5.0,False,McLaren,1,3.0,True,Japan,2024,False
NOR,97.9,6.0,2.0,35.298,43.753,18.849,275.0,295.0,252.0,289.0,False,MEDIUM,6.0,False,McLaren,1,3.0,True,Japan,2024,False
NOR,97.742,7.0,2.0,35.209,43.702,18.831,273.0,295.0,252.0,288.0,False,MEDIUM,7.0,False,McLaren,1,3.0,True,Japan,2024,False
NOR,97.824,8.0,2.0,35.208,43.748,18.868,277.0,295.0,251.0,293.0,False,MEDIUM,8.0,False,McLaren,1,3.0,True,Japan,2024,False
NOR,97.963,9.0,2.0,35.354,43.68,18.929,276.0,294.0,251.0,292.0,False,MEDIUM,9.0,False,McLaren,1,3.0,True,Japan,2024,False
NOR,98.158,10.0,2.0,35.536,43.791,18.831,277.0,293.0,251.0,293.0,False,MEDIUM,10.0,False,McLaren,1,3.0,True,Japan,2024,False
NOR,100.76,11.0,2.0,35.613,43.963,21.184,277.0,294.0,256.0,294.0,False,MEDIUM,11.0,False,McLaren,1,4.0,False,Japan,2024,True
NOR,115.643,12.0,3.0,54.321,42.844,18.478,277.0,294.0,253.0,293.0,False,HARD,1.0,True,McLaren,1,9.0,False,Japan,2024,True
NOR,95.761,13.0,3.0,34.413,42.732,18.616,279.0,293.0,253.0,293.0,True,HARD,2.0,True,McLaren,1,8.0,True,Japan,2024,False
NOR,96.777,14.0,3.0,34.874,43.154,18.749,278.0,294.0,252.0,292.0,False,HARD,3.0,True,McLaren,1,7.0,True,Japan,2024,False
NOR,96.788,15.0,3.0,34.892,43.222,18.674,278.0,298.0,253.0,298.0,False,HARD,4.0,True,McLaren,1,7.0,True,Japan,2024,False
NOR,98.241,16.0,3.0,35.411,43.808,19.022,279.0,301.0,257.0,297.0,False,HARD,5.0,True,McLaren,1,5.0,True,Japan,2024,False
NOR,97.807,17.0,3.0,35.129,43.544,19.134,278.0,294.0,260.0,290.0,False,HARD,6.0,True,McLaren,1,4.0,True,Japan,2024,False
NOR,96.487,18.0,3.0,34.632,43.202,18.653,280.0,296.0,252.0,296.0,False,HARD,7.0,True,McLaren,1,3.0,True,Japan,2024,False
NOR,96.783,19.0,3.0,34.957,43.162,18.664,280.0,297.0,253.0,295.0,False,HARD,8.0,True,McLaren,1,3.0,True,Japan,2024,False
NOR,96.847,20.0,3.0,34.961,43.235,18.651,278.0,296.0,253.0,295.0,False,HARD,9.0,True,McLaren,1,3.0,True,Japan,2024,False
NOR,96.996,21.0,3.0,34.98,43.408,18.608,279.0,296.0,254.0,296.0,False,HARD,10.0,True,McLaren,1,3.0,True,Japan,2024,False
NOR,98.888,22.0,3.0,35.207,44.037,19.644,278.0,296.0,255.0,297.0,False,HARD,11.0,True,McLaren,1,4.0,True,Japan,2024,False
NOR,98.213,23.0,3.0,35.567,43.828,18.818,278.0,297.0,254.0,297.0,False,HARD,12.0,True,McLaren,1,4.0,True,Japan,2024,False
NOR,97.722,24.0,3.0,35.327,43.654,18.741,279.0,295.0,254.0,295.0,False,HARD,13.0,True,McLaren,1,4.0,True,Japan,2024,False
NOR,97.558,25.0,3.0,35.294,43.603,18.661,280.0,297.0,252.0,295.0,False,HARD,14.0,True,McLaren,1,4.0,True,Japan,2024,False
NOR,100.917,26.0,3.0,35.271,44.337,21.309,280.0,300.0,256.0,300.0,False,HARD,15.0,True,McLaren,1,5.0,False,Japan,2024,False
NOR,116.621,27.0,4.0,55.404,42.66,18.557,279.0,302.0,263.0,300.0,False,HARD,1.0,True,McLaren,1,8.0,False,Japan,2024,True
NOR,95.721,28.0,4.0,34.468,42.835,18.418,277.0,300.0,254.0,294.0,True,HARD,2.0,True,McLaren,1,7.0,True,Japan,2024,False
NOR,96.258,29.0,4.0,34.941,42.841,18.476,279.0,299.0,255.0,298.0,False,HARD,3.0,True,McLaren,1,7.0,True,Japan,2024,False
NOR,96.243,30.0,4.0,34.846,42.867,18.53,279.0,301.0,255.0,295.0,False,HARD,4.0,True,McLaren,1,7.0,True,Japan,2024,False
NOR,96.225,31.0,4.0,34.969,42.814,18.442,280.0,300.0,256.0,300.0,False,HARD,5.0,True,McLaren,1,7.0,True,Japan,2024,False
NOR,96.375,32.0,4.0,34.975,42.832,18.568,279.0,299.0,255.0,297.0,False,HARD,6.0,True,McLaren,1,7.0,True,Japan,2024,False
NOR,96.34,33.0,4.0,34.957,42.903,18.48,281.0,300.0,255.0,299.0,False,HARD,7.0,True,McLaren,1,6.0,True,Japan,2024,False
NOR,96.262,34.0,4.0,35.07,42.802,18.39,279.0,300.0,257.0,297.0,False,HARD,8.0,True,McLaren,1,4.0,True,Japan,2024,False
NOR,96.614,35.0,4.0,35.221,42.865,18.528,282.0,300.0,255.0,300.0,False,HARD,9.0,True,McLaren,1,5.0,True,Japan,2024,False
NOR,95.896,36.0,4.0,34.657,42.773,18.466,281.0,300.0,257.0,300.0,False,HARD,10.0,True,McLaren,1,5.0,True,Japan,2024,False
NOR,96.412,37.0,4.0,34.655,43.141,18.616,280.0,300.0,256.0,300.0,False,HARD,11.0,True,McLaren,1,4.0,True,Japan,2024,False
NOR,95.883,38.0,4.0,34.65,42.687,18.546,281.0,301.0,255.0,300.0,False,HARD,12.0,True,McLaren,1,4.0,True,Japan,2024,False
NOR,95.706,39.0,4.0,34.492,42.785,18.429,281.0,300.0,255.0,300.0,True,HARD,13.0,True,McLaren,1,4.0,True,Japan,2024,False
NOR,96.249,40.0,4.0,34.624,42.995,18.63,281.0,302.0,261.0,302.0,False,HARD,14.0,True,McLaren,1,4.0,True,Japan,2024,False
NOR,95.229,41.0,4.0,34.119,42.655,18.455,281.0,300.0,256.0,300.0,True,HARD,15.0,True,McLaren,1,4.0,True,Japan,2024,False
NOR,95.92,43.0,4.0,34.335,42.928,18.657,282.0,300.0,256.0,298.0,False,HARD,17.0,True,McLaren,1,4.0,True,Japan,2024,False
NOR,96.391,44.0,4.0,35.127,42.71,18.554,282.0,301.0,257.0,300.0,False,HARD,18.0,True,McLaren,1,5.0,True,Japan,2024,False
NOR,96.224,45.0,4.0,34.733,42.977,18.514,281.0,300.0,256.0,298.0,False,HARD,19.0,True,McLaren,1,5.0,True,Japan,2024,False
NOR,95.635,46.0,4.0,34.39,42.727,18.518,281.0,299.0,257.0,299.0,False,HARD,20.0,True,McLaren,1,5.0,True,Japan,2024,False
NOR,95.633,47.0,4.0,34.419,42.734,18.48,282.0,299.0,256.0,300.0,False,HARD,21.0,True,McLaren,1,5.0,True,Japan,2024,False
NOR,95.677,48.0,4.0,34.492,42.695,18.49,281.0,300.0,257.0,300.0,False,HARD,22.0,True,McLaren,1,5.0,True,Japan,2024,False
NOR,95.354,49.0,4.0,34.321,42.647,18.386,281.0,300.0,257.0,300.0,False,HARD,23.0,True,McLaren,1,5.0,True,Japan,2024,False
NOR,95.268,50.0,4.0,34.244,42.611,18.413,282.0,301.0,257.0,301.0,False,HARD,24.0,True,McLaren,1,5.0,True,Japan,2024,False
NOR,95.186,51.0,4.0,34.22,42.604,18.362,282.0,301.0,257.0,301.0,True,HARD,25.0,True,McLaren,1,5.0,True,Japan,2024,False
NOR,95.832,52.0,4.0,34.175,43.102,18.555,282.0,301.0,256.0,301.0,False,HARD,26.0,True,McLaren,1,5.0,True,Japan,2024,False
NOR,95.721,53.0,4.0,34.301,42.947,18.473,281.0,301.0,257.0,302.0,False,HARD,27.0,True,McLaren,1,5.0,True,Japan,2024,False
ALO,97.453,4.0,2.0,35.51,43.299,18.644,279.0,297.0,258.0,299.0,True,SOFT,4.0,False,Aston Martin,1,5.0,True,Japan,2024,False
ALO,97.532,5.0,2.0,35.258,43.547,18.727,276.0,298.0,257.0,299.0,False,SOFT,5.0,False,Aston Martin,1,5.0,True,Japan,2024,False
ALO,97.861,6.0,2.0,35.4,43.705,18.756,273.0,298.0,253.0,296.0,False,SOFT,6.0,False,Aston Martin,1,5.0,True,Japan,2024,False
ALO,98.203,7.0,2.0,35.735,43.71,18.758,276.0,297.0,254.0,299.0,False,SOFT,7.0,False,Aston Martin,1,5.0,True,Japan,2024,False
ALO,98.461,8.0,2.0,35.782,43.705,18.974,275.0,297.0,253.0,298.0,False,SOFT,8.0,False,Aston Martin,1,5.0,True,Japan,2024,False
ALO,98.884,9.0,2.0,35.887,43.921,19.076,275.0,295.0,252.0,296.0,False,SOFT,9.0,False,Aston Martin,1,5.0,True,Japan,2024,False
ALO,98.781,10.0,2.0,35.987,43.889,18.905,275.0,295.0,253.0,295.0,False,SOFT,10.0,False,Aston Martin,1,5.0,True,Japan,2024,False
ALO,98.943,11.0,2.0,35.987,43.997,18.959,277.0,294.0,253.0,295.0,False,SOFT,11.0,False,Aston Martin,1,5.0,True,Japan,2024,False
ALO,98.744,12.0,2.0,35.83,43.982,18.932,277.0,294.0,253.0,295.0,False,SOFT,12.0,False,Aston Martin,1,4.0,True,Japan,2024,False
ALO,100.816,13.0,2.0,35.625,43.968,21.223,277.0,294.0,256.0,295.0,False,SOFT,13.0,False,Aston Martin,1,5.0,False,Japan,2024,True
ALO,116.544,14.0,3.0,54.227,43.433,18.884,276.0,292.0,254.0,289.0,False,MEDIUM,1.0,True,Aston Martin,1,8.0,False,Japan,2024,True
ALO,97.453,15.0,3.0,35.447,43.299,18.707,277.0,295.0,254.0,294.0,False,MEDIUM,2.0,True,Aston Martin,1,8.0,True,Japan,2024,False
ALO,97.021,16.0,3.0,35.357,43.011,18.653,274.0,296.0,256.0,296.0,True,MEDIUM,3.0,True,Aston Martin,1,8.0,True,Japan,2024,False
ALO,96.999,17.0,3.0,35.356,42.956,18.687,277.0,297.0,254.0,297.0,True,MEDIUM,4.0,True,Aston Martin,1,8.0,True,Japan,2024,False
ALO,97.031,18.0,3.0,35.309,43.073,18.649,275.0,297.0,254.0,296.0,False,MEDIUM,5.0,True,Aston Martin,1,8.0,True,Japan,2024,False
ALO,96.821,19.0,3.0,35.098,43.127,18.596,276.0,298.0,255.0,298.0,True,MEDIUM,6.0,True,Aston Martin,1,8.0,True,Japan,2024,False
ALO,97.615,20.0,3.0,35.392,43.313,18.91,277.0,298.0,255.0,288.0,False,MEDIUM,7.0,True,Aston Martin,1,8.0,True,Japan,2024,False
ALO,97.565,21.0,3.0,35.334,43.406,18.825,280.0,301.0,262.0,303.0,False,MEDIUM,8.0,True,Aston Martin,1,8.0,True,Japan,2024,False
ALO,97.721,22.0,3.0,35.144,43.502,19.075,275.0,298.0,254.0,293.0,False,MEDIUM,9.0,True,Aston Martin,1,6.0,True,Japan,2024,False
ALO,97.64,23.0,3.0,35.236,43.52,18.884,278.0,296.0,255.0,295.0,False,MEDIUM,10.0,True,Aston Martin,1,6.0,True,Japan,2024,False
ALO,97.435,24.0,3.0,35.253,43.395,18.787,278.0,295.0,255.0,295.0,False,MEDIUM,11.0,True,Aston Martin,1,6.0,True,Japan,2024,False
ALO,97.423,25.0,3.0,35.22,43.483,18.72,279.0,296.0,255.0,295.0,False,MEDIUM,12.0,True,Aston Martin,1,6.0,True,Japan,2024,False
ALO,97.289,26.0,3.0,35.247,43.325,18.717,279.0,297.0,255.0,296.0,False,MEDIUM,13.0,True,Aston Martin,1,6.0,True,Japan,2024,False
ALO,97.359,27.0,3.0,35.232,43.367,18.76,278.0,297.0,255.0,295.0,False,MEDIUM,14.0,True,Aston Martin,1,4.0,True,Japan,2024,False
ALO,97.341,28.0,3.0,35.174,43.405,18.762,279.0,297.0,255.0,296.0,False,MEDIUM,15.0,True,Aston Martin,1,4.0,True,Japan,2024,False
ALO,97.782,29.0,3.0,35.509,43.309,18.964,279.0,296.0,255.0,296.0,False,MEDIUM,16.0,True,Aston Martin,1,4.0,True,Japan,2024,False
ALO,97.643,30.0,3.0,35.337,43.413,18.893,279.0,296.0,255.0,295.0,False,MEDIUM,17.0,True,Aston Martin,1,4.0,True,Japan,2024,False
ALO,97.451,31.0,3.0,35.308,43.38,18.763,280.0,296.0,255.0,295.0,False,MEDIUM,18.0,True,Aston Martin,1,4.0,True,Japan,2024,False
ALO,97.635,32.0,3.0,35.348,43.38,18.907,278.0,296.0,255.0,296.0,False,MEDIUM,19.0,True,Aston Martin,1,4.0,True,Japan,2024,False
ALO,99.794,33.0,3.0,35.389,43.453,20.952,280.0,297.0,256.0,297.0,False,MEDIUM,20.0,True,Aston Martin,1,4.0,False,Japan,2024,False
ALO,115.043,34.0,4.0,54.167,42.439,18.437,279.0,299.0,258.0,295.0,False,HARD,1.0,True,Aston Martin,1,8.0,False,Japan,2024,True
ALO,95.771,35.0,4.0,34.693,42.634,18.444,280.0,298.0,257.0,297.0,True,HARD,2.0,True,Aston Martin,1,8.0,True,Japan,2024,False
ALO,95.353,36.0,4.0,34.613,42.461,18.279,278.0,298.0,259.0,296.0,True,HARD,3.0,True,Aston Martin,1,8.0,True,Japan,2024,False
ALO,95.381,37.0,4.0,34.542,42.377,18.462,280.0,299.0,258.0,298.0,False,HARD,4.0,True,Aston Martin,1,8.0,True,Japan,2024,False
ALO,95.487,38.0,4.0,34.657,42.371,18.459,279.0,300.0,257.0,298.0,False,HARD,5.0,True,Aston Martin,1,7.0,True,Japan,2024,False
ALO,95.97,39.0,4.0,34.824,42.625,18.521,278.0,300.0,256.0,298.0,False,HARD,6.0,True,Aston Martin,1,7.0,True,Japan,2024,False
ALO,95.808,40.0,4.0,34.714,42.464,18.63,280.0,299.0,257.0,297.0,False,HARD,7.0,True,Aston Martin,1,6.0,True,Japan,2024,False
ALO,95.574,41.0,4.0,34.409,42.58,18.585,279.0,298.0,257.0,296.0,False,HARD,8.0,True,Aston Martin,1,6.0,True,Japan,2024,False
ALO,96.092,43.0,4.0,34.687,42.761,18.644,280.0,298.0,258.0,296.0,False,HARD,10.0,True,Aston Martin,1,6.0,True,Japan,2024,False
ALO,95.615,44.0,4.0,34.544,42.578,18.493,281.0,299.0,258.0,296.0,False,HARD,11.0,True,Aston Martin,1,6.0,True,Japan,2024,False
ALO,95.636,45.0,4.0,34.42,42.593,18.623,280.0,298.0,256.0,297.0,False,HARD,12.0,True,Aston Martin,1,6.0,True,Japan,2024,False
ALO,95.827,46.0,4.0,34.625,42.578,18.624,281.0,299.0,258.0,297.0,False,HARD,13.0,True,Aston Martin,1,6.0,True,Japan,2024,False
ALO,95.862,47.0,4.0,34.693,42.641,18.528,282.0,298.0,258.0,299.0,False,HARD,14.0,True,Aston Martin,1,6.0,True,Japan,2024,False
ALO,95.861,48.0,4.0,34.49,42.591,18.78,283.0,299.0,257.0,287.0,False,HARD,15.0,True,Aston Martin,1,6.0,True,Japan,2024,False
ALO,95.831,49.0,4.0,34.375,42.74,18.716,282.0,300.0,259.0,286.0,False,HARD,16.0,True,Aston Martin,1,6.0,True,Japan,2024,False
ALO,96.008,50.0,4.0,34.511,42.946,18.551,282.0,301.0,257.0,299.0,False,HARD,17.0,True,Aston Martin,1,6.0,True,Japan,2024,False
ALO,96.069,51.0,4.0,34.329,42.862,18.878,281.0,300.0,258.0,284.0,False,HARD,18.0,True,Aston Martin,1,6.0,True,Japan,2024,False
ALO,95.633,52.0,4.0,34.115,42.651,18.867,283.0,298.0,258.0,283.0,False,HARD,19.0,True,Aston Martin,1,6.0,True,Japan,2024,False
ALO,94.726,53.0,4.0,33.924,42.332,18.47,283.0,300.0,258.0,300.0,True,HARD,20.0,True,Aston Martin,1,6.0,True,Japan,2024,False
RUS,98.976,4.0,2.0,36.014,43.918,19.044,277.0,301.0,263.0,305.0,True,HARD,3.0,True,Mercedes,1,10.0,True,Japan,2024,False
RUS,97.737,5.0,2.0,35.486,43.61,18.641,275.0,298.0,255.0,298.0,True,HARD,4.0,True,Mercedes,1,9.0,True,Japan,2024,False
RUS,98.392,6.0,2.0,35.689,43.805,18.898,269.0,297.0,255.0,298.0,False,HARD,5.0,True,Mercedes,1,9.0,True,Japan,2024,False
RUS,98.07,7.0,2.0,35.576,43.679,18.815,273.0,298.0,254.0,299.0,False,HARD,6.0,True,Mercedes,1,9.0,True,Japan,2024,False
RUS,98.192,8.0,2.0,35.712,43.769,18.711,275.0,298.0,254.0,299.0,False,HARD,7.0,True,Mercedes,1,9.0,True,Japan,2024,False
RUS,98.253,9.0,2.0,35.718,43.68,18.855,275.0,298.0,254.0,298.0,False,HARD,8.0,True,Mercedes,1,9.0,True,Japan,2024,False
RUS,98.368,10.0,2.0,35.7,43.824,18.844,275.0,299.0,258.0,301.0,False,HARD,9.0,True,Mercedes,1,9.0,True,Japan,2024,False
RUS,98.949,11.0,2.0,35.861,44.209,18.879,275.0,299.0,259.0,301.0,False,HARD,10.0,True,Mercedes,1,9.0,True,Japan,2024,False
RUS,99.212,12.0,2.0,35.925,44.315,18.972,275.0,300.0,258.0,301.0,False,HARD,11.0,True,Mercedes,1,8.0,True,Japan,2024,False
RUS,98.989,13.0,2.0,35.848,44.313,18.828,276.0,299.0,257.0,301.0,False,HARD,12.0,True,Mercedes,1,6.0,True,Japan,2024,False
RUS,98.428,14.0,2.0,35.474,44.065,18.889,275.0,294.0,254.0,295.0,False,HARD,13.0,True,Mercedes,1,5.0,True,Japan,2024,False
RUS,98.565,15.0,2.0,35.73,43.92,18.915,276.0,297.0,254.0,296.0,False,HARD,14.0,True,Mercedes,1,5.0,True,Japan,2024,False
RUS,98.658,16.0,2.0,35.693,44.042,18.923,276.0,295.0,254.0,294.0,False,HARD,15.0,True,Mercedes,1,3.0,True,Japan,2024,False
RUS,99.417,17.0,2.0,36.016,44.411,18.99,277.0,297.0,255.0,297.0,False,HARD,16.0,True,Mercedes,1,3.0,True,Japan,2024,False
RUS,100.317,18.0,2.0,36.537,44.194,19.586,276.0,291.0,258.0,276.0,False,HARD,17.0,True,Mercedes,1,5.0,True,Japan,2024,False
RUS,98.392,19.0,2.0,35.636,43.882,18.874,277.0,298.0,255.0,296.0,False,HARD,18.0,True,Mercedes,1,5.0,True,Japan,2024,False
RUS,98.463,20.0,2.0,35.591,44.024,18.848,276.0,296.0,257.0,296.0,False,HARD,19.0,True,Mercedes,1,5.0,True,Japan,2024,False
RUS,99.492,21.0,2.0,36.048,44.456,18.988,277.0,299.0,259.0,300.0,False,HARD,20.0,True,Mercedes,1,6.0,True,Japan,2024,False
RUS,100.895,22.0,2.0,35.758,44.026,21.111,277.0,297.0,256.0,297.0,False,HARD,21.0,True,Mercedes,1,7.0,False,Japan,2024,True
RUS,115.552,23.0,3.0,54.686,42.375,18.491,276.0,295.0,256.0,293.0,False,HARD,1.0,True,Mercedes,1,9.0,False,Japan,2024,True
RUS,95.149,24.0,3.0,34.356,42.322,18.471,277.0,295.0,255.0,292.0,True,HARD,2.0,True,Mercedes,1,8.0,True,Japan,2024,False
RUS,95.673,25.0,3.0,34.38,42.769,18.524,279.0,296.0,255.0,294.0,False,HARD,3.0,True,Mercedes,1,8.0,True,Japan,2024,False
RUS,95.775,26.0,3.0,34.524,42.725,18.526,279.0,296.0,255.0,295.0,False,HARD,4.0,True,Mercedes,1,8.0,True,Japan,2024,False
RUS,97.28,27.0,3.0,35.722,43.012,18.546,281.0,300.0,259.0,299.0,False,HARD,5.0,True,Mercedes,1,7.0,True,Japan,2024,False
RUS,97.564,28.0,3.0,35.752,43.178,18.634,278.0,302.0,256.0,298.0,False,HARD,6.0,True,Mercedes,1,8.0,True,Japan,2024,False
RUS,96.699,29.0,3.0,35.09,42.956,18.653,277.0,301.0,257.0,300.0,False,HARD,7.0,True,Mercedes,1,8.0,True,Japan,2024,False
RUS,96.493,30.0,3.0,34.974,42.949,18.57,279.0,300.0,257.0,299.0,False,HARD,8.0,True,Mercedes,1,8.0,True,Japan,2024,False
RUS,96.776,31.0,3.0,35.019,43.11,18.647,279.0,300.0,256.0,298.0,False,HARD,9.0,True,Mercedes,1,8.0,True,Japan,2024,False
RUS,96.744,32.0,3.0,34.984,42.93,18.83,279.0,299.0,255.0,299.0,False,HARD,10.0,True,Mercedes,1,8.0,True,Japan,2024,False
RUS,96.383,33.0,3.0,34.868,42.9,18.615,278.0,301.0,256.0,299.0,False,HARD,11.0,True,Mercedes,1,7.0,True,Japan,2024,False
RUS,96.704,34.0,3.0,35.021,42.991,18.692,277.0,300.0,257.0,298.0,False,HARD,12.0,True,Mercedes,1,6.0,True,Japan,2024,False
RUS,96.47,35.0,3.0,34.85,42.992,18.628,279.0,300.0,257.0,299.0,False,HARD,13.0,True,Mercedes,1,6.0,True,Japan,2024,False
RUS,96.468,36.0,3.0,34.718,43.105,18.645,279.0,300.0,258.0,298.0,False,HARD,14.0,True,Mercedes,1,6.0,True,Japan,2024,False
RUS,98.83,37.0,3.0,34.759,43.26,20.811,280.0,299.0,256.0,298.0,False,HARD,15.0,True,Mercedes,1,5.0,False,Japan,2024,False
RUS,113.925,38.0,4.0,53.528,41.902,18.495,278.0,298.0,258.0,294.0,False,MEDIUM,2.0,False,Mercedes,1,9.0,False,Japan,2024,True
RUS,94.404,39.0,4.0,34.005,42.106,18.293,281.0,299.0,258.0,296.0,True,MEDIUM,3.0,False,Mercedes,1,9.0,True,Japan,2024,False
RUS,94.537,40.0,4.0,33.931,42.253,18.353,279.0,299.0,259.0,296.0,False,MEDIUM,4.0,False,Mercedes,1,8.0,True,Japan,2024,False
RUS,95.141,43.0,4.0,34.286,42.43,18.425,280.0,300.0,258.0,298.0,False,MEDIUM,7.0,False,Mercedes,1,8.0,True,Japan,2024,False
RUS,94.834,44.0,4.0,34.142,42.29,18.402,281.0,301.0,258.0,299.0,False,MEDIUM,8.0,False,Mercedes,1,8.0,True,Japan,2024,False
RUS,94.913,45.0,4.0,34.097,42.322,18.494,279.0,301.0,258.0,300.0,False,MEDIUM,9.0,False,Mercedes,1,8.0,True,Japan,2024,False
RUS,95.115,46.0,4.0,34.155,42.443,18.517,280.0,302.0,259.0,301.0,False,MEDIUM,10.0,False,Mercedes,1,8.0,True,Japan,2024,False
RUS,95.317,47.0,4.0,34.285,42.544,18.488,282.0,302.0,259.0,302.0,False,MEDIUM,11.0,False,Mercedes,1,8.0,True,Japan,2024,False
RUS,95.423,48.0,4.0,34.368,42.505,18.55,282.0,305.0,264.0,306.0,False,MEDIUM,12.0,False,Mercedes,1,8.0,True,Japan,2024,False
RUS,96.024,49.0,4.0,34.458,42.609,18.957,279.0,307.0,265.0,307.0,False,MEDIUM,13.0,False,Mercedes,1,8.0,True,Japan,2024,False
RUS,96.465,50.0,4.0,34.683,43.167,18.615,284.0,303.0,264.0,304.0,False,MEDIUM,14.0,False,Mercedes,1,8.0,True,Japan,2024,False
RUS,95.429,51.0,4.0,34.26,42.55,18.619,280.0,306.0,264.0,305.0,False,MEDIUM,15.0,False,Mercedes,1,8.0,True,Japan,2024,False
RUS,95.743,52.0,4.0,34.392,42.708,18.643,283.0,305.0,267.0,304.0,False,MEDIUM,16.0,False,Mercedes,1,8.0,True,Japan,2024,False
RUS,94.902,53.0,4.0,33.81,42.59,18.502,280.0,303.0,259.0,301.0,False,MEDIUM,17.0,False,Mercedes,1,7.0,True,Japan,2024,False
PIA,97.734,4.0,2.0,35.541,43.643,18.55,278.0,295.0,252.0,297.0,True,MEDIUM,4.0,False,McLaren,1,6.0,True,Japan,2024,False
PIA,97.631,5.0,2.0,35.214,43.757,18.66,278.0,295.0,253.0,298.0,True,MEDIUM,5.0,False,McLaren,1,6.0,True,Japan,2024,False
PIA,98.141,6.0,2.0,35.443,43.893,18.805,277.0,297.0,251.0,293.0,False,MEDIUM,6.0,False,McLaren,1,6.0,True,Japan,2024,False
PIA,98.191,7.0,2.0,35.722,43.803,18.666,277.0,296.0,253.0,297.0,False,MEDIUM,7.0,False,McLaren,1,6.0,True,Japan,2024,False
PIA,98.222,8.0,2.0,35.648,43.759,18.815,277.0,298.0,251.0,300.0,False,MEDIUM,8.0,False,McLaren,1,6.0,True,Japan,2024,False
PIA,98.5,9.0,2.0,35.87,43.822,18.808,276.0,297.0,251.0,301.0,False,MEDIUM,9.0,False,McLaren,1,6.0,True,Japan,2024,False
PIA,99.011,10.0,2.0,36.082,44.023,18.906,276.0,296.0,253.0,299.0,False,MEDIUM,10.0,False,McLaren,1,6.0,True,Japan,2024,False
PIA,99.245,11.0,2.0,36.199,44.168,18.878,276.0,296.0,253.0,298.0,False,MEDIUM,11.0,False,McLaren,1,6.0,True,Japan,2024,False
PIA,101.083,12.0,2.0,35.769,44.144,21.17,276.0,295.0,256.0,296.0,False,MEDIUM,12.0,False,McLaren,1,6.0,False,Japan,2024,True
PIA,118.558,13.0,3.0,56.066,43.82,18.672,279.0,297.0,261.0,298.0,False,HARD,1.0,True,McLaren,1,11.0,False,Japan,2024,True
PIA,97.675,14.0,3.0,35.136,43.763,18.776,261.0,293.0,252.0,294.0,False,HARD,2.0,True,McLaren,1,9.0,True,Japan,2024,False
PIA,97.377,15.0,3.0,35.232,43.413,18.732,277.0,296.0,253.0,291.0,True,HARD,3.0,True,McLaren,1,9.0,True,Japan,2024,False
PIA,97.058,16.0,3.0,34.97,43.432,18.656,279.0,297.0,253.0,295.0,True,HARD,4.0,True,McLaren,1,9.0,True,Japan,2024,False
PIA,96.747,17.0,3.0,35.099,43.051,18.597,279.0,297.0,253.0,299.0,True,HARD,5.0,True,McLaren,1,9.0,True,Japan,2024,False
PIA,96.822,18.0,3.0,35.01,43.236,18.576,280.0,298.0,252.0,298.0,False,HARD,6.0,True,McLaren,1,9.0,True,Japan,2024,False
PIA,96.782,19.0,3.0,35.051,43.143,18.588,280.0,299.0,253.0,300.0,False,HARD,7.0,True,McLaren,1,9.0,True,Japan,2024,False
PIA,96.984,20.0,3.0,35.098,43.326,18.56,279.0,298.0,253.0,299.0,False,HARD,8.0,True,McLaren,1,9.0,True,Japan,2024,False
PIA,97.416,21.0,3.0,35.276,43.47,18.67,279.0,298.0,254.0,300.0,False,HARD,9.0,True,McLaren,1,9.0,True,Japan,2024,False
PIA,98.625,22.0,3.0,35.613,44.097,18.915,278.0,300.0,255.0,304.0,False,HARD,10.0,True,McLaren,1,9.0,True,Japan,2024,False
PIA,98.919,23.0,3.0,35.757,43.971,19.191,277.0,301.0,255.0,303.0,False,HARD,11.0,True,McLaren,1,7.0,True,Japan,2024,False
PIA,97.175,24.0,3.0,35.019,43.461,18.695,280.0,296.0,254.0,297.0,False,HARD,12.0,True,McLaren,1,7.0,True,Japan,2024,False
PIA,97.776,25.0,3.0,35.295,43.689,18.792,279.0,297.0,253.0,297.0,False,HARD,13.0,True,McLaren,1,7.0,True,Japan,2024,False
PIA,97.364,26.0,3.0,35.168,43.409,18.787,280.0,297.0,253.0,298.0,False,HARD,14.0,True,McLaren,1,7.0,True,Japan,2024,False
PIA,97.389,27.0,3.0,35.266,43.409,18.714,280.0,298.0,254.0,297.0,False,HARD,15.0,True,McLaren,1,5.0,True,Japan,2024,False
PIA,97.438,28.0,3.0,35.217,43.536,18.685,279.0,298.0,253.0,298.0,False,HARD,16.0,True,McLaren,1,5.0,True,Japan,2024,False
PIA,97.771,29.0,3.0,35.343,43.399,19.029,279.0,296.0,252.0,297.0,False,HARD,17.0,True,McLaren,1,5.0,True,Japan,2024,False
PIA,97.946,30.0,3.0,35.3,43.394,19.252,280.0,298.0,249.0,297.0,False,HARD,18.0,True,McLaren,1,5.0,True,Japan,2024,False
PIA,97.845,31.0,3.0,35.356,43.595,18.894,279.0,297.0,254.0,296.0,False,HARD,19.0,True,McLaren,1,5.0,True,Japan,2024,False
PIA,99.482,32.0,3.0,35.221,43.456,20.805,280.0,296.0,256.0,297.0,False,HARD,20.0,True,McLaren,1,6.0,False,Japan,2024,False
PIA,115.493,33.0,4.0,54.288,42.571,18.634,280.0,295.0,254.0,295.0,False,HARD,1.0,True,McLaren,1,9.0,False,Japan,2024,True
PIA,95.255,34.0,4.0,34.409,42.365,18.481,282.0,300.0,256.0,299.0,True,HARD,2.0,True,McLaren,1,9.0,True,Japan,2024,False
PIA,94.802,35.0,4.0,34.135,42.289,18.378,281.0,301.0,257.0,298.0,True,HARD,3.0,True,McLaren,1,9.0,True,Japan,2024,False
PIA,95.128,36.0,4.0,34.246,42.444,18.438,282.0,301.0,260.0,301.0,False,HARD,4.0,True,McLaren,1,9.0,True,Japan,2024,False
PIA,95.4,37.0,4.0,34.278,42.601,18.521,282.0,302.0,261.0,304.0,False,HARD,5.0,True,McLaren,1,9.0,True,Japan,2024,False
PIA,95.267,38.0,4.0,34.347,42.482,18.438,282.0,303.0,260.0,303.0,False,HARD,6.0,True,McLaren,1,8.0,True,Japan,2024,False
PIA,96.036,39.0,4.0,34.647,42.862,18.527,282.0,302.0,259.0,303.0,False,HARD,7.0,True,McLaren,1,8.0,True,Japan,2024,False
PIA,95.888,40.0,4.0,34.505,42.723,18.66,282.0,302.0,261.0,302.0,False,HARD,8.0,True,McLaren,1,7.0,True,Japan,2024,False
PIA,95.545,41.0,4.0,34.323,42.7,18.522,282.0,301.0,260.0,302.0,False,HARD,9.0,True,McLaren,1,7.0,True,Japan,2024,False
PIA,95.841,43.0,4.0,34.549,42.672,18.62,282.0,301.0,259.0,301.0,False,HARD,11.0,True,McLaren,1,7.0,True,Japan,2024,False
PIA,95.539,44.0,4.0,34.265,42.741,18.533,283.0,303.0,260.0,303.0,False,HARD,12.0,True,McLaren,1,7.0,True,Japan,2024,False
PIA,95.648,45.0,4.0,34.356,42.723,18.569,282.0,301.0,259.0,301.0,False,HARD,13.0,True,McLaren,1,7.0,True,Japan,2024,False
PIA,95.755,46.0,4.0,34.416,42.794,18.545,283.0,301.0,261.0,302.0,False,HARD,14.0,True,McLaren,1,7.0,True,Japan,2024,False
PIA,95.891,47.0,4.0,34.506,42.802,18.583,283.0,302.0,261.0,304.0,False,HARD,15.0,True,McLaren,1,7.0,True,Japan,2024,False
PIA,95.898,48.0,4.0,34.538,42.77,18.59,282.0,300.0,262.0,302.0,False,HARD,16.0,True,McLaren,1,7.0,True,Japan,2024,False
PIA,96.179,49.0,4.0,34.313,42.902,18.964,281.0,301.0,258.0,302.0,False,HARD,17.0,True,McLaren,1,7.0,True,Japan,2024,False
PIA,96.228,50.0,4.0,34.548,42.997,18.683,277.0,301.0,260.0,300.0,False,HARD,18.0,True,McLaren,1,7.0,True,Japan,2024,False
PIA,95.429,51.0,4.0,34.133,42.635,18.661,283.0,302.0,260.0,303.0,False,HARD,19.0,True,McLaren,1,7.0,True,Japan,2024,False
PIA,96.164,52.0,4.0,34.223,42.772,19.169,283.0,302.0,259.0,303.0,False,HARD,20.0,True,McLaren,1,7.0,True,Japan,2024,False
PIA,96.611,53.0,4.0,34.846,43.014,18.751,282.0,302.0,256.0,303.0,False,HARD,21.0,True,McLaren,1,8.0,True,Japan,2024,False
HAM,98.303,4.0,2.0,35.858,43.823,18.622,276.0,298.0,258.0,299.0,True,HARD,3.0,True,Mercedes,1,8.0,True,Japan,2024,False
HAM,98.139,5.0,2.0,35.536,43.844,18.759,277.0,299.0,257.0,298.0,True,HARD,4.0,True,Mercedes,1,8.0,True,Japan,2024,False
HAM,98.19,6.0,2.0,35.579,43.867,18.744,273.0,299.0,254.0,301.0,False,HARD,5.0,True,Mercedes,1,8.0,True,Japan,2024,False
HAM,98.374,7.0,2.0,35.608,43.999,18.767,273.0,298.0,254.0,299.0,False,HARD,6.0,True,Mercedes,1,8.0,True,Japan,2024,False
HAM,98.096,8.0,2.0,35.574,43.767,18.755,275.0,299.0,254.0,301.0,True,HARD,7.0,True,Mercedes,1,8.0,True,Japan,2024,False
HAM,98.533,9.0,2.0,35.734,43.914,18.885,273.0,298.0,252.0,299.0,False,HARD,8.0,True,Mercedes,1,8.0,True,Japan,2024,False
HAM,98.703,10.0,2.0,35.851,44.07,18.782,272.0,298.0,253.0,297.0,False,HARD,9.0,True,Mercedes,1,8.0,True,Japan,2024,False
HAM,99.292,11.0,2.0,35.838,44.473,18.981,274.0,297.0,253.0,300.0,False,HARD,10.0,True,Mercedes,1,8.0,True,Japan,2024,False
HAM,99.202,12.0,2.0,35.899,44.422,18.881,275.0,296.0,254.0,298.0,False,HARD,11.0,True,Mercedes,1,7.0,True,Japan,2024,False
HAM,100.24,13.0,2.0,35.824,44.247,20.169,277.0,296.0,255.0,298.0,False,HARD,12.0,True,Mercedes,1,7.0,True,Japan,2024,False
HAM,99.053,14.0,2.0,35.984,44.192,18.877,275.0,296.0,254.0,299.0,False,HARD,13.0,True,Mercedes,1,6.0,True,Japan,2024,False
HAM,98.915,15.0,2.0,35.941,44.095,18.879,275.0,298.0,254.0,299.0,False,HARD,14.0,True,Mercedes,1,6.0,True,Japan,2024,False
HAM,98.693,16.0,2.0,35.818,43.958,18.917,277.0,297.0,255.0,299.0,False,HARD,15.0,True,Mercedes,1,4.0,True,Japan,2024,False
HAM,100.53,17.0,2.0,36.398,44.256,19.876,278.0,299.0,257.0,250.0,False,HARD,16.0,True,Mercedes,1,6.0,True,Japan,2024,False
HAM,99.304,18.0,2.0,36.162,44.27,18.872,276.0,298.0,254.0,298.0,False,HARD,17.0,True,Mercedes,1,6.0,True,Japan,2024,False
HAM,99.352,19.0,2.0,35.728,44.662,18.962,277.0,301.0,256.0,302.0,False,HARD,18.0,True,Mercedes,1,7.0,True,Japan,2024,False
HAM,98.619,20.0,2.0,35.668,44.172,18.779,276.0,298.0,254.0,299.0,False,HARD,19.0,True,Mercedes,1,7.0,True,Japan,2024,False
HAM,98.642,21.0,2.0,35.841,43.997,18.804,276.0,297.0,255.0,298.0,False,HARD,20.0,True,Mercedes,1,7.0,True,Japan,2024,False
HAM,99.823,22.0,2.0,36.66,44.27,18.893,276.0,298.0,254.0,300.0,False,HARD,21.0,True,Mercedes,1,8.0,True,Japan,2024,False
HAM,101.466,23.0,2.0,35.82,44.201,21.445,275.0,298.0,256.0,298.0,False,HARD,22.0,True,Mercedes,1,8.0,False,Japan,2024,True
HAM,115.127,24.0,3.0,54.358,42.356,18.413,280.0,295.0,256.0,291.0,False,HARD,1.0,True,Mercedes,1,9.0,False,Japan,2024,True
HAM,95.432,25.0,3.0,34.524,42.559,18.349,279.0,297.0,255.0,296.0,True,HARD,2.0,True,Mercedes,1,9.0,True,Japan,2024,False
HAM,95.447,26.0,3.0,34.17,42.728,18.549,279.0,297.0,254.0,295.0,False,HARD,3.0,True,Mercedes,1,9.0,True,Japan,2024,False
HAM,96.135,27.0,3.0,34.746,42.943,18.446,279.0,299.0,256.0,297.0,False,HARD,4.0,True,Mercedes,1,9.0,True,Japan,2024,False
HAM,96.295,28.0,3.0,34.843,42.959,18.493,277.0,299.0,254.0,299.0,False,HARD,5.0,True,Mercedes,1,9.0,True,Japan,2024,False
HAM,96.746,29.0,3.0,34.932,43.149,18.665,280.0,299.0,255.0,298.0,False,HARD,6.0,True,Mercedes,1,9.0,True,Japan,2024,False
HAM,96.399,30.0,3.0,34.825,42.982,18.592,277.0,300.0,255.0,299.0,False,HARD,7.0,True,Mercedes,1,9.0,True,Japan,2024,False
HAM,96.586,31.0,3.0,35.01,43.081,18.495,278.0,299.0,256.0,297.0,False,HARD,8.0,True,Mercedes,1,9.0,True,Japan,2024,False
HAM,96.601,32.0,3.0,34.864,43.096,18.641,280.0,300.0,255.0,299.0,False,HARD,9.0,True,Mercedes,1,9.0,True,Japan,2024,False
HAM,96.444,33.0,3.0,34.902,43.011,18.531,278.0,300.0,255.0,299.0,False,HARD,10.0,True,Mercedes,1,8.0,True,Japan,2024,False
HAM,96.707,34.0,3.0,34.966,43.168,18.573,280.0,301.0,257.0,298.0,False,HARD,11.0,True,Mercedes,1,7.0,True,Japan,2024,False
HAM,96.514,35.0,3.0,34.839,43.13,18.545,277.0,300.0,257.0,300.0,False,HARD,12.0,True,Mercedes,1,7.0,True,Japan,2024,False
HAM,96.191,36.0,3.0,34.637,43.02,18.534,280.0,300.0,257.0,299.0,False,HARD,13.0,True,Mercedes,1,7.0,True,Japan,2024,False
HAM,96.622,37.0,3.0,34.803,43.279,18.54,277.0,300.0,257.0,300.0,False,HARD,14.0,True,Mercedes,1,6.0,True,Japan,2024,False
HAM,97.458,38.0,3.0,35.605,43.258,18.595,281.0,300.0,256.0,299.0,False,HARD,15.0,True,Mercedes,1,6.0,True,Japan,2024,False
HAM,99.03,39.0,3.0,34.938,43.183,20.909,281.0,300.0,256.0,299.0,False,HARD,16.0,True,Mercedes,1,6.0,False,Japan,2024,False
HAM,114.409,40.0,4.0,54.183,41.851,18.375,283.0,298.0,258.0,293.0,False,MEDIUM,2.0,False,Mercedes,1,9.0,False,Japan,2024,True
HAM,94.082,43.0,4.0,33.727,42.033,18.322,281.0,300.0,257.0,297.0,False,MEDIUM,5.0,False,Mercedes,1,9.0,True,Japan,2024,False
HAM,94.337,44.0,4.0,33.907,42.172,18.258,280.0,300.0,257.0,298.0,False,MEDIUM,6.0,False,Mercedes,1,9.0,True,Japan,2024,False
HAM,94.791,45.0,4.0,34.053,42.355,18.383,280.0,300.0,256.0,298.0,False,MEDIUM,7.0,False,Mercedes,1,9.0,True,Japan,2024,False
HAM,94.798,46.0,4.0,34.144,42.357,18.297,281.0,300.0,258.0,298.0,False,MEDIUM,8.0,False,Mercedes,1,9.0,True,Japan,2024,False
HAM,94.679,47.0,4.0,33.889,42.469,18.321,281.0,300.0,257.0,299.0,False,MEDIUM,9.0,False,Mercedes,1,9.0,True,Japan,2024,False
HAM,94.9,48.0,4.0,33.944,42.585,18.371,281.0,300.0,257.0,299.0,False,MEDIUM,10.0,False,Mercedes,1,9.0,True,Japan,2024,False
HAM,95.047,49.0,4.0,34.013,42.648,18.386,281.0,300.0,258.0,300.0,False,MEDIUM,11.0,False,Mercedes,1,9.0,True,Japan,2024,False
HAM,95.43,50.0,4.0,34.17,42.831,18.429,279.0,301.0,259.0,302.0,False,MEDIUM,12.0,False,Mercedes,1,9.0,True,Japan,2024,False
HAM,95.476,51.0,4.0,34.439,42.639,18.398,282.0,303.0,258.0,302.0,False,MEDIUM,13.0,False,Mercedes,1,9.0,True,Japan,2024,False
HAM,95.235,52.0,4.0,34.1,42.675,18.46,283.0,303.0,259.0,301.0,False,MEDIUM,14.0,False,Mercedes,1,9.0,True,Japan,2024,False
HAM,95.773,53.0,4.0,34.41,42.789,18.574,282.0,304.0,251.0,303.0,False,MEDIUM,15.0,False,Mercedes,1,9.0,True,Japan,2024,False
TSU,99.108,4.0,2.0,35.86,44.164,19.084,277.0,296.0,254.0,299.0,True,SOFT,6.0,False,RB,1,9.0,True,Japan,2024,False
TSU,99.508,5.0,2.0,36.475,44.129,18.904,277.0,299.0,253.0,301.0,False,SOFT,7.0,False,RB,1,10.0,True,Japan,2024,False
TSU,98.887,6.0,2.0,35.735,44.173,18.979,276.0,297.0,253.0,300.0,True,SOFT,8.0,False,RB,1,10.0,True,Japan,2024,False
TSU,100.998,7.0,2.0,36.025,44.058,20.915,275.0,297.0,256.0,300.0,False,SOFT,9.0,False,RB,1,10.0,False,Japan,2024,False
TSU,118.044,8.0,3.0,55.92,43.131,18.993,277.0,298.0,252.0,296.0,False,HARD,1.0,True,RB,1,16.0,False,Japan,2024,True
TSU,97.17,9.0,3.0,35.101,43.277,18.792,278.0,298.0,252.0,299.0,True,HARD,2.0,True,RB,1,16.0,True,Japan,2024,False
TSU,97.496,10.0,3.0,35.203,43.432,18.861,277.0,299.0,253.0,300.0,False,HARD,3.0,True,RB,1,16.0,True,Japan,2024,False
TSU,97.895,11.0,3.0,35.353,43.739,18.803,277.0,297.0,257.0,301.0,False,HARD,4.0,True,RB,1,16.0,True,Japan,2024,False
TSU,100.057,12.0,3.0,35.858,44.84,19.359,276.0,304.0,260.0,308.0,False,HARD,5.0,True,RB,1,16.0,True,Japan,2024,False
TSU,98.98,13.0,3.0,36.358,43.714,18.908,277.0,298.0,254.0,301.0,False,HARD,6.0,True,RB,1,14.0,True,Japan,2024,False
TSU,98.51,14.0,3.0,35.514,44.056,18.94,275.0,297.0,259.0,302.0,False,HARD,7.0,True,RB,1,14.0,True,Japan,2024,False
TSU,99.925,15.0,3.0,35.947,44.85,19.128,277.0,302.0,259.0,307.0,False,HARD,8.0,True,RB,1,14.0,True,Japan,2024,False
TSU,100.096,16.0,3.0,36.519,44.623,18.954,275.0,301.0,262.0,304.0,False,HARD,9.0,True,RB,1,14.0,True,Japan,2024,False
TSU,97.944,17.0,3.0,35.252,43.885,18.807,269.0,299.0,258.0,302.0,False,HARD,10.0,True,RB,1,13.0,True,Japan,2024,False
TSU,99.27,18.0,3.0,35.75,44.437,19.083,277.0,304.0,259.0,306.0,False,HARD,11.0,True,RB,1,13.0,True,Japan,2024,False
TSU,99.658,19.0,3.0,36.249,44.228,19.181,278.0,304.0,259.0,306.0,False,HARD,12.0,True,RB,1,13.0,True,Japan,2024,False
TSU,99.1,20.0,3.0,35.735,44.445,18.92,277.0,301.0,260.0,304.0,False,HARD,13.0,True,RB,1,13.0,True,Japan,2024,False
TSU,99.562,21.0,3.0,35.84,44.74,18.982,277.0,301.0,260.0,302.0,False,HARD,14.0,True,RB,1,13.0,True,Japan,2024,False
TSU,101.916,22.0,3.0,35.995,44.556,21.365,276.0,300.0,256.0,301.0,False,HARD,15.0,True,RB,1,14.0,False,Japan,2024,False
TSU,117.251,23.0,4.0,55.471,43.026,18.754,278.0,293.0,256.0,293.0,False,HARD,1.0,True,RB,1,11.0,False,Japan,2024,True
TSU,96.637,24.0,4.0,34.996,42.983,18.658,279.0,295.0,256.0,293.0,True,HARD,2.0,True,RB,1,11.0,True,Japan,2024,False
TSU,97.073,25.0,4.0,35.392,43.059,18.622,279.0,295.0,256.0,295.0,False,HARD,3.0,True,RB,1,11.0,True,Japan,2024,False
TSU,97.037,26.0,4.0,35.304,43.137,18.596,279.0,296.0,255.0,295.0,False,HARD,4.0,True,RB,1,11.0,True,Japan,2024,False
TSU,97.184,27.0,4.0,35.46,43.065,18.659,278.0,298.0,255.0,296.0,False,HARD,5.0,True,RB,1,11.0,True,Japan,2024,False
TSU,97.227,28.0,4.0,35.392,43.076,18.759,279.0,296.0,254.0,296.0,False,HARD,6.0,True,RB,1,11.0,True,Japan,2024,False
TSU,97.319,29.0,4.0,35.475,43.131,18.713,278.0,297.0,255.0,297.0,False,HARD,7.0,True,RB,1,11.0,True,Japan,2024,False
TSU,97.617,30.0,4.0,35.559,43.271,18.787,280.0,297.0,256.0,297.0,False,HARD,8.0,True,RB,1,11.0,True,Japan,2024,False
TSU,97.676,31.0,4.0,35.451,43.378,18.847,278.0,298.0,255.0,299.0,False,HARD,9.0,True,RB,1,11.0,True,Japan,2024,False
TSU,98.624,32.0,4.0,35.816,43.812,18.996,278.0,300.0,260.0,302.0,False,HARD,10.0,True,RB,1,11.0,True,Japan,2024,False
TSU,98.692,33.0,4.0,36.191,43.56,18.941,265.0,295.0,255.0,295.0,False,HARD,11.0,True,RB,1,10.0,True,Japan,2024,False
TSU,97.793,34.0,4.0,35.51,43.459,18.824,279.0,297.0,255.0,296.0,False,HARD,12.0,True,RB,1,10.0,True,Japan,2024,False
TSU,97.626,35.0,4.0,35.486,43.317,18.823,280.0,296.0,255.0,296.0,False,HARD,13.0,True,RB,1,10.0,True,Japan,2024,False
TSU,97.103,36.0,4.0,35.104,43.297,18.702,280.0,295.0,256.0,297.0,False,HARD,14.0,True,RB,1,10.0,True,Japan,2024,False
TSU,97.419,37.0,4.0,35.247,43.293,18.879,280.0,297.0,256.0,296.0,False,HARD,15.0,True,RB,1,10.0,True,Japan,2024,False
TSU,97.442,38.0,4.0,35.197,43.464,18.781,280.0,296.0,255.0,296.0,False,HARD,16.0,True,RB,1,10.0,True,Japan,2024,False
TSU,97.595,39.0,4.0,35.475,43.373,18.747,280.0,296.0,255.0,296.0,False,HARD,17.0,True,RB,1,10.0,True,Japan,2024,False
TSU,97.441,40.0,4.0,35.316,43.385,18.74,281.0,297.0,256.0,296.0,False,HARD,18.0,True,RB,1,10.0,True,Japan,2024,False
TSU,97.498,43.0,4.0,35.495,43.276,18.727,280.0,298.0,256.0,296.0,False,HARD,21.0,True,RB,1,10.0,True,Japan,2024,False
TSU,97.329,44.0,4.0,35.264,43.254,18.811,280.0,297.0,256.0,296.0,False,HARD,22.0,True,RB,1,10.0,True,Japan,2024,False
TSU,97.25,45.0,4.0,35.295,43.172,18.783,280.0,296.0,256.0,295.0,False,HARD,23.0,True,RB,1,10.0,True,Japan,2024,False
TSU,97.046,46.0,4.0,35.179,43.154,18.713,280.0,295.0,256.0,297.0,False,HARD,24.0,True,RB,1,10.0,True,Japan,2024,False
TSU,97.106,47.0,4.0,35.12,43.194,18.792,280.0,295.0,256.0,296.0,False,HARD,25.0,True,RB,1,10.0,True,Japan,2024,False
TSU,97.038,48.0,4.0,35.184,43.104,18.75,280.0,296.0,257.0,296.0,False,HARD,26.0,True,RB,1,10.0,True,Japan,2024,False
TSU,96.557,49.0,4.0,34.954,42.994,18.609,281.0,296.0,256.0,296.0,True,HARD,27.0,True,RB,1,10.0,True,Japan,2024,False
TSU,96.388,50.0,4.0,34.779,42.921,18.688,281.0,297.0,257.0,297.0,True,HARD,28.0,True,RB,1,10.0,True,Japan,2024,False
TSU,96.342,51.0,4.0,34.822,42.963,18.557,281.0,298.0,258.0,298.0,True,HARD,29.0,True,RB,1,10.0,True,Japan,2024,False
TSU,98.195,52.0,4.0,35.844,43.767,18.584,238.0,301.0,257.0,301.0,False,HARD,30.0,True,RB,1,10.0,True,Japan,2024,False
HUL,100.374,4.0,2.0,36.724,44.611,19.039,273.0,304.0,259.0,306.0,True,SOFT,4.0,False,Haas F1 Team,1,17.0,True,Japan,2024,False
HUL,101.491,5.0,2.0,36.317,44.25,20.924,272.0,306.0,256.0,305.0,False,SOFT,5.0,False,Haas F1 Team,1,18.0,False,Japan,2024,False
HUL,117.275,6.0,3.0,55.824,42.967,18.484,273.0,298.0,256.0,294.0,False,HARD,1.0,True,Haas F1 Team,1,18.0,False,Japan,2024,True
HUL,96.751,7.0,3.0,35.291,43.082,18.378,275.0,303.0,257.0,302.0,True,HARD,2.0,True,Haas F1 Team,1,18.0,True,Japan,2024,False
HUL,97.616,8.0,3.0,35.737,43.289,18.59,273.0,303.0,260.0,301.0,False,HARD,3.0,True,Haas F1 Team,1,17.0,True,Japan,2024,False
HUL,97.898,9.0,3.0,35.759,43.606,18.533,276.0,302.0,257.0,303.0,False,HARD,4.0,True,Haas F1 Team,1,17.0,True,Japan,2024,False
HUL,98.34,10.0,3.0,35.956,43.786,18.598,276.0,303.0,257.0,301.0,False,HARD,5.0,True,Haas F1 Team,1,17.0,True,Japan,2024,False
HUL,98.352,11.0,3.0,35.955,43.638,18.759,277.0,301.0,255.0,303.0,False,HARD,6.0,True,Haas F1 Team,1,17.0,True,Japan,2024,False
HUL,98.847,12.0,3.0,36.092,43.942,18.813,275.0,303.0,256.0,304.0,False,HARD,7.0,True,Haas F1 Team,1,17.0,True,Japan,2024,False
HUL,100.302,13.0,3.0,36.471,44.415,19.416,274.0,306.0,257.0,289.0,False,HARD,8.0,True,Haas F1 Team,1,16.0,True,Japan,2024,False
HUL,98.617,14.0,3.0,36.003,43.889,18.725,273.0,300.0,256.0,297.0,False,HARD,9.0,True,Haas F1 Team,1,15.0,True,Japan,2024,False
HUL,99.624,15.0,3.0,36.405,44.539,18.68,275.0,304.0,257.0,304.0,False,HARD,10.0,True,Haas F1 Team,1,16.0,True,Japan,2024,False
HUL,99.355,16.0,3.0,36.317,44.105,18.933,274.0,303.0,258.0,304.0,False,HARD,11.0,True,Haas F1 Team,1,16.0,True,Japan,2024,False
HUL,99.312,17.0,3.0,36.357,44.141,18.814,277.0,304.0,262.0,306.0,False,HARD,12.0,True,Haas F1 Team,1,16.0,True,Japan,2024,False
HUL,98.476,18.0,3.0,35.88,43.842,18.754,274.0,303.0,257.0,300.0,False,HARD,13.0,True,Haas F1 Team,1,15.0,True,Japan,2024,False
HUL,98.894,19.0,3.0,36.19,43.967,18.737,274.0,305.0,258.0,303.0,False,HARD,14.0,True,Haas F1 Team,1,15.0,True,Japan,2024,False
HUL,99.343,20.0,3.0,36.269,44.129,18.945,277.0,304.0,258.0,295.0,False,HARD,15.0,True,Haas F1 Team,1,15.0,True,Japan,2024,False
HUL,99.78,21.0,3.0,36.501,44.273,19.006,278.0,303.0,259.0,289.0,False,HARD,16.0,True,Haas F1 Team,1,15.0,True,Japan,2024,False
HUL,99.694,22.0,3.0,36.496,44.198,19.0,277.0,303.0,256.0,291.0,False,HARD,17.0,True,Haas F1 Team,1,13.0,True,Japan,2024,False
HUL,98.965,23.0,3.0,36.135,43.928,18.902,279.0,300.0,253.0,300.0,False,HARD,18.0,True,Haas F1 Team,1,10.0,True,Japan,2024,False
HUL,99.261,24.0,3.0,36.178,43.966,19.117,276.0,300.0,255.0,300.0,False,HARD,19.0,True,Haas F1 Team,1,10.0,True,Japan,2024,False
HUL,98.781,25.0,3.0,35.917,44.081,18.783,277.0,301.0,257.0,301.0,False,HARD,20.0,True,Haas F1 Team,1,10.0,True,Japan,2024,False
HUL,99.042,26.0,3.0,36.155,44.112,18.775,277.0,300.0,256.0,301.0,False,HARD,21.0,True,Haas F1 Team,1,10.0,True,Japan,2024,False
HUL,99.256,27.0,3.0,36.185,44.007,19.064,279.0,302.0,255.0,300.0,False,HARD,22.0,True,Haas F1 Team,1,10.0,True,Japan,2024,False
HUL,99.17,28.0,3.0,36.128,44.13,18.912,278.0,301.0,256.0,301.0,False,HARD,23.0,True,Haas F1 Team,1,10.0,True,Japan,2024,False
HUL,99.951,29.0,3.0,36.38,44.283,19.288,275.0,300.0,255.0,301.0,False,HARD,24.0,True,Haas F1 Team,1,10.0,True,Japan,2024,False
HUL,99.183,30.0,3.0,36.235,44.148,18.8,280.0,300.0,256.0,300.0,False,HARD,25.0,True,Haas F1 Team,1,10.0,True,Japan,2024,False
HUL,99.465,31.0,3.0,36.231,44.316,18.918,277.0,300.0,256.0,300.0,False,HARD,26.0,True,Haas F1 Team,1,10.0,True,Japan,2024,False
HUL,100.248,32.0,3.0,36.718,44.495,19.035,277.0,300.0,256.0,300.0,False,HARD,27.0,True,Haas F1 Team,1,10.0,True,Japan,2024,False
HUL,103.896,33.0,3.0,37.314,45.146,21.436,277.0,305.0,256.0,306.0,False,HARD,28.0,True,Haas F1 Team,1,13.0,False,Japan,2024,False
HUL,117.385,34.0,4.0,56.176,42.775,18.434,277.0,302.0,260.0,298.0,False,HARD,1.0,True,Haas F1 Team,1,15.0,False,Japan,2024,True
HUL,95.937,35.0,4.0,35.062,42.486,18.389,280.0,303.0,260.0,302.0,True,HARD,2.0,True,Haas F1 Team,1,14.0,True,Japan,2024,False
HUL,95.858,36.0,4.0,34.917,42.683,18.258,280.0,303.0,261.0,303.0,True,HARD,3.0,True,Haas F1 Team,1,14.0,True,Japan,2024,False
HUL,95.933,37.0,4.0,34.946,42.648,18.339,282.0,305.0,260.0,304.0,False,HARD,4.0,True,Haas F1 Team,1,14.0,True,Japan,2024,False
HUL,96.13,38.0,4.0,35.264,42.552,18.314,279.0,305.0,260.0,305.0,False,HARD,5.0,True,Haas F1 Team,1,14.0,True,Japan,2024,False
HUL,95.853,39.0,4.0,35.052,42.576,18.225,281.0,306.0,261.0,306.0,True,HARD,6.0,True,Haas F1 Team,1,14.0,True,Japan,2024,False
HUL,95.705,40.0,4.0,34.876,42.502,18.327,282.0,306.0,260.0,306.0,True,HARD,7.0,True,Haas F1 Team,1,14.0,True,Japan,2024,False
HUL,96.374,42.0,4.0,35.084,42.8,18.49,281.0,305.0,260.0,305.0,False,HARD,9.0,True,Haas F1 Team,1,14.0,True,Japan,2024,False
HUL,96.151,43.0,4.0,35.013,42.698,18.44,280.0,307.0,261.0,307.0,False,HARD,10.0,True,Haas F1 Team,1,14.0,True,Japan,2024,False
HUL,96.769,44.0,4.0,35.339,43.048,18.382,280.0,306.0,260.0,306.0,False,HARD,11.0,True,Haas F1 Team,1,14.0,True,Japan,2024,False
HUL,96.808,45.0,4.0,35.284,42.978,18.546,281.0,307.0,267.0,309.0,False,HARD,12.0,True,Haas F1 Team,1,14.0,True,Japan,2024,False
HUL,98.169,46.0,4.0,34.723,42.926,20.52,278.0,309.0,264.0,261.0,False,HARD,13.0,True,Haas F1 Team,1,13.0,True,Japan,2024,False
HUL,96.827,47.0,4.0,35.2,43.204,18.423,278.0,307.0,266.0,308.0,False,HARD,14.0,True,Haas F1 Team,1,13.0,True,Japan,2024,False
HUL,95.733,48.0,4.0,34.465,42.811,18.457,277.0,305.0,261.0,301.0,False,HARD,15.0,True,Haas F1 Team,1,12.0,True,Japan,2024,False
HUL,96.235,49.0,4.0,34.93,42.847,18.458,278.0,306.0,261.0,303.0,False,HARD,16.0,True,Haas F1 Team,1,12.0,True,Japan,2024,False
HUL,95.718,50.0,4.0,34.8,42.584,18.334,282.0,307.0,265.0,309.0,False,HARD,17.0,True,Haas F1 Team,1,12.0,True,Japan,2024,False
HUL,95.853,51.0,4.0,34.661,42.672,18.52,281.0,309.0,265.0,309.0,False,HARD,18.0,True,Haas F1 Team,1,12.0,True,Japan,2024,False
HUL,95.325,52.0,4.0,34.325,42.593,18.407,277.0,304.0,259.0,305.0,True,HARD,19.0,True,Haas F1 Team,1,11.0,True,Japan,2024,False
STR,99.528,4.0,2.0,36.379,44.265,18.884,276.0,299.0,257.0,302.0,True,SOFT,3.0,True,Aston Martin,1,13.0,True,Japan,2024,False
STR,99.552,5.0,2.0,36.195,44.172,19.185,275.0,301.0,260.0,303.0,False,SOFT,4.0,True,Aston Martin,1,13.0,True,Japan,2024,False
STR,98.746,6.0,2.0,35.622,44.199,18.925,268.0,297.0,252.0,292.0,True,SOFT,5.0,True,Aston Martin,1,11.0,True,Japan,2024,False
STR,98.624,7.0,2.0,35.863,43.832,18.929,271.0,296.0,252.0,293.0,True,SOFT,6.0,True,Aston Martin,1,11.0,True,Japan,2024,False
STR,98.61,8.0,2.0,35.783,43.867,18.96,271.0,294.0,251.0,294.0,True,SOFT,7.0,True,Aston Martin,1,10.0,True,Japan,2024,False
STR,98.881,9.0,2.0,35.977,43.935,18.969,272.0,293.0,251.0,293.0,False,SOFT,8.0,True,Aston Martin,1,10.0,True,Japan,2024,False
STR,99.052,10.0,2.0,36.006,44.041,19.005,271.0,294.0,251.0,293.0,False,SOFT,9.0,True,Aston Martin,1,10.0,True,Japan,2024,False
STR,99.103,11.0,2.0,35.978,44.125,19.0,273.0,293.0,252.0,293.0,False,SOFT,10.0,True,Aston Martin,1,10.0,True,Japan,2024,False
STR,101.638,12.0,2.0,36.035,44.258,21.345,273.0,293.0,256.0,294.0,False,SOFT,11.0,True,Aston Martin,1,10.0,False,Japan,2024,True
STR,116.221,13.0,3.0,54.666,42.891,18.664,275.0,296.0,257.0,294.0,False,MEDIUM,1.0,True,Aston Martin,1,17.0,False,Japan,2024,True
STR,97.935,14.0,3.0,35.636,43.593,18.706,276.0,297.0,261.0,300.0,True,MEDIUM,2.0,True,Aston Martin,1,16.0,True,Japan,2024,False
STR,98.125,15.0,3.0,35.618,43.481,19.026,268.0,297.0,253.0,290.0,False,MEDIUM,3.0,True,Aston Martin,1,15.0,True,Japan,2024,False
STR,99.274,16.0,3.0,35.918,44.065,19.291,272.0,301.0,259.0,297.0,False,MEDIUM,4.0,True,Aston Martin,1,15.0,True,Japan,2024,False
STR,98.057,17.0,3.0,35.629,43.589,18.839,271.0,299.0,259.0,297.0,False,MEDIUM,5.0,True,Aston Martin,1,14.0,True,Japan,2024,False
STR,98.843,18.0,3.0,35.501,44.208,19.134,278.0,303.0,259.0,303.0,False,MEDIUM,6.0,True,Aston Martin,1,14.0,True,Japan,2024,False
STR,99.757,19.0,3.0,36.33,44.379,19.048,275.0,299.0,259.0,300.0,False,MEDIUM,7.0,True,Aston Martin,1,14.0,True,Japan,2024,False
STR,99.248,20.0,3.0,35.822,44.46,18.966,275.0,299.0,259.0,299.0,False,MEDIUM,8.0,True,Aston Martin,1,14.0,True,Japan,2024,False
STR,99.552,21.0,3.0,35.859,44.731,18.962,275.0,297.0,260.0,296.0,False,MEDIUM,9.0,True,Aston Martin,1,14.0,True,Japan,2024,False
STR,102.328,22.0,3.0,36.035,44.449,21.844,272.0,298.0,256.0,298.0,False,MEDIUM,10.0,True,Aston Martin,1,15.0,False,Japan,2024,False
STR,116.743,23.0,4.0,55.229,42.773,18.741,273.0,297.0,262.0,295.0,False,HARD,1.0,True,Aston Martin,1,12.0,False,Japan,2024,True
STR,96.761,24.0,4.0,34.994,43.084,18.683,275.0,298.0,262.0,296.0,True,HARD,2.0,True,Aston Martin,1,12.0,True,Japan,2024,False
STR,96.995,25.0,4.0,35.236,43.139,18.62,271.0,298.0,260.0,297.0,False,HARD,3.0,True,Aston Martin,1,12.0,True,Japan,2024,False
STR,97.307,26.0,4.0,35.367,43.151,18.789,273.0,297.0,259.0,292.0,False,HARD,4.0,True,Aston Martin,1,12.0,True,Japan,2024,False
STR,97.244,27.0,4.0,35.314,43.16,18.77,273.0,299.0,259.0,293.0,False,HARD,5.0,True,Aston Martin,1,12.0,True,Japan,2024,False
STR,97.088,28.0,4.0,35.185,43.164,18.739,275.0,298.0,259.0,297.0,False,HARD,6.0,True,Aston Martin,1,12.0,True,Japan,2024,False
STR,97.633,29.0,4.0,35.486,43.386,18.761,275.0,297.0,255.0,295.0,False,HARD,7.0,True,Aston Martin,1,12.0,True,Japan,2024,False
STR,97.361,30.0,4.0,35.342,43.331,18.688,280.0,297.0,260.0,297.0,False,HARD,8.0,True,Aston Martin,1,12.0,True,Japan,2024,False
STR,97.729,31.0,4.0,35.408,43.47,18.851,267.0,298.0,260.0,299.0,False,HARD,9.0,True,Aston Martin,1,12.0,True,Japan,2024,False
STR,98.202,32.0,4.0,35.605,43.586,19.011,278.0,300.0,262.0,301.0,False,HARD,10.0,True,Aston Martin,1,12.0,True,Japan,2024,False
STR,99.609,33.0,4.0,36.585,44.11,18.914,272.0,296.0,256.0,291.0,False,HARD,11.0,True,Aston Martin,1,11.0,True,Japan,2024,False
STR,99.55,34.0,4.0,35.382,43.429,20.739,277.0,298.0,256.0,297.0,False,HARD,12.0,True,Aston Martin,1,11.0,False,Japan,2024,False
STR,113.728,35.0,5.0,53.224,41.947,18.557,275.0,296.0,255.0,294.0,False,SOFT,1.0,True,Aston Martin,1,13.0,False,Japan,2024,True
STR,95.973,36.0,5.0,34.832,42.673,18.468,274.0,296.0,257.0,293.0,True,SOFT,2.0,True,Aston Martin,1,13.0,True,Japan,2024,False
STR,96.284,37.0,5.0,34.782,42.762,18.74,278.0,297.0,256.0,294.0,False,SOFT,3.0,True,Aston Martin,1,13.0,True,Japan,2024,False
STR,96.356,38.0,5.0,34.904,42.838,18.614,276.0,297.0,255.0,293.0,False,SOFT,4.0,True,Aston Martin,1,13.0,True,Japan,2024,False
STR,96.614,39.0,5.0,35.212,42.743,18.659,276.0,297.0,256.0,294.0,False,SOFT,5.0,True,Aston Martin,1,13.0,True,Japan,2024,False
STR,95.844,40.0,5.0,34.592,42.607,18.645,277.0,297.0,256.0,295.0,True,SOFT,6.0,True,Aston Martin,1,13.0,True,Japan,2024,False
STR,96.556,42.0,5.0,34.711,43.19,18.655,276.0,298.0,256.0,296.0,False,SOFT,8.0,True,Aston Martin,1,13.0,True,Japan,2024,False
STR,96.503,43.0,5.0,34.749,43.089,18.665,278.0,299.0,256.0,298.0,False,SOFT,9.0,True,Aston Martin,1,13.0,True,Japan,2024,False
STR,96.485,44.0,5.0,34.701,43.105,18.679,278.0,299.0,261.0,300.0,False,SOFT,10.0,True,Aston Martin,1,13.0,True,Japan,2024,False
STR,96.806,45.0,5.0,34.907,43.277,18.622,276.0,293.0,264.0,297.0,False,SOFT,11.0,True,Aston Martin,1,12.0,True,Japan,2024,False
STR,96.35,46.0,5.0,34.609,42.99,18.751,274.0,295.0,255.0,291.0,False,SOFT,12.0,True,Aston Martin,1,11.0,True,Japan,2024,False
STR,96.704,47.0,5.0,34.8,43.109,18.795,278.0,294.0,255.0,294.0,False,SOFT,13.0,True,Aston Martin,1,11.0,True,Japan,2024,False
STR,98.033,48.0,5.0,34.619,43.068,20.346,277.0,295.0,256.0,219.0,False,SOFT,14.0,True,Aston Martin,1,11.0,True,Japan,2024,False
STR,96.381,49.0,5.0,34.751,42.969,18.661,277.0,296.0,256.0,294.0,False,SOFT,15.0,True,Aston Martin,1,11.0,True,Japan,2024,False
STR,96.165,50.0,5.0,34.462,43.069,18.634,279.0,297.0,257.0,296.0,False,SOFT,16.0,True,Aston Martin,1,11.0,True,Japan,2024,False
STR,96.27,51.0,5.0,34.492,42.926,18.852,279.0,297.0,257.0,295.0,False,SOFT,17.0,True,Aston Martin,1,11.0,True,Japan,2024,False
STR,99.818,52.0,5.0,35.758,43.278,20.782,280.0,299.0,239.0,257.0,False,SOFT,18.0,True,Aston Martin,1,12.0,True,Japan,2024,False
MAG,132.996,3.0,2.0,68.747,45.117,19.132,278.0,303.0,258.0,301.0,True,MEDIUM,2.0,True,Haas F1 Team,1,15.0,True,Japan,2024,True
MAG,100.103,4.0,2.0,36.735,44.554,18.814,273.0,303.0,260.0,307.0,True,MEDIUM,3.0,True,Haas F1 Team,1,15.0,True,Japan,2024,False
MAG,99.392,5.0,2.0,36.288,44.278,18.826,272.0,305.0,259.0,306.0,True,MEDIUM,4.0,True,Haas F1 Team,1,15.0,True,Japan,2024,False
MAG,100.026,6.0,2.0,36.586,44.603,18.837,272.0,304.0,261.0,305.0,False,MEDIUM,5.0,True,Haas F1 Team,1,15.0,True,Japan,2024,False
MAG,100.357,7.0,2.0,36.824,44.474,19.059,270.0,305.0,259.0,305.0,False,MEDIUM,6.0,True,Haas F1 Team,1,14.0,True,Japan,2024,False
MAG,99.601,8.0,2.0,36.395,44.266,18.94,269.0,301.0,254.0,300.0,False,MEDIUM,7.0,True,Haas F1 Team,1,12.0,True,Japan,2024,False
MAG,100.251,9.0,2.0,36.807,44.4,19.044,270.0,300.0,253.0,297.0,False,MEDIUM,8.0,True,Haas F1 Team,1,12.0,True,Japan,2024,False
MAG,100.177,10.0,2.0,36.841,44.388,18.948,272.0,301.0,254.0,301.0,False,MEDIUM,9.0,True,Haas F1 Team,1,12.0,True,Japan,2024,False
MAG,99.9,11.0,2.0,36.701,44.257,18.942,276.0,300.0,258.0,302.0,False,MEDIUM,10.0,True,Haas F1 Team,1,12.0,True,Japan,2024,False
MAG,100.26,12.0,2.0,36.607,44.569,19.084,273.0,301.0,260.0,302.0,False,MEDIUM,11.0,True,Haas F1 Team,1,12.0,True,Japan,2024,False
MAG,99.267,13.0,2.0,36.061,44.27,18.936,271.0,297.0,254.0,292.0,True,MEDIUM,12.0,True,Haas F1 Team,1,9.0,True,Japan,2024,False
MAG,100.786,14.0,2.0,36.9,44.91,18.976,271.0,300.0,257.0,298.0,False,MEDIUM,13.0,True,Haas F1 Team,1,10.0,True,Japan,2024,False
MAG,99.373,15.0,2.0,36.273,44.29,18.81,279.0,301.0,254.0,301.0,False,MEDIUM,14.0,True,Haas F1 Team,1,10.0,True,Japan,2024,False
MAG,99.814,16.0,2.0,36.699,44.257,18.858,273.0,299.0,254.0,298.0,False,MEDIUM,15.0,True,Haas F1 Team,1,10.0,True,Japan,2024,False
MAG,99.728,17.0,2.0,36.516,44.338,18.874,274.0,299.0,253.0,299.0,False,MEDIUM,16.0,True,Haas F1 Team,1,10.0,True,Japan,2024,False
MAG,99.665,18.0,2.0,36.424,44.343,18.898,275.0,300.0,253.0,299.0,False,MEDIUM,17.0,True,Haas F1 Team,1,10.0,True,Japan,2024,False
MAG,99.538,19.0,2.0,36.438,44.295,18.805,274.0,300.0,254.0,298.0,False,MEDIUM,18.0,True,Haas F1 Team,1,10.0,True,Japan,2024,False
MAG,99.262,20.0,2.0,36.242,44.247,18.773,275.0,299.0,254.0,299.0,True,MEDIUM,19.0,True,Haas F1 Team,1,10.0,True,Japan,2024,False
MAG,99.545,21.0,2.0,36.376,44.316,18.853,274.0,299.0,255.0,298.0,False,MEDIUM,20.0,True,Haas F1 Team,1,10.0,True,Japan,2024,False
MAG,102.164,22.0,2.0,36.533,44.445,21.186,273.0,298.0,256.0,299.0,False,MEDIUM,21.0,True,Haas F1 Team,1,10.0,False,Japan,2024,False
MAG,121.576,23.0,3.0,59.681,43.157,18.738,275.0,303.0,264.0,304.0,False,HARD,1.0,True,Haas F1 Team,1,14.0,False,Japan,2024,True
MAG,96.654,24.0,3.0,35.152,43.007,18.495,277.0,301.0,258.0,301.0,True,HARD,2.0,True,Haas F1 Team,1,13.0,True,Japan,2024,False
MAG,97.033,25.0,3.0,35.287,43.19,18.556,274.0,303.0,257.0,297.0,False,HARD,3.0,True,Haas F1 Team,1,13.0,True,Japan,2024,False
MAG,97.145,26.0,3.0,35.497,43.233,18.415,279.0,303.0,258.0,304.0,False,HARD,4.0,True,Haas F1 Team,1,13.0,True,Japan,2024,False
MAG,97.395,27.0,3.0,35.533,43.286,18.576,276.0,305.0,257.0,302.0,False,HARD,5.0,True,Haas F1 Team,1,13.0,True,Japan,2024,False
MAG,97.504,28.0,3.0,35.641,43.356,18.507,276.0,302.0,257.0,303.0,False,HARD,6.0,True,Haas F1 Team,1,13.0,True,Japan,2024,False
MAG,97.888,29.0,3.0,35.705,43.571,18.612,277.0,302.0,257.0,303.0,False,HARD,7.0,True,Haas F1 Team,1,13.0,True,Japan,2024,False
MAG,98.014,30.0,3.0,35.748,43.633,18.633,276.0,302.0,257.0,302.0,False,HARD,8.0,True,Haas F1 Team,1,13.0,True,Japan,2024,False
MAG,98.498,31.0,3.0,35.9,43.781,18.817,273.0,302.0,258.0,302.0,False,HARD,9.0,True,Haas F1 Team,1,13.0,True,Japan,2024,False
MAG,98.657,32.0,3.0,36.033,43.776,18.848,274.0,300.0,257.0,299.0,False,HARD,10.0,True,Haas F1 Team,1,13.0,True,Japan,2024,False
MAG,98.58,33.0,3.0,35.912,43.84,18.828,274.0,302.0,258.0,300.0,False,HARD,11.0,True,Haas F1 Team,1,12.0,True,Japan,2024,False
MAG,97.93,34.0,3.0,35.636,43.667,18.627,274.0,303.0,258.0,303.0,False,HARD,12.0,True,Haas F1 Team,1,12.0,True,Japan,2024,False
MAG,98.046,35.0,3.0,35.67,43.646,18.73,274.0,301.0,257.0,296.0,False,HARD,13.0,True,Haas F1 Team,1,11.0,True,Japan,2024,False
MAG,98.078,36.0,3.0,35.813,43.586,18.679,277.0,301.0,258.0,301.0,False,HARD,14.0,True,Haas F1 Team,1,11.0,True,Japan,2024,False
MAG,97.662,37.0,3.0,35.455,43.443,18.764,277.0,302.0,257.0,300.0,False,HARD,15.0,True,Haas F1 Team,1,11.0,True,Japan,2024,False
MAG,97.789,38.0,3.0,35.622,43.476,18.691,277.0,302.0,257.0,300.0,False,HARD,16.0,True,Haas F1 Team,1,11.0,True,Japan,2024,False
MAG,97.553,39.0,3.0,35.416,43.487,18.65,279.0,302.0,259.0,302.0,False,HARD,17.0,True,Haas F1 Team,1,11.0,True,Japan,2024,False
MAG,97.542,40.0,3.0,35.427,43.508,18.607,277.0,303.0,258.0,302.0,False,HARD,18.0,True,Haas F1 Team,1,11.0,True,Japan,2024,False
MAG,97.376,43.0,3.0,35.358,43.384,18.634,277.0,303.0,258.0,300.0,False,HARD,21.0,True,Haas F1 Team,1,11.0,True,Japan,2024,False
MAG,97.475,44.0,3.0,35.457,43.284,18.734,277.0,302.0,257.0,301.0,False,HARD,22.0,True,Haas F1 Team,1,11.0,True,Japan,2024,False
MAG,97.674,45.0,3.0,35.407,43.626,18.641,276.0,301.0,258.0,302.0,False,HARD,23.0,True,Haas F1 Team,1,11.0,True,Japan,2024,False
MAG,98.332,46.0,3.0,35.79,43.798,18.744,274.0,304.0,258.0,304.0,False,HARD,24.0,True,Haas F1 Team,1,12.0,True,Japan,2024,False
MAG,98.707,47.0,3.0,35.559,44.4,18.748,277.0,304.0,258.0,305.0,False,HARD,25.0,True,Haas F1 Team,1,12.0,True,Japan,2024,False
MAG,98.319,48.0,3.0,36.163,43.494,18.662,281.0,305.0,259.0,305.0,False,HARD,26.0,True,Haas F1 Team,1,13.0,True,Japan,2024,False
MAG,97.519,49.0,3.0,35.374,43.567,18.578,278.0,304.0,259.0,303.0,False,HARD,27.0,True,Haas F1 Team,1,13.0,True,Japan,2024,False
MAG,97.42,50.0,3.0,35.312,43.481,18.627,278.0,304.0,260.0,304.0,False,HARD,28.0,True,Haas F1 Team,1,13.0,True,Japan,2024,False
MAG,98.878,51.0,3.0,36.111,44.113,18.654,257.0,305.0,259.0,302.0,False,HARD,29.0,True,Haas F1 Team,1,13.0,True,Japan,2024,False
MAG,97.822,52.0,3.0,35.526,43.648,18.648,281.0,305.0,260.0,305.0,False,HARD,30.0,True,Haas F1 Team,1,13.0,True,Japan,2024,False
BOT,148.991,3.0,2.0,85.037,44.89,19.064,280.0,295.0,255.0,294.0,True,SOFT,3.0,False,Kick Sauber,1,12.0,True,Japan,2024,False
BOT,99.462,4.0,2.0,36.346,44.258,18.858,273.0,298.0,259.0,299.0,True,SOFT,4.0,False,Kick Sauber,1,12.0,True,Japan,2024,False
BOT,98.279,5.0,2.0,35.077,44.436,18.766,268.0,296.0,255.0,299.0,True,SOFT,5.0,False,Kick Sauber,1,11.0,True,Japan,2024,False
BOT,101.288,6.0,2.0,35.946,44.383,20.959,265.0,294.0,256.0,296.0,False,SOFT,6.0,False,Kick Sauber,1,12.0,False,Japan,2024,False
BOT,117.449,7.0,3.0,56.18,42.822,18.447,271.0,291.0,254.0,289.0,False,HARD,1.0,True,Kick Sauber,1,17.0,False,Japan,2024,True
BOT,96.706,8.0,3.0,34.647,43.282,18.777,269.0,292.0,251.0,288.0,True,HARD,2.0,True,Kick Sauber,1,15.0,True,Japan,2024,False
BOT,97.406,9.0,3.0,35.119,43.512,18.775,268.0,293.0,251.0,288.0,False,HARD,3.0,True,Kick Sauber,1,15.0,True,Japan,2024,False
BOT,97.451,10.0,3.0,35.294,43.417,18.74,269.0,294.0,252.0,291.0,False,HARD,4.0,True,Kick Sauber,1,15.0,True,Japan,2024,False
BOT,98.432,11.0,3.0,35.641,43.995,18.796,268.0,294.0,252.0,297.0,False,HARD,5.0,True,Kick Sauber,1,15.0,True,Japan,2024,False
BOT,100.691,12.0,3.0,36.34,44.964,19.387,272.0,293.0,258.0,287.0,False,HARD,6.0,True,Kick Sauber,1,15.0,True,Japan,2024,False
BOT,98.282,13.0,3.0,35.372,43.985,18.925,268.0,293.0,253.0,292.0,False,HARD,7.0,True,Kick Sauber,1,13.0,True,Japan,2024,False
BOT,98.717,14.0,3.0,35.551,44.191,18.975,270.0,295.0,257.0,296.0,False,HARD,8.0,True,Kick Sauber,1,13.0,True,Japan,2024,False
BOT,100.42,15.0,3.0,36.412,44.941,19.067,272.0,298.0,256.0,300.0,False,HARD,9.0,True,Kick Sauber,1,13.0,True,Japan,2024,False
BOT,98.633,16.0,3.0,35.531,44.299,18.803,268.0,296.0,257.0,294.0,False,HARD,10.0,True,Kick Sauber,1,12.0,True,Japan,2024,False
BOT,98.718,17.0,3.0,35.635,44.402,18.681,270.0,297.0,260.0,299.0,False,HARD,11.0,True,Kick Sauber,1,12.0,True,Japan,2024,False
BOT,98.83,18.0,3.0,35.478,44.377,18.975,270.0,297.0,255.0,293.0,False,HARD,12.0,True,Kick Sauber,1,11.0,True,Japan,2024,False
BOT,99.632,19.0,3.0,36.228,44.499,18.905,269.0,297.0,257.0,291.0,False,HARD,13.0,True,Kick Sauber,1,11.0,True,Japan,2024,False
BOT,99.113,20.0,3.0,36.034,44.306,18.773,269.0,296.0,256.0,297.0,False,HARD,14.0,True,Kick Sauber,1,11.0,True,Japan,2024,False
BOT,99.457,21.0,3.0,36.279,44.414,18.764,267.0,296.0,258.0,296.0,False,HARD,15.0,True,Kick Sauber,1,11.0,True,Japan,2024,False
BOT,102.311,22.0,3.0,36.345,44.538,21.428,269.0,296.0,256.0,299.0,False,HARD,16.0,True,Kick Sauber,1,11.0,False,Japan,2024,False
BOT,121.647,23.0,4.0,59.413,43.554,18.68,273.0,295.0,259.0,293.0,False,HARD,1.0,True,Kick Sauber,1,15.0,False,Japan,2024,True
BOT,98.126,24.0,4.0,35.673,43.631,18.822,271.0,302.0,262.0,301.0,False,HARD,2.0,True,Kick Sauber,1,15.0,True,Japan,2024,False
BOT,96.608,25.0,4.0,34.464,43.448,18.696,268.0,296.0,254.0,289.0,True,HARD,3.0,True,Kick Sauber,1,14.0,True,Japan,2024,False
BOT,96.858,26.0,4.0,35.057,43.206,18.595,270.0,297.0,255.0,291.0,False,HARD,4.0,True,Kick Sauber,1,14.0,True,Japan,2024,False
BOT,96.622,27.0,4.0,34.846,43.337,18.439,277.0,299.0,259.0,300.0,False,HARD,5.0,True,Kick Sauber,1,14.0,True,Japan,2024,False
BOT,97.472,28.0,4.0,35.328,43.557,18.587,271.0,298.0,257.0,301.0,False,HARD,6.0,True,Kick Sauber,1,14.0,True,Japan,2024,False
BOT,97.712,29.0,4.0,35.456,43.629,18.627,271.0,298.0,259.0,301.0,False,HARD,7.0,True,Kick Sauber,1,14.0,True,Japan,2024,False
BOT,98.253,30.0,4.0,35.768,43.794,18.691,270.0,299.0,259.0,294.0,False,HARD,8.0,True,Kick Sauber,1,14.0,True,Japan,2024,False
BOT,98.058,31.0,4.0,35.462,43.806,18.79,276.0,301.0,261.0,302.0,False,HARD,9.0,True,Kick Sauber,1,14.0,True,Japan,2024,False
BOT,98.748,32.0,4.0,36.036,43.921,18.791,273.0,298.0,260.0,297.0,False,HARD,10.0,True,Kick Sauber,1,14.0,True,Japan,2024,False
BOT,98.722,33.0,4.0,35.807,44.043,18.872,275.0,299.0,260.0,302.0,False,HARD,11.0,True,Kick Sauber,1,14.0,True,Japan,2024,False
BOT,98.003,34.0,4.0,35.614,43.707,18.682,275.0,300.0,260.0,302.0,False,HARD,12.0,True,Kick Sauber,1,13.0,True,Japan,2024,False
BOT,98.007,35.0,4.0,35.4,43.863,18.744,276.0,298.0,261.0,298.0,False,HARD,13.0,True,Kick Sauber,1,12.0,True,Japan,2024,False
BOT,98.257,36.0,4.0,35.589,43.937,18.731,274.0,297.0,259.0,298.0,False,HARD,14.0,True,Kick Sauber,1,12.0,True,Japan,2024,False
BOT,97.602,37.0,4.0,35.295,43.564,18.743,276.0,298.0,259.0,295.0,False,HARD,15.0,True,Kick Sauber,1,12.0,True,Japan,2024,False
BOT,98.0,38.0,4.0,35.557,43.663,18.78,270.0,298.0,260.0,296.0,False,HARD,16.0,True,Kick Sauber,1,12.0,True,Japan,2024,False
BOT,97.232,39.0,4.0,35.03,43.558,18.644,272.0,299.0,259.0,300.0,False,HARD,17.0,True,Kick Sauber,1,12.0,True,Japan,2024,False
BOT,97.858,40.0,4.0,35.403,43.638,18.817,271.0,299.0,259.0,293.0,False,HARD,18.0,True,Kick Sauber,1,12.0,True,Japan,2024,False
BOT,97.444,43.0,4.0,35.154,43.572,18.718,273.0,299.0,259.0,295.0,False,HARD,21.0,True,Kick Sauber,1,12.0,True,Japan,2024,False
BOT,97.507,44.0,4.0,35.075,43.658,18.774,274.0,299.0,258.0,297.0,False,HARD,22.0,True,Kick Sauber,1,12.0,True,Japan,2024,False
BOT,98.734,45.0,4.0,36.119,43.83,18.785,268.0,297.0,255.0,297.0,False,HARD,23.0,True,Kick Sauber,1,13.0,True,Japan,2024,False
BOT,99.966,46.0,4.0,36.116,44.703,19.147,275.0,297.0,255.0,290.0,False,HARD,24.0,True,Kick Sauber,1,14.0,True,Japan,2024,False
BOT,97.9,47.0,4.0,35.235,43.816,18.849,275.0,297.0,254.0,298.0,False,HARD,25.0,True,Kick Sauber,1,14.0,True,Japan,2024,False
BOT,97.206,48.0,4.0,34.903,43.463,18.84,277.0,298.0,256.0,297.0,False,HARD,26.0,True,Kick Sauber,1,14.0,True,Japan,2024,False
BOT,96.944,49.0,4.0,34.93,43.286,18.728,277.0,299.0,260.0,301.0,False,HARD,27.0,True,Kick Sauber,1,14.0,True,Japan,2024,False
BOT,99.195,50.0,4.0,34.838,43.645,20.712,279.0,300.0,259.0,301.0,False,HARD,28.0,True,Kick Sauber,1,14.0,True,Japan,2024,False
BOT,97.156,51.0,4.0,34.963,43.492,18.701,279.0,300.0,255.0,300.0,False,HARD,29.0,True,Kick Sauber,1,14.0,True,Japan,2024,False
BOT,97.727,52.0,4.0,35.035,43.644,19.048,278.0,300.0,255.0,302.0,False,HARD,30.0,True,Kick Sauber,1,14.0,True,Japan,2024,False
OCO,140.237,3.0,2.0,76.397,44.751,19.089,273.0,299.0,255.0,302.0,True,HARD,2.0,True,Alpine,1,11.0,True,Japan,2024,True
OCO,99.541,4.0,2.0,36.369,44.208,18.964,273.0,299.0,254.0,300.0,True,HARD,3.0,True,Alpine,1,11.0,True,Japan,2024,False
OCO,100.081,5.0,2.0,36.454,44.473,19.154,273.0,300.0,254.0,302.0,False,HARD,4.0,True,Alpine,1,12.0,True,Japan,2024,False
OCO,100.496,6.0,2.0,36.78,44.623,19.093,271.0,299.0,253.0,300.0,False,HARD,5.0,True,Alpine,1,13.0,True,Japan,2024,False
OCO,99.744,7.0,2.0,36.288,44.462,18.994,269.0,298.0,254.0,298.0,False,HARD,6.0,True,Alpine,1,12.0,True,Japan,2024,False
OCO,100.009,8.0,2.0,36.225,44.638,19.146,269.0,297.0,253.0,296.0,False,HARD,7.0,True,Alpine,1,11.0,True,Japan,2024,False
OCO,100.294,9.0,2.0,36.268,44.745,19.281,270.0,296.0,252.0,294.0,False,HARD,8.0,True,Alpine,1,11.0,True,Japan,2024,False
OCO,100.315,10.0,2.0,36.333,44.822,19.16,271.0,297.0,252.0,295.0,False,HARD,9.0,True,Alpine,1,11.0,True,Japan,2024,False
OCO,100.371,11.0,2.0,36.426,44.729,19.216,271.0,294.0,252.0,294.0,False,HARD,10.0,True,Alpine,1,11.0,True,Japan,2024,False
OCO,100.56,12.0,2.0,36.536,44.765,19.259,271.0,295.0,253.0,295.0,False,HARD,11.0,True,Alpine,1,11.0,True,Japan,2024,False
OCO,101.341,13.0,2.0,37.253,44.865,19.223,271.0,297.0,254.0,297.0,False,HARD,12.0,True,Alpine,1,10.0,True,Japan,2024,False
OCO,100.787,14.0,2.0,36.925,44.652,19.21,273.0,298.0,254.0,300.0,False,HARD,13.0,True,Alpine,1,11.0,True,Japan,2024,False
OCO,100.961,15.0,2.0,37.115,44.645,19.201,272.0,300.0,254.0,301.0,False,HARD,14.0,True,Alpine,1,12.0,True,Japan,2024,False
OCO,100.692,16.0,2.0,37.008,44.508,19.176,272.0,301.0,254.0,300.0,False,HARD,15.0,True,Alpine,1,13.0,True,Japan,2024,False
OCO,100.929,17.0,2.0,36.929,44.763,19.237,274.0,301.0,254.0,298.0,False,HARD,16.0,True,Alpine,1,15.0,True,Japan,2024,False
OCO,100.737,18.0,2.0,37.084,44.553,19.1,272.0,301.0,253.0,300.0,False,HARD,17.0,True,Alpine,1,16.0,True,Japan,2024,False
OCO,102.283,19.0,2.0,36.254,44.342,21.687,271.0,300.0,256.0,297.0,False,HARD,18.0,True,Alpine,1,16.0,False,Japan,2024,False
OCO,118.375,20.0,3.0,55.949,43.653,18.773,272.0,296.0,255.0,292.0,False,HARD,1.0,True,Alpine,1,16.0,False,Japan,2024,True
OCO,97.716,21.0,3.0,35.355,43.59,18.771,273.0,296.0,256.0,292.0,True,HARD,2.0,True,Alpine,1,16.0,True,Japan,2024,False
OCO,97.775,22.0,3.0,35.349,43.541,18.885,272.0,296.0,255.0,292.0,False,HARD,3.0,True,Alpine,1,16.0,True,Japan,2024,False
OCO,99.219,23.0,3.0,36.493,43.786,18.94,273.0,299.0,257.0,297.0,False,HARD,4.0,True,Alpine,1,13.0,True,Japan,2024,False
OCO,98.924,24.0,3.0,36.307,43.744,18.873,273.0,301.0,256.0,298.0,False,HARD,5.0,True,Alpine,1,14.0,True,Japan,2024,False
OCO,99.084,25.0,3.0,36.212,43.955,18.917,273.0,300.0,256.0,298.0,False,HARD,6.0,True,Alpine,1,15.0,True,Japan,2024,False
OCO,98.611,26.0,3.0,35.898,43.795,18.918,273.0,299.0,255.0,296.0,False,HARD,7.0,True,Alpine,1,15.0,True,Japan,2024,False
OCO,98.943,27.0,3.0,36.166,43.859,18.918,273.0,301.0,256.0,297.0,False,HARD,8.0,True,Alpine,1,16.0,True,Japan,2024,False
OCO,98.612,28.0,3.0,35.712,43.966,18.934,274.0,300.0,254.0,298.0,False,HARD,9.0,True,Alpine,1,16.0,True,Japan,2024,False
OCO,98.702,29.0,3.0,35.779,43.978,18.945,274.0,299.0,255.0,297.0,False,HARD,10.0,True,Alpine,1,16.0,True,Japan,2024,False
OCO,98.499,30.0,3.0,35.656,43.933,18.91,274.0,299.0,255.0,297.0,False,HARD,11.0,True,Alpine,1,16.0,True,Japan,2024,False
OCO,98.662,31.0,3.0,35.716,43.98,18.966,273.0,299.0,255.0,299.0,False,HARD,12.0,True,Alpine,1,16.0,True,Japan,2024,False
OCO,98.366,32.0,3.0,35.533,43.946,18.887,274.0,299.0,255.0,298.0,False,HARD,13.0,True,Alpine,1,16.0,True,Japan,2024,False
OCO,100.764,33.0,3.0,35.559,43.754,21.451,274.0,298.0,256.0,298.0,False,HARD,14.0,True,Alpine,1,16.0,False,Japan,2024,False
OCO,117.831,34.0,4.0,55.964,43.297,18.57,275.0,298.0,258.0,295.0,False,MEDIUM,1.0,True,Alpine,1,16.0,False,Japan,2024,True
OCO,97.126,35.0,4.0,35.156,43.358,18.612,274.0,300.0,258.0,295.0,True,MEDIUM,2.0,True,Alpine,1,16.0,True,Japan,2024,False
OCO,96.983,36.0,4.0,35.117,43.291,18.575,275.0,299.0,258.0,297.0,True,MEDIUM,3.0,True,Alpine,1,16.0,True,Japan,2024,False
OCO,98.763,37.0,4.0,35.182,44.096,19.485,274.0,279.0,262.0,283.0,False,MEDIUM,4.0,True,Alpine,1,16.0,True,Japan,2024,False
OCO,96.714,38.0,4.0,34.88,43.199,18.635,280.0,301.0,256.0,301.0,True,MEDIUM,5.0,True,Alpine,1,16.0,True,Japan,2024,False
OCO,97.058,39.0,4.0,34.945,43.411,18.702,277.0,300.0,257.0,299.0,False,MEDIUM,6.0,True,Alpine,1,16.0,True,Japan,2024,False
OCO,97.58,40.0,4.0,35.037,43.406,19.137,276.0,300.0,239.0,290.0,False,MEDIUM,7.0,True,Alpine,1,16.0,True,Japan,2024,False
OCO,97.129,42.0,4.0,34.865,43.459,18.805,278.0,300.0,256.0,299.0,False,MEDIUM,9.0,True,Alpine,1,15.0,True,Japan,2024,False
OCO,97.478,43.0,4.0,35.112,43.498,18.868,275.0,300.0,248.0,297.0,False,MEDIUM,10.0,True,Alpine,1,15.0,True,Japan,2024,False
OCO,100.961,44.0,4.0,37.447,44.739,18.775,275.0,304.0,261.0,302.0,False,MEDIUM,11.0,True,Alpine,1,15.0,True,Japan,2024,False
OCO,96.983,45.0,4.0,34.933,43.237,18.813,279.0,301.0,259.0,302.0,False,MEDIUM,12.0,True,Alpine,1,15.0,True,Japan,2024,False
OCO,97.091,46.0,4.0,35.059,43.245,18.787,277.0,301.0,257.0,300.0,False,MEDIUM,13.0,True,Alpine,1,15.0,True,Japan,2024,False
OCO,97.381,47.0,4.0,35.056,43.458,18.867,276.0,300.0,257.0,299.0,False,MEDIUM,14.0,True,Alpine,1,15.0,True,Japan,2024,False
OCO,96.836,48.0,4.0,34.81,43.239,18.787,275.0,300.0,257.0,298.0,False,MEDIUM,15.0,True,Alpine,1,15.0,True,Japan,2024,False
OCO,96.691,49.0,4.0,34.735,43.248,18.708,276.0,300.0,257.0,297.0,True,MEDIUM,16.0,True,Alpine,1,15.0,True,Japan,2024,False
OCO,96.636,50.0,4.0,34.62,43.263,18.753,276.0,301.0,257.0,298.0,True,MEDIUM,17.0,True,Alpine,1,15.0,True,Japan,2024,False
OCO,96.831,51.0,4.0,34.767,43.263,18.801,275.0,301.0,257.0,298.0,False,MEDIUM,18.0,True,Alpine,1,15.0,True,Japan,2024,False
OCO,96.232,52.0,4.0,34.512,42.973,18.747,275.0,300.0,257.0,300.0,True,MEDIUM,19.0,True,Alpine,1,15.0,True,Japan,2024,False
GAS,138.362,3.0,2.0,74.063,45.103,19.196,273.0,300.0,257.0,298.0,True,HARD,2.0,True,Alpine,1,14.0,True,Japan,2024,True
GAS,99.925,4.0,2.0,36.68,44.41,18.835,271.0,301.0,260.0,296.0,True,HARD,3.0,True,Alpine,1,14.0,True,Japan,2024,False
GAS,99.473,5.0,2.0,36.122,44.509,18.842,274.0,301.0,255.0,304.0,True,HARD,4.0,True,Alpine,1,14.0,True,Japan,2024,False
GAS,100.257,6.0,2.0,36.667,44.516,19.074,271.0,301.0,257.0,302.0,False,HARD,5.0,True,Alpine,1,14.0,True,Japan,2024,False
GAS,100.248,7.0,2.0,36.461,44.726,19.061,270.0,300.0,253.0,300.0,False,HARD,6.0,True,Alpine,1,13.0,True,Japan,2024,False
GAS,101.363,8.0,2.0,37.525,44.759,19.079,269.0,300.0,253.0,300.0,False,HARD,7.0,True,Alpine,1,13.0,True,Japan,2024,False
GAS,100.78,9.0,2.0,36.84,44.704,19.236,270.0,299.0,253.0,299.0,False,HARD,8.0,True,Alpine,1,13.0,True,Japan,2024,False
GAS,101.117,10.0,2.0,36.846,44.878,19.393,267.0,298.0,249.0,291.0,False,HARD,9.0,True,Alpine,1,13.0,True,Japan,2024,False
GAS,101.628,11.0,2.0,37.365,45.056,19.207,271.0,298.0,252.0,298.0,False,HARD,10.0,True,Alpine,1,14.0,True,Japan,2024,False
GAS,101.107,12.0,2.0,36.798,45.061,19.248,270.0,297.0,254.0,300.0,False,HARD,11.0,True,Alpine,1,14.0,True,Japan,2024,False
GAS,102.475,13.0,2.0,37.619,45.216,19.64,273.0,298.0,250.0,300.0,False,HARD,12.0,True,Alpine,1,15.0,True,Japan,2024,False
GAS,101.773,14.0,2.0,37.405,45.186,19.182,272.0,297.0,253.0,299.0,False,HARD,13.0,True,Alpine,1,17.0,True,Japan,2024,False
GAS,101.38,15.0,2.0,37.047,45.092,19.241,271.0,298.0,252.0,300.0,False,HARD,14.0,True,Alpine,1,17.0,True,Japan,2024,False
GAS,103.476,16.0,2.0,36.884,44.836,21.756,271.0,298.0,256.0,296.0,False,HARD,15.0,True,Alpine,1,17.0,False,Japan,2024,False
GAS,118.732,17.0,3.0,56.331,43.543,18.858,274.0,295.0,255.0,297.0,False,MEDIUM,1.0,True,Alpine,1,17.0,False,Japan,2024,True
GAS,98.374,18.0,3.0,35.683,43.868,18.823,273.0,297.0,255.0,295.0,True,MEDIUM,2.0,True,Alpine,1,17.0,True,Japan,2024,False
GAS,98.599,19.0,3.0,35.764,43.918,18.917,272.0,298.0,254.0,294.0,False,MEDIUM,3.0,True,Alpine,1,17.0,True,Japan,2024,False
GAS,98.741,20.0,3.0,35.953,43.915,18.873,272.0,298.0,255.0,294.0,False,MEDIUM,4.0,True,Alpine,1,17.0,True,Japan,2024,False
GAS,98.415,21.0,3.0,35.664,43.851,18.9,273.0,298.0,255.0,294.0,False,MEDIUM,5.0,True,Alpine,1,17.0,True,Japan,2024,False
GAS,98.382,22.0,3.0,35.706,43.824,18.852,273.0,298.0,255.0,295.0,False,MEDIUM,6.0,True,Alpine,1,17.0,True,Japan,2024,False
GAS,99.816,23.0,3.0,36.281,44.48,19.055,271.0,299.0,255.0,298.0,False,MEDIUM,7.0,True,Alpine,1,17.0,True,Japan,2024,False
GAS,98.781,24.0,3.0,35.817,44.156,18.808,272.0,300.0,255.0,298.0,False,MEDIUM,8.0,True,Alpine,1,17.0,True,Japan,2024,False
GAS,99.034,25.0,3.0,35.854,44.108,19.072,274.0,299.0,254.0,297.0,False,MEDIUM,9.0,True,Alpine,1,17.0,True,Japan,2024,False
GAS,98.958,26.0,3.0,36.002,44.005,18.951,274.0,300.0,254.0,299.0,False,MEDIUM,10.0,True,Alpine,1,17.0,True,Japan,2024,False
GAS,98.902,27.0,3.0,35.94,43.985,18.977,273.0,301.0,255.0,299.0,False,MEDIUM,11.0,True,Alpine,1,17.0,True,Japan,2024,False
GAS,98.873,28.0,3.0,35.958,44.022,18.893,274.0,300.0,253.0,299.0,False,MEDIUM,12.0,True,Alpine,1,17.0,True,Japan,2024,False
GAS,99.052,29.0,3.0,36.038,44.122,18.892,274.0,299.0,255.0,298.0,False,MEDIUM,13.0,True,Alpine,1,17.0,True,Japan,2024,False
GAS,98.894,30.0,3.0,35.924,44.011,18.959,274.0,298.0,254.0,298.0,False,MEDIUM,14.0,True,Alpine,1,17.0,True,Japan,2024,False
GAS,99.45,31.0,3.0,36.074,44.302,19.074,273.0,299.0,253.0,299.0,False,MEDIUM,15.0,True,Alpine,1,17.0,True,Japan,2024,False
GAS,101.728,32.0,3.0,36.112,44.223,21.393,273.0,299.0,256.0,299.0,False,MEDIUM,16.0,True,Alpine,1,17.0,False,Japan,2024,False
GAS,117.833,33.0,4.0,55.446,43.566,18.821,275.0,299.0,257.0,298.0,False,HARD,1.0,True,Alpine,1,17.0,False,Japan,2024,True
GAS,98.671,34.0,4.0,35.397,43.833,19.441,275.0,276.0,261.0,288.0,False,HARD,2.0,True,Alpine,1,17.0,True,Japan,2024,False
GAS,97.656,35.0,4.0,35.565,43.366,18.725,277.0,301.0,257.0,301.0,True,HARD,3.0,True,Alpine,1,17.0,True,Japan,2024,False
GAS,97.283,36.0,4.0,35.261,43.349,18.673,276.0,299.0,257.0,300.0,True,HARD,4.0,True,Alpine,1,17.0,True,Japan,2024,False
GAS,98.426,37.0,4.0,36.064,43.658,18.704,250.0,302.0,256.0,300.0,False,HARD,5.0,True,Alpine,1,17.0,True,Japan,2024,False
GAS,96.756,38.0,4.0,34.95,43.183,18.623,276.0,301.0,256.0,301.0,True,HARD,6.0,True,Alpine,1,17.0,True,Japan,2024,False
GAS,100.223,39.0,4.0,36.267,43.762,20.194,244.0,303.0,259.0,298.0,False,HARD,7.0,True,Alpine,1,17.0,True,Japan,2024,False
GAS,98.072,40.0,4.0,35.041,44.271,18.76,278.0,304.0,262.0,305.0,False,HARD,8.0,True,Alpine,1,17.0,True,Japan,2024,False
GAS,97.014,42.0,4.0,34.965,43.408,18.641,274.0,301.0,257.0,297.0,False,HARD,10.0,True,Alpine,1,16.0,True,Japan,2024,False
GAS,96.799,43.0,4.0,35.047,43.044,18.708,275.0,301.0,255.0,298.0,False,HARD,11.0,True,Alpine,1,16.0,True,Japan,2024,False
GAS,97.201,44.0,4.0,35.111,43.19,18.9,275.0,301.0,256.0,299.0,False,HARD,12.0,True,Alpine,1,16.0,True,Japan,2024,False
GAS,96.942,45.0,4.0,35.011,43.136,18.795,276.0,299.0,257.0,299.0,False,HARD,13.0,True,Alpine,1,16.0,True,Japan,2024,False
GAS,96.997,46.0,4.0,35.067,43.222,18.708,275.0,300.0,257.0,299.0,False,HARD,14.0,True,Alpine,1,16.0,True,Japan,2024,False
GAS,96.759,47.0,4.0,34.987,43.131,18.641,275.0,300.0,257.0,300.0,False,HARD,15.0,True,Alpine,1,16.0,True,Japan,2024,False
GAS,96.642,48.0,4.0,34.847,43.208,18.587,275.0,300.0,257.0,300.0,True,HARD,16.0,True,Alpine,1,16.0,True,Japan,2024,False
GAS,98.65,49.0,4.0,34.862,44.189,19.599,276.0,267.0,246.0,284.0,False,HARD,17.0,True,Alpine,1,16.0,True,Japan,2024,False
GAS,100.961,50.0,4.0,37.653,44.508,18.8,205.0,303.0,257.0,302.0,False,HARD,18.0,True,Alpine,1,16.0,True,Japan,2024,False
GAS,97.721,51.0,4.0,35.321,43.56,18.84,277.0,302.0,257.0,301.0,False,HARD,19.0,True,Alpine,1,16.0,True,Japan,2024,False
GAS,97.505,52.0,4.0,35.149,43.604,18.752,276.0,301.0,256.0,301.0,False,HARD,20.0,True,Alpine,1,16.0,True,Japan,2024,False
SAR,132.603,3.0,2.0,67.556,45.219,19.828,272.0,303.0,253.0,284.0,True,HARD,2.0,True,Williams,1,18.0,True,Japan,2024,True
SAR,100.424,4.0,2.0,36.434,44.774,19.216,276.0,301.0,253.0,295.0,True,HARD,3.0,True,Williams,1,18.0,True,Japan,2024,False
SAR,99.668,5.0,2.0,36.207,44.33,19.131,276.0,303.0,253.0,300.0,True,HARD,4.0,True,Williams,1,17.0,True,Japan,2024,False
SAR,99.582,6.0,2.0,36.092,44.349,19.141,277.0,302.0,253.0,297.0,True,HARD,5.0,True,Williams,1,17.0,True,Japan,2024,False
SAR,100.055,7.0,2.0,36.282,44.698,19.075,275.0,301.0,252.0,298.0,False,HARD,6.0,True,Williams,1,15.0,True,Japan,2024,False
SAR,99.655,8.0,2.0,36.25,44.365,19.04,275.0,303.0,258.0,303.0,False,HARD,7.0,True,Williams,1,14.0,True,Japan,2024,False
SAR,100.871,9.0,2.0,36.826,44.553,19.492,277.0,305.0,254.0,303.0,False,HARD,8.0,True,Williams,1,14.0,True,Japan,2024,False
SAR,100.916,10.0,2.0,36.7,44.669,19.547,277.0,308.0,258.0,283.0,False,HARD,9.0,True,Williams,1,14.0,True,Japan,2024,False
SAR,99.348,11.0,2.0,35.793,44.379,19.176,275.0,297.0,253.0,295.0,False,HARD,10.0,True,Williams,1,13.0,True,Japan,2024,False
SAR,99.911,12.0,2.0,36.178,44.696,19.037,276.0,299.0,254.0,296.0,False,HARD,11.0,True,Williams,1,13.0,True,Japan,2024,False
SAR,100.197,13.0,2.0,36.308,44.799,19.09,277.0,299.0,256.0,300.0,False,HARD,12.0,True,Williams,1,12.0,True,Japan,2024,False
SAR,99.713,14.0,2.0,36.063,44.664,18.986,278.0,300.0,260.0,303.0,False,HARD,13.0,True,Williams,1,12.0,True,Japan,2024,False
SAR,99.368,15.0,2.0,35.94,44.433,18.995,276.0,300.0,254.0,299.0,True,HARD,14.0,True,Williams,1,11.0,True,Japan,2024,False
SAR,99.404,16.0,2.0,36.187,44.304,18.913,277.0,300.0,255.0,300.0,False,HARD,15.0,True,Williams,1,11.0,True,Japan,2024,False
SAR,99.216,17.0,2.0,36.019,44.312,18.885,278.0,301.0,255.0,301.0,True,HARD,16.0,True,Williams,1,11.0,True,Japan,2024,False
SAR,100.309,18.0,2.0,36.778,44.529,19.002,278.0,300.0,255.0,301.0,False,HARD,17.0,True,Williams,1,12.0,True,Japan,2024,False
SAR,99.537,19.0,2.0,36.269,44.285,18.983,277.0,302.0,259.0,302.0,False,HARD,18.0,True,Williams,1,12.0,True,Japan,2024,False
SAR,98.968,20.0,2.0,35.84,44.315,18.813,275.0,302.0,260.0,303.0,True,HARD,19.0,True,Williams,1,12.0,True,Japan,2024,False
SAR,99.612,21.0,2.0,36.089,44.653,18.87,276.0,301.0,259.0,300.0,False,HARD,20.0,True,Williams,1,12.0,True,Japan,2024,False
SAR,101.989,22.0,2.0,35.981,44.492,21.516,275.0,301.0,256.0,302.0,False,HARD,21.0,True,Williams,1,12.0,False,Japan,2024,False
SAR,121.843,23.0,3.0,59.193,43.806,18.844,278.0,301.0,259.0,301.0,False,HARD,1.0,True,Williams,1,16.0,False,Japan,2024,True
SAR,98.094,24.0,3.0,35.154,43.871,19.069,278.0,303.0,258.0,303.0,True,HARD,2.0,True,Williams,1,16.0,True,Japan,2024,False
SAR,98.43,25.0,3.0,35.477,43.867,19.086,275.0,305.0,262.0,306.0,False,HARD,3.0,True,Williams,1,16.0,True,Japan,2024,False
SAR,98.485,26.0,3.0,36.002,43.594,18.889,274.0,304.0,263.0,304.0,False,HARD,4.0,True,Williams,1,16.0,True,Japan,2024,False
SAR,96.59,27.0,3.0,34.705,43.223,18.662,274.0,301.0,255.0,299.0,True,HARD,5.0,True,Williams,1,15.0,True,Japan,2024,False
SAR,97.429,28.0,3.0,35.237,43.45,18.742,278.0,301.0,254.0,299.0,False,HARD,6.0,True,Williams,1,15.0,True,Japan,2024,False
SAR,97.679,29.0,3.0,35.398,43.48,18.801,278.0,301.0,255.0,299.0,False,HARD,7.0,True,Williams,1,15.0,True,Japan,2024,False
SAR,97.511,30.0,3.0,35.392,43.379,18.74,278.0,301.0,255.0,299.0,False,HARD,8.0,True,Williams,1,15.0,True,Japan,2024,False
SAR,97.495,31.0,3.0,35.395,43.345,18.755,278.0,301.0,255.0,302.0,False,HARD,9.0,True,Williams,1,15.0,True,Japan,2024,False
SAR,97.761,32.0,3.0,35.405,43.568,18.788,279.0,301.0,255.0,302.0,False,HARD,10.0,True,Williams,1,15.0,True,Japan,2024,False
SAR,98.166,33.0,3.0,35.552,43.742,18.872,280.0,302.0,255.0,302.0,False,HARD,11.0,True,Williams,1,15.0,True,Japan,2024,False
SAR,100.392,34.0,3.0,35.473,43.909,21.01,274.0,303.0,256.0,302.0,False,HARD,12.0,True,Williams,1,14.0,False,Japan,2024,False
SAR,116.181,35.0,4.0,55.541,42.269,18.371,281.0,301.0,259.0,298.0,False,MEDIUM,1.0,True,Williams,1,15.0,False,Japan,2024,True
SAR,95.497,36.0,4.0,34.28,42.681,18.536,280.0,301.0,258.0,295.0,True,MEDIUM,2.0,True,Williams,1,15.0,True,Japan,2024,False
SAR,96.103,37.0,4.0,34.776,42.808,18.519,281.0,301.0,257.0,299.0,False,MEDIUM,3.0,True,Williams,1,15.0,True,Japan,2024,False
SAR,96.149,38.0,4.0,34.663,42.897,18.589,280.0,302.0,257.0,297.0,False,MEDIUM,4.0,True,Williams,1,15.0,True,Japan,2024,False
SAR,96.25,39.0,4.0,34.824,42.88,18.546,280.0,302.0,257.0,297.0,False,MEDIUM,5.0,True,Williams,1,15.0,True,Japan,2024,False
SAR,96.282,40.0,4.0,34.792,43.001,18.489,280.0,301.0,257.0,300.0,False,MEDIUM,6.0,True,Williams,1,15.0,True,Japan,2024,False
SAR,115.171,42.0,5.0,54.541,42.14,18.49,281.0,301.0,257.0,298.0,False,SOFT,1.0,True,Williams,1,17.0,False,Japan,2024,True
SAR,94.9,43.0,5.0,34.268,42.201,18.431,280.0,300.0,257.0,298.0,True,SOFT,2.0,True,Williams,1,17.0,True,Japan,2024,False
SAR,95.087,44.0,5.0,34.258,42.339,18.49,281.0,300.0,256.0,298.0,False,SOFT,3.0,True,Williams,1,17.0,True,Japan,2024,False
SAR,95.35,45.0,5.0,34.427,42.489,18.434,280.0,299.0,257.0,298.0,False,SOFT,4.0,True,Williams,1,17.0,True,Japan,2024,False
SAR,95.778,46.0,5.0,34.664,42.607,18.507,280.0,297.0,256.0,297.0,False,SOFT,5.0,True,Williams,1,17.0,True,Japan,2024,False
SAR,95.701,47.0,5.0,34.592,42.569,18.54,281.0,299.0,257.0,298.0,False,SOFT,6.0,True,Williams,1,17.0,True,Japan,2024,False
SAR,95.837,48.0,5.0,34.679,42.754,18.404,280.0,300.0,257.0,298.0,False,SOFT,7.0,True,Williams,1,17.0,True,Japan,2024,False
SAR,95.619,49.0,5.0,34.393,42.789,18.437,281.0,301.0,257.0,299.0,False,SOFT,8.0,True,Williams,1,17.0,True,Japan,2024,False
SAR,95.49,50.0,5.0,34.275,42.751,18.464,282.0,302.0,256.0,299.0,False,SOFT,9.0,True,Williams,1,17.0,True,Japan,2024,False
SAR,95.233,51.0,5.0,34.224,42.566,18.443,281.0,302.0,259.0,299.0,False,SOFT,10.0,True,Williams,1,17.0,True,Japan,2024,False
SAR,97.715,52.0,5.0,34.322,44.842,18.551,281.0,302.0,256.0,299.0,False,SOFT,11.0,True,Williams,1,17.0,True,Japan,2024,False
ZHO,129.289,3.0,2.0,65.121,44.909,19.259,277.0,301.0,258.0,292.0,True,SOFT,2.0,True,Kick Sauber,1,16.0,True,Japan,2024,False
ZHO,100.228,4.0,2.0,36.656,44.602,18.97,272.0,302.0,260.0,302.0,True,SOFT,3.0,True,Kick Sauber,1,16.0,True,Japan,2024,False
ZHO,99.597,5.0,2.0,36.238,44.522,18.837,273.0,300.0,256.0,301.0,True,SOFT,4.0,True,Kick Sauber,1,16.0,True,Japan,2024,False
ZHO,99.991,6.0,2.0,36.364,44.705,18.922,267.0,300.0,257.0,302.0,False,SOFT,5.0,True,Kick Sauber,1,16.0,True,Japan,2024,False
ZHO,102.874,7.0,2.0,36.61,44.661,21.603,268.0,299.0,256.0,301.0,False,SOFT,6.0,True,Kick Sauber,1,16.0,False,Japan,2024,False
ZHO,118.402,8.0,3.0,56.403,43.265,18.734,270.0,292.0,251.0,291.0,False,HARD,1.0,True,Kick Sauber,1,18.0,False,Japan,2024,False
ZHO,97.16,9.0,3.0,35.194,43.257,18.709,273.0,293.0,252.0,292.0,True,HARD,2.0,True,Kick Sauber,1,18.0,True,Japan,2024,False
ZHO,97.5,10.0,3.0,35.186,43.455,18.859,269.0,295.0,252.0,288.0,False,HARD,3.0,True,Kick Sauber,1,18.0,True,Japan,2024,False
ZHO,101.117,11.0,3.0,35.334,43.688,22.095,269.0,292.0,256.0,288.0,False,HARD,4.0,True,Kick Sauber,1,18.0,False,Japan,2024,False
ZHO,128.193,12.0,4.0,59.412,46.811,21.97,265.0,287.0,256.0,285.0,False,HARD,5.0,False,Kick Sauber,1,18.0,False,Japan,2024,False
VER,100.103,2.0,1.0,26.651,30.091,43.361,267.0,261.0,254.0,308.0,True,MEDIUM,2.0,True,Red Bull Racing,1,1.0,True,China,2024,False
VER,100.494,3.0,1.0,27.011,30.19,43.293,269.0,263.0,254.0,307.0,False,MEDIUM,3.0,True,Red Bull Racing,1,1.0,True,China,2024,False
VER,100.573,4.0,1.0,26.923,30.187,43.463,271.0,259.0,254.0,307.0,False,MEDIUM,4.0,True,Red Bull Racing,1,1.0,True,China,2024,False
VER,100.919,5.0,1.0,27.106,30.299,43.514,272.0,260.0,254.0,307.0,False,MEDIUM,5.0,True,Red Bull Racing,1,1.0,True,China,2024,False
VER,101.147,6.0,1.0,27.114,30.431,43.602,272.0,262.0,254.0,308.0,False,MEDIUM,6.0,True,Red Bull Racing,1,1.0,True,China,2024,False
VER,101.118,7.0,1.0,27.164,30.362,43.592,272.0,265.0,255.0,309.0,False,MEDIUM,7.0,True,Red Bull Racing,1,1.0,True,China,2024,False
VER,101.11,8.0,1.0,27.129,30.395,43.586,271.0,263.0,255.0,309.0,False,MEDIUM,8.0,True,Red Bull Racing,1,1.0,True,China,2024,False
VER,101.155,9.0,1.0,27.111,30.392,43.652,272.0,265.0,255.0,308.0,False,MEDIUM,9.0,True,Red Bull Racing,1,1.0,True,China,2024,False
VER,101.424,10.0,1.0,27.172,30.519,43.733,272.0,263.0,255.0,308.0,False,MEDIUM,10.0,True,Red Bull Racing,1,1.0,True,China,2024,False
VER,101.401,11.0,1.0,27.17,30.646,43.585,271.0,263.0,255.0,308.0,False,MEDIUM,11.0,True,Red Bull Racing,1,1.0,True,China,2024,False
VER,101.318,12.0,1.0,27.121,30.558,43.639,272.0,262.0,255.0,308.0,False,MEDIUM,12.0,True,Red Bull Racing,1,1.0,True,China,2024,False
VER,106.526,13.0,1.0,27.05,30.576,48.9,273.0,264.0,258.0,310.0,False,MEDIUM,13.0,True,Red Bull Racing,1,1.0,False,China,2024,True
VER,119.074,14.0,2.0,45.631,30.099,43.344,268.0,266.0,254.0,332.0,False,HARD,1.0,True,Red Bull Racing,1,3.0,False,China,2024,True
VER,99.591,15.0,2.0,26.64,29.773,43.178,269.0,265.0,261.0,316.0,True,HARD,2.0,True,Red Bull Racing,1,3.0,True,China,2024,False
VER,99.985,16.0,2.0,26.616,30.137,43.232,277.0,262.0,255.0,310.0,False,HARD,3.0,True,Red Bull Racing,1,2.0,True,China,2024,False
VER,99.519,17.0,2.0,26.503,29.874,43.142,272.0,262.0,256.0,311.0,True,HARD,4.0,True,Red Bull Racing,1,2.0,True,China,2024,False
VER,100.07,18.0,2.0,26.781,30.075,43.214,266.0,260.0,256.0,312.0,False,HARD,5.0,True,Red Bull Racing,1,2.0,True,China,2024,False
VER,100.139,19.0,2.0,26.72,30.245,43.174,266.0,262.0,257.0,333.0,False,HARD,6.0,True,Red Bull Racing,1,1.0,True,China,2024,False
VER,100.081,20.0,2.0,26.759,29.937,43.385,267.0,264.0,256.0,309.0,False,HARD,7.0,True,Red Bull Racing,1,1.0,True,China,2024,False
VER,98.604,32.0,3.0,26.06,29.829,42.715,275.0,268.0,257.0,309.0,True,HARD,9.0,True,Red Bull Racing,1,1.0,True,China,2024,False
VER,98.406,33.0,3.0,26.22,29.365,42.821,273.0,265.0,258.0,307.0,True,HARD,10.0,True,Red Bull Racing,1,1.0,True,China,2024,False
VER,98.426,34.0,3.0,26.212,29.467,42.747,272.0,266.0,257.0,308.0,False,HARD,11.0,True,Red Bull Racing,1,1.0,True,China,2024,False
VER,98.765,35.0,3.0,26.531,29.475,42.759,273.0,266.0,258.0,308.0,False,HARD,12.0,True,Red Bull Racing,1,1.0,True,China,2024,False
VER,98.825,36.0,3.0,26.274,29.67,42.881,274.0,264.0,258.0,308.0,False,HARD,13.0,True,Red Bull Racing,1,1.0,True,China,2024,False
VER,98.801,37.0,3.0,26.374,29.635,42.792,275.0,267.0,258.0,309.0,False,HARD,14.0,True,Red Bull Racing,1,1.0,True,China,2024,False
VER,98.855,38.0,3.0,26.332,29.569,42.954,275.0,265.0,258.0,309.0,False,HARD,15.0,True,Red Bull Racing,1,1.0,True,China,2024,False
VER,98.742,39.0,3.0,26.312,29.65,42.78,276.0,267.0,259.0,309.0,False,HARD,16.0,True,Red Bull Racing,1,1.0,True,China,2024,False
VER,98.956,40.0,3.0,26.475,29.69,42.791,274.0,268.0,258.0,309.0,False,HARD,17.0,True,Red Bull Racing,1,1.0,True,China,2024,False
VER,99.067,41.0,3.0,26.48,29.614,42.973,275.0,268.0,258.0,309.0,False,HARD,18.0,True,Red Bull Racing,1,1.0,True,China,2024,False
VER,99.227,42.0,3.0,26.533,29.71,42.984,275.0,268.0,259.0,308.0,False,HARD,19.0,True,Red Bull Racing,1,1.0,True,China,2024,False
VER,99.224,43.0,3.0,26.429,29.694,43.101,275.0,268.0,259.0,308.0,False,HARD,20.0,True,Red Bull Racing,1,1.0,True,China,2024,False
VER,99.305,44.0,3.0,26.502,29.811,42.992,274.0,268.0,259.0,308.0,False,HARD,21.0,True,Red Bull Racing,1,1.0,True,China,2024,False
VER,99.216,45.0,3.0,26.507,29.629,43.08,274.0,268.0,259.0,308.0,False,HARD,22.0,True,Red Bull Racing,1,1.0,True,China,2024,False
VER,99.433,46.0,3.0,26.517,29.767,43.149,276.0,268.0,258.0,308.0,False,HARD,23.0,True,Red Bull Racing,1,1.0,True,China,2024,False
VER,99.422,47.0,3.0,26.62,29.721,43.081,275.0,267.0,258.0,309.0,False,HARD,24.0,True,Red Bull Racing,1,1.0,True,China,2024,False
VER,99.325,48.0,3.0,26.496,29.709,43.12,275.0,268.0,259.0,308.0,False,HARD,25.0,True,Red Bull Racing,1,1.0,True,China,2024,False
VER,99.35,49.0,3.0,26.492,29.719,43.139,275.0,269.0,259.0,307.0,False,HARD,26.0,True,Red Bull Racing,1,1.0,True,China,2024,False
VER,99.445,50.0,3.0,26.51,29.92,43.015,276.0,266.0,259.0,308.0,False,HARD,27.0,True,Red Bull Racing,1,1.0,True,China,2024,False
VER,99.276,51.0,3.0,26.484,29.775,43.017,276.0,267.0,258.0,308.0,False,HARD,28.0,True,Red Bull Racing,1,1.0,True,China,2024,False
VER,99.694,52.0,3.0,26.581,29.964,43.149,276.0,267.0,259.0,308.0,False,HARD,29.0,True,Red Bull Racing,1,1.0,True,China,2024,False
VER,99.654,53.0,3.0,26.533,29.985,43.136,276.0,268.0,259.0,309.0,False,HARD,30.0,True,Red Bull Racing,1,1.0,True,China,2024,False
VER,99.773,54.0,3.0,26.599,29.912,43.262,275.0,269.0,259.0,310.0,False,HARD,31.0,True,Red Bull Racing,1,1.0,True,China,2024,False
VER,99.805,55.0,3.0,26.714,29.867,43.224,277.0,269.0,259.0,309.0,False,HARD,32.0,True,Red Bull Racing,1,1.0,True,China,2024,False
VER,100.253,56.0,3.0,26.661,29.992,43.6,276.0,267.0,248.0,309.0,False,HARD,33.0,True,Red Bull Racing,1,1.0,True,China,2024,True
GAS,103.179,2.0,1.0,27.391,31.424,44.364,270.0,264.0,259.0,334.0,True,MEDIUM,2.0,True,Alpine,1,14.0,True,China,2024,False
GAS,103.012,3.0,1.0,27.238,31.321,44.453,270.0,262.0,258.0,329.0,True,MEDIUM,3.0,True,Alpine,1,14.0,True,China,2024,False
GAS,102.847,4.0,1.0,27.15,31.25,44.447,269.0,261.0,256.0,335.0,False,MEDIUM,4.0,True,Alpine,1,14.0,True,China,2024,False
GAS,103.552,5.0,1.0,27.593,31.399,44.56,267.0,265.0,256.0,329.0,False,MEDIUM,5.0,True,Alpine,1,14.0,True,China,2024,False
GAS,103.494,6.0,1.0,27.579,31.338,44.577,266.0,259.0,256.0,323.0,False,MEDIUM,6.0,True,Alpine,1,14.0,True,China,2024,False
GAS,103.352,7.0,1.0,27.528,31.299,44.525,267.0,260.0,258.0,326.0,False,MEDIUM,7.0,True,Alpine,1,14.0,True,China,2024,False
GAS,103.871,8.0,1.0,27.673,31.519,44.679,267.0,259.0,258.0,325.0,False,MEDIUM,8.0,True,Alpine,1,13.0,True,China,2024,False
GAS,103.691,9.0,1.0,27.522,31.562,44.607,269.0,259.0,257.0,323.0,False,MEDIUM,9.0,True,Alpine,1,10.0,True,China,2024,False
GAS,103.435,10.0,1.0,27.311,31.437,44.687,264.0,256.0,251.0,300.0,False,MEDIUM,10.0,True,Alpine,1,9.0,True,China,2024,False
GAS,108.722,11.0,1.0,27.727,31.204,49.791,264.0,258.0,258.0,300.0,False,MEDIUM,11.0,True,Alpine,1,11.0,False,China,2024,True
GAS,137.655,12.0,2.0,63.258,30.614,43.783,265.0,258.0,253.0,300.0,False,HARD,1.0,True,Alpine,1,20.0,False,China,2024,True
GAS,101.071,13.0,2.0,27.043,30.265,43.763,264.0,259.0,253.0,302.0,True,HARD,2.0,True,Alpine,1,20.0,True,China,2024,False
GAS,101.893,14.0,2.0,27.333,30.439,44.121,264.0,258.0,253.0,302.0,False,HARD,3.0,True,Alpine,1,20.0,True,China,2024,False
GAS,101.679,15.0,2.0,27.204,30.382,44.093,264.0,258.0,253.0,301.0,False,HARD,4.0,True,Alpine,1,20.0,True,China,2024,False
GAS,102.107,16.0,2.0,27.248,30.667,44.192,264.0,257.0,252.0,298.0,False,HARD,5.0,True,Alpine,1,20.0,True,China,2024,False
GAS,101.956,17.0,2.0,27.303,30.519,44.134,265.0,257.0,254.0,298.0,False,HARD,6.0,True,Alpine,1,20.0,True,China,2024,False
GAS,101.812,18.0,2.0,27.118,30.516,44.178,263.0,257.0,254.0,297.0,False,HARD,7.0,True,Alpine,1,19.0,True,China,2024,False
GAS,102.136,19.0,2.0,27.302,30.451,44.383,261.0,257.0,255.0,296.0,False,HARD,8.0,True,Alpine,1,19.0,True,China,2024,False
GAS,101.886,32.0,3.0,26.989,30.76,44.137,272.0,263.0,256.0,315.0,False,HARD,9.0,True,Alpine,1,16.0,True,China,2024,False
GAS,102.047,33.0,3.0,27.021,30.957,44.069,275.0,260.0,260.0,337.0,False,HARD,10.0,True,Alpine,1,14.0,True,China,2024,False
GAS,101.522,34.0,3.0,26.869,30.671,43.982,272.0,263.0,260.0,324.0,False,HARD,11.0,True,Alpine,1,14.0,True,China,2024,False
GAS,101.078,35.0,3.0,26.903,30.4,43.775,272.0,265.0,261.0,325.0,False,HARD,12.0,True,Alpine,1,14.0,True,China,2024,False
GAS,101.311,36.0,3.0,26.719,30.619,43.973,274.0,263.0,261.0,330.0,False,HARD,13.0,True,Alpine,1,14.0,True,China,2024,False
GAS,101.071,37.0,3.0,26.683,30.446,43.942,280.0,262.0,255.0,303.0,False,HARD,14.0,True,Alpine,1,13.0,True,China,2024,False
GAS,106.348,38.0,3.0,26.86,30.38,49.108,270.0,260.0,258.0,301.0,False,HARD,15.0,True,Alpine,1,16.0,False,China,2024,True
GAS,118.239,39.0,4.0,45.416,29.829,42.994,273.0,260.0,256.0,299.0,False,MEDIUM,1.0,True,Alpine,1,16.0,False,China,2024,True
GAS,99.198,40.0,4.0,26.381,29.724,43.093,266.0,259.0,257.0,297.0,True,MEDIUM,2.0,True,Alpine,1,16.0,True,China,2024,False
GAS,99.758,41.0,4.0,26.464,29.968,43.326,266.0,258.0,257.0,295.0,False,MEDIUM,3.0,True,Alpine,1,15.0,True,China,2024,False
GAS,100.024,42.0,4.0,26.735,29.824,43.465,266.0,260.0,256.0,297.0,False,MEDIUM,4.0,True,Alpine,1,15.0,True,China,2024,False
GAS,100.029,43.0,4.0,26.675,29.951,43.403,266.0,260.0,257.0,298.0,False,MEDIUM,5.0,True,Alpine,1,15.0,True,China,2024,False
GAS,99.906,44.0,4.0,26.647,29.95,43.309,266.0,260.0,257.0,298.0,False,MEDIUM,6.0,True,Alpine,1,15.0,True,China,2024,False
GAS,100.065,45.0,4.0,26.604,30.016,43.445,267.0,260.0,256.0,299.0,False,MEDIUM,7.0,True,Alpine,1,15.0,True,China,2024,False
GAS,100.25,46.0,4.0,26.703,29.977,43.57,267.0,260.0,257.0,300.0,False,MEDIUM,8.0,True,Alpine,1,15.0,True,China,2024,False
GAS,100.397,47.0,4.0,26.674,29.913,43.81,270.0,269.0,262.0,305.0,False,MEDIUM,9.0,True,Alpine,1,15.0,True,China,2024,False
GAS,101.551,48.0,4.0,26.507,31.408,43.636,273.0,262.0,255.0,325.0,False,MEDIUM,10.0,True,Alpine,1,14.0,True,China,2024,False
GAS,100.305,49.0,4.0,26.766,30.071,43.468,266.0,259.0,257.0,297.0,False,MEDIUM,11.0,True,Alpine,1,14.0,True,China,2024,False
GAS,100.138,50.0,4.0,26.558,30.127,43.453,267.0,259.0,257.0,300.0,False,MEDIUM,12.0,True,Alpine,1,14.0,True,China,2024,False
GAS,100.497,51.0,4.0,26.744,30.177,43.576,268.0,260.0,257.0,301.0,False,MEDIUM,13.0,True,Alpine,1,14.0,True,China,2024,False
GAS,101.052,52.0,4.0,26.827,30.393,43.832,269.0,260.0,261.0,321.0,False,MEDIUM,14.0,True,Alpine,1,14.0,True,China,2024,False
GAS,101.373,53.0,4.0,26.98,30.549,43.844,275.0,262.0,256.0,301.0,False,MEDIUM,15.0,True,Alpine,1,13.0,True,China,2024,False
GAS,100.727,54.0,4.0,26.831,30.209,43.687,270.0,263.0,256.0,304.0,False,MEDIUM,16.0,True,Alpine,1,13.0,True,China,2024,False
GAS,100.737,55.0,4.0,26.799,30.2,43.738,274.0,268.0,256.0,304.0,False,MEDIUM,17.0,True,Alpine,1,13.0,True,China,2024,False
GAS,100.819,56.0,4.0,26.803,30.336,43.68,275.0,267.0,258.0,304.0,False,MEDIUM,18.0,True,Alpine,1,13.0,True,China,2024,False
PER,100.881,2.0,1.0,26.856,30.498,43.527,271.0,266.0,260.0,331.0,True,MEDIUM,2.0,True,Red Bull Racing,1,3.0,True,China,2024,False
PER,100.973,3.0,1.0,27.004,30.644,43.325,273.0,267.0,260.0,329.0,False,MEDIUM,3.0,True,Red Bull Racing,1,3.0,True,China,2024,False
PER,101.604,4.0,1.0,27.0,30.985,43.619,271.0,266.0,260.0,331.0,False,MEDIUM,4.0,True,Red Bull Racing,1,3.0,True,China,2024,False
PER,101.625,5.0,1.0,26.937,30.787,43.901,280.0,257.0,254.0,305.0,False,MEDIUM,5.0,True,Red Bull Racing,1,2.0,True,China,2024,False
PER,101.656,6.0,1.0,27.19,30.742,43.724,270.0,259.0,255.0,309.0,False,MEDIUM,6.0,True,Red Bull Racing,1,2.0,True,China,2024,False
PER,101.583,7.0,1.0,27.096,30.603,43.884,269.0,262.0,254.0,309.0,False,MEDIUM,7.0,True,Red Bull Racing,1,2.0,True,China,2024,False
PER,101.713,8.0,1.0,27.121,30.761,43.831,267.0,257.0,253.0,306.0,False,MEDIUM,8.0,True,Red Bull Racing,1,2.0,True,China,2024,False
PER,101.768,9.0,1.0,27.242,30.619,43.907,269.0,260.0,253.0,310.0,False,MEDIUM,9.0,True,Red Bull Racing,1,2.0,True,China,2024,False
PER,101.84,10.0,1.0,27.198,30.848,43.794,271.0,263.0,253.0,309.0,False,MEDIUM,10.0,True,Red Bull Racing,1,2.0,True,China,2024,False
PER,101.767,11.0,1.0,27.22,30.826,43.721,269.0,261.0,254.0,308.0,False,MEDIUM,11.0,True,Red Bull Racing,1,2.0,True,China,2024,False
PER,102.266,12.0,1.0,27.442,30.963,43.861,273.0,263.0,255.0,309.0,False,MEDIUM,12.0,True,Red Bull Racing,1,2.0,True,China,2024,False
PER,106.866,13.0,1.0,27.325,30.895,48.646,274.0,264.0,258.0,310.0,False,MEDIUM,13.0,True,Red Bull Racing,1,3.0,False,China,2024,True
PER,118.255,14.0,2.0,45.143,29.986,43.126,269.0,261.0,254.0,310.0,False,HARD,1.0,True,Red Bull Racing,1,6.0,False,China,2024,True
PER,100.038,15.0,2.0,26.702,30.175,43.161,271.0,264.0,257.0,314.0,True,HARD,2.0,True,Red Bull Racing,1,6.0,True,China,2024,False
PER,100.556,16.0,2.0,26.763,30.254,43.539,275.0,267.0,261.0,312.0,False,HARD,3.0,True,Red Bull Racing,1,5.0,True,China,2024,False
PER,102.103,17.0,2.0,26.834,31.213,44.056,279.0,262.0,251.0,334.0,False,HARD,4.0,True,Red Bull Racing,1,4.0,True,China,2024,False
PER,100.199,18.0,2.0,26.92,30.085,43.194,271.0,265.0,257.0,311.0,False,HARD,5.0,True,Red Bull Racing,1,4.0,True,China,2024,False
PER,100.313,19.0,2.0,26.929,30.099,43.285,270.0,262.0,256.0,310.0,False,HARD,6.0,True,Red Bull Racing,1,4.0,True,China,2024,False
PER,99.731,32.0,3.0,26.494,29.952,43.285,279.0,269.0,257.0,313.0,True,HARD,9.0,True,Red Bull Racing,1,4.0,True,China,2024,False
PER,99.388,33.0,3.0,26.362,29.915,43.111,275.0,267.0,265.0,330.0,True,HARD,10.0,True,Red Bull Racing,1,4.0,True,China,2024,False
PER,99.512,34.0,3.0,26.285,30.083,43.144,278.0,271.0,263.0,328.0,False,HARD,11.0,True,Red Bull Racing,1,4.0,True,China,2024,False
PER,99.698,35.0,3.0,26.499,30.179,43.02,279.0,271.0,263.0,330.0,False,HARD,12.0,True,Red Bull Racing,1,4.0,True,China,2024,False
PER,99.68,36.0,3.0,26.338,30.29,43.052,280.0,268.0,263.0,330.0,False,HARD,13.0,True,Red Bull Racing,1,4.0,True,China,2024,False
PER,100.005,37.0,3.0,26.445,30.243,43.317,280.0,270.0,264.0,331.0,False,HARD,14.0,True,Red Bull Racing,1,4.0,True,China,2024,False
PER,100.068,38.0,3.0,26.507,30.385,43.176,281.0,269.0,264.0,331.0,False,HARD,15.0,True,Red Bull Racing,1,4.0,True,China,2024,False
PER,99.409,39.0,3.0,26.318,30.089,43.002,282.0,268.0,257.0,310.0,False,HARD,16.0,True,Red Bull Racing,1,3.0,True,China,2024,False
PER,99.687,40.0,3.0,26.606,29.917,43.164,275.0,268.0,256.0,309.0,False,HARD,17.0,True,Red Bull Racing,1,3.0,True,China,2024,False
PER,99.599,41.0,3.0,26.6,29.953,43.046,274.0,268.0,258.0,307.0,False,HARD,18.0,True,Red Bull Racing,1,3.0,True,China,2024,False
PER,99.521,42.0,3.0,26.403,29.976,43.142,275.0,268.0,259.0,309.0,False,HARD,19.0,True,Red Bull Racing,1,3.0,True,China,2024,False
PER,99.607,43.0,3.0,26.529,29.899,43.179,275.0,268.0,259.0,310.0,False,HARD,20.0,True,Red Bull Racing,1,3.0,True,China,2024,False
PER,99.722,44.0,3.0,26.487,30.023,43.212,273.0,267.0,257.0,309.0,False,HARD,21.0,True,Red Bull Racing,1,3.0,True,China,2024,False
PER,99.849,45.0,3.0,26.591,30.005,43.253,274.0,268.0,258.0,310.0,False,HARD,22.0,True,Red Bull Racing,1,3.0,True,China,2024,False
PER,99.966,46.0,3.0,26.686,30.091,43.189,276.0,268.0,258.0,310.0,False,HARD,23.0,True,Red Bull Racing,1,3.0,True,China,2024,False
PER,99.955,47.0,3.0,26.66,30.006,43.289,276.0,268.0,258.0,309.0,False,HARD,24.0,True,Red Bull Racing,1,3.0,True,China,2024,False
PER,99.961,48.0,3.0,26.647,29.974,43.34,277.0,269.0,259.0,309.0,False,HARD,25.0,True,Red Bull Racing,1,3.0,True,China,2024,False
PER,99.903,49.0,3.0,26.588,29.988,43.327,277.0,269.0,259.0,309.0,False,HARD,26.0,True,Red Bull Racing,1,3.0,True,China,2024,False
PER,100.052,50.0,3.0,26.645,30.112,43.295,278.0,268.0,258.0,309.0,False,HARD,27.0,True,Red Bull Racing,1,3.0,True,China,2024,False
PER,99.906,51.0,3.0,26.57,30.025,43.311,277.0,268.0,259.0,309.0,False,HARD,28.0,True,Red Bull Racing,1,3.0,True,China,2024,False
PER,100.123,52.0,3.0,26.576,30.17,43.377,278.0,268.0,257.0,309.0,False,HARD,29.0,True,Red Bull Racing,1,3.0,True,China,2024,False
PER,100.196,53.0,3.0,26.729,30.113,43.354,277.0,269.0,258.0,310.0,False,HARD,30.0,True,Red Bull Racing,1,3.0,True,China,2024,False
PER,100.228,54.0,3.0,26.692,30.202,43.334,277.0,270.0,258.0,311.0,False,HARD,31.0,True,Red Bull Racing,1,3.0,True,China,2024,False
PER,100.593,55.0,3.0,26.768,30.179,43.646,278.0,270.0,257.0,310.0,False,HARD,32.0,True,Red Bull Racing,1,3.0,True,China,2024,True
PER,100.65,56.0,3.0,26.891,30.202,43.557,277.0,270.0,258.0,309.0,False,HARD,33.0,True,Red Bull Racing,1,3.0,True,China,2024,True
ALO,101.128,2.0,1.0,26.834,30.45,43.844,269.0,268.0,255.0,303.0,True,MEDIUM,2.0,True,Aston Martin,1,2.0,True,China,2024,False
ALO,100.988,3.0,1.0,26.859,30.616,43.513,274.0,267.0,253.0,309.0,True,MEDIUM,3.0,True,Aston Martin,1,2.0,True,China,2024,False
ALO,101.579,4.0,1.0,27.063,30.734,43.782,269.0,264.0,253.0,308.0,False,MEDIUM,4.0,True,Aston Martin,1,2.0,True,China,2024,False
ALO,103.06,5.0,1.0,27.323,31.673,44.064,271.0,267.0,259.0,325.0,False,MEDIUM,5.0,True,Aston Martin,1,3.0,True,China,2024,False
ALO,102.363,6.0,1.0,27.069,31.125,44.169,273.0,266.0,254.0,312.0,False,MEDIUM,6.0,True,Aston Martin,1,3.0,True,China,2024,False
ALO,103.817,7.0,1.0,27.371,31.2,45.246,268.0,266.0,258.0,311.0,False,MEDIUM,7.0,True,Aston Martin,1,4.0,True,China,2024,False
ALO,103.132,8.0,1.0,27.391,31.299,44.442,271.0,266.0,253.0,311.0,False,MEDIUM,8.0,True,Aston Martin,1,4.0,True,China,2024,False
ALO,102.946,9.0,1.0,27.552,31.167,44.227,268.0,266.0,254.0,311.0,False,MEDIUM,9.0,True,Aston Martin,1,4.0,True,China,2024,False
ALO,103.083,10.0,1.0,27.571,31.284,44.228,269.0,265.0,253.0,309.0,False,MEDIUM,10.0,True,Aston Martin,1,4.0,True,China,2024,False
ALO,108.048,11.0,1.0,27.51,31.228,49.31,268.0,265.0,258.0,308.0,False,MEDIUM,11.0,True,Aston Martin,1,7.0,False,China,2024,True
ALO,120.05,12.0,2.0,45.68,30.787,43.583,267.0,267.0,255.0,329.0,False,HARD,1.0,True,Aston Martin,1,9.0,False,China,2024,True
ALO,102.256,13.0,2.0,26.72,31.577,43.959,278.0,255.0,255.0,335.0,False,HARD,2.0,True,Aston Martin,1,8.0,True,China,2024,False
ALO,100.944,14.0,2.0,26.921,30.309,43.714,270.0,267.0,255.0,311.0,True,HARD,3.0,True,Aston Martin,1,7.0,True,China,2024,False
ALO,100.983,15.0,2.0,26.81,30.316,43.857,272.0,268.0,255.0,311.0,False,HARD,4.0,True,Aston Martin,1,7.0,True,China,2024,False
ALO,101.274,16.0,2.0,26.819,30.502,43.953,270.0,267.0,255.0,307.0,False,HARD,5.0,True,Aston Martin,1,7.0,True,China,2024,False
ALO,101.251,17.0,2.0,26.859,30.484,43.908,270.0,267.0,256.0,308.0,False,HARD,6.0,True,Aston Martin,1,6.0,True,China,2024,False
ALO,101.229,18.0,2.0,26.948,30.472,43.809,270.0,266.0,257.0,309.0,False,HARD,7.0,True,Aston Martin,1,5.0,True,China,2024,False
ALO,101.459,19.0,2.0,26.93,30.507,44.022,270.0,267.0,257.0,308.0,False,HARD,8.0,True,Aston Martin,1,5.0,True,China,2024,False
ALO,100.19,32.0,3.0,26.552,30.149,43.489,276.0,271.0,258.0,315.0,True,SOFT,9.0,True,Aston Martin,1,5.0,True,China,2024,False
ALO,99.48,33.0,3.0,26.546,29.893,43.041,270.0,271.0,265.0,327.0,True,SOFT,10.0,True,Aston Martin,1,5.0,True,China,2024,False
ALO,99.452,34.0,3.0,26.422,29.964,43.066,276.0,272.0,266.0,329.0,True,SOFT,11.0,True,Aston Martin,1,5.0,True,China,2024,False
ALO,99.817,35.0,3.0,26.507,30.203,43.107,276.0,271.0,264.0,333.0,False,SOFT,12.0,True,Aston Martin,1,5.0,True,China,2024,False
ALO,100.638,36.0,3.0,26.637,30.312,43.689,276.0,269.0,258.0,312.0,False,SOFT,13.0,True,Aston Martin,1,5.0,True,China,2024,False
ALO,100.4,37.0,3.0,26.77,30.271,43.359,275.0,269.0,259.0,311.0,False,SOFT,14.0,True,Aston Martin,1,5.0,True,China,2024,False
ALO,100.119,38.0,3.0,26.763,30.127,43.229,274.0,269.0,258.0,313.0,False,SOFT,15.0,True,Aston Martin,1,5.0,True,China,2024,False
ALO,100.447,39.0,3.0,26.81,30.192,43.445,274.0,270.0,258.0,312.0,False,SOFT,16.0,True,Aston Martin,1,5.0,True,China,2024,False
ALO,100.693,40.0,3.0,26.836,30.395,43.462,273.0,269.0,257.0,310.0,False,SOFT,17.0,True,Aston Martin,1,5.0,True,China,2024,False
ALO,100.819,41.0,3.0,26.929,30.338,43.552,274.0,270.0,259.0,308.0,False,SOFT,18.0,True,Aston Martin,1,5.0,True,China,2024,False
ALO,100.794,42.0,3.0,26.912,30.407,43.475,273.0,269.0,259.0,308.0,False,SOFT,19.0,True,Aston Martin,1,5.0,True,China,2024,False
ALO,105.953,43.0,3.0,26.941,30.254,48.758,273.0,269.0,258.0,307.0,False,SOFT,20.0,True,Aston Martin,1,7.0,False,China,2024,True
ALO,117.277,44.0,4.0,45.357,29.422,42.498,275.0,271.0,261.0,308.0,False,MEDIUM,1.0,True,Aston Martin,1,12.0,False,China,2024,True
ALO,97.81,45.0,4.0,26.106,29.306,42.398,276.0,261.0,259.0,332.0,True,MEDIUM,2.0,True,Aston Martin,1,11.0,True,China,2024,False
ALO,99.559,46.0,4.0,26.37,30.123,43.066,277.0,271.0,259.0,310.0,False,MEDIUM,3.0,True,Aston Martin,1,10.0,True,China,2024,False
ALO,99.963,47.0,4.0,26.627,30.342,42.994,271.0,269.0,260.0,335.0,False,MEDIUM,4.0,True,Aston Martin,1,9.0,True,China,2024,False
ALO,99.837,48.0,4.0,26.62,29.807,43.41,277.0,271.0,255.0,331.0,False,MEDIUM,5.0,True,Aston Martin,1,9.0,True,China,2024,False
ALO,99.403,49.0,4.0,26.485,29.94,42.978,279.0,271.0,260.0,333.0,False,MEDIUM,6.0,True,Aston Martin,1,7.0,True,China,2024,False
ALO,99.174,50.0,4.0,26.46,29.793,42.921,276.0,270.0,260.0,307.0,False,MEDIUM,7.0,True,Aston Martin,1,7.0,True,China,2024,False
ALO,99.487,51.0,4.0,26.457,29.983,43.047,275.0,269.0,260.0,307.0,False,MEDIUM,8.0,True,Aston Martin,1,7.0,True,China,2024,False
ALO,99.396,52.0,4.0,26.333,29.858,43.205,274.0,270.0,259.0,307.0,False,MEDIUM,9.0,True,Aston Martin,1,7.0,True,China,2024,False
ALO,99.557,53.0,4.0,26.571,29.849,43.137,275.0,271.0,260.0,309.0,False,MEDIUM,10.0,True,Aston Martin,1,7.0,True,China,2024,False
ALO,100.377,54.0,4.0,26.704,30.061,43.612,275.0,271.0,259.0,310.0,False,MEDIUM,11.0,True,Aston Martin,1,7.0,True,China,2024,False
ALO,100.056,55.0,4.0,26.627,30.198,43.231,276.0,271.0,260.0,308.0,False,MEDIUM,12.0,True,Aston Martin,1,7.0,True,China,2024,False
ALO,100.249,56.0,4.0,26.832,30.149,43.268,278.0,271.0,260.0,307.0,False,MEDIUM,13.0,True,Aston Martin,1,7.0,True,China,2024,False
LEC,101.812,2.0,1.0,27.305,30.812,43.695,271.0,265.0,260.0,330.0,True,MEDIUM,2.0,True,Ferrari,1,7.0,True,China,2024,False
LEC,102.09,3.0,1.0,27.068,31.135,43.887,271.0,265.0,256.0,311.0,False,MEDIUM,3.0,True,Ferrari,1,7.0,True,China,2024,False
LEC,102.22,4.0,1.0,27.289,30.941,43.99,274.0,265.0,255.0,327.0,False,MEDIUM,4.0,True,Ferrari,1,7.0,True,China,2024,False
LEC,102.095,5.0,1.0,27.308,30.886,43.901,270.0,267.0,255.0,325.0,False,MEDIUM,5.0,True,Ferrari,1,7.0,True,China,2024,False
LEC,102.322,6.0,1.0,27.267,31.156,43.899,273.0,265.0,261.0,330.0,False,MEDIUM,6.0,True,Ferrari,1,7.0,True,China,2024,False
LEC,102.417,7.0,1.0,27.201,31.213,44.003,275.0,267.0,260.0,333.0,False,MEDIUM,7.0,True,Ferrari,1,7.0,True,China,2024,False
LEC,102.969,8.0,1.0,27.283,31.48,44.206,275.0,267.0,260.0,332.0,False,MEDIUM,8.0,True,Ferrari,1,7.0,True,China,2024,True
LEC,102.189,9.0,1.0,27.245,30.805,44.139,272.0,266.0,254.0,315.0,False,MEDIUM,9.0,True,Ferrari,1,6.0,True,China,2024,False
LEC,102.324,10.0,1.0,27.238,31.145,43.941,274.0,266.0,260.0,328.0,False,MEDIUM,10.0,True,Ferrari,1,6.0,True,China,2024,False
LEC,102.128,11.0,1.0,27.066,31.372,43.69,272.0,265.0,260.0,329.0,False,MEDIUM,11.0,True,Ferrari,1,4.0,True,China,2024,False
LEC,101.939,12.0,1.0,27.165,30.859,43.915,269.0,261.0,255.0,305.0,False,MEDIUM,12.0,True,Ferrari,1,4.0,True,China,2024,False
LEC,102.079,13.0,1.0,27.348,30.754,43.977,271.0,263.0,255.0,308.0,False,MEDIUM,13.0,True,Ferrari,1,4.0,True,China,2024,False
LEC,101.812,14.0,1.0,27.246,30.685,43.881,271.0,263.0,255.0,309.0,False,MEDIUM,14.0,True,Ferrari,1,2.0,True,China,2024,False
LEC,101.864,15.0,1.0,27.212,30.784,43.868,271.0,265.0,255.0,310.0,False,MEDIUM,15.0,True,Ferrari,1,2.0,True,China,2024,False
LEC,102.729,16.0,1.0,27.237,31.529,43.963,273.0,266.0,254.0,310.0,False,MEDIUM,16.0,True,Ferrari,1,3.0,True,China,2024,False
LEC,101.979,17.0,1.0,27.306,30.845,43.828,273.0,265.0,255.0,309.0,False,MEDIUM,17.0,True,Ferrari,1,3.0,True,China,2024,False
LEC,102.114,18.0,1.0,27.442,30.799,43.873,272.0,265.0,256.0,309.0,False,MEDIUM,18.0,True,Ferrari,1,3.0,True,China,2024,False
LEC,101.982,19.0,1.0,27.275,30.764,43.943,273.0,265.0,256.0,308.0,False,MEDIUM,19.0,True,Ferrari,1,3.0,True,China,2024,False
LEC,99.525,32.0,2.0,26.515,29.931,43.079,277.0,267.0,257.0,309.0,True,HARD,11.0,True,Ferrari,1,3.0,True,China,2024,False
LEC,99.384,33.0,2.0,26.529,29.829,43.026,275.0,268.0,257.0,309.0,True,HARD,12.0,True,Ferrari,1,3.0,True,China,2024,False
LEC,99.561,34.0,2.0,26.526,29.914,43.121,276.0,268.0,257.0,310.0,False,HARD,13.0,True,Ferrari,1,3.0,True,China,2024,False
LEC,99.707,35.0,2.0,26.68,29.951,43.076,275.0,269.0,257.0,309.0,False,HARD,14.0,True,Ferrari,1,3.0,True,China,2024,False
LEC,99.775,36.0,2.0,26.525,30.025,43.225,275.0,266.0,258.0,308.0,False,HARD,15.0,True,Ferrari,1,3.0,True,China,2024,False
LEC,100.04,37.0,2.0,26.585,30.103,43.352,273.0,265.0,259.0,309.0,False,HARD,16.0,True,Ferrari,1,3.0,True,China,2024,False
LEC,100.058,38.0,2.0,26.762,30.046,43.25,272.0,264.0,258.0,307.0,False,HARD,17.0,True,Ferrari,1,3.0,True,China,2024,False
LEC,100.789,39.0,2.0,26.666,30.922,43.201,273.0,265.0,264.0,324.0,False,HARD,18.0,True,Ferrari,1,4.0,True,China,2024,False
LEC,99.731,40.0,2.0,26.506,30.181,43.044,271.0,266.0,263.0,325.0,False,HARD,19.0,True,Ferrari,1,4.0,True,China,2024,False
LEC,99.625,41.0,2.0,26.415,30.217,42.993,275.0,269.0,265.0,327.0,False,HARD,20.0,True,Ferrari,1,4.0,True,China,2024,False
LEC,99.906,42.0,2.0,26.532,30.169,43.205,277.0,269.0,259.0,311.0,False,HARD,21.0,True,Ferrari,1,4.0,True,China,2024,False
LEC,99.908,43.0,2.0,26.691,29.998,43.219,276.0,269.0,258.0,310.0,False,HARD,22.0,True,Ferrari,1,4.0,True,China,2024,False
LEC,99.841,44.0,2.0,26.662,30.01,43.169,275.0,268.0,258.0,310.0,False,HARD,23.0,True,Ferrari,1,4.0,True,China,2024,False
LEC,100.025,45.0,2.0,26.729,30.136,43.16,277.0,268.0,258.0,311.0,False,HARD,24.0,True,Ferrari,1,4.0,True,China,2024,False
LEC,100.224,46.0,2.0,26.857,30.073,43.294,278.0,268.0,258.0,310.0,False,HARD,25.0,True,Ferrari,1,4.0,True,China,2024,False
LEC,100.316,47.0,2.0,26.713,30.036,43.567,276.0,269.0,258.0,310.0,False,HARD,26.0,True,Ferrari,1,4.0,True,China,2024,False
LEC,100.158,48.0,2.0,26.759,30.021,43.378,276.0,268.0,259.0,309.0,False,HARD,27.0,True,Ferrari,1,4.0,True,China,2024,False
LEC,100.423,49.0,2.0,26.786,30.17,43.467,276.0,269.0,258.0,308.0,False,HARD,28.0,True,Ferrari,1,4.0,True,China,2024,False
LEC,100.337,50.0,2.0,26.803,30.307,43.227,276.0,268.0,259.0,308.0,False,HARD,29.0,True,Ferrari,1,4.0,True,China,2024,False
LEC,100.205,51.0,2.0,26.813,30.091,43.301,276.0,269.0,259.0,309.0,False,HARD,30.0,True,Ferrari,1,4.0,True,China,2024,False
LEC,100.453,52.0,2.0,26.834,30.289,43.33,276.0,268.0,259.0,309.0,False,HARD,31.0,True,Ferrari,1,4.0,True,China,2024,False
LEC,100.366,53.0,2.0,26.81,30.117,43.439,275.0,269.0,259.0,309.0,False,HARD,32.0,True,Ferrari,1,4.0,True,China,2024,False
LEC,100.171,54.0,2.0,26.82,30.075,43.276,275.0,270.0,260.0,310.0,False,HARD,33.0,True,Ferrari,1,4.0,True,China,2024,False
LEC,100.882,55.0,2.0,27.018,30.42,43.444,276.0,269.0,259.0,309.0,False,HARD,34.0,True,Ferrari,1,4.0,True,China,2024,True
LEC,100.568,56.0,2.0,26.873,30.305,43.39,276.0,270.0,260.0,308.0,False,HARD,35.0,True,Ferrari,1,4.0,True,China,2024,False
STR,102.326,2.0,1.0,27.41,30.922,43.994,279.0,270.0,259.0,335.0,True,SOFT,2.0,True,Aston Martin,1,9.0,True,China,2024,False
STR,102.305,3.0,1.0,27.167,31.063,44.075,275.0,268.0,254.0,331.0,True,SOFT,3.0,True,Aston Martin,1,9.0,True,China,2024,False
STR,102.556,4.0,1.0,27.311,30.88,44.365,268.0,263.0,253.0,308.0,False,SOFT,4.0,True,Aston Martin,1,9.0,True,China,2024,False
STR,102.984,5.0,1.0,27.387,31.215,44.382,271.0,266.0,253.0,310.0,False,SOFT,5.0,True,Aston Martin,1,9.0,True,China,2024,False
STR,103.277,6.0,1.0,27.427,31.431,44.419,270.0,265.0,254.0,311.0,False,SOFT,6.0,True,Aston Martin,1,9.0,True,China,2024,False
STR,103.261,7.0,1.0,27.39,31.28,44.591,270.0,265.0,253.0,311.0,False,SOFT,7.0,True,Aston Martin,1,9.0,True,China,2024,False
STR,103.068,8.0,1.0,27.53,31.045,44.493,269.0,264.0,253.0,310.0,False,SOFT,8.0,True,Aston Martin,1,9.0,True,China,2024,False
STR,107.714,9.0,1.0,27.394,31.116,49.204,269.0,264.0,258.0,311.0,False,SOFT,9.0,True,Aston Martin,1,9.0,False,China,2024,True
STR,119.726,10.0,2.0,46.238,29.942,43.546,272.0,264.0,254.0,305.0,False,MEDIUM,1.0,True,Aston Martin,1,13.0,False,China,2024,True
STR,101.281,11.0,2.0,26.844,30.546,43.891,269.0,266.0,254.0,309.0,True,MEDIUM,2.0,True,Aston Martin,1,13.0,True,China,2024,False
STR,102.009,12.0,2.0,27.174,30.902,43.933,270.0,265.0,255.0,312.0,False,MEDIUM,3.0,True,Aston Martin,1,11.0,True,China,2024,False
STR,101.472,13.0,2.0,27.017,30.645,43.81,271.0,267.0,255.0,312.0,False,MEDIUM,4.0,True,Aston Martin,1,11.0,True,China,2024,False
STR,101.825,14.0,2.0,27.231,30.723,43.871,271.0,267.0,261.0,314.0,False,MEDIUM,5.0,True,Aston Martin,1,11.0,True,China,2024,False
STR,101.47,15.0,2.0,26.966,30.661,43.843,282.0,269.0,255.0,312.0,False,MEDIUM,6.0,True,Aston Martin,1,9.0,True,China,2024,False
STR,101.816,16.0,2.0,27.068,30.698,44.05,273.0,267.0,254.0,309.0,False,MEDIUM,7.0,True,Aston Martin,1,9.0,True,China,2024,False
STR,101.721,17.0,2.0,27.139,30.61,43.972,273.0,267.0,255.0,310.0,False,MEDIUM,8.0,True,Aston Martin,1,8.0,True,China,2024,False
STR,102.436,18.0,2.0,27.2,30.649,44.587,272.0,267.0,261.0,310.0,False,MEDIUM,9.0,True,Aston Martin,1,8.0,True,China,2024,False
STR,102.334,19.0,2.0,27.278,30.872,44.184,272.0,267.0,256.0,311.0,False,MEDIUM,10.0,True,Aston Martin,1,8.0,True,China,2024,False
STR,101.485,32.0,4.0,26.753,30.615,44.117,277.0,267.0,258.0,315.0,False,MEDIUM,6.0,True,Aston Martin,1,18.0,True,China,2024,False
STR,102.201,33.0,4.0,27.202,31.065,43.934,280.0,254.0,266.0,347.0,False,MEDIUM,7.0,True,Aston Martin,1,17.0,True,China,2024,False
STR,102.969,34.0,4.0,26.884,31.447,44.638,284.0,263.0,252.0,327.0,False,MEDIUM,8.0,True,Aston Martin,1,16.0,True,China,2024,False
STR,105.678,35.0,4.0,27.105,30.394,48.179,271.0,270.0,258.0,312.0,False,MEDIUM,9.0,True,Aston Martin,1,17.0,False,China,2024,False
STR,130.576,36.0,5.0,57.589,29.668,43.319,276.0,268.0,257.0,306.0,False,HARD,6.0,False,Aston Martin,1,17.0,False,China,2024,True
STR,99.444,37.0,5.0,26.455,29.661,43.328,272.0,270.0,259.0,307.0,True,HARD,7.0,False,Aston Martin,1,17.0,True,China,2024,False
STR,99.449,38.0,5.0,26.429,29.774,43.246,274.0,270.0,258.0,308.0,False,HARD,8.0,False,Aston Martin,1,17.0,True,China,2024,False
STR,99.639,39.0,5.0,26.526,29.821,43.292,275.0,270.0,258.0,309.0,False,HARD,9.0,False,Aston Martin,1,17.0,True,China,2024,False
STR,99.905,40.0,5.0,26.628,29.862,43.415,275.0,270.0,259.0,308.0,False,HARD,10.0,False,Aston Martin,1,17.0,True,China,2024,False
STR,100.145,41.0,5.0,26.689,29.901,43.555,276.0,270.0,259.0,309.0,False,HARD,11.0,False,Aston Martin,1,17.0,True,China,2024,False
STR,99.953,42.0,5.0,26.73,29.815,43.408,276.0,271.0,260.0,308.0,False,HARD,12.0,False,Aston Martin,1,17.0,True,China,2024,False
STR,100.351,43.0,5.0,26.86,29.975,43.516,275.0,270.0,258.0,308.0,False,HARD,13.0,False,Aston Martin,1,17.0,True,China,2024,False
STR,100.358,44.0,5.0,26.68,30.244,43.434,276.0,271.0,258.0,308.0,False,HARD,14.0,False,Aston Martin,1,17.0,True,China,2024,False
STR,100.291,45.0,5.0,26.755,29.97,43.566,276.0,270.0,258.0,308.0,False,HARD,15.0,False,Aston Martin,1,17.0,True,China,2024,False
STR,100.736,46.0,5.0,26.878,30.22,43.638,276.0,270.0,258.0,308.0,False,HARD,16.0,False,Aston Martin,1,17.0,True,China,2024,False
STR,100.654,47.0,5.0,26.949,30.092,43.613,276.0,271.0,259.0,307.0,False,HARD,17.0,False,Aston Martin,1,17.0,True,China,2024,False
STR,100.297,48.0,5.0,26.82,29.87,43.607,277.0,271.0,259.0,307.0,False,HARD,18.0,False,Aston Martin,1,17.0,True,China,2024,False
STR,100.569,49.0,5.0,26.939,30.123,43.507,276.0,269.0,258.0,308.0,False,HARD,19.0,False,Aston Martin,1,17.0,True,China,2024,False
STR,100.588,50.0,5.0,26.844,30.102,43.642,276.0,270.0,258.0,308.0,False,HARD,20.0,False,Aston Martin,1,17.0,True,China,2024,False
STR,100.717,51.0,5.0,26.863,30.222,43.632,276.0,269.0,259.0,309.0,False,HARD,21.0,False,Aston Martin,1,17.0,True,China,2024,False
STR,100.988,52.0,5.0,26.919,30.163,43.906,277.0,270.0,258.0,310.0,False,HARD,22.0,False,Aston Martin,1,17.0,True,China,2024,False
STR,101.402,53.0,5.0,26.979,30.402,44.021,277.0,271.0,259.0,312.0,False,HARD,23.0,False,Aston Martin,1,17.0,True,China,2024,False
STR,101.571,54.0,5.0,27.031,30.479,44.061,277.0,272.0,258.0,312.0,False,HARD,24.0,False,Aston Martin,1,17.0,True,China,2024,False
STR,101.143,55.0,5.0,26.788,30.766,43.589,278.0,271.0,260.0,332.0,False,HARD,25.0,False,Aston Martin,1,16.0,True,China,2024,False
STR,101.502,56.0,5.0,27.058,30.33,44.114,273.0,270.0,259.0,308.0,False,HARD,26.0,False,Aston Martin,1,16.0,True,China,2024,False
SAR,104.088,2.0,1.0,27.8,31.52,44.768,269.0,270.0,262.0,334.0,True,SOFT,2.0,True,Williams,1,20.0,True,China,2024,False
SAR,103.644,3.0,1.0,27.39,31.729,44.525,266.0,267.0,259.0,335.0,True,SOFT,3.0,True,Williams,1,20.0,True,China,2024,False
SAR,104.226,4.0,1.0,27.493,31.44,45.293,266.0,264.0,237.0,335.0,False,SOFT,4.0,True,Williams,1,20.0,True,China,2024,False
SAR,103.516,5.0,1.0,27.567,31.36,44.589,267.0,265.0,259.0,332.0,True,SOFT,5.0,True,Williams,1,20.0,True,China,2024,False
SAR,103.726,6.0,1.0,27.432,31.588,44.706,266.0,267.0,261.0,335.0,False,SOFT,6.0,True,Williams,1,20.0,True,China,2024,False
SAR,104.084,7.0,1.0,27.722,31.576,44.786,266.0,267.0,261.0,333.0,False,SOFT,7.0,True,Williams,1,20.0,True,China,2024,False
SAR,104.213,8.0,1.0,27.352,32.263,44.598,274.0,266.0,260.0,332.0,False,SOFT,8.0,True,Williams,1,18.0,True,China,2024,False
SAR,103.236,9.0,1.0,27.431,31.304,44.501,265.0,264.0,255.0,313.0,True,SOFT,9.0,True,Williams,1,16.0,True,China,2024,False
SAR,103.684,10.0,1.0,27.691,31.54,44.453,264.0,264.0,255.0,311.0,False,SOFT,10.0,True,Williams,1,12.0,True,China,2024,False
SAR,103.575,11.0,1.0,27.649,31.394,44.532,266.0,265.0,255.0,313.0,False,SOFT,11.0,True,Williams,1,12.0,True,China,2024,False
SAR,109.069,12.0,1.0,27.64,31.416,50.013,267.0,264.0,258.0,312.0,False,SOFT,12.0,True,Williams,1,12.0,False,China,2024,True
SAR,120.228,13.0,2.0,46.327,30.261,43.64,273.0,265.0,255.0,310.0,False,MEDIUM,1.0,True,Williams,1,19.0,False,China,2024,True
SAR,101.0,14.0,2.0,26.901,30.37,43.729,268.0,266.0,256.0,312.0,True,MEDIUM,2.0,True,Williams,1,19.0,True,China,2024,False
SAR,101.741,15.0,2.0,27.173,30.505,44.063,266.0,267.0,257.0,313.0,False,MEDIUM,3.0,True,Williams,1,19.0,True,China,2024,False
SAR,102.441,16.0,2.0,27.198,30.859,44.384,268.0,266.0,256.0,311.0,False,MEDIUM,4.0,True,Williams,1,19.0,True,China,2024,False
SAR,102.275,17.0,2.0,27.182,30.848,44.245,266.0,266.0,257.0,312.0,False,MEDIUM,5.0,True,Williams,1,19.0,True,China,2024,False
SAR,102.301,18.0,2.0,27.271,30.902,44.128,267.0,265.0,257.0,313.0,False,MEDIUM,6.0,True,Williams,1,18.0,True,China,2024,False
SAR,102.59,19.0,2.0,27.32,31.02,44.25,269.0,267.0,261.0,329.0,False,MEDIUM,7.0,True,Williams,1,18.0,True,China,2024,False
SAR,102.185,32.0,3.0,27.148,30.66,44.377,271.0,271.0,259.0,316.0,False,HARD,8.0,True,Williams,1,14.0,True,China,2024,False
SAR,102.482,33.0,3.0,27.223,31.129,44.13,275.0,273.0,257.0,326.0,False,HARD,9.0,True,Williams,1,13.0,True,China,2024,False
SAR,101.233,34.0,3.0,26.959,30.474,43.8,268.0,267.0,258.0,312.0,False,HARD,10.0,True,Williams,1,13.0,True,China,2024,True
SAR,101.096,35.0,3.0,26.992,30.265,43.839,270.0,269.0,256.0,311.0,False,HARD,11.0,True,Williams,1,13.0,True,China,2024,True
SAR,101.518,36.0,3.0,27.089,30.463,43.966,270.0,267.0,258.0,311.0,False,HARD,12.0,True,Williams,1,13.0,True,China,2024,False
SAR,102.43,37.0,3.0,27.063,31.427,43.94,268.0,269.0,261.0,313.0,False,HARD,13.0,True,Williams,1,14.0,True,China,2024,False
SAR,102.347,38.0,3.0,26.947,30.638,44.762,270.0,268.0,263.0,313.0,False,HARD,14.0,True,Williams,1,14.0,True,China,2024,False
SAR,102.346,39.0,3.0,27.547,30.873,43.926,271.0,268.0,257.0,314.0,False,HARD,15.0,True,Williams,1,14.0,True,China,2024,False
SAR,102.428,40.0,3.0,27.325,31.068,44.035,273.0,268.0,257.0,312.0,False,HARD,16.0,True,Williams,1,13.0,True,China,2024,False
SAR,101.943,41.0,3.0,27.158,30.585,44.2,274.0,267.0,256.0,308.0,False,HARD,17.0,True,Williams,1,13.0,True,China,2024,False
SAR,101.894,42.0,3.0,27.105,30.627,44.162,274.0,267.0,257.0,307.0,False,HARD,18.0,True,Williams,1,13.0,True,China,2024,False
SAR,103.096,43.0,3.0,27.347,31.474,44.275,274.0,268.0,257.0,312.0,False,HARD,19.0,True,Williams,1,14.0,True,China,2024,False
SAR,102.394,44.0,3.0,27.409,30.906,44.079,270.0,267.0,259.0,310.0,False,HARD,20.0,True,Williams,1,14.0,True,China,2024,False
SAR,101.914,45.0,3.0,27.239,30.772,43.903,272.0,267.0,259.0,311.0,False,HARD,21.0,True,Williams,1,14.0,True,China,2024,False
SAR,102.396,46.0,3.0,27.451,30.876,44.069,268.0,267.0,259.0,309.0,False,HARD,22.0,True,Williams,1,14.0,True,China,2024,False
SAR,101.914,47.0,3.0,27.21,30.559,44.145,271.0,268.0,257.0,309.0,False,HARD,23.0,True,Williams,1,14.0,True,China,2024,False
SAR,102.767,48.0,3.0,27.15,30.976,44.641,270.0,268.0,263.0,308.0,False,HARD,24.0,True,Williams,1,15.0,True,China,2024,False
SAR,102.743,49.0,3.0,27.378,30.77,44.595,272.0,268.0,258.0,309.0,False,HARD,25.0,True,Williams,1,16.0,True,China,2024,False
SAR,102.645,50.0,3.0,27.397,30.973,44.275,273.0,267.0,257.0,311.0,False,HARD,26.0,True,Williams,1,16.0,True,China,2024,False
SAR,102.32,51.0,3.0,27.225,30.837,44.258,275.0,268.0,257.0,308.0,False,HARD,27.0,True,Williams,1,16.0,True,China,2024,False
SAR,102.55,52.0,3.0,27.375,30.95,44.225,276.0,267.0,257.0,308.0,False,HARD,28.0,True,Williams,1,16.0,True,China,2024,False
SAR,102.274,53.0,3.0,27.195,30.672,44.407,276.0,269.0,256.0,310.0,False,HARD,29.0,True,Williams,1,16.0,True,China,2024,False
SAR,102.402,54.0,3.0,27.381,30.698,44.323,275.0,269.0,256.0,310.0,False,HARD,30.0,True,Williams,1,16.0,True,China,2024,False
SAR,102.913,55.0,3.0,27.293,30.757,44.863,273.0,269.0,261.0,309.0,False,HARD,31.0,True,Williams,1,17.0,True,China,2024,False
SAR,103.148,56.0,3.0,27.73,30.879,44.539,278.0,269.0,258.0,312.0,False,HARD,32.0,True,Williams,1,17.0,True,China,2024,False
MAG,103.907,2.0,1.0,27.241,31.669,44.997,280.0,267.0,256.0,344.0,True,HARD,2.0,True,Haas F1 Team,1,17.0,True,China,2024,False
MAG,103.179,3.0,1.0,27.319,31.608,44.252,273.0,265.0,260.0,335.0,True,HARD,3.0,True,Haas F1 Team,1,17.0,True,China,2024,False
MAG,104.116,4.0,1.0,27.237,31.903,44.976,274.0,268.0,252.0,341.0,False,HARD,4.0,True,Haas F1 Team,1,18.0,True,China,2024,False
MAG,103.797,5.0,1.0,27.387,31.712,44.698,279.0,267.0,258.0,337.0,False,HARD,5.0,True,Haas F1 Team,1,18.0,True,China,2024,False
MAG,103.899,6.0,1.0,27.51,31.597,44.792,270.0,263.0,253.0,313.0,False,HARD,6.0,True,Haas F1 Team,1,18.0,True,China,2024,False
MAG,103.93,7.0,1.0,27.684,31.345,44.901,275.0,267.0,253.0,318.0,False,HARD,7.0,True,Haas F1 Team,1,18.0,True,China,2024,False
MAG,104.239,8.0,1.0,27.632,31.516,45.091,271.0,264.0,252.0,314.0,False,HARD,8.0,True,Haas F1 Team,1,17.0,True,China,2024,False
MAG,103.461,9.0,1.0,27.564,31.255,44.642,272.0,264.0,253.0,313.0,False,HARD,9.0,True,Haas F1 Team,1,15.0,True,China,2024,False
MAG,103.28,10.0,1.0,27.469,31.262,44.549,271.0,262.0,253.0,309.0,False,HARD,10.0,True,Haas F1 Team,1,11.0,True,China,2024,False
MAG,103.549,11.0,1.0,27.633,31.297,44.619,273.0,265.0,253.0,311.0,False,HARD,11.0,True,Haas F1 Team,1,10.0,True,China,2024,False
MAG,103.665,12.0,1.0,27.69,31.478,44.497,273.0,263.0,254.0,311.0,False,HARD,12.0,True,Haas F1 Team,1,8.0,True,China,2024,False
MAG,104.59,13.0,1.0,27.71,31.398,45.482,274.0,265.0,257.0,313.0,False,HARD,13.0,True,Haas F1 Team,1,10.0,True,China,2024,False
MAG,103.959,14.0,1.0,27.722,31.549,44.688,273.0,264.0,254.0,313.0,False,HARD,14.0,True,Haas F1 Team,1,10.0,True,China,2024,False
MAG,104.466,15.0,1.0,27.668,32.043,44.755,274.0,267.0,254.0,317.0,False,HARD,15.0,True,Haas F1 Team,1,10.0,True,China,2024,False
MAG,103.648,16.0,1.0,27.578,31.324,44.746,276.0,265.0,252.0,312.0,False,HARD,16.0,True,Haas F1 Team,1,10.0,True,China,2024,False
MAG,110.262,17.0,1.0,28.315,31.644,50.303,274.0,265.0,258.0,313.0,False,HARD,17.0,True,Haas F1 Team,1,14.0,False,China,2024,True
MAG,120.904,18.0,2.0,46.451,30.449,44.004,275.0,265.0,255.0,310.0,False,HARD,1.0,True,Haas F1 Team,1,20.0,False,China,2024,False
MAG,101.106,19.0,2.0,26.677,30.429,44.0,272.0,265.0,255.0,310.0,True,HARD,2.0,True,Haas F1 Team,1,20.0,True,China,2024,False
MAG,101.74,32.0,3.0,26.956,30.822,43.962,278.0,270.0,258.0,323.0,False,MEDIUM,5.0,True,Haas F1 Team,1,17.0,True,China,2024,False
MAG,102.473,33.0,3.0,26.986,31.42,44.067,280.0,270.0,263.0,340.0,False,MEDIUM,6.0,True,Haas F1 Team,1,16.0,True,China,2024,False
MAG,103.518,34.0,3.0,27.045,31.548,44.925,275.0,266.0,256.0,333.0,False,MEDIUM,7.0,True,Haas F1 Team,1,17.0,True,China,2024,True
MAG,102.616,35.0,3.0,27.264,31.172,44.18,275.0,265.0,256.0,310.0,False,MEDIUM,8.0,True,Haas F1 Team,1,16.0,True,China,2024,False
MAG,101.298,36.0,3.0,27.032,30.486,43.78,276.0,267.0,256.0,314.0,False,MEDIUM,9.0,True,Haas F1 Team,1,16.0,True,China,2024,False
MAG,101.42,37.0,3.0,26.956,30.633,43.831,275.0,267.0,255.0,312.0,False,MEDIUM,10.0,True,Haas F1 Team,1,16.0,True,China,2024,False
MAG,101.36,38.0,3.0,26.932,30.575,43.853,275.0,266.0,257.0,312.0,False,MEDIUM,11.0,True,Haas F1 Team,1,15.0,True,China,2024,False
MAG,101.28,39.0,3.0,27.03,30.525,43.725,277.0,269.0,257.0,316.0,False,MEDIUM,12.0,True,Haas F1 Team,1,15.0,True,China,2024,False
MAG,101.754,40.0,3.0,27.248,30.665,43.841,277.0,270.0,262.0,315.0,False,MEDIUM,13.0,True,Haas F1 Team,1,14.0,True,China,2024,False
MAG,101.84,41.0,3.0,26.974,30.872,43.994,277.0,269.0,263.0,314.0,False,MEDIUM,14.0,True,Haas F1 Team,1,14.0,True,China,2024,False
MAG,101.513,42.0,3.0,26.817,30.762,43.934,277.0,269.0,262.0,332.0,False,MEDIUM,15.0,True,Haas F1 Team,1,14.0,True,China,2024,False
MAG,101.245,43.0,3.0,26.925,30.446,43.874,281.0,267.0,257.0,307.0,False,MEDIUM,16.0,True,Haas F1 Team,1,13.0,True,China,2024,False
MAG,101.324,44.0,3.0,27.049,30.465,43.81,274.0,266.0,258.0,308.0,False,MEDIUM,17.0,True,Haas F1 Team,1,13.0,True,China,2024,False
MAG,101.077,45.0,3.0,27.024,30.428,43.625,276.0,268.0,258.0,311.0,True,MEDIUM,18.0,True,Haas F1 Team,1,13.0,True,China,2024,False
MAG,101.498,46.0,3.0,27.187,30.551,43.76,277.0,268.0,258.0,310.0,False,MEDIUM,19.0,True,Haas F1 Team,1,13.0,True,China,2024,False
MAG,101.366,47.0,3.0,27.055,30.365,43.946,276.0,268.0,259.0,310.0,False,MEDIUM,20.0,True,Haas F1 Team,1,13.0,True,China,2024,False
MAG,101.603,48.0,3.0,27.113,30.515,43.975,276.0,266.0,258.0,309.0,False,MEDIUM,21.0,True,Haas F1 Team,1,13.0,True,China,2024,False
MAG,101.355,49.0,3.0,27.034,30.53,43.791,277.0,268.0,258.0,310.0,False,MEDIUM,22.0,True,Haas F1 Team,1,13.0,True,China,2024,False
MAG,101.376,50.0,3.0,27.023,30.589,43.764,277.0,269.0,258.0,311.0,False,MEDIUM,23.0,True,Haas F1 Team,1,13.0,True,China,2024,False
MAG,101.879,51.0,3.0,27.093,30.799,43.987,276.0,267.0,257.0,310.0,False,MEDIUM,24.0,True,Haas F1 Team,1,13.0,True,China,2024,False
MAG,102.059,52.0,3.0,27.171,30.844,44.044,276.0,268.0,257.0,310.0,False,MEDIUM,25.0,True,Haas F1 Team,1,13.0,True,China,2024,False
MAG,104.013,53.0,3.0,27.502,31.946,44.565,276.0,268.0,263.0,315.0,False,MEDIUM,26.0,True,Haas F1 Team,1,15.0,True,China,2024,True
MAG,102.863,54.0,3.0,27.279,31.376,44.208,277.0,270.0,258.0,315.0,False,MEDIUM,27.0,True,Haas F1 Team,1,15.0,True,China,2024,False
MAG,102.864,55.0,3.0,27.328,31.119,44.417,278.0,270.0,258.0,311.0,False,MEDIUM,28.0,True,Haas F1 Team,1,15.0,True,China,2024,False
MAG,102.87,56.0,3.0,27.454,31.186,44.23,278.0,269.0,258.0,311.0,False,MEDIUM,29.0,True,Haas F1 Team,1,15.0,True,China,2024,False
TSU,103.674,2.0,1.0,27.489,31.573,44.612,276.0,266.0,260.0,337.0,True,SOFT,2.0,True,RB,1,16.0,True,China,2024,False
TSU,103.136,3.0,1.0,27.279,31.38,44.477,272.0,264.0,261.0,334.0,True,SOFT,3.0,True,RB,1,16.0,True,China,2024,False
TSU,103.095,4.0,1.0,27.329,31.304,44.462,273.0,263.0,259.0,335.0,True,SOFT,4.0,True,RB,1,16.0,True,China,2024,False
TSU,103.657,5.0,1.0,27.539,31.589,44.529,271.0,263.0,255.0,334.0,False,SOFT,5.0,True,RB,1,16.0,True,China,2024,False
TSU,103.669,6.0,1.0,27.431,31.581,44.657,272.0,263.0,255.0,334.0,False,SOFT,6.0,True,RB,1,16.0,True,China,2024,False
TSU,103.951,7.0,1.0,27.667,31.349,44.935,271.0,264.0,253.0,318.0,False,SOFT,7.0,True,RB,1,16.0,True,China,2024,False
TSU,108.43,8.0,1.0,27.732,31.342,49.356,268.0,264.0,258.0,316.0,False,SOFT,8.0,True,RB,1,19.0,False,China,2024,True
TSU,119.845,9.0,2.0,46.224,30.167,43.454,268.0,266.0,254.0,312.0,False,MEDIUM,1.0,True,RB,1,19.0,False,China,2024,True
TSU,102.171,10.0,2.0,27.086,30.779,44.306,268.0,264.0,254.0,313.0,True,MEDIUM,2.0,True,RB,1,17.0,True,China,2024,False
TSU,101.593,11.0,2.0,27.019,30.593,43.981,267.0,266.0,254.0,313.0,True,MEDIUM,3.0,True,RB,1,17.0,True,China,2024,False
TSU,102.304,12.0,2.0,27.316,30.82,44.168,264.0,263.0,252.0,313.0,False,MEDIUM,4.0,True,RB,1,16.0,True,China,2024,False
TSU,103.531,13.0,2.0,27.814,31.534,44.183,275.0,262.0,253.0,330.0,False,MEDIUM,5.0,True,RB,1,16.0,True,China,2024,False
TSU,102.51,14.0,2.0,27.415,30.854,44.241,274.0,265.0,253.0,314.0,False,MEDIUM,6.0,True,RB,1,16.0,True,China,2024,False
TSU,102.294,15.0,2.0,27.269,30.764,44.261,274.0,265.0,254.0,315.0,False,MEDIUM,7.0,True,RB,1,15.0,True,China,2024,False
TSU,102.528,16.0,2.0,27.228,30.803,44.497,274.0,265.0,252.0,313.0,False,MEDIUM,8.0,True,RB,1,15.0,True,China,2024,False
TSU,102.441,17.0,2.0,27.284,30.952,44.205,274.0,264.0,255.0,312.0,False,MEDIUM,9.0,True,RB,1,15.0,True,China,2024,False
TSU,102.628,18.0,2.0,27.376,30.911,44.341,273.0,264.0,254.0,312.0,False,MEDIUM,10.0,True,RB,1,14.0,True,China,2024,False
TSU,103.224,19.0,2.0,27.279,30.95,44.995,273.0,265.0,257.0,312.0,False,MEDIUM,11.0,True,RB,1,15.0,True,China,2024,False
ALB,103.157,2.0,1.0,27.453,31.498,44.206,273.0,268.0,261.0,337.0,True,MEDIUM,2.0,True,Williams,1,13.0,True,China,2024,False
ALB,103.014,3.0,1.0,27.257,31.399,44.358,269.0,268.0,261.0,334.0,True,MEDIUM,3.0,True,Williams,1,13.0,True,China,2024,False
ALB,102.975,4.0,1.0,27.274,31.24,44.461,263.0,264.0,258.0,329.0,True,MEDIUM,4.0,True,Williams,1,13.0,True,China,2024,False
ALB,103.392,5.0,1.0,27.334,31.42,44.638,268.0,266.0,254.0,330.0,False,MEDIUM,5.0,True,Williams,1,13.0,True,China,2024,False
ALB,103.353,6.0,1.0,27.518,31.276,44.559,264.0,265.0,253.0,316.0,False,MEDIUM,6.0,True,Williams,1,13.0,True,China,2024,False
ALB,103.361,7.0,1.0,27.681,31.189,44.491,266.0,267.0,256.0,332.0,False,MEDIUM,7.0,True,Williams,1,13.0,True,China,2024,False
ALB,103.991,8.0,1.0,27.722,31.602,44.667,265.0,265.0,260.0,332.0,False,MEDIUM,8.0,True,Williams,1,12.0,True,China,2024,False
ALB,108.371,9.0,1.0,27.426,31.509,49.436,266.0,263.0,258.0,313.0,False,MEDIUM,9.0,True,Williams,1,14.0,False,China,2024,True
ALB,121.494,10.0,2.0,46.35,31.237,43.907,279.0,268.0,257.0,336.0,False,MEDIUM,1.0,True,Williams,1,18.0,False,China,2024,True
ALB,102.937,11.0,2.0,27.044,31.735,44.158,267.0,259.0,261.0,332.0,True,MEDIUM,2.0,True,Williams,1,19.0,True,China,2024,False
ALB,102.151,12.0,2.0,27.062,31.044,44.045,270.0,266.0,256.0,331.0,True,MEDIUM,3.0,True,Williams,1,18.0,True,China,2024,False
ALB,102.608,13.0,2.0,27.474,31.239,43.895,267.0,267.0,262.0,333.0,False,MEDIUM,4.0,True,Williams,1,17.0,True,China,2024,False
ALB,103.274,14.0,2.0,27.494,31.455,44.325,265.0,265.0,254.0,315.0,False,MEDIUM,5.0,True,Williams,1,17.0,True,China,2024,False
ALB,102.762,15.0,2.0,27.388,31.102,44.272,268.0,268.0,256.0,313.0,False,MEDIUM,6.0,True,Williams,1,16.0,True,China,2024,False
ALB,102.611,16.0,2.0,27.301,31.112,44.198,267.0,267.0,256.0,311.0,False,MEDIUM,7.0,True,Williams,1,16.0,True,China,2024,False
ALB,103.118,17.0,2.0,27.312,31.042,44.764,267.0,266.0,261.0,312.0,False,MEDIUM,8.0,True,Williams,1,17.0,True,China,2024,False
ALB,103.004,18.0,2.0,27.376,31.239,44.389,268.0,266.0,256.0,312.0,False,MEDIUM,9.0,True,Williams,1,16.0,True,China,2024,False
ALB,103.187,19.0,2.0,27.446,31.211,44.53,266.0,266.0,256.0,309.0,False,MEDIUM,10.0,True,Williams,1,16.0,True,China,2024,False
ALB,102.221,32.0,3.0,27.078,30.724,44.419,270.0,271.0,258.0,315.0,False,HARD,9.0,True,Williams,1,13.0,True,China,2024,True
ALB,101.269,33.0,3.0,27.015,30.277,43.977,267.0,270.0,258.0,312.0,True,HARD,10.0,True,Williams,1,12.0,True,China,2024,False
ALB,100.79,34.0,3.0,26.852,30.411,43.527,271.0,269.0,259.0,312.0,True,HARD,11.0,True,Williams,1,12.0,True,China,2024,True
ALB,101.335,35.0,3.0,26.914,30.611,43.81,270.0,270.0,258.0,312.0,False,HARD,12.0,True,Williams,1,12.0,True,China,2024,False
ALB,101.38,36.0,3.0,26.941,30.561,43.878,271.0,269.0,259.0,312.0,False,HARD,13.0,True,Williams,1,12.0,True,China,2024,False
ALB,101.261,37.0,3.0,26.977,30.515,43.769,271.0,269.0,260.0,312.0,False,HARD,14.0,True,Williams,1,12.0,True,China,2024,False
ALB,101.088,38.0,3.0,26.938,30.473,43.677,271.0,269.0,258.0,312.0,False,HARD,15.0,True,Williams,1,12.0,True,China,2024,False
ALB,101.341,39.0,3.0,27.081,30.52,43.74,270.0,269.0,259.0,314.0,False,HARD,16.0,True,Williams,1,12.0,True,China,2024,False
ALB,101.672,40.0,3.0,27.103,30.62,43.949,270.0,270.0,259.0,312.0,False,HARD,17.0,True,Williams,1,12.0,True,China,2024,False
ALB,101.755,41.0,3.0,27.126,30.686,43.943,272.0,270.0,260.0,310.0,False,HARD,18.0,True,Williams,1,12.0,True,China,2024,False
ALB,101.558,42.0,3.0,27.029,30.617,43.912,269.0,269.0,260.0,309.0,False,HARD,19.0,True,Williams,1,12.0,True,China,2024,False
ALB,101.423,43.0,3.0,27.087,30.483,43.853,269.0,269.0,259.0,310.0,False,HARD,20.0,True,Williams,1,12.0,True,China,2024,False
ALB,101.504,44.0,3.0,27.135,30.532,43.837,270.0,269.0,259.0,309.0,False,HARD,21.0,True,Williams,1,11.0,True,China,2024,False
ALB,101.66,45.0,3.0,27.005,30.493,44.162,271.0,269.0,263.0,317.0,False,HARD,22.0,True,Williams,1,12.0,True,China,2024,False
ALB,101.776,46.0,3.0,27.014,30.562,44.2,270.0,270.0,259.0,310.0,False,HARD,23.0,True,Williams,1,12.0,True,China,2024,False
ALB,101.584,47.0,3.0,27.136,30.523,43.925,271.0,269.0,260.0,310.0,False,HARD,24.0,True,Williams,1,12.0,True,China,2024,False
ALB,101.509,48.0,3.0,27.065,30.48,43.964,271.0,269.0,259.0,309.0,False,HARD,25.0,True,Williams,1,12.0,True,China,2024,False
ALB,101.404,49.0,3.0,27.098,30.395,43.911,271.0,270.0,258.0,309.0,False,HARD,26.0,True,Williams,1,12.0,True,China,2024,False
ALB,101.438,50.0,3.0,27.096,30.602,43.74,272.0,269.0,261.0,310.0,False,HARD,27.0,True,Williams,1,12.0,True,China,2024,False
ALB,101.437,51.0,3.0,26.91,30.641,43.886,272.0,269.0,260.0,310.0,False,HARD,28.0,True,Williams,1,12.0,True,China,2024,False
ALB,101.67,52.0,3.0,27.085,30.654,43.931,273.0,270.0,259.0,310.0,False,HARD,29.0,True,Williams,1,12.0,True,China,2024,False
ALB,101.354,53.0,3.0,26.995,30.437,43.922,273.0,271.0,261.0,312.0,False,HARD,30.0,True,Williams,1,12.0,True,China,2024,False
ALB,102.424,54.0,3.0,27.029,31.435,43.96,271.0,270.0,261.0,313.0,False,HARD,31.0,True,Williams,1,12.0,True,China,2024,True
ALB,101.998,55.0,3.0,27.094,30.763,44.141,271.0,270.0,259.0,309.0,False,HARD,32.0,True,Williams,1,12.0,True,China,2024,False
ALB,101.524,56.0,3.0,26.98,30.539,44.005,273.0,268.0,259.0,311.0,False,HARD,33.0,True,Williams,1,12.0,True,China,2024,False
ZHO,104.398,2.0,1.0,28.069,31.714,44.615,273.0,266.0,266.0,338.0,True,MEDIUM,2.0,True,Kick Sauber,1,18.0,True,China,2024,False
ZHO,103.991,3.0,1.0,27.896,31.875,44.22,268.0,263.0,262.0,333.0,True,MEDIUM,3.0,True,Kick Sauber,1,19.0,True,China,2024,False
ZHO,103.484,4.0,1.0,27.403,31.383,44.698,272.0,264.0,259.0,335.0,True,MEDIUM,4.0,True,Kick Sauber,1,19.0,True,China,2024,False
ZHO,104.018,5.0,1.0,27.7,31.619,44.699,277.0,267.0,260.0,338.0,False,MEDIUM,5.0,True,Kick Sauber,1,19.0,True,China,2024,False
ZHO,104.212,6.0,1.0,27.719,31.729,44.764,270.0,259.0,259.0,329.0,False,MEDIUM,6.0,True,Kick Sauber,1,19.0,True,China,2024,False
ZHO,104.073,7.0,1.0,27.488,31.649,44.936,274.0,265.0,257.0,330.0,False,MEDIUM,7.0,True,Kick Sauber,1,19.0,True,China,2024,False
ZHO,109.478,8.0,1.0,27.849,31.586,50.043,271.0,263.0,258.0,314.0,False,MEDIUM,8.0,True,Kick Sauber,1,20.0,False,China,2024,True
ZHO,121.214,9.0,2.0,46.945,30.538,43.731,271.0,265.0,253.0,308.0,False,HARD,1.0,True,Kick Sauber,1,20.0,False,China,2024,True
ZHO,101.765,10.0,2.0,27.052,30.542,44.171,272.0,265.0,253.0,308.0,True,HARD,2.0,True,Kick Sauber,1,20.0,True,China,2024,False
ZHO,101.833,11.0,2.0,27.344,30.56,43.929,271.0,265.0,254.0,309.0,False,HARD,3.0,True,Kick Sauber,1,20.0,True,China,2024,False
ZHO,101.928,12.0,2.0,27.403,30.574,43.951,269.0,260.0,253.0,307.0,False,HARD,4.0,True,Kick Sauber,1,19.0,True,China,2024,False
ZHO,102.212,13.0,2.0,27.372,30.808,44.032,268.0,260.0,253.0,309.0,False,HARD,5.0,True,Kick Sauber,1,18.0,True,China,2024,False
ZHO,102.626,14.0,2.0,27.602,30.848,44.176,268.0,262.0,253.0,312.0,False,HARD,6.0,True,Kick Sauber,1,18.0,True,China,2024,False
ZHO,102.994,15.0,2.0,27.53,30.741,44.723,273.0,266.0,253.0,313.0,False,HARD,7.0,True,Kick Sauber,1,17.0,True,China,2024,False
ZHO,103.24,16.0,2.0,27.931,30.956,44.353,272.0,264.0,252.0,310.0,False,HARD,8.0,True,Kick Sauber,1,18.0,True,China,2024,False
ZHO,103.189,17.0,2.0,27.646,30.817,44.726,264.0,258.0,253.0,301.0,False,HARD,9.0,True,Kick Sauber,1,18.0,True,China,2024,False
ZHO,102.887,18.0,2.0,27.54,30.831,44.516,267.0,261.0,254.0,307.0,False,HARD,10.0,True,Kick Sauber,1,17.0,True,China,2024,False
ZHO,102.827,19.0,2.0,27.525,30.89,44.412,267.0,259.0,254.0,308.0,False,HARD,11.0,True,Kick Sauber,1,17.0,True,China,2024,False
ZHO,102.002,32.0,3.0,27.006,30.604,44.392,279.0,271.0,258.0,316.0,False,HARD,9.0,True,Kick Sauber,1,15.0,True,China,2024,False
ZHO,102.746,33.0,3.0,27.367,31.265,44.114,268.0,267.0,262.0,333.0,False,HARD,10.0,True,Kick Sauber,1,15.0,True,China,2024,False
ZHO,101.72,34.0,3.0,27.131,30.748,43.841,269.0,263.0,263.0,328.0,True,HARD,11.0,True,Kick Sauber,1,15.0,True,China,2024,False
ZHO,101.366,35.0,3.0,27.059,30.561,43.746,275.0,266.0,261.0,331.0,True,HARD,12.0,True,Kick Sauber,1,15.0,True,China,2024,False
ZHO,101.283,36.0,3.0,26.713,30.655,43.915,276.0,267.0,262.0,329.0,True,HARD,13.0,True,Kick Sauber,1,15.0,True,China,2024,False
ZHO,101.738,37.0,3.0,26.919,30.947,43.872,275.0,266.0,264.0,330.0,False,HARD,14.0,True,Kick Sauber,1,15.0,True,China,2024,False
ZHO,101.311,38.0,3.0,26.89,30.766,43.655,275.0,266.0,255.0,331.0,False,HARD,15.0,True,Kick Sauber,1,13.0,True,China,2024,False
ZHO,101.749,39.0,3.0,27.327,30.455,43.967,271.0,263.0,255.0,307.0,False,HARD,16.0,True,Kick Sauber,1,13.0,True,China,2024,False
ZHO,106.271,40.0,3.0,27.157,30.47,48.644,270.0,263.0,258.0,307.0,False,HARD,17.0,True,Kick Sauber,1,15.0,False,China,2024,True
ZHO,118.828,41.0,4.0,46.142,29.643,43.043,273.0,267.0,258.0,306.0,False,SOFT,1.0,True,Kick Sauber,1,16.0,False,China,2024,True
ZHO,98.633,42.0,4.0,26.215,29.445,42.973,273.0,267.0,258.0,306.0,True,SOFT,2.0,True,Kick Sauber,1,16.0,True,China,2024,False
ZHO,99.32,43.0,4.0,26.501,29.723,43.096,269.0,264.0,258.0,303.0,False,SOFT,3.0,True,Kick Sauber,1,16.0,True,China,2024,False
ZHO,99.682,44.0,4.0,26.646,29.896,43.14,271.0,265.0,258.0,305.0,False,SOFT,4.0,True,Kick Sauber,1,16.0,True,China,2024,False
ZHO,99.553,45.0,4.0,26.604,29.852,43.097,271.0,266.0,258.0,305.0,False,SOFT,5.0,True,Kick Sauber,1,16.0,True,China,2024,False
ZHO,99.636,46.0,4.0,26.686,29.719,43.231,271.0,265.0,258.0,305.0,False,SOFT,6.0,True,Kick Sauber,1,16.0,True,China,2024,False
ZHO,100.046,47.0,4.0,26.838,29.975,43.233,270.0,265.0,260.0,305.0,False,SOFT,7.0,True,Kick Sauber,1,16.0,True,China,2024,False
ZHO,100.391,48.0,4.0,26.801,30.024,43.566,273.0,266.0,266.0,308.0,False,SOFT,8.0,True,Kick Sauber,1,16.0,True,China,2024,False
ZHO,101.502,49.0,4.0,27.223,30.715,43.564,276.0,270.0,256.0,329.0,False,SOFT,9.0,True,Kick Sauber,1,15.0,True,China,2024,False
ZHO,100.534,50.0,4.0,26.795,30.324,43.415,272.0,264.0,258.0,307.0,False,SOFT,10.0,True,Kick Sauber,1,15.0,True,China,2024,False
ZHO,100.179,51.0,4.0,26.761,30.076,43.342,271.0,265.0,259.0,307.0,False,SOFT,11.0,True,Kick Sauber,1,15.0,True,China,2024,False
ZHO,100.542,52.0,4.0,26.876,30.196,43.47,271.0,265.0,258.0,308.0,False,SOFT,12.0,True,Kick Sauber,1,15.0,True,China,2024,False
ZHO,101.049,53.0,4.0,27.047,30.433,43.569,277.0,271.0,258.0,331.0,False,SOFT,13.0,True,Kick Sauber,1,14.0,True,China,2024,False
ZHO,101.258,54.0,4.0,27.125,30.459,43.674,276.0,271.0,258.0,312.0,False,SOFT,14.0,True,Kick Sauber,1,14.0,True,China,2024,False
ZHO,100.785,55.0,4.0,26.951,30.36,43.474,276.0,270.0,259.0,309.0,False,SOFT,15.0,True,Kick Sauber,1,14.0,True,China,2024,False
ZHO,101.192,56.0,4.0,26.947,30.45,43.795,277.0,270.0,257.0,303.0,False,SOFT,16.0,True,Kick Sauber,1,14.0,True,China,2024,False
HUL,103.687,2.0,1.0,27.83,31.712,44.145,277.0,269.0,260.0,338.0,False,MEDIUM,2.0,True,Haas F1 Team,1,10.0,True,China,2024,False
HUL,102.347,3.0,1.0,26.95,31.368,44.029,276.0,268.0,260.0,340.0,True,MEDIUM,3.0,True,Haas F1 Team,1,10.0,True,China,2024,False
HUL,102.824,4.0,1.0,27.144,31.419,44.261,275.0,267.0,258.0,319.0,False,MEDIUM,4.0,True,Haas F1 Team,1,10.0,True,China,2024,False
HUL,103.331,5.0,1.0,27.245,31.627,44.459,278.0,266.0,253.0,316.0,False,MEDIUM,5.0,True,Haas F1 Team,1,10.0,True,China,2024,False
HUL,103.384,6.0,1.0,27.468,31.525,44.391,276.0,267.0,253.0,318.0,False,MEDIUM,6.0,True,Haas F1 Team,1,10.0,True,China,2024,False
HUL,104.061,7.0,1.0,27.553,31.328,45.18,273.0,265.0,257.0,316.0,False,MEDIUM,7.0,True,Haas F1 Team,1,11.0,True,China,2024,False
HUL,109.064,8.0,1.0,27.74,31.788,49.536,273.0,264.0,258.0,315.0,False,MEDIUM,8.0,True,Haas F1 Team,1,15.0,False,China,2024,True
HUL,119.939,9.0,2.0,45.82,30.578,43.541,273.0,264.0,255.0,311.0,False,HARD,1.0,True,Haas F1 Team,1,18.0,False,China,2024,True
HUL,101.429,10.0,2.0,26.855,30.843,43.731,273.0,263.0,254.0,311.0,True,HARD,2.0,True,Haas F1 Team,1,14.0,True,China,2024,False
HUL,101.42,11.0,2.0,26.861,30.684,43.875,276.0,267.0,255.0,315.0,True,HARD,3.0,True,Haas F1 Team,1,14.0,True,China,2024,False
HUL,101.821,12.0,2.0,26.987,31.092,43.742,277.0,266.0,255.0,316.0,False,HARD,4.0,True,Haas F1 Team,1,13.0,True,China,2024,False
HUL,102.061,13.0,2.0,27.103,31.037,43.921,277.0,268.0,254.0,316.0,False,HARD,5.0,True,Haas F1 Team,1,12.0,True,China,2024,False
HUL,102.123,14.0,2.0,27.017,31.096,44.01,275.0,266.0,254.0,315.0,False,HARD,6.0,True,Haas F1 Team,1,12.0,True,China,2024,False
HUL,102.408,15.0,2.0,27.139,31.177,44.092,275.0,267.0,255.0,316.0,False,HARD,7.0,True,Haas F1 Team,1,11.0,True,China,2024,False
HUL,102.5,16.0,2.0,27.221,31.06,44.219,277.0,267.0,259.0,316.0,False,HARD,8.0,True,Haas F1 Team,1,11.0,True,China,2024,False
HUL,101.955,17.0,2.0,26.986,30.88,44.089,276.0,267.0,255.0,314.0,False,HARD,9.0,True,Haas F1 Team,1,10.0,True,China,2024,False
HUL,103.019,18.0,2.0,27.155,31.138,44.726,275.0,267.0,260.0,314.0,False,HARD,10.0,True,Haas F1 Team,1,10.0,True,China,2024,False
HUL,102.465,19.0,2.0,27.069,31.157,44.239,276.0,267.0,256.0,312.0,False,HARD,11.0,True,Haas F1 Team,1,10.0,True,China,2024,False
HUL,100.815,32.0,3.0,26.767,30.449,43.599,280.0,267.0,257.0,315.0,True,HARD,9.0,True,Haas F1 Team,1,9.0,True,China,2024,False
HUL,100.879,33.0,3.0,26.718,30.635,43.526,278.0,270.0,257.0,315.0,False,HARD,10.0,True,Haas F1 Team,1,9.0,True,China,2024,False
HUL,100.864,34.0,3.0,26.75,30.542,43.572,279.0,270.0,257.0,316.0,False,HARD,11.0,True,Haas F1 Team,1,9.0,True,China,2024,False
HUL,101.035,35.0,3.0,26.861,30.484,43.69,279.0,270.0,257.0,314.0,False,HARD,12.0,True,Haas F1 Team,1,9.0,True,China,2024,False
HUL,101.223,36.0,3.0,26.823,30.53,43.87,278.0,268.0,256.0,315.0,False,HARD,13.0,True,Haas F1 Team,1,9.0,True,China,2024,False
HUL,101.127,37.0,3.0,26.802,30.615,43.71,279.0,269.0,258.0,316.0,False,HARD,14.0,True,Haas F1 Team,1,9.0,True,China,2024,False
HUL,100.998,38.0,3.0,26.742,30.516,43.74,279.0,268.0,258.0,315.0,False,HARD,15.0,True,Haas F1 Team,1,9.0,True,China,2024,False
HUL,101.268,39.0,3.0,26.909,30.656,43.703,278.0,269.0,257.0,317.0,False,HARD,16.0,True,Haas F1 Team,1,9.0,True,China,2024,False
HUL,101.593,40.0,3.0,26.96,30.722,43.911,278.0,268.0,257.0,316.0,False,HARD,17.0,True,Haas F1 Team,1,9.0,True,China,2024,False
HUL,102.174,41.0,3.0,26.931,31.363,43.88,275.0,267.0,263.0,333.0,False,HARD,18.0,True,Haas F1 Team,1,10.0,True,China,2024,True
HUL,101.672,42.0,3.0,27.018,30.896,43.758,280.0,269.0,259.0,315.0,False,HARD,19.0,True,Haas F1 Team,1,10.0,True,China,2024,False
HUL,101.373,43.0,3.0,26.997,30.578,43.798,278.0,270.0,258.0,314.0,False,HARD,20.0,True,Haas F1 Team,1,10.0,True,China,2024,False
HUL,101.346,44.0,3.0,26.967,30.597,43.782,277.0,269.0,257.0,313.0,False,HARD,21.0,True,Haas F1 Team,1,9.0,True,China,2024,False
HUL,101.234,45.0,3.0,26.897,30.609,43.728,278.0,269.0,258.0,312.0,False,HARD,22.0,True,Haas F1 Team,1,9.0,True,China,2024,False
HUL,101.518,46.0,3.0,27.055,30.62,43.843,278.0,269.0,257.0,314.0,False,HARD,23.0,True,Haas F1 Team,1,9.0,True,China,2024,False
HUL,101.998,47.0,3.0,27.031,30.633,44.334,279.0,270.0,263.0,313.0,False,HARD,24.0,True,Haas F1 Team,1,10.0,True,China,2024,False
HUL,101.196,48.0,3.0,26.807,30.63,43.759,280.0,269.0,258.0,315.0,False,HARD,25.0,True,Haas F1 Team,1,10.0,True,China,2024,False
HUL,101.241,49.0,3.0,27.042,30.539,43.66,278.0,269.0,258.0,314.0,False,HARD,26.0,True,Haas F1 Team,1,10.0,True,China,2024,False
HUL,101.331,50.0,3.0,27.022,30.596,43.713,279.0,269.0,258.0,314.0,False,HARD,27.0,True,Haas F1 Team,1,10.0,True,China,2024,False
HUL,101.549,51.0,3.0,27.039,30.687,43.823,279.0,270.0,258.0,313.0,False,HARD,28.0,True,Haas F1 Team,1,10.0,True,China,2024,False
HUL,101.625,52.0,3.0,27.015,30.763,43.847,280.0,270.0,258.0,313.0,False,HARD,29.0,True,Haas F1 Team,1,10.0,True,China,2024,False
HUL,101.543,53.0,3.0,27.085,30.678,43.78,279.0,271.0,258.0,315.0,False,HARD,30.0,True,Haas F1 Team,1,10.0,True,China,2024,False
HUL,101.646,54.0,3.0,27.14,30.712,43.794,278.0,272.0,258.0,317.0,False,HARD,31.0,True,Haas F1 Team,1,10.0,True,China,2024,False
HUL,101.705,55.0,3.0,27.092,30.715,43.898,279.0,272.0,258.0,314.0,False,HARD,32.0,True,Haas F1 Team,1,10.0,True,China,2024,False
HUL,101.904,56.0,3.0,27.164,30.807,43.933,279.0,270.0,257.0,313.0,False,HARD,33.0,True,Haas F1 Team,1,10.0,True,China,2024,False
RIC,103.47,2.0,1.0,27.587,31.455,44.428,275.0,267.0,256.0,340.0,True,MEDIUM,2.0,True,RB,1,15.0,True,China,2024,False
RIC,103.073,3.0,1.0,27.047,31.569,44.457,272.0,266.0,258.0,328.0,True,MEDIUM,3.0,True,RB,1,15.0,True,China,2024,False
RIC,102.976,4.0,1.0,27.253,31.383,44.34,274.0,265.0,253.0,332.0,True,MEDIUM,4.0,True,RB,1,15.0,True,China,2024,False
RIC,103.449,5.0,1.0,27.483,31.532,44.434,274.0,265.0,255.0,334.0,False,MEDIUM,5.0,True,RB,1,15.0,True,China,2024,False
RIC,103.613,6.0,1.0,27.519,31.527,44.567,274.0,264.0,256.0,332.0,False,MEDIUM,6.0,True,RB,1,15.0,True,China,2024,False
RIC,103.798,7.0,1.0,27.67,31.366,44.762,274.0,266.0,252.0,321.0,False,MEDIUM,7.0,True,RB,1,15.0,True,China,2024,False
RIC,103.843,8.0,1.0,27.696,31.337,44.81,272.0,264.0,251.0,318.0,False,MEDIUM,8.0,True,RB,1,14.0,True,China,2024,False
RIC,103.605,9.0,1.0,27.551,31.371,44.683,272.0,264.0,253.0,318.0,False,MEDIUM,9.0,True,RB,1,12.0,True,China,2024,False
RIC,103.309,10.0,1.0,27.532,31.168,44.609,270.0,263.0,256.0,314.0,False,MEDIUM,10.0,True,RB,1,10.0,True,China,2024,False
RIC,103.487,11.0,1.0,27.366,31.505,44.616,271.0,264.0,253.0,314.0,False,MEDIUM,11.0,True,RB,1,9.0,True,China,2024,False
RIC,103.115,12.0,1.0,27.577,31.201,44.337,272.0,262.0,253.0,311.0,False,MEDIUM,12.0,True,RB,1,7.0,True,China,2024,False
RIC,103.016,13.0,1.0,27.628,31.199,44.189,271.0,264.0,254.0,311.0,False,MEDIUM,13.0,True,RB,1,7.0,True,China,2024,False
RIC,107.802,14.0,1.0,27.652,31.137,49.013,272.0,263.0,258.0,312.0,False,MEDIUM,14.0,True,RB,1,9.0,False,China,2024,True
RIC,120.257,15.0,2.0,45.802,30.413,44.042,272.0,268.0,260.0,336.0,False,MEDIUM,1.0,True,RB,1,18.0,False,China,2024,False
RIC,100.994,16.0,2.0,26.682,30.497,43.815,272.0,267.0,254.0,314.0,True,MEDIUM,2.0,True,RB,1,17.0,True,China,2024,False
RIC,101.077,17.0,2.0,26.947,30.664,43.466,273.0,267.0,255.0,333.0,False,MEDIUM,3.0,True,RB,1,16.0,True,China,2024,False
RIC,101.542,18.0,2.0,27.188,30.487,43.867,267.0,266.0,259.0,332.0,False,MEDIUM,4.0,True,RB,1,15.0,True,China,2024,False
RIC,101.955,19.0,2.0,27.157,31.044,43.754,266.0,268.0,254.0,333.0,False,MEDIUM,5.0,True,RB,1,14.0,True,China,2024,False
RIC,104.075,32.0,2.0,27.245,31.834,44.996,273.0,269.0,253.0,316.0,False,MEDIUM,18.0,True,RB,1,12.0,True,China,2024,False
RIC,115.415,33.0,2.0,27.826,31.104,56.485,276.0,268.0,258.0,210.0,False,MEDIUM,19.0,True,RB,1,18.0,False,China,2024,False
OCO,103.022,2.0,1.0,27.727,30.952,44.343,260.0,264.0,258.0,329.0,True,MEDIUM,2.0,True,Alpine,1,12.0,True,China,2024,False
OCO,102.807,3.0,1.0,27.25,31.315,44.242,268.0,260.0,254.0,327.0,True,MEDIUM,3.0,True,Alpine,1,12.0,True,China,2024,False
OCO,103.002,4.0,1.0,27.228,31.186,44.588,268.0,261.0,258.0,325.0,False,MEDIUM,4.0,True,Alpine,1,12.0,True,China,2024,False
OCO,103.105,5.0,1.0,27.27,31.336,44.499,270.0,259.0,258.0,324.0,False,MEDIUM,5.0,True,Alpine,1,12.0,True,China,2024,False
OCO,103.212,6.0,1.0,27.33,31.387,44.495,269.0,260.0,254.0,324.0,False,MEDIUM,6.0,True,Alpine,1,12.0,True,China,2024,False
OCO,103.549,7.0,1.0,27.503,31.45,44.596,269.0,261.0,254.0,324.0,False,MEDIUM,7.0,True,Alpine,1,12.0,True,China,2024,False
OCO,104.045,8.0,1.0,27.521,31.763,44.761,270.0,264.0,257.0,327.0,False,MEDIUM,8.0,True,Alpine,1,11.0,True,China,2024,False
OCO,108.29,9.0,1.0,27.15,31.15,49.99,267.0,261.0,258.0,308.0,False,MEDIUM,9.0,True,Alpine,1,13.0,False,China,2024,True
OCO,120.652,10.0,2.0,46.251,30.427,43.974,267.0,261.0,253.0,304.0,False,HARD,1.0,True,Alpine,1,16.0,False,China,2024,True
OCO,101.472,11.0,2.0,26.867,30.508,44.097,267.0,260.0,253.0,304.0,True,HARD,2.0,True,Alpine,1,16.0,True,China,2024,False
OCO,101.793,12.0,2.0,27.224,30.561,44.008,270.0,261.0,254.0,307.0,False,HARD,3.0,True,Alpine,1,15.0,True,China,2024,False
OCO,102.193,13.0,2.0,27.207,30.859,44.127,268.0,261.0,253.0,306.0,False,HARD,4.0,True,Alpine,1,14.0,True,China,2024,False
OCO,102.112,14.0,2.0,27.255,30.815,44.042,266.0,259.0,254.0,306.0,False,HARD,5.0,True,Alpine,1,14.0,True,China,2024,False
OCO,102.357,15.0,2.0,27.368,30.759,44.23,267.0,260.0,254.0,306.0,False,HARD,6.0,True,Alpine,1,13.0,True,China,2024,False
OCO,102.443,16.0,2.0,27.243,30.738,44.462,266.0,259.0,253.0,303.0,False,HARD,7.0,True,Alpine,1,13.0,True,China,2024,False
OCO,102.55,17.0,2.0,27.267,30.705,44.578,266.0,259.0,254.0,303.0,False,HARD,8.0,True,Alpine,1,12.0,True,China,2024,False
OCO,102.486,18.0,2.0,27.338,30.703,44.445,267.0,259.0,253.0,305.0,False,HARD,9.0,True,Alpine,1,12.0,True,China,2024,False
OCO,102.544,19.0,2.0,27.397,30.7,44.447,267.0,260.0,255.0,303.0,False,HARD,10.0,True,Alpine,1,12.0,True,China,2024,False
OCO,101.902,32.0,3.0,26.904,30.937,44.061,275.0,272.0,255.0,314.0,False,HARD,9.0,True,Alpine,1,11.0,True,China,2024,False
OCO,100.937,33.0,3.0,26.841,30.139,43.957,269.0,263.0,255.0,305.0,True,HARD,10.0,True,Alpine,1,11.0,True,China,2024,False
OCO,100.972,34.0,3.0,26.909,30.284,43.779,269.0,263.0,256.0,306.0,False,HARD,11.0,True,Alpine,1,11.0,True,China,2024,False
OCO,101.009,35.0,3.0,26.806,30.34,43.863,270.0,266.0,257.0,308.0,False,HARD,12.0,True,Alpine,1,11.0,True,China,2024,False
OCO,101.194,36.0,3.0,27.012,30.386,43.796,271.0,263.0,257.0,307.0,False,HARD,13.0,True,Alpine,1,11.0,True,China,2024,False
OCO,101.361,37.0,3.0,27.147,30.394,43.82,271.0,263.0,257.0,307.0,False,HARD,14.0,True,Alpine,1,11.0,True,China,2024,False
OCO,101.131,38.0,3.0,27.017,30.303,43.811,271.0,265.0,256.0,308.0,False,HARD,15.0,True,Alpine,1,11.0,True,China,2024,False
OCO,101.313,39.0,3.0,27.103,30.393,43.817,271.0,265.0,256.0,308.0,False,HARD,16.0,True,Alpine,1,11.0,True,China,2024,False
OCO,101.592,40.0,3.0,27.062,30.528,44.002,270.0,265.0,256.0,307.0,False,HARD,17.0,True,Alpine,1,11.0,True,China,2024,False
OCO,101.653,41.0,3.0,27.133,30.517,44.003,271.0,265.0,258.0,306.0,False,HARD,18.0,True,Alpine,1,11.0,True,China,2024,False
OCO,101.515,42.0,3.0,26.965,30.541,44.009,271.0,264.0,256.0,306.0,False,HARD,19.0,True,Alpine,1,11.0,True,China,2024,False
OCO,101.535,43.0,3.0,27.081,30.398,44.056,270.0,265.0,256.0,305.0,False,HARD,20.0,True,Alpine,1,11.0,True,China,2024,False
OCO,101.24,44.0,3.0,27.029,30.325,43.886,270.0,265.0,257.0,306.0,False,HARD,21.0,True,Alpine,1,10.0,True,China,2024,False
OCO,101.423,45.0,3.0,27.049,30.418,43.956,270.0,263.0,257.0,304.0,False,HARD,22.0,True,Alpine,1,10.0,True,China,2024,False
OCO,102.084,46.0,3.0,27.082,31.055,43.947,269.0,266.0,256.0,322.0,False,HARD,23.0,True,Alpine,1,11.0,True,China,2024,True
OCO,101.743,47.0,3.0,27.15,30.446,44.147,270.0,264.0,258.0,303.0,False,HARD,24.0,True,Alpine,1,11.0,True,China,2024,False
OCO,101.301,48.0,3.0,26.945,30.304,44.052,270.0,263.0,257.0,302.0,False,HARD,25.0,True,Alpine,1,11.0,True,China,2024,False
OCO,101.297,49.0,3.0,26.952,30.342,44.003,270.0,264.0,257.0,303.0,False,HARD,26.0,True,Alpine,1,11.0,True,China,2024,False
OCO,101.567,50.0,3.0,26.962,30.524,44.081,269.0,261.0,256.0,302.0,False,HARD,27.0,True,Alpine,1,11.0,True,China,2024,False
OCO,101.477,51.0,3.0,26.927,30.452,44.098,269.0,262.0,256.0,301.0,False,HARD,28.0,True,Alpine,1,11.0,True,China,2024,False
OCO,101.559,52.0,3.0,26.953,30.616,43.99,270.0,261.0,256.0,301.0,False,HARD,29.0,True,Alpine,1,11.0,True,China,2024,False
OCO,101.652,53.0,3.0,27.039,30.563,44.05,268.0,262.0,258.0,302.0,False,HARD,30.0,True,Alpine,1,11.0,True,China,2024,False
OCO,101.522,54.0,3.0,26.963,30.578,43.981,269.0,263.0,257.0,308.0,False,HARD,31.0,True,Alpine,1,11.0,True,China,2024,False
OCO,101.574,55.0,3.0,26.94,30.464,44.17,271.0,267.0,257.0,306.0,False,HARD,32.0,True,Alpine,1,11.0,True,China,2024,False
OCO,101.651,56.0,3.0,27.09,30.552,44.009,275.0,269.0,257.0,307.0,False,HARD,33.0,True,Alpine,1,11.0,True,China,2024,False
NOR,101.267,2.0,1.0,26.911,30.583,43.773,274.0,269.0,261.0,322.0,True,MEDIUM,2.0,True,McLaren,1,4.0,True,China,2024,False
NOR,101.282,3.0,1.0,26.859,30.837,43.586,269.0,267.0,255.0,326.0,False,MEDIUM,3.0,True,McLaren,1,4.0,True,China,2024,False
NOR,101.929,4.0,1.0,27.067,30.814,44.048,267.0,264.0,254.0,314.0,False,MEDIUM,4.0,True,McLaren,1,4.0,True,China,2024,False
NOR,101.94,5.0,1.0,27.17,30.901,43.869,271.0,265.0,255.0,330.0,False,MEDIUM,5.0,True,McLaren,1,4.0,True,China,2024,False
NOR,102.009,6.0,1.0,27.086,31.028,43.895,270.0,266.0,259.0,325.0,False,MEDIUM,6.0,True,McLaren,1,4.0,True,China,2024,False
NOR,102.403,7.0,1.0,27.022,31.432,43.949,269.0,268.0,254.0,331.0,False,MEDIUM,7.0,True,McLaren,1,3.0,True,China,2024,False
NOR,101.756,8.0,1.0,27.141,30.805,43.81,267.0,264.0,255.0,308.0,False,MEDIUM,8.0,True,McLaren,1,3.0,True,China,2024,False
NOR,101.688,9.0,1.0,27.142,30.741,43.805,267.0,265.0,255.0,309.0,False,MEDIUM,9.0,True,McLaren,1,3.0,True,China,2024,False
NOR,101.695,10.0,1.0,27.12,30.861,43.714,266.0,264.0,255.0,308.0,False,MEDIUM,10.0,True,McLaren,1,3.0,True,China,2024,False
NOR,101.828,11.0,1.0,27.163,30.866,43.799,268.0,264.0,254.0,307.0,False,MEDIUM,11.0,True,McLaren,1,3.0,True,China,2024,False
NOR,102.007,12.0,1.0,27.266,30.857,43.884,269.0,265.0,255.0,310.0,False,MEDIUM,12.0,True,McLaren,1,3.0,True,China,2024,False
NOR,101.805,13.0,1.0,27.251,30.822,43.732,269.0,265.0,256.0,310.0,False,MEDIUM,13.0,True,McLaren,1,2.0,True,China,2024,False
NOR,101.656,14.0,1.0,27.225,30.698,43.733,268.0,264.0,255.0,307.0,False,MEDIUM,14.0,True,McLaren,1,1.0,True,China,2024,False
NOR,102.04,15.0,1.0,27.341,30.778,43.921,267.0,264.0,255.0,307.0,False,MEDIUM,15.0,True,McLaren,1,1.0,True,China,2024,False
NOR,101.795,16.0,1.0,27.205,30.78,43.81,269.0,264.0,256.0,306.0,False,MEDIUM,16.0,True,McLaren,1,1.0,True,China,2024,False
NOR,101.7,17.0,1.0,27.132,30.724,43.844,269.0,265.0,255.0,306.0,False,MEDIUM,17.0,True,McLaren,1,1.0,True,China,2024,False
NOR,101.994,18.0,1.0,27.352,30.833,43.809,268.0,264.0,256.0,306.0,False,MEDIUM,18.0,True,McLaren,1,1.0,True,China,2024,False
NOR,102.658,19.0,1.0,27.345,30.766,44.547,269.0,266.0,261.0,301.0,False,MEDIUM,19.0,True,McLaren,1,2.0,True,China,2024,True
NOR,102.167,20.0,1.0,27.181,30.908,44.078,272.0,266.0,256.0,308.0,False,MEDIUM,20.0,True,McLaren,1,2.0,True,China,2024,False
NOR,98.957,32.0,2.0,26.404,29.748,42.805,276.0,270.0,259.0,311.0,True,HARD,10.0,True,McLaren,1,2.0,True,China,2024,False
NOR,98.751,33.0,2.0,26.281,29.536,42.934,272.0,270.0,259.0,309.0,True,HARD,11.0,True,McLaren,1,2.0,True,China,2024,False
NOR,99.022,34.0,2.0,26.441,29.671,42.91,273.0,269.0,259.0,310.0,False,HARD,12.0,True,McLaren,1,2.0,True,China,2024,False
NOR,99.094,35.0,2.0,26.534,29.764,42.796,272.0,269.0,259.0,309.0,False,HARD,13.0,True,McLaren,1,2.0,True,China,2024,False
NOR,99.166,36.0,2.0,26.484,29.733,42.949,273.0,269.0,259.0,309.0,False,HARD,14.0,True,McLaren,1,2.0,True,China,2024,False
NOR,99.3,37.0,2.0,26.467,29.93,42.903,273.0,267.0,260.0,309.0,False,HARD,15.0,True,McLaren,1,2.0,True,China,2024,False
NOR,99.28,38.0,2.0,26.523,29.856,42.901,274.0,269.0,260.0,309.0,False,HARD,16.0,True,McLaren,1,2.0,True,China,2024,False
NOR,99.501,39.0,2.0,26.579,29.952,42.97,272.0,268.0,259.0,309.0,False,HARD,17.0,True,McLaren,1,2.0,True,China,2024,False
NOR,99.854,40.0,2.0,26.66,30.088,43.106,271.0,269.0,258.0,307.0,False,HARD,18.0,True,McLaren,1,2.0,True,China,2024,False
NOR,99.721,41.0,2.0,26.62,29.898,43.203,272.0,270.0,260.0,308.0,False,HARD,19.0,True,McLaren,1,2.0,True,China,2024,False
NOR,100.701,42.0,2.0,26.593,29.912,44.196,271.0,269.0,260.0,307.0,False,HARD,20.0,True,McLaren,1,2.0,True,China,2024,False
NOR,99.932,43.0,2.0,26.832,29.971,43.129,272.0,269.0,261.0,307.0,False,HARD,21.0,True,McLaren,1,2.0,True,China,2024,False
NOR,99.435,44.0,2.0,26.601,29.897,42.937,271.0,269.0,260.0,307.0,False,HARD,22.0,True,McLaren,1,2.0,True,China,2024,False
NOR,99.437,45.0,2.0,26.598,29.868,42.971,271.0,269.0,260.0,307.0,False,HARD,23.0,True,McLaren,1,2.0,True,China,2024,False
NOR,99.718,46.0,2.0,26.651,29.993,43.074,272.0,269.0,260.0,307.0,False,HARD,24.0,True,McLaren,1,2.0,True,China,2024,False
NOR,100.113,47.0,2.0,26.743,30.094,43.276,271.0,269.0,260.0,307.0,False,HARD,25.0,True,McLaren,1,2.0,True,China,2024,False
NOR,99.646,48.0,2.0,26.612,29.888,43.146,272.0,270.0,261.0,306.0,False,HARD,26.0,True,McLaren,1,2.0,True,China,2024,False
NOR,99.716,49.0,2.0,26.684,29.836,43.196,272.0,269.0,241.0,306.0,False,HARD,27.0,True,McLaren,1,2.0,True,China,2024,False
NOR,100.177,50.0,2.0,26.911,30.028,43.238,273.0,268.0,259.0,306.0,False,HARD,28.0,True,McLaren,1,2.0,True,China,2024,False
NOR,99.949,51.0,2.0,26.621,29.966,43.362,273.0,269.0,260.0,306.0,False,HARD,29.0,True,McLaren,1,2.0,True,China,2024,False
NOR,99.944,52.0,2.0,26.698,30.061,43.185,272.0,269.0,260.0,306.0,False,HARD,30.0,True,McLaren,1,2.0,True,China,2024,False
NOR,100.208,53.0,2.0,26.643,30.219,43.346,273.0,270.0,261.0,307.0,False,HARD,31.0,True,McLaren,1,2.0,True,China,2024,False
NOR,100.217,54.0,2.0,26.716,30.125,43.376,273.0,270.0,259.0,308.0,False,HARD,32.0,True,McLaren,1,2.0,True,China,2024,False
NOR,100.686,55.0,2.0,26.901,30.149,43.636,274.0,271.0,260.0,307.0,False,HARD,33.0,True,McLaren,1,2.0,True,China,2024,False
NOR,100.284,56.0,2.0,26.745,30.258,43.281,274.0,270.0,260.0,306.0,False,HARD,34.0,True,McLaren,1,2.0,True,China,2024,False
HAM,104.135,2.0,1.0,27.777,31.721,44.637,275.0,267.0,260.0,341.0,True,SOFT,2.0,True,Mercedes,1,19.0,True,China,2024,False
HAM,102.906,3.0,1.0,27.516,31.429,43.961,277.0,266.0,260.0,337.0,True,SOFT,3.0,True,Mercedes,1,18.0,True,China,2024,False
HAM,103.013,4.0,1.0,27.29,31.303,44.42,271.0,264.0,252.0,319.0,False,SOFT,4.0,True,Mercedes,1,17.0,True,China,2024,False
HAM,103.499,5.0,1.0,27.586,31.314,44.599,272.0,265.0,256.0,333.0,False,SOFT,5.0,True,Mercedes,1,17.0,True,China,2024,False
HAM,103.467,6.0,1.0,27.51,31.423,44.534,267.0,265.0,258.0,332.0,False,SOFT,6.0,True,Mercedes,1,17.0,True,China,2024,False
HAM,104.056,7.0,1.0,27.593,31.549,44.914,271.0,266.0,256.0,330.0,False,SOFT,7.0,True,Mercedes,1,17.0,True,China,2024,False
HAM,103.769,8.0,1.0,27.507,31.695,44.567,273.0,264.0,257.0,329.0,False,SOFT,8.0,True,Mercedes,1,16.0,True,China,2024,False
HAM,107.942,9.0,1.0,27.422,31.115,49.405,268.0,264.0,258.0,313.0,False,SOFT,9.0,True,Mercedes,1,17.0,False,China,2024,True
HAM,118.909,10.0,2.0,45.205,30.064,43.64,272.0,265.0,255.0,314.0,False,MEDIUM,1.0,True,Mercedes,1,19.0,False,China,2024,True
HAM,101.409,11.0,2.0,26.848,30.842,43.719,269.0,265.0,259.0,313.0,True,MEDIUM,2.0,True,Mercedes,1,18.0,True,China,2024,False
HAM,101.904,12.0,2.0,26.938,30.884,44.082,268.0,264.0,258.0,334.0,False,MEDIUM,3.0,True,Mercedes,1,17.0,True,China,2024,False
HAM,101.927,13.0,2.0,27.321,30.655,43.951,270.0,262.0,253.0,309.0,False,MEDIUM,4.0,True,Mercedes,1,15.0,True,China,2024,False
HAM,101.72,14.0,2.0,27.232,30.537,43.951,266.0,265.0,254.0,312.0,False,MEDIUM,5.0,True,Mercedes,1,15.0,True,China,2024,False
HAM,102.314,15.0,2.0,27.361,30.746,44.207,270.0,266.0,253.0,313.0,False,MEDIUM,6.0,True,Mercedes,1,14.0,True,China,2024,False
HAM,102.531,16.0,2.0,27.293,30.77,44.468,269.0,266.0,252.0,311.0,False,MEDIUM,7.0,True,Mercedes,1,14.0,True,China,2024,False
HAM,102.223,17.0,2.0,27.338,30.584,44.301,269.0,266.0,253.0,310.0,False,MEDIUM,8.0,True,Mercedes,1,13.0,True,China,2024,False
HAM,102.564,18.0,2.0,27.397,30.752,44.415,271.0,266.0,253.0,307.0,False,MEDIUM,9.0,True,Mercedes,1,13.0,True,China,2024,False
HAM,102.854,19.0,2.0,27.385,30.912,44.557,272.0,266.0,252.0,309.0,False,MEDIUM,10.0,True,Mercedes,1,13.0,True,China,2024,False
HAM,101.118,32.0,3.0,27.031,30.408,43.679,277.0,268.0,256.0,314.0,True,HARD,11.0,True,Mercedes,1,10.0,True,China,2024,False
HAM,100.857,33.0,3.0,26.758,30.465,43.634,273.0,269.0,261.0,329.0,True,HARD,12.0,True,Mercedes,1,10.0,True,China,2024,False
HAM,100.835,34.0,3.0,26.615,30.525,43.695,276.0,270.0,259.0,332.0,True,HARD,13.0,True,Mercedes,1,10.0,True,China,2024,False
HAM,100.908,35.0,3.0,26.707,30.558,43.643,275.0,269.0,261.0,331.0,False,HARD,14.0,True,Mercedes,1,10.0,True,China,2024,False
HAM,101.289,36.0,3.0,26.845,30.726,43.718,270.0,268.0,263.0,330.0,False,HARD,15.0,True,Mercedes,1,10.0,True,China,2024,False
HAM,101.215,37.0,3.0,26.794,30.79,43.631,272.0,269.0,263.0,330.0,False,HARD,16.0,True,Mercedes,1,10.0,True,China,2024,False
HAM,100.974,38.0,3.0,26.745,30.682,43.547,271.0,269.0,263.0,330.0,False,HARD,17.0,True,Mercedes,1,10.0,True,China,2024,False
HAM,101.113,39.0,3.0,26.948,30.643,43.522,270.0,270.0,264.0,331.0,False,HARD,18.0,True,Mercedes,1,10.0,True,China,2024,False
HAM,101.5,40.0,3.0,26.915,30.751,43.834,272.0,270.0,260.0,334.0,False,HARD,19.0,True,Mercedes,1,10.0,True,China,2024,False
HAM,100.882,41.0,3.0,26.958,30.425,43.499,272.0,270.0,258.0,311.0,False,HARD,20.0,True,Mercedes,1,9.0,True,China,2024,False
HAM,101.068,42.0,3.0,27.094,30.261,43.713,272.0,269.0,258.0,311.0,False,HARD,21.0,True,Mercedes,1,9.0,True,China,2024,False
HAM,101.222,43.0,3.0,27.038,30.454,43.73,271.0,269.0,257.0,311.0,False,HARD,22.0,True,Mercedes,1,9.0,True,China,2024,False
HAM,100.915,44.0,3.0,26.942,30.321,43.652,270.0,270.0,258.0,310.0,False,HARD,23.0,True,Mercedes,1,8.0,True,China,2024,False
HAM,101.098,45.0,3.0,26.985,30.492,43.621,270.0,269.0,258.0,312.0,False,HARD,24.0,True,Mercedes,1,8.0,True,China,2024,False
HAM,101.341,46.0,3.0,27.014,30.474,43.853,270.0,269.0,257.0,312.0,False,HARD,25.0,True,Mercedes,1,8.0,True,China,2024,False
HAM,101.376,47.0,3.0,27.082,30.487,43.807,272.0,269.0,257.0,312.0,False,HARD,26.0,True,Mercedes,1,8.0,True,China,2024,False
HAM,101.315,48.0,3.0,26.972,30.348,43.995,272.0,270.0,259.0,310.0,False,HARD,27.0,True,Mercedes,1,8.0,True,China,2024,False
HAM,101.92,49.0,3.0,27.01,31.133,43.777,273.0,269.0,260.0,313.0,False,HARD,28.0,True,Mercedes,1,9.0,True,China,2024,True
HAM,101.306,50.0,3.0,27.041,30.575,43.69,275.0,269.0,259.0,313.0,False,HARD,29.0,True,Mercedes,1,9.0,True,China,2024,False
HAM,101.485,51.0,3.0,27.133,30.628,43.724,271.0,269.0,259.0,312.0,False,HARD,30.0,True,Mercedes,1,9.0,True,China,2024,False
HAM,101.461,52.0,3.0,27.058,30.527,43.876,275.0,270.0,257.0,312.0,False,HARD,31.0,True,Mercedes,1,9.0,True,China,2024,False
HAM,101.521,53.0,3.0,27.013,30.603,43.905,273.0,270.0,259.0,313.0,False,HARD,32.0,True,Mercedes,1,9.0,True,China,2024,False
HAM,101.493,54.0,3.0,27.053,30.612,43.828,274.0,270.0,257.0,315.0,False,HARD,33.0,True,Mercedes,1,9.0,True,China,2024,False
HAM,101.604,55.0,3.0,27.124,30.622,43.858,276.0,270.0,260.0,312.0,False,HARD,34.0,True,Mercedes,1,9.0,True,China,2024,False
HAM,102.084,56.0,3.0,27.114,30.62,44.35,272.0,270.0,255.0,311.0,False,HARD,35.0,True,Mercedes,1,9.0,True,China,2024,True
SAI,102.115,2.0,1.0,27.246,31.059,43.81,267.0,266.0,259.0,332.0,True,MEDIUM,2.0,True,Ferrari,1,8.0,True,China,2024,False
SAI,101.979,3.0,1.0,27.267,30.965,43.747,270.0,262.0,260.0,327.0,True,MEDIUM,3.0,True,Ferrari,1,8.0,True,China,2024,False
SAI,102.145,4.0,1.0,27.4,31.006,43.739,271.0,265.0,260.0,331.0,False,MEDIUM,4.0,True,Ferrari,1,8.0,True,China,2024,False
SAI,102.21,5.0,1.0,27.279,31.121,43.81,277.0,266.0,259.0,332.0,False,MEDIUM,5.0,True,Ferrari,1,8.0,True,China,2024,False
SAI,102.409,6.0,1.0,27.317,31.132,43.96,272.0,264.0,258.0,332.0,False,MEDIUM,6.0,True,Ferrari,1,8.0,True,China,2024,False
SAI,102.783,7.0,1.0,27.351,31.085,44.347,273.0,267.0,254.0,317.0,False,MEDIUM,7.0,True,Ferrari,1,8.0,True,China,2024,False
SAI,102.951,8.0,1.0,27.48,31.199,44.272,271.0,263.0,253.0,313.0,False,MEDIUM,8.0,True,Ferrari,1,8.0,True,China,2024,False
SAI,102.8,9.0,1.0,27.441,31.194,44.165,273.0,264.0,259.0,331.0,False,MEDIUM,9.0,True,Ferrari,1,8.0,True,China,2024,False
SAI,103.238,10.0,1.0,27.371,31.806,44.061,278.0,264.0,258.0,331.0,False,MEDIUM,10.0,True,Ferrari,1,8.0,True,China,2024,False
SAI,103.299,11.0,1.0,27.38,31.597,44.322,277.0,263.0,259.0,329.0,False,MEDIUM,11.0,True,Ferrari,1,6.0,True,China,2024,False
SAI,102.603,12.0,1.0,27.289,31.14,44.174,271.0,262.0,254.0,311.0,False,MEDIUM,12.0,True,Ferrari,1,6.0,True,China,2024,False
SAI,102.4,13.0,1.0,27.455,31.031,43.914,272.0,265.0,254.0,311.0,False,MEDIUM,13.0,True,Ferrari,1,6.0,True,China,2024,False
SAI,103.087,14.0,1.0,27.657,31.162,44.268,271.0,263.0,254.0,313.0,False,MEDIUM,14.0,True,Ferrari,1,5.0,True,China,2024,False
SAI,102.792,15.0,1.0,27.496,31.088,44.208,274.0,266.0,255.0,314.0,False,MEDIUM,15.0,True,Ferrari,1,5.0,True,China,2024,False
SAI,102.693,16.0,1.0,27.384,31.091,44.218,273.0,264.0,255.0,310.0,False,MEDIUM,16.0,True,Ferrari,1,4.0,True,China,2024,False
SAI,107.863,17.0,1.0,27.355,31.014,49.494,274.0,265.0,258.0,309.0,False,MEDIUM,17.0,True,Ferrari,1,5.0,False,China,2024,True
SAI,118.852,18.0,2.0,45.627,30.049,43.176,270.0,267.0,256.0,326.0,False,HARD,1.0,True,Ferrari,1,9.0,False,China,2024,True
SAI,99.764,19.0,2.0,26.609,29.898,43.257,270.0,264.0,257.0,308.0,True,HARD,2.0,True,Ferrari,1,9.0,True,China,2024,False
SAI,100.401,32.0,2.0,26.813,30.054,43.534,276.0,267.0,256.0,311.0,False,HARD,15.0,True,Ferrari,1,6.0,True,China,2024,False
SAI,100.048,33.0,2.0,26.579,30.014,43.455,277.0,269.0,257.0,314.0,False,HARD,16.0,True,Ferrari,1,6.0,True,China,2024,False
SAI,100.416,34.0,2.0,26.856,30.101,43.459,276.0,268.0,256.0,312.0,False,HARD,17.0,True,Ferrari,1,6.0,True,China,2024,False
SAI,100.311,35.0,2.0,26.839,30.115,43.357,275.0,268.0,256.0,312.0,False,HARD,18.0,True,Ferrari,1,6.0,True,China,2024,False
SAI,100.615,36.0,2.0,26.863,30.199,43.553,274.0,266.0,256.0,310.0,False,HARD,19.0,True,Ferrari,1,6.0,True,China,2024,False
SAI,100.726,37.0,2.0,26.883,30.341,43.502,276.0,266.0,257.0,309.0,False,HARD,20.0,True,Ferrari,1,6.0,True,China,2024,False
SAI,100.603,38.0,2.0,26.92,30.27,43.413,276.0,267.0,257.0,310.0,False,HARD,21.0,True,Ferrari,1,6.0,True,China,2024,False
SAI,100.497,39.0,2.0,26.878,30.134,43.485,275.0,268.0,257.0,310.0,False,HARD,22.0,True,Ferrari,1,6.0,True,China,2024,False
SAI,100.875,40.0,2.0,26.942,30.247,43.686,274.0,267.0,257.0,309.0,False,HARD,23.0,True,Ferrari,1,6.0,True,China,2024,False
SAI,100.299,41.0,2.0,26.722,30.121,43.456,275.0,268.0,258.0,309.0,False,HARD,24.0,True,Ferrari,1,6.0,True,China,2024,False
SAI,100.756,42.0,2.0,26.846,30.216,43.694,275.0,266.0,258.0,308.0,False,HARD,25.0,True,Ferrari,1,6.0,True,China,2024,False
SAI,100.345,43.0,2.0,26.766,29.986,43.593,275.0,267.0,258.0,308.0,False,HARD,26.0,True,Ferrari,1,5.0,True,China,2024,False
SAI,100.109,44.0,2.0,26.644,30.037,43.428,274.0,268.0,257.0,307.0,False,HARD,27.0,True,Ferrari,1,5.0,True,China,2024,False
SAI,100.22,45.0,2.0,26.74,30.041,43.439,274.0,266.0,258.0,308.0,False,HARD,28.0,True,Ferrari,1,5.0,True,China,2024,False
SAI,100.227,46.0,2.0,26.838,30.002,43.387,275.0,267.0,258.0,308.0,False,HARD,29.0,True,Ferrari,1,5.0,True,China,2024,False
SAI,100.602,47.0,2.0,26.859,30.12,43.623,274.0,267.0,257.0,307.0,False,HARD,30.0,True,Ferrari,1,5.0,True,China,2024,False
SAI,100.471,48.0,2.0,26.88,30.031,43.56,275.0,267.0,258.0,307.0,False,HARD,31.0,True,Ferrari,1,5.0,True,China,2024,False
SAI,100.109,49.0,2.0,26.705,30.015,43.389,276.0,268.0,259.0,306.0,False,HARD,32.0,True,Ferrari,1,5.0,True,China,2024,False
SAI,100.352,50.0,2.0,26.727,30.171,43.454,274.0,267.0,258.0,307.0,False,HARD,33.0,True,Ferrari,1,5.0,True,China,2024,False
SAI,100.239,51.0,2.0,26.745,30.098,43.396,275.0,267.0,258.0,307.0,False,HARD,34.0,True,Ferrari,1,5.0,True,China,2024,False
SAI,100.413,52.0,2.0,26.766,30.2,43.447,276.0,267.0,258.0,308.0,False,HARD,35.0,True,Ferrari,1,5.0,True,China,2024,False
SAI,100.561,53.0,2.0,26.819,30.219,43.523,274.0,266.0,258.0,308.0,False,HARD,36.0,True,Ferrari,1,5.0,True,China,2024,False
SAI,100.281,54.0,2.0,26.594,30.274,43.413,276.0,269.0,259.0,310.0,False,HARD,37.0,True,Ferrari,1,5.0,True,China,2024,False
SAI,100.711,55.0,2.0,26.895,30.215,43.601,276.0,268.0,258.0,308.0,False,HARD,38.0,True,Ferrari,1,5.0,True,China,2024,False
SAI,100.41,56.0,2.0,26.876,30.153,43.381,276.0,269.0,259.0,307.0,False,HARD,39.0,True,Ferrari,1,5.0,True,China,2024,False
RUS,101.696,2.0,1.0,26.985,30.791,43.92,280.0,271.0,260.0,330.0,True,MEDIUM,2.0,True,Mercedes,1,6.0,True,China,2024,False
RUS,101.771,3.0,1.0,26.895,30.93,43.946,269.0,270.0,259.0,331.0,False,MEDIUM,3.0,True,Mercedes,1,6.0,True,China,2024,False
RUS,102.413,4.0,1.0,27.441,30.963,44.009,262.0,266.0,258.0,327.0,False,MEDIUM,4.0,True,Mercedes,1,6.0,True,China,2024,False
RUS,102.185,5.0,1.0,27.178,31.051,43.956,273.0,267.0,257.0,328.0,False,MEDIUM,5.0,True,Mercedes,1,6.0,True,China,2024,False
RUS,102.597,6.0,1.0,27.312,31.169,44.116,271.0,266.0,259.0,329.0,False,MEDIUM,6.0,True,Mercedes,1,6.0,True,China,2024,False
RUS,102.589,7.0,1.0,27.34,31.018,44.231,275.0,267.0,258.0,328.0,False,MEDIUM,7.0,True,Mercedes,1,6.0,True,China,2024,False
RUS,103.114,8.0,1.0,27.416,31.223,44.475,276.0,266.0,253.0,312.0,False,MEDIUM,8.0,True,Mercedes,1,6.0,True,China,2024,False
RUS,103.985,9.0,1.0,27.976,31.329,44.68,274.0,266.0,253.0,312.0,False,MEDIUM,9.0,True,Mercedes,1,7.0,True,China,2024,False
RUS,103.227,10.0,1.0,27.548,31.38,44.299,273.0,264.0,254.0,312.0,False,MEDIUM,10.0,True,Mercedes,1,7.0,True,China,2024,False
RUS,108.016,11.0,1.0,27.595,31.267,49.154,273.0,265.0,258.0,310.0,False,MEDIUM,11.0,True,Mercedes,1,8.0,False,China,2024,True
RUS,118.003,12.0,2.0,44.862,29.863,43.278,275.0,263.0,256.0,312.0,False,MEDIUM,1.0,True,Mercedes,1,10.0,False,China,2024,True
RUS,100.785,13.0,2.0,26.911,30.22,43.654,269.0,270.0,261.0,336.0,True,MEDIUM,2.0,True,Mercedes,1,9.0,True,China,2024,False
RUS,101.754,14.0,2.0,27.036,30.895,43.823,268.0,269.0,254.0,314.0,False,MEDIUM,3.0,True,Mercedes,1,8.0,True,China,2024,False
RUS,101.308,15.0,2.0,27.202,30.459,43.647,270.0,269.0,256.0,314.0,False,MEDIUM,4.0,True,Mercedes,1,8.0,True,China,2024,False
RUS,101.4,16.0,2.0,27.034,30.479,43.887,272.0,268.0,256.0,312.0,False,MEDIUM,5.0,True,Mercedes,1,8.0,True,China,2024,False
RUS,101.376,17.0,2.0,27.016,30.516,43.844,272.0,267.0,256.0,312.0,False,MEDIUM,6.0,True,Mercedes,1,7.0,True,China,2024,False
RUS,101.491,18.0,2.0,27.005,30.517,43.969,272.0,267.0,257.0,312.0,False,MEDIUM,7.0,True,Mercedes,1,6.0,True,China,2024,False
RUS,101.416,19.0,2.0,26.995,30.419,44.002,275.0,267.0,258.0,311.0,False,MEDIUM,8.0,True,Mercedes,1,6.0,True,China,2024,False
RUS,100.69,32.0,3.0,26.911,30.215,43.564,278.0,271.0,259.0,313.0,True,HARD,9.0,True,Mercedes,1,7.0,True,China,2024,False
RUS,100.476,33.0,3.0,26.712,30.099,43.665,274.0,269.0,260.0,313.0,True,HARD,10.0,True,Mercedes,1,7.0,True,China,2024,False
RUS,100.467,34.0,3.0,26.774,30.103,43.59,273.0,269.0,259.0,312.0,True,HARD,11.0,True,Mercedes,1,7.0,True,China,2024,False
RUS,100.493,35.0,3.0,26.993,30.065,43.435,274.0,270.0,258.0,312.0,False,HARD,12.0,True,Mercedes,1,7.0,True,China,2024,False
RUS,100.496,36.0,3.0,26.798,30.249,43.449,275.0,269.0,260.0,312.0,False,HARD,13.0,True,Mercedes,1,7.0,True,China,2024,False
RUS,100.687,37.0,3.0,26.898,30.229,43.56,273.0,269.0,260.0,310.0,False,HARD,14.0,True,Mercedes,1,7.0,True,China,2024,False
RUS,100.451,38.0,3.0,26.874,30.036,43.541,275.0,270.0,259.0,313.0,True,HARD,15.0,True,Mercedes,1,7.0,True,China,2024,False
RUS,100.112,39.0,3.0,26.699,29.964,43.449,275.0,272.0,265.0,330.0,True,HARD,16.0,True,Mercedes,1,7.0,True,China,2024,False
RUS,100.78,40.0,3.0,26.764,30.319,43.697,277.0,271.0,264.0,330.0,False,HARD,17.0,True,Mercedes,1,7.0,True,China,2024,False
RUS,101.024,41.0,3.0,26.851,30.398,43.775,274.0,271.0,260.0,311.0,False,HARD,18.0,True,Mercedes,1,7.0,True,China,2024,False
RUS,100.772,42.0,3.0,26.79,30.347,43.635,274.0,270.0,261.0,310.0,False,HARD,19.0,True,Mercedes,1,7.0,True,China,2024,False
RUS,100.681,43.0,3.0,26.757,30.125,43.799,272.0,270.0,259.0,310.0,False,HARD,20.0,True,Mercedes,1,6.0,True,China,2024,False
RUS,100.38,44.0,3.0,26.791,29.985,43.604,273.0,269.0,260.0,310.0,False,HARD,21.0,True,Mercedes,1,6.0,True,China,2024,False
RUS,100.619,45.0,3.0,26.971,30.124,43.524,274.0,269.0,261.0,311.0,False,HARD,22.0,True,Mercedes,1,6.0,True,China,2024,False
RUS,100.38,46.0,3.0,26.794,30.12,43.466,273.0,271.0,261.0,309.0,False,HARD,23.0,True,Mercedes,1,6.0,True,China,2024,False
RUS,100.404,47.0,3.0,26.775,30.228,43.401,275.0,271.0,261.0,310.0,False,HARD,24.0,True,Mercedes,1,6.0,True,China,2024,False
RUS,100.394,48.0,3.0,26.879,30.089,43.426,273.0,271.0,262.0,310.0,False,HARD,25.0,True,Mercedes,1,6.0,True,China,2024,False
RUS,100.218,49.0,3.0,26.711,30.072,43.435,274.0,270.0,261.0,309.0,False,HARD,26.0,True,Mercedes,1,6.0,True,China,2024,False
RUS,100.466,50.0,3.0,26.714,30.205,43.547,274.0,270.0,261.0,310.0,False,HARD,27.0,True,Mercedes,1,6.0,True,China,2024,False
RUS,100.334,51.0,3.0,26.764,30.193,43.377,274.0,270.0,262.0,309.0,False,HARD,28.0,True,Mercedes,1,6.0,True,China,2024,False
RUS,100.731,52.0,3.0,26.75,30.218,43.763,276.0,271.0,260.0,310.0,False,HARD,29.0,True,Mercedes,1,6.0,True,China,2024,False
RUS,100.67,53.0,3.0,26.934,30.149,43.587,276.0,271.0,261.0,311.0,False,HARD,30.0,True,Mercedes,1,6.0,True,China,2024,False
RUS,100.84,54.0,3.0,26.899,30.295,43.646,275.0,272.0,260.0,312.0,False,HARD,31.0,True,Mercedes,1,6.0,True,China,2024,False
RUS,101.429,55.0,3.0,26.942,30.684,43.803,277.0,271.0,261.0,309.0,False,HARD,32.0,True,Mercedes,1,6.0,True,China,2024,True
RUS,100.793,56.0,3.0,26.795,30.331,43.667,272.0,272.0,261.0,309.0,False,HARD,33.0,True,Mercedes,1,6.0,True,China,2024,False
BOT,103.041,2.0,1.0,27.648,31.229,44.164,277.0,267.0,259.0,341.0,True,MEDIUM,2.0,True,Kick Sauber,1,11.0,True,China,2024,False
BOT,102.548,3.0,1.0,27.242,31.336,43.97,274.0,267.0,259.0,333.0,True,MEDIUM,3.0,True,Kick Sauber,1,11.0,True,China,2024,False
BOT,103.032,4.0,1.0,27.247,31.432,44.353,269.0,260.0,258.0,320.0,False,MEDIUM,4.0,True,Kick Sauber,1,11.0,True,China,2024,False
BOT,103.192,5.0,1.0,27.299,31.575,44.318,273.0,264.0,258.0,328.0,False,MEDIUM,5.0,True,Kick Sauber,1,11.0,True,China,2024,False
BOT,103.151,6.0,1.0,27.357,31.453,44.341,273.0,265.0,257.0,334.0,False,MEDIUM,6.0,True,Kick Sauber,1,11.0,True,China,2024,False
BOT,102.959,7.0,1.0,27.557,31.51,43.892,273.0,264.0,252.0,335.0,False,MEDIUM,7.0,True,Kick Sauber,1,10.0,True,China,2024,False
BOT,103.45,8.0,1.0,27.595,31.172,44.683,267.0,262.0,252.0,306.0,False,MEDIUM,8.0,True,Kick Sauber,1,10.0,True,China,2024,False
BOT,107.977,9.0,1.0,27.48,31.189,49.308,271.0,264.0,258.0,310.0,False,MEDIUM,9.0,True,Kick Sauber,1,11.0,False,China,2024,True
BOT,121.016,10.0,2.0,46.422,30.772,43.822,270.0,264.0,253.0,308.0,False,HARD,1.0,True,Kick Sauber,1,15.0,False,China,2024,True
BOT,101.276,11.0,2.0,27.03,30.426,43.82,269.0,263.0,254.0,308.0,True,HARD,2.0,True,Kick Sauber,1,15.0,True,China,2024,False
BOT,101.994,12.0,2.0,27.306,30.865,43.823,268.0,261.0,254.0,309.0,False,HARD,3.0,True,Kick Sauber,1,14.0,True,China,2024,False
BOT,102.144,13.0,2.0,27.393,30.725,44.026,266.0,262.0,253.0,306.0,False,HARD,4.0,True,Kick Sauber,1,13.0,True,China,2024,False
BOT,102.359,14.0,2.0,27.546,30.783,44.03,263.0,259.0,254.0,304.0,False,HARD,5.0,True,Kick Sauber,1,13.0,True,China,2024,False
BOT,102.391,15.0,2.0,27.389,30.819,44.183,267.0,262.0,253.0,308.0,False,HARD,6.0,True,Kick Sauber,1,12.0,True,China,2024,False
BOT,102.215,16.0,2.0,27.116,30.773,44.326,273.0,265.0,254.0,310.0,False,HARD,7.0,True,Kick Sauber,1,12.0,True,China,2024,False
BOT,102.606,17.0,2.0,27.347,30.971,44.288,273.0,266.0,253.0,330.0,False,HARD,8.0,True,Kick Sauber,1,11.0,True,China,2024,False
BOT,102.768,18.0,2.0,27.472,30.886,44.41,268.0,261.0,254.0,308.0,False,HARD,9.0,True,Kick Sauber,1,11.0,True,China,2024,False
BOT,102.252,19.0,2.0,27.245,30.664,44.343,267.0,262.0,255.0,306.0,False,HARD,10.0,True,Kick Sauber,1,11.0,True,China,2024,False
PIA,101.607,2.0,1.0,27.303,30.583,43.721,273.0,269.0,262.0,327.0,True,MEDIUM,2.0,True,McLaren,1,5.0,True,China,2024,False
PIA,101.754,3.0,1.0,27.073,31.057,43.624,269.0,266.0,256.0,312.0,False,MEDIUM,3.0,True,McLaren,1,5.0,True,China,2024,False
PIA,102.247,4.0,1.0,27.517,30.817,43.913,266.0,259.0,254.0,302.0,False,MEDIUM,4.0,True,McLaren,1,5.0,True,China,2024,False
PIA,102.227,5.0,1.0,27.488,30.877,43.862,271.0,266.0,254.0,309.0,False,MEDIUM,5.0,True,McLaren,1,5.0,True,China,2024,False
PIA,102.608,6.0,1.0,27.42,31.171,44.017,267.0,264.0,255.0,306.0,False,MEDIUM,6.0,True,McLaren,1,5.0,True,China,2024,False
PIA,102.376,7.0,1.0,27.431,30.809,44.136,269.0,263.0,255.0,310.0,False,MEDIUM,7.0,True,McLaren,1,5.0,True,China,2024,False
PIA,102.627,8.0,1.0,27.427,30.943,44.257,271.0,266.0,254.0,311.0,False,MEDIUM,8.0,True,McLaren,1,5.0,True,China,2024,False
PIA,102.976,9.0,1.0,27.543,31.13,44.303,267.0,263.0,255.0,309.0,False,MEDIUM,9.0,True,McLaren,1,5.0,True,China,2024,False
PIA,102.658,10.0,1.0,27.411,31.102,44.145,271.0,265.0,260.0,312.0,False,MEDIUM,10.0,True,McLaren,1,5.0,True,China,2024,False
PIA,103.456,11.0,1.0,27.32,31.332,44.804,270.0,264.0,259.0,314.0,False,MEDIUM,11.0,True,McLaren,1,5.0,True,China,2024,False
PIA,102.975,12.0,1.0,27.564,31.194,44.217,268.0,262.0,255.0,307.0,False,MEDIUM,12.0,True,McLaren,1,5.0,True,China,2024,False
PIA,102.871,13.0,1.0,27.614,31.126,44.131,270.0,264.0,255.0,310.0,False,MEDIUM,13.0,True,McLaren,1,5.0,True,China,2024,False
PIA,103.139,14.0,1.0,27.647,31.03,44.462,269.0,263.0,260.0,309.0,False,MEDIUM,14.0,True,McLaren,1,4.0,True,China,2024,False
PIA,102.645,15.0,1.0,27.433,30.992,44.22,269.0,267.0,256.0,310.0,False,MEDIUM,15.0,True,McLaren,1,4.0,True,China,2024,False
PIA,107.643,16.0,1.0,27.548,30.966,49.129,271.0,264.0,258.0,307.0,False,MEDIUM,16.0,True,McLaren,1,6.0,False,China,2024,True
PIA,119.282,17.0,2.0,45.362,30.578,43.342,274.0,263.0,259.0,303.0,False,MEDIUM,2.0,False,McLaren,1,9.0,False,China,2024,False
PIA,99.739,18.0,2.0,26.748,30.172,42.819,271.0,269.0,258.0,329.0,True,MEDIUM,3.0,False,McLaren,1,7.0,True,China,2024,False
PIA,100.632,19.0,2.0,26.874,30.344,43.414,267.0,263.0,258.0,302.0,False,MEDIUM,4.0,False,McLaren,1,7.0,True,China,2024,False
PIA,101.017,32.0,3.0,26.91,30.478,43.629,279.0,271.0,257.0,312.0,False,HARD,8.0,True,McLaren,1,8.0,True,China,2024,False
PIA,100.725,33.0,3.0,26.96,30.251,43.514,272.0,270.0,256.0,312.0,False,HARD,9.0,True,McLaren,1,8.0,True,China,2024,False
PIA,100.748,34.0,3.0,26.939,30.238,43.571,275.0,270.0,257.0,311.0,False,HARD,10.0,True,McLaren,1,8.0,True,China,2024,False
PIA,100.397,35.0,3.0,26.844,30.159,43.394,275.0,271.0,257.0,311.0,False,HARD,11.0,True,McLaren,1,8.0,True,China,2024,True
PIA,101.5,36.0,3.0,27.069,30.456,43.975,275.0,268.0,255.0,309.0,False,HARD,12.0,True,McLaren,1,8.0,True,China,2024,False
PIA,101.45,37.0,3.0,27.084,30.586,43.78,273.0,267.0,258.0,307.0,False,HARD,13.0,True,McLaren,1,8.0,True,China,2024,False
PIA,100.946,38.0,3.0,26.85,30.517,43.579,273.0,266.0,257.0,306.0,False,HARD,14.0,True,McLaren,1,8.0,True,China,2024,False
PIA,101.496,39.0,3.0,27.005,30.593,43.898,274.0,267.0,257.0,309.0,False,HARD,15.0,True,McLaren,1,8.0,True,China,2024,False
PIA,101.119,40.0,3.0,27.102,30.291,43.726,272.0,267.0,257.0,307.0,False,HARD,16.0,True,McLaren,1,8.0,True,China,2024,False
PIA,101.621,41.0,3.0,27.078,30.568,43.975,271.0,268.0,257.0,305.0,False,HARD,17.0,True,McLaren,1,8.0,True,China,2024,False
PIA,101.01,42.0,3.0,26.998,30.225,43.787,273.0,268.0,259.0,305.0,False,HARD,18.0,True,McLaren,1,8.0,True,China,2024,False
PIA,100.876,43.0,3.0,26.88,30.268,43.728,272.0,268.0,257.0,305.0,False,HARD,19.0,True,McLaren,1,8.0,True,China,2024,False
PIA,101.004,44.0,3.0,26.999,30.274,43.731,270.0,268.0,258.0,305.0,False,HARD,20.0,True,McLaren,1,7.0,True,China,2024,False
PIA,101.301,45.0,3.0,27.105,30.429,43.767,275.0,267.0,258.0,305.0,False,HARD,21.0,True,McLaren,1,7.0,True,China,2024,False
PIA,101.294,46.0,3.0,26.957,30.596,43.741,271.0,267.0,258.0,306.0,False,HARD,22.0,True,McLaren,1,7.0,True,China,2024,False
PIA,101.45,47.0,3.0,26.982,30.572,43.896,273.0,268.0,258.0,305.0,False,HARD,23.0,True,McLaren,1,7.0,True,China,2024,False
PIA,101.437,48.0,3.0,26.986,30.462,43.989,273.0,268.0,258.0,304.0,False,HARD,24.0,True,McLaren,1,7.0,True,China,2024,False
PIA,102.046,49.0,3.0,27.078,30.314,44.654,274.0,268.0,265.0,304.0,False,HARD,25.0,True,McLaren,1,8.0,True,China,2024,True
PIA,101.297,50.0,3.0,26.913,30.593,43.791,275.0,268.0,259.0,307.0,False,HARD,26.0,True,McLaren,1,8.0,True,China,2024,False
PIA,101.331,51.0,3.0,26.947,30.473,43.911,276.0,268.0,258.0,307.0,False,HARD,27.0,True,McLaren,1,8.0,True,China,2024,False
PIA,101.602,52.0,3.0,27.234,30.555,43.813,275.0,266.0,258.0,305.0,False,HARD,28.0,True,McLaren,1,8.0,True,China,2024,False
PIA,101.471,53.0,3.0,27.208,30.453,43.81,274.0,268.0,259.0,306.0,False,HARD,29.0,True,McLaren,1,8.0,True,China,2024,False
PIA,101.647,54.0,3.0,27.195,30.533,43.919,274.0,267.0,258.0,308.0,False,HARD,30.0,True,McLaren,1,8.0,True,China,2024,False
PIA,101.45,55.0,3.0,27.133,30.322,43.995,276.0,269.0,259.0,305.0,False,HARD,31.0,True,McLaren,1,8.0,True,China,2024,False
PIA,101.61,56.0,3.0,27.176,30.288,44.146,276.0,269.0,258.0,304.0,False,HARD,32.0,True,McLaren,1,8.0,True,China,2024,False
VER,93.093,2.0,1.0,31.455,35.489,26.149,209.0,183.0,272.0,303.0,True,MEDIUM,2.0,True,Red Bull Racing,1,1.0,True,Miami,2024,False
VER,93.137,3.0,1.0,31.551,35.472,26.114,211.0,183.0,272.0,309.0,False,MEDIUM,3.0,True,Red Bull Racing,1,1.0,True,Miami,2024,False
VER,93.504,4.0,1.0,31.508,35.686,26.31,208.0,181.0,273.0,309.0,False,MEDIUM,4.0,True,Red Bull Racing,1,1.0,True,Miami,2024,True
VER,92.834,5.0,1.0,31.318,35.41,26.106,210.0,183.0,274.0,306.0,True,MEDIUM,5.0,True,Red Bull Racing,1,1.0,True,Miami,2024,False
VER,92.939,6.0,1.0,31.528,35.395,26.016,209.0,183.0,273.0,308.0,False,MEDIUM,6.0,True,Red Bull Racing,1,1.0,True,Miami,2024,False
VER,92.895,7.0,1.0,31.547,35.239,26.109,210.0,183.0,272.0,309.0,False,MEDIUM,7.0,True,Red Bull Racing,1,1.0,True,Miami,2024,False
VER,92.838,8.0,1.0,31.563,35.266,26.009,211.0,183.0,272.0,311.0,False,MEDIUM,8.0,True,Red Bull Racing,1,1.0,True,Miami,2024,False
VER,93.289,9.0,1.0,31.903,35.254,26.132,207.0,183.0,272.0,309.0,False,MEDIUM,9.0,True,Red Bull Racing,1,1.0,True,Miami,2024,False
VER,93.267,10.0,1.0,31.73,35.448,26.089,208.0,183.0,273.0,311.0,False,MEDIUM,10.0,True,Red Bull Racing,1,1.0,True,Miami,2024,False
VER,93.501,11.0,1.0,31.72,35.573,26.208,210.0,183.0,273.0,301.0,False,MEDIUM,11.0,True,Red Bull Racing,1,1.0,True,Miami,2024,True
VER,93.097,12.0,1.0,31.605,35.354,26.138,211.0,183.0,272.0,309.0,False,MEDIUM,12.0,True,Red Bull Racing,1,1.0,True,Miami,2024,False
VER,93.129,13.0,1.0,31.578,35.441,26.11,210.0,183.0,272.0,310.0,False,MEDIUM,13.0,True,Red Bull Racing,1,1.0,True,Miami,2024,False
VER,92.918,14.0,1.0,31.442,35.397,26.079,210.0,183.0,274.0,310.0,False,MEDIUM,14.0,True,Red Bull Racing,1,1.0,True,Miami,2024,False
VER,92.807,15.0,1.0,31.402,35.279,26.126,209.0,183.0,273.0,311.0,True,MEDIUM,15.0,True,Red Bull Racing,1,1.0,True,Miami,2024,False
VER,92.749,16.0,1.0,31.413,35.262,26.074,210.0,184.0,273.0,309.0,True,MEDIUM,16.0,True,Red Bull Racing,1,1.0,True,Miami,2024,False
VER,92.92,17.0,1.0,31.36,35.419,26.141,211.0,183.0,273.0,308.0,False,MEDIUM,17.0,True,Red Bull Racing,1,1.0,True,Miami,2024,False
VER,93.022,18.0,1.0,31.388,35.398,26.236,209.0,184.0,273.0,309.0,False,MEDIUM,18.0,True,Red Bull Racing,1,1.0,True,Miami,2024,False
VER,92.668,19.0,1.0,31.331,35.313,26.024,210.0,185.0,274.0,310.0,True,MEDIUM,19.0,True,Red Bull Racing,1,1.0,True,Miami,2024,False
VER,92.53,20.0,1.0,31.249,35.307,25.974,212.0,185.0,274.0,308.0,True,MEDIUM,20.0,True,Red Bull Racing,1,1.0,True,Miami,2024,False
VER,92.926,21.0,1.0,31.35,35.491,26.085,211.0,184.0,274.0,310.0,False,MEDIUM,21.0,True,Red Bull Racing,1,1.0,True,Miami,2024,False
VER,92.906,22.0,1.0,31.387,35.453,26.066,212.0,184.0,275.0,310.0,False,MEDIUM,22.0,True,Red Bull Racing,1,1.0,True,Miami,2024,False
VER,107.087,24.0,2.0,45.854,35.283,25.95,211.0,185.0,274.0,307.0,False,HARD,1.0,True,Red Bull Racing,1,4.0,False,Miami,2024,True
VER,92.298,25.0,2.0,31.146,35.182,25.97,212.0,186.0,275.0,309.0,True,HARD,2.0,True,Red Bull Racing,1,4.0,True,Miami,2024,False
VER,92.41,26.0,2.0,31.18,35.194,26.036,210.0,185.0,275.0,310.0,False,HARD,3.0,True,Red Bull Racing,1,4.0,True,Miami,2024,False
VER,92.515,27.0,2.0,31.06,35.072,26.383,213.0,185.0,275.0,310.0,False,HARD,4.0,True,Red Bull Racing,1,4.0,True,Miami,2024,False
VER,92.227,33.0,2.0,31.596,34.889,25.742,213.0,185.0,277.0,313.0,True,HARD,10.0,True,Red Bull Racing,1,2.0,True,Miami,2024,False
VER,91.611,34.0,2.0,30.895,34.877,25.839,212.0,186.0,276.0,313.0,True,HARD,11.0,True,Red Bull Racing,1,2.0,True,Miami,2024,False
VER,91.409,35.0,2.0,30.803,34.769,25.837,211.0,185.0,277.0,314.0,True,HARD,12.0,True,Red Bull Racing,1,2.0,True,Miami,2024,False
VER,91.456,36.0,2.0,30.881,34.84,25.735,213.0,185.0,277.0,313.0,False,HARD,13.0,True,Red Bull Racing,1,2.0,True,Miami,2024,False
VER,91.377,37.0,2.0,30.791,34.863,25.723,213.0,186.0,277.0,314.0,True,HARD,14.0,True,Red Bull Racing,1,2.0,True,Miami,2024,False
VER,91.526,38.0,2.0,30.847,34.938,25.741,211.0,186.0,276.0,313.0,False,HARD,15.0,True,Red Bull Racing,1,2.0,True,Miami,2024,False
VER,91.336,39.0,2.0,30.814,34.729,25.793,213.0,185.0,276.0,313.0,True,HARD,16.0,True,Red Bull Racing,1,2.0,True,Miami,2024,False
VER,91.487,40.0,2.0,30.938,34.881,25.668,213.0,186.0,276.0,315.0,False,HARD,17.0,True,Red Bull Racing,1,2.0,True,Miami,2024,False
VER,91.375,41.0,2.0,30.793,34.854,25.728,211.0,187.0,276.0,313.0,False,HARD,18.0,True,Red Bull Racing,1,2.0,True,Miami,2024,False
VER,91.455,42.0,2.0,30.89,34.778,25.787,214.0,187.0,277.0,313.0,False,HARD,19.0,True,Red Bull Racing,1,2.0,True,Miami,2024,False
VER,91.435,43.0,2.0,30.842,34.871,25.722,214.0,186.0,277.0,314.0,False,HARD,20.0,True,Red Bull Racing,1,2.0,True,Miami,2024,False
VER,91.452,44.0,2.0,30.814,34.908,25.73,215.0,186.0,278.0,315.0,False,HARD,21.0,True,Red Bull Racing,1,2.0,True,Miami,2024,False
VER,91.537,45.0,2.0,30.84,34.912,25.785,214.0,187.0,276.0,313.0,False,HARD,22.0,True,Red Bull Racing,1,2.0,True,Miami,2024,False
VER,91.788,46.0,2.0,30.951,35.099,25.738,214.0,187.0,277.0,314.0,False,HARD,23.0,True,Red Bull Racing,1,2.0,True,Miami,2024,False
VER,91.513,47.0,2.0,30.859,34.977,25.677,212.0,187.0,277.0,313.0,False,HARD,24.0,True,Red Bull Racing,1,2.0,True,Miami,2024,False
VER,91.261,48.0,2.0,30.775,34.797,25.689,216.0,187.0,277.0,313.0,True,HARD,25.0,True,Red Bull Racing,1,2.0,True,Miami,2024,False
VER,91.597,49.0,2.0,30.695,35.124,25.778,215.0,185.0,278.0,313.0,False,HARD,26.0,True,Red Bull Racing,1,2.0,True,Miami,2024,False
VER,91.338,50.0,2.0,30.531,35.085,25.722,215.0,187.0,278.0,314.0,False,HARD,27.0,True,Red Bull Racing,1,2.0,True,Miami,2024,False
VER,91.284,51.0,2.0,30.587,34.98,25.717,214.0,188.0,279.0,312.0,False,HARD,28.0,True,Red Bull Racing,1,2.0,True,Miami,2024,False
VER,91.428,52.0,2.0,30.619,35.113,25.696,212.0,186.0,277.0,311.0,False,HARD,29.0,True,Red Bull Racing,1,2.0,True,Miami,2024,False
VER,91.473,53.0,2.0,30.632,35.137,25.704,213.0,186.0,279.0,313.0,False,HARD,30.0,True,Red Bull Racing,1,2.0,True,Miami,2024,False
VER,91.546,54.0,2.0,30.627,35.09,25.829,216.0,188.0,278.0,312.0,False,HARD,31.0,True,Red Bull Racing,1,2.0,True,Miami,2024,False
VER,91.408,55.0,2.0,30.725,34.948,25.735,214.0,188.0,279.0,314.0,False,HARD,32.0,True,Red Bull Racing,1,2.0,True,Miami,2024,False
VER,91.49,56.0,2.0,30.749,34.993,25.748,215.0,188.0,279.0,311.0,False,HARD,33.0,True,Red Bull Racing,1,2.0,True,Miami,2024,False
VER,91.699,57.0,2.0,30.817,35.101,25.781,215.0,188.0,275.0,313.0,False,HARD,34.0,True,Red Bull Racing,1,2.0,True,Miami,2024,False
GAS,94.498,2.0,1.0,32.446,35.776,26.276,210.0,182.0,271.0,308.0,True,MEDIUM,2.0,True,Alpine,1,12.0,True,Miami,2024,False
GAS,93.789,3.0,1.0,32.069,35.794,25.926,211.0,180.0,279.0,328.0,True,MEDIUM,3.0,True,Alpine,1,12.0,True,Miami,2024,False
GAS,94.155,4.0,1.0,32.206,35.91,26.039,206.0,181.0,278.0,329.0,False,MEDIUM,4.0,True,Alpine,1,12.0,True,Miami,2024,False
GAS,94.19,5.0,1.0,32.047,36.003,26.14,209.0,181.0,280.0,327.0,False,MEDIUM,5.0,True,Alpine,1,12.0,True,Miami,2024,False
GAS,94.004,6.0,1.0,32.323,35.683,25.998,209.0,181.0,279.0,328.0,False,MEDIUM,6.0,True,Alpine,1,12.0,True,Miami,2024,False
GAS,94.291,7.0,1.0,32.199,35.947,26.145,210.0,183.0,280.0,317.0,False,MEDIUM,7.0,True,Alpine,1,12.0,True,Miami,2024,False
GAS,93.804,8.0,1.0,32.029,35.732,26.043,211.0,182.0,280.0,334.0,False,MEDIUM,8.0,True,Alpine,1,12.0,True,Miami,2024,False
GAS,93.953,9.0,1.0,32.218,35.792,25.943,209.0,181.0,281.0,330.0,False,MEDIUM,9.0,True,Alpine,1,12.0,True,Miami,2024,False
GAS,94.731,10.0,1.0,32.394,36.14,26.197,210.0,178.0,281.0,325.0,False,MEDIUM,10.0,True,Alpine,1,12.0,True,Miami,2024,False
GAS,94.743,11.0,1.0,32.595,35.978,26.17,209.0,182.0,280.0,316.0,False,MEDIUM,11.0,True,Alpine,1,11.0,True,Miami,2024,False
GAS,99.216,12.0,1.0,32.204,35.984,31.028,207.0,182.0,278.0,324.0,False,MEDIUM,12.0,True,Alpine,1,14.0,False,Miami,2024,True
GAS,108.014,13.0,2.0,46.719,35.395,25.9,211.0,182.0,278.0,330.0,False,HARD,1.0,True,Alpine,1,16.0,False,Miami,2024,True
GAS,93.375,14.0,2.0,31.827,35.517,26.031,212.0,183.0,280.0,322.0,True,HARD,2.0,True,Alpine,1,16.0,True,Miami,2024,False
GAS,92.994,15.0,2.0,31.68,35.328,25.986,209.0,181.0,281.0,322.0,True,HARD,3.0,True,Alpine,1,16.0,True,Miami,2024,False
GAS,93.554,16.0,2.0,32.027,35.55,25.977,209.0,183.0,281.0,326.0,False,HARD,4.0,True,Alpine,1,16.0,True,Miami,2024,False
GAS,93.53,17.0,2.0,31.718,35.756,26.056,211.0,181.0,278.0,342.0,False,HARD,5.0,True,Alpine,1,16.0,True,Miami,2024,False
GAS,93.807,18.0,2.0,31.886,35.734,26.187,209.0,183.0,280.0,325.0,False,HARD,6.0,True,Alpine,1,16.0,True,Miami,2024,False
GAS,93.174,19.0,2.0,31.708,35.489,25.977,209.0,183.0,281.0,328.0,False,HARD,7.0,True,Alpine,1,16.0,True,Miami,2024,False
GAS,93.639,20.0,2.0,31.804,35.75,26.085,209.0,182.0,282.0,321.0,False,HARD,8.0,True,Alpine,1,16.0,True,Miami,2024,False
GAS,93.691,21.0,2.0,32.01,35.71,25.971,211.0,182.0,281.0,326.0,False,HARD,9.0,True,Alpine,1,16.0,True,Miami,2024,False
GAS,93.983,24.0,2.0,32.199,35.838,25.946,209.0,182.0,284.0,326.0,False,HARD,12.0,True,Alpine,1,15.0,True,Miami,2024,False
GAS,93.969,25.0,2.0,31.96,35.869,26.14,208.0,181.0,282.0,318.0,False,HARD,13.0,True,Alpine,1,15.0,True,Miami,2024,False
GAS,94.44,26.0,2.0,32.166,36.256,26.018,211.0,181.0,282.0,321.0,False,HARD,14.0,True,Alpine,1,15.0,True,Miami,2024,False
GAS,93.614,27.0,2.0,31.722,35.75,26.142,207.0,182.0,277.0,327.0,False,HARD,15.0,True,Alpine,1,14.0,True,Miami,2024,False
GAS,94.561,33.0,2.0,32.141,36.172,26.248,212.0,183.0,280.0,320.0,False,HARD,21.0,True,Alpine,1,12.0,True,Miami,2024,False
GAS,93.201,34.0,2.0,32.052,35.338,25.811,214.0,184.0,283.0,334.0,False,HARD,22.0,True,Alpine,1,12.0,True,Miami,2024,False
GAS,92.863,35.0,2.0,31.554,35.424,25.885,210.0,183.0,284.0,330.0,True,HARD,23.0,True,Alpine,1,12.0,True,Miami,2024,False
GAS,92.878,36.0,2.0,31.568,35.461,25.849,211.0,184.0,280.0,324.0,False,HARD,24.0,True,Alpine,1,12.0,True,Miami,2024,False
GAS,92.785,37.0,2.0,31.498,35.326,25.961,213.0,185.0,279.0,320.0,True,HARD,25.0,True,Alpine,1,12.0,True,Miami,2024,False
GAS,92.989,38.0,2.0,31.539,35.367,26.083,207.0,185.0,279.0,318.0,False,HARD,26.0,True,Alpine,1,12.0,True,Miami,2024,False
GAS,93.007,39.0,2.0,31.646,35.433,25.928,210.0,185.0,278.0,320.0,False,HARD,27.0,True,Alpine,1,12.0,True,Miami,2024,False
GAS,92.786,40.0,2.0,31.505,35.387,25.894,211.0,185.0,277.0,317.0,False,HARD,28.0,True,Alpine,1,12.0,True,Miami,2024,False
GAS,93.001,41.0,2.0,31.444,35.564,25.993,214.0,186.0,277.0,318.0,False,HARD,29.0,True,Alpine,1,11.0,True,Miami,2024,False
GAS,92.627,42.0,2.0,31.358,35.385,25.884,212.0,186.0,279.0,319.0,True,HARD,30.0,True,Alpine,1,11.0,True,Miami,2024,False
GAS,92.504,43.0,2.0,31.207,35.367,25.93,212.0,186.0,273.0,319.0,True,HARD,31.0,True,Alpine,1,11.0,True,Miami,2024,False
GAS,92.855,44.0,2.0,31.363,35.365,26.127,214.0,187.0,279.0,315.0,False,HARD,32.0,True,Alpine,1,11.0,True,Miami,2024,False
GAS,92.981,45.0,2.0,31.443,35.503,26.035,213.0,186.0,277.0,318.0,False,HARD,33.0,True,Alpine,1,11.0,True,Miami,2024,False
GAS,94.341,46.0,2.0,32.812,35.552,25.977,212.0,184.0,279.0,319.0,False,HARD,34.0,True,Alpine,1,12.0,True,Miami,2024,False
GAS,92.767,47.0,2.0,31.428,35.452,25.887,213.0,186.0,280.0,320.0,False,HARD,35.0,True,Alpine,1,12.0,True,Miami,2024,False
GAS,92.628,48.0,2.0,31.408,35.311,25.909,212.0,185.0,279.0,326.0,False,HARD,36.0,True,Alpine,1,12.0,True,Miami,2024,False
GAS,92.72,49.0,2.0,31.197,35.523,26.0,213.0,185.0,279.0,324.0,False,HARD,37.0,True,Alpine,1,12.0,True,Miami,2024,False
GAS,92.492,50.0,2.0,31.06,35.446,25.986,214.0,186.0,280.0,316.0,True,HARD,38.0,True,Alpine,1,12.0,True,Miami,2024,False
GAS,92.522,51.0,2.0,31.064,35.506,25.952,214.0,184.0,281.0,318.0,False,HARD,39.0,True,Alpine,1,12.0,True,Miami,2024,False
GAS,92.643,52.0,2.0,31.129,35.437,26.077,214.0,185.0,279.0,317.0,False,HARD,40.0,True,Alpine,1,12.0,True,Miami,2024,False
GAS,92.256,53.0,2.0,30.857,35.415,25.984,214.0,186.0,280.0,318.0,True,HARD,41.0,True,Alpine,1,12.0,True,Miami,2024,False
GAS,92.285,54.0,2.0,30.991,35.367,25.927,211.0,185.0,280.0,317.0,False,HARD,42.0,True,Alpine,1,12.0,True,Miami,2024,False
GAS,92.326,55.0,2.0,31.042,35.348,25.936,209.0,186.0,280.0,318.0,False,HARD,43.0,True,Alpine,1,12.0,True,Miami,2024,False
GAS,92.055,56.0,2.0,30.999,35.221,25.835,214.0,186.0,279.0,323.0,True,HARD,44.0,True,Alpine,1,12.0,True,Miami,2024,False
GAS,92.42,57.0,2.0,31.145,35.328,25.947,214.0,183.0,280.0,324.0,False,HARD,45.0,True,Alpine,1,12.0,True,Miami,2024,False
PER,93.181,2.0,1.0,31.695,35.497,25.989,209.0,183.0,275.0,310.0,True,MEDIUM,2.0,True,Red Bull Racing,1,5.0,True,Miami,2024,False
PER,93.521,3.0,1.0,31.821,35.548,26.152,207.0,182.0,275.0,302.0,False,MEDIUM,3.0,True,Red Bull Racing,1,5.0,True,Miami,2024,False
PER,93.425,4.0,1.0,31.725,35.532,26.168,209.0,182.0,276.0,307.0,False,MEDIUM,4.0,True,Red Bull Racing,1,5.0,True,Miami,2024,False
PER,93.318,5.0,1.0,31.829,35.42,26.069,209.0,182.0,277.0,312.0,False,MEDIUM,5.0,True,Red Bull Racing,1,5.0,True,Miami,2024,False
PER,93.198,6.0,1.0,31.696,35.537,25.965,210.0,183.0,276.0,316.0,False,MEDIUM,6.0,True,Red Bull Racing,1,5.0,True,Miami,2024,False
PER,93.175,7.0,1.0,31.579,35.546,26.05,211.0,181.0,275.0,313.0,True,MEDIUM,7.0,True,Red Bull Racing,1,5.0,True,Miami,2024,False
PER,93.147,8.0,1.0,31.845,35.375,25.927,209.0,182.0,276.0,314.0,True,MEDIUM,8.0,True,Red Bull Racing,1,5.0,True,Miami,2024,False
PER,93.49,9.0,1.0,31.967,35.492,26.031,208.0,183.0,274.0,315.0,False,MEDIUM,9.0,True,Red Bull Racing,1,5.0,True,Miami,2024,False
PER,93.579,10.0,1.0,31.952,35.658,25.969,208.0,182.0,275.0,317.0,False,MEDIUM,10.0,True,Red Bull Racing,1,5.0,True,Miami,2024,False
PER,93.532,11.0,1.0,31.769,35.672,26.091,210.0,182.0,275.0,305.0,False,MEDIUM,11.0,True,Red Bull Racing,1,5.0,True,Miami,2024,False
PER,93.755,12.0,1.0,31.911,35.596,26.248,205.0,182.0,273.0,311.0,False,MEDIUM,12.0,True,Red Bull Racing,1,5.0,True,Miami,2024,False
PER,93.971,13.0,1.0,31.964,35.848,26.159,206.0,182.0,274.0,311.0,False,MEDIUM,13.0,True,Red Bull Racing,1,5.0,True,Miami,2024,False
PER,93.832,14.0,1.0,31.882,35.804,26.146,208.0,182.0,275.0,311.0,False,MEDIUM,14.0,True,Red Bull Racing,1,5.0,True,Miami,2024,False
PER,93.337,15.0,1.0,31.567,35.705,26.065,209.0,183.0,275.0,310.0,False,MEDIUM,15.0,True,Red Bull Racing,1,5.0,True,Miami,2024,False
PER,93.174,16.0,1.0,31.535,35.654,25.985,209.0,182.0,276.0,317.0,False,MEDIUM,16.0,True,Red Bull Racing,1,5.0,True,Miami,2024,False
PER,98.985,17.0,1.0,31.643,35.746,31.596,208.0,183.0,278.0,321.0,False,MEDIUM,17.0,True,Red Bull Racing,1,6.0,False,Miami,2024,True
PER,106.549,18.0,2.0,45.577,35.222,25.75,210.0,184.0,281.0,323.0,False,HARD,1.0,True,Red Bull Racing,1,10.0,False,Miami,2024,True
PER,93.159,19.0,2.0,31.811,35.446,25.902,207.0,183.0,275.0,314.0,False,HARD,2.0,True,Red Bull Racing,1,9.0,True,Miami,2024,False
PER,93.069,20.0,2.0,31.843,35.316,25.91,206.0,183.0,276.0,310.0,True,HARD,3.0,True,Red Bull Racing,1,9.0,True,Miami,2024,False
PER,92.753,21.0,2.0,31.382,35.473,25.898,208.0,184.0,277.0,313.0,True,HARD,4.0,True,Red Bull Racing,1,9.0,True,Miami,2024,False
PER,92.386,24.0,2.0,31.391,35.199,25.796,209.0,184.0,276.0,317.0,True,HARD,7.0,True,Red Bull Racing,1,7.0,True,Miami,2024,False
PER,92.763,25.0,2.0,31.302,35.54,25.921,211.0,182.0,276.0,310.0,False,HARD,8.0,True,Red Bull Racing,1,7.0,True,Miami,2024,False
PER,92.512,26.0,2.0,31.119,35.359,26.034,209.0,183.0,275.0,315.0,False,HARD,9.0,True,Red Bull Racing,1,6.0,True,Miami,2024,False
PER,92.161,27.0,2.0,31.079,35.219,25.863,210.0,183.0,276.0,312.0,True,HARD,10.0,True,Red Bull Racing,1,6.0,True,Miami,2024,False
PER,93.589,33.0,3.0,32.382,35.357,25.85,211.0,186.0,279.0,316.0,False,MEDIUM,10.0,False,Red Bull Racing,1,6.0,True,Miami,2024,True
PER,92.188,34.0,3.0,31.582,34.963,25.643,209.0,185.0,282.0,306.0,False,MEDIUM,11.0,False,Red Bull Racing,1,6.0,True,Miami,2024,False
PER,91.589,35.0,3.0,31.285,34.769,25.535,210.0,185.0,282.0,331.0,True,MEDIUM,12.0,False,Red Bull Racing,1,6.0,True,Miami,2024,False
PER,92.184,36.0,3.0,31.281,35.294,25.609,209.0,183.0,284.0,316.0,False,MEDIUM,13.0,False,Red Bull Racing,1,6.0,True,Miami,2024,False
PER,92.553,37.0,3.0,31.447,35.271,25.835,208.0,184.0,280.0,313.0,False,MEDIUM,14.0,False,Red Bull Racing,1,6.0,True,Miami,2024,False
PER,91.664,38.0,3.0,31.05,34.859,25.755,214.0,186.0,278.0,318.0,False,MEDIUM,15.0,False,Red Bull Racing,1,6.0,True,Miami,2024,False
PER,92.195,39.0,3.0,31.292,35.183,25.72,215.0,185.0,281.0,323.0,False,MEDIUM,16.0,False,Red Bull Racing,1,6.0,True,Miami,2024,False
PER,92.645,40.0,3.0,32.009,34.848,25.788,213.0,184.0,277.0,309.0,False,MEDIUM,17.0,False,Red Bull Racing,1,5.0,True,Miami,2024,False
PER,92.137,41.0,3.0,30.994,35.311,25.832,213.0,185.0,277.0,313.0,False,MEDIUM,18.0,False,Red Bull Racing,1,5.0,True,Miami,2024,False
PER,91.513,42.0,3.0,30.89,34.929,25.694,214.0,185.0,279.0,318.0,True,MEDIUM,19.0,False,Red Bull Racing,1,5.0,True,Miami,2024,False
PER,91.405,43.0,3.0,30.803,34.937,25.665,212.0,185.0,278.0,319.0,True,MEDIUM,20.0,False,Red Bull Racing,1,5.0,True,Miami,2024,False
PER,91.509,44.0,3.0,30.729,35.039,25.741,215.0,185.0,278.0,316.0,False,MEDIUM,21.0,False,Red Bull Racing,1,5.0,True,Miami,2024,False
PER,91.532,45.0,3.0,30.864,35.058,25.61,215.0,185.0,277.0,319.0,False,MEDIUM,22.0,False,Red Bull Racing,1,5.0,True,Miami,2024,False
PER,91.681,46.0,3.0,30.825,35.142,25.714,217.0,187.0,278.0,318.0,False,MEDIUM,23.0,False,Red Bull Racing,1,5.0,True,Miami,2024,False
PER,91.369,47.0,3.0,30.732,34.991,25.646,212.0,186.0,279.0,320.0,True,MEDIUM,24.0,False,Red Bull Racing,1,5.0,True,Miami,2024,False
PER,91.549,48.0,3.0,30.75,35.14,25.659,213.0,186.0,279.0,317.0,False,MEDIUM,25.0,False,Red Bull Racing,1,5.0,True,Miami,2024,False
PER,91.396,49.0,3.0,30.732,34.959,25.705,212.0,185.0,279.0,318.0,False,MEDIUM,26.0,False,Red Bull Racing,1,5.0,True,Miami,2024,False
PER,91.735,50.0,3.0,30.746,35.265,25.724,215.0,188.0,279.0,318.0,False,MEDIUM,27.0,False,Red Bull Racing,1,5.0,True,Miami,2024,False
PER,91.519,51.0,3.0,30.706,35.093,25.72,214.0,186.0,280.0,317.0,False,MEDIUM,28.0,False,Red Bull Racing,1,5.0,True,Miami,2024,False
PER,91.53,52.0,3.0,30.739,35.169,25.622,213.0,185.0,279.0,318.0,False,MEDIUM,29.0,False,Red Bull Racing,1,5.0,True,Miami,2024,False
PER,91.316,53.0,3.0,30.534,35.149,25.633,214.0,186.0,280.0,318.0,True,MEDIUM,30.0,False,Red Bull Racing,1,5.0,True,Miami,2024,False
PER,91.178,54.0,3.0,30.488,35.035,25.655,216.0,187.0,280.0,319.0,True,MEDIUM,31.0,False,Red Bull Racing,1,5.0,True,Miami,2024,False
PER,90.855,55.0,3.0,30.505,34.766,25.584,216.0,186.0,280.0,317.0,True,MEDIUM,32.0,False,Red Bull Racing,1,5.0,True,Miami,2024,False
PER,91.294,56.0,3.0,30.62,35.024,25.65,215.0,186.0,280.0,322.0,False,MEDIUM,33.0,False,Red Bull Racing,1,5.0,True,Miami,2024,False
PER,91.223,57.0,3.0,30.624,34.871,25.728,214.0,187.0,279.0,323.0,False,MEDIUM,34.0,False,Red Bull Racing,1,5.0,True,Miami,2024,False
ALO,95.579,2.0,1.0,32.4,36.823,26.356,202.0,181.0,277.0,305.0,True,HARD,3.0,False,Aston Martin,1,13.0,True,Miami,2024,True
ALO,94.003,3.0,1.0,32.066,35.85,26.087,207.0,180.0,279.0,312.0,True,HARD,4.0,False,Aston Martin,1,13.0,True,Miami,2024,False
ALO,94.022,4.0,1.0,32.001,35.93,26.091,206.0,178.0,281.0,325.0,False,HARD,5.0,False,Aston Martin,1,13.0,True,Miami,2024,False
ALO,94.018,5.0,1.0,32.034,35.844,26.14,207.0,181.0,282.0,322.0,False,HARD,6.0,False,Aston Martin,1,13.0,True,Miami,2024,False
ALO,94.06,6.0,1.0,32.282,35.828,25.95,206.0,181.0,281.0,325.0,False,HARD,7.0,False,Aston Martin,1,13.0,True,Miami,2024,False
ALO,94.605,7.0,1.0,32.309,35.875,26.421,208.0,182.0,275.0,307.0,False,HARD,8.0,False,Aston Martin,1,13.0,True,Miami,2024,False
ALO,93.751,8.0,1.0,31.985,35.73,26.036,206.0,181.0,280.0,325.0,True,HARD,9.0,False,Aston Martin,1,13.0,True,Miami,2024,False
ALO,94.006,9.0,1.0,32.15,35.811,26.045,206.0,183.0,276.0,323.0,False,HARD,10.0,False,Aston Martin,1,13.0,True,Miami,2024,False
ALO,94.619,10.0,1.0,32.448,35.907,26.264,206.0,180.0,281.0,317.0,False,HARD,11.0,False,Aston Martin,1,13.0,True,Miami,2024,False
ALO,95.199,11.0,1.0,32.737,36.097,26.365,210.0,182.0,276.0,318.0,False,HARD,12.0,False,Aston Martin,1,12.0,True,Miami,2024,False
ALO,95.193,12.0,1.0,32.136,36.149,26.908,204.0,180.0,277.0,315.0,False,HARD,13.0,False,Aston Martin,1,11.0,True,Miami,2024,False
ALO,94.657,13.0,1.0,32.342,36.047,26.268,205.0,181.0,279.0,307.0,False,HARD,14.0,False,Aston Martin,1,11.0,True,Miami,2024,False
ALO,94.618,14.0,1.0,32.072,36.157,26.389,205.0,181.0,275.0,304.0,False,HARD,15.0,False,Aston Martin,1,11.0,True,Miami,2024,False
ALO,94.35,15.0,1.0,32.104,36.038,26.208,206.0,182.0,275.0,306.0,False,HARD,16.0,False,Aston Martin,1,11.0,True,Miami,2024,False
ALO,94.208,16.0,1.0,31.995,35.858,26.355,204.0,182.0,275.0,304.0,False,HARD,17.0,False,Aston Martin,1,11.0,True,Miami,2024,False
ALO,94.26,17.0,1.0,31.851,36.064,26.345,208.0,182.0,271.0,319.0,False,HARD,18.0,False,Aston Martin,1,11.0,True,Miami,2024,False
ALO,94.157,18.0,1.0,31.966,35.956,26.235,205.0,183.0,275.0,309.0,False,HARD,19.0,False,Aston Martin,1,11.0,True,Miami,2024,False
ALO,94.049,19.0,1.0,31.715,35.882,26.452,205.0,182.0,275.0,278.0,False,HARD,20.0,False,Aston Martin,1,11.0,True,Miami,2024,False
ALO,94.23,20.0,1.0,32.019,35.942,26.269,209.0,184.0,275.0,303.0,False,HARD,21.0,False,Aston Martin,1,11.0,True,Miami,2024,False
ALO,94.258,21.0,1.0,31.837,36.107,26.314,207.0,184.0,273.0,314.0,False,HARD,22.0,False,Aston Martin,1,11.0,True,Miami,2024,False
ALO,93.447,24.0,2.0,31.89,35.696,25.861,209.0,186.0,284.0,293.0,True,MEDIUM,3.0,False,Aston Martin,1,14.0,True,Miami,2024,False
ALO,93.648,25.0,2.0,32.293,35.199,26.156,215.0,183.0,272.0,301.0,False,MEDIUM,4.0,False,Aston Martin,1,13.0,True,Miami,2024,False
ALO,93.462,26.0,2.0,31.651,35.72,26.091,207.0,183.0,276.0,299.0,False,MEDIUM,5.0,False,Aston Martin,1,13.0,True,Miami,2024,False
ALO,93.183,27.0,2.0,31.489,35.74,25.954,208.0,183.0,277.0,313.0,True,MEDIUM,6.0,False,Aston Martin,1,13.0,True,Miami,2024,False
ALO,94.9,33.0,2.0,32.451,36.366,26.083,216.0,184.0,271.0,320.0,False,MEDIUM,12.0,False,Aston Martin,1,11.0,True,Miami,2024,True
ALO,93.068,34.0,2.0,31.692,35.594,25.782,210.0,183.0,281.0,318.0,True,MEDIUM,13.0,False,Aston Martin,1,11.0,True,Miami,2024,False
ALO,92.671,35.0,2.0,31.427,35.462,25.782,213.0,185.0,281.0,331.0,True,MEDIUM,14.0,False,Aston Martin,1,11.0,True,Miami,2024,False
ALO,92.311,36.0,2.0,31.246,35.399,25.666,211.0,184.0,282.0,333.0,True,MEDIUM,15.0,False,Aston Martin,1,11.0,True,Miami,2024,False
ALO,92.406,37.0,2.0,31.379,35.325,25.702,213.0,186.0,282.0,330.0,False,MEDIUM,16.0,False,Aston Martin,1,11.0,True,Miami,2024,False
ALO,92.221,38.0,2.0,31.094,35.329,25.798,213.0,184.0,281.0,333.0,True,MEDIUM,17.0,False,Aston Martin,1,11.0,True,Miami,2024,False
ALO,92.66,39.0,2.0,31.356,35.415,25.889,215.0,184.0,281.0,330.0,False,MEDIUM,18.0,False,Aston Martin,1,11.0,True,Miami,2024,False
ALO,92.482,40.0,2.0,31.146,35.489,25.847,207.0,184.0,281.0,327.0,False,MEDIUM,19.0,False,Aston Martin,1,10.0,True,Miami,2024,False
ALO,92.867,41.0,2.0,31.131,35.792,25.944,210.0,184.0,280.0,298.0,False,MEDIUM,20.0,False,Aston Martin,1,10.0,True,Miami,2024,False
ALO,92.18,42.0,2.0,31.175,35.278,25.727,210.0,184.0,283.0,319.0,True,MEDIUM,21.0,False,Aston Martin,1,10.0,True,Miami,2024,False
ALO,92.229,43.0,2.0,31.193,35.319,25.717,209.0,184.0,282.0,327.0,False,MEDIUM,22.0,False,Aston Martin,1,10.0,True,Miami,2024,False
ALO,92.264,44.0,2.0,31.167,35.329,25.768,210.0,184.0,285.0,328.0,False,MEDIUM,23.0,False,Aston Martin,1,10.0,True,Miami,2024,False
ALO,93.052,45.0,2.0,31.235,35.99,25.827,211.0,185.0,283.0,336.0,False,MEDIUM,24.0,False,Aston Martin,1,10.0,True,Miami,2024,False
ALO,93.592,46.0,2.0,31.918,35.856,25.818,208.0,186.0,280.0,336.0,False,MEDIUM,25.0,False,Aston Martin,1,10.0,True,Miami,2024,False
ALO,93.12,47.0,2.0,31.46,35.799,25.861,210.0,186.0,288.0,332.0,False,MEDIUM,26.0,False,Aston Martin,1,10.0,True,Miami,2024,False
ALO,93.044,48.0,2.0,31.826,35.26,25.958,212.0,186.0,277.0,316.0,False,MEDIUM,27.0,False,Aston Martin,1,9.0,True,Miami,2024,False
ALO,92.303,49.0,2.0,31.014,35.45,25.839,211.0,184.0,277.0,319.0,False,MEDIUM,28.0,False,Aston Martin,1,9.0,True,Miami,2024,False
ALO,92.07,50.0,2.0,30.743,35.396,25.931,213.0,185.0,277.0,313.0,True,MEDIUM,29.0,False,Aston Martin,1,9.0,True,Miami,2024,False
ALO,91.997,51.0,2.0,30.796,35.335,25.866,212.0,185.0,279.0,310.0,True,MEDIUM,30.0,False,Aston Martin,1,9.0,True,Miami,2024,False
ALO,91.885,52.0,2.0,30.772,35.336,25.777,213.0,186.0,277.0,309.0,True,MEDIUM,31.0,False,Aston Martin,1,9.0,True,Miami,2024,False
ALO,92.157,53.0,2.0,30.742,35.425,25.99,208.0,185.0,279.0,317.0,False,MEDIUM,32.0,False,Aston Martin,1,9.0,True,Miami,2024,False
ALO,91.733,54.0,2.0,30.653,35.301,25.779,209.0,187.0,278.0,318.0,True,MEDIUM,33.0,False,Aston Martin,1,9.0,True,Miami,2024,False
ALO,91.727,55.0,2.0,30.7,35.199,25.828,208.0,186.0,280.0,314.0,True,MEDIUM,34.0,False,Aston Martin,1,9.0,True,Miami,2024,False
ALO,92.131,56.0,2.0,30.795,35.417,25.919,211.0,184.0,278.0,310.0,False,MEDIUM,35.0,False,Aston Martin,1,9.0,True,Miami,2024,False
ALO,92.536,57.0,2.0,30.824,35.621,26.091,211.0,186.0,244.0,286.0,False,MEDIUM,36.0,False,Aston Martin,1,9.0,True,Miami,2024,False
LEC,93.317,2.0,1.0,31.481,35.738,26.098,209.0,182.0,272.0,311.0,True,MEDIUM,2.0,True,Ferrari,1,2.0,True,Miami,2024,False
LEC,93.31,3.0,1.0,31.478,35.579,26.253,208.0,181.0,272.0,308.0,True,MEDIUM,3.0,True,Ferrari,1,2.0,True,Miami,2024,False
LEC,93.774,4.0,1.0,31.423,35.756,26.595,209.0,180.0,280.0,309.0,False,MEDIUM,4.0,True,Ferrari,1,3.0,True,Miami,2024,False
LEC,93.809,5.0,1.0,32.04,35.702,26.067,205.0,181.0,280.0,324.0,False,MEDIUM,5.0,True,Ferrari,1,3.0,True,Miami,2024,False
LEC,92.94,6.0,1.0,31.331,35.617,25.992,208.0,180.0,278.0,328.0,True,MEDIUM,6.0,True,Ferrari,1,3.0,True,Miami,2024,False
LEC,93.278,7.0,1.0,31.654,35.576,26.048,210.0,180.0,277.0,328.0,False,MEDIUM,7.0,True,Ferrari,1,3.0,True,Miami,2024,False
LEC,93.113,8.0,1.0,31.587,35.679,25.847,208.0,180.0,277.0,333.0,False,MEDIUM,8.0,True,Ferrari,1,3.0,True,Miami,2024,False
LEC,93.152,9.0,1.0,31.759,35.498,25.895,205.0,180.0,278.0,329.0,False,MEDIUM,9.0,True,Ferrari,1,3.0,True,Miami,2024,False
LEC,93.478,10.0,1.0,31.807,35.655,26.016,208.0,180.0,278.0,329.0,False,MEDIUM,10.0,True,Ferrari,1,3.0,True,Miami,2024,False
LEC,93.171,11.0,1.0,31.704,35.458,26.009,209.0,180.0,278.0,329.0,False,MEDIUM,11.0,True,Ferrari,1,3.0,True,Miami,2024,False
LEC,93.123,12.0,1.0,31.557,35.636,25.93,208.0,180.0,278.0,331.0,False,MEDIUM,12.0,True,Ferrari,1,3.0,True,Miami,2024,False
LEC,93.327,13.0,1.0,31.637,35.683,26.007,209.0,182.0,278.0,322.0,False,MEDIUM,13.0,True,Ferrari,1,3.0,True,Miami,2024,False
LEC,92.965,14.0,1.0,31.595,35.514,25.856,208.0,182.0,279.0,329.0,False,MEDIUM,14.0,True,Ferrari,1,3.0,True,Miami,2024,False
LEC,92.689,15.0,1.0,31.417,35.433,25.839,211.0,182.0,280.0,329.0,True,MEDIUM,15.0,True,Ferrari,1,3.0,True,Miami,2024,False
LEC,93.026,16.0,1.0,31.725,35.369,25.932,208.0,180.0,280.0,328.0,False,MEDIUM,16.0,True,Ferrari,1,3.0,True,Miami,2024,False
LEC,93.068,17.0,1.0,31.683,35.402,25.983,208.0,180.0,279.0,329.0,False,MEDIUM,17.0,True,Ferrari,1,3.0,True,Miami,2024,False
LEC,92.829,18.0,1.0,31.483,35.461,25.885,209.0,180.0,278.0,332.0,False,MEDIUM,18.0,True,Ferrari,1,3.0,True,Miami,2024,False
LEC,98.239,19.0,1.0,31.584,35.584,31.071,209.0,182.0,278.0,328.0,False,MEDIUM,19.0,True,Ferrari,1,4.0,False,Miami,2024,True
LEC,106.412,20.0,2.0,45.442,34.987,25.983,212.0,185.0,279.0,309.0,False,HARD,1.0,True,Ferrari,1,6.0,False,Miami,2024,True
LEC,92.113,21.0,2.0,31.154,34.798,26.161,213.0,184.0,272.0,306.0,True,HARD,2.0,True,Ferrari,1,5.0,True,Miami,2024,False
LEC,92.641,22.0,2.0,31.232,35.281,26.128,212.0,184.0,273.0,307.0,False,HARD,3.0,True,Ferrari,1,5.0,True,Miami,2024,False
LEC,92.395,24.0,2.0,31.121,35.29,25.984,210.0,181.0,273.0,312.0,False,HARD,5.0,True,Ferrari,1,5.0,True,Miami,2024,False
LEC,92.279,25.0,2.0,30.926,35.429,25.924,212.0,181.0,274.0,314.0,False,HARD,6.0,True,Ferrari,1,5.0,True,Miami,2024,False
LEC,92.392,26.0,2.0,31.029,35.435,25.928,212.0,184.0,273.0,312.0,False,HARD,7.0,True,Ferrari,1,5.0,True,Miami,2024,False
LEC,92.057,27.0,2.0,30.806,35.275,25.976,212.0,182.0,275.0,314.0,True,HARD,8.0,True,Ferrari,1,5.0,True,Miami,2024,False
LEC,92.787,33.0,2.0,31.638,35.356,25.793,211.0,184.0,276.0,311.0,False,HARD,14.0,True,Ferrari,1,3.0,True,Miami,2024,False
LEC,91.499,34.0,2.0,30.864,35.031,25.604,211.0,186.0,280.0,328.0,True,HARD,15.0,True,Ferrari,1,3.0,True,Miami,2024,False
LEC,91.449,35.0,2.0,30.878,34.926,25.645,212.0,185.0,281.0,327.0,True,HARD,16.0,True,Ferrari,1,3.0,True,Miami,2024,False
LEC,91.864,36.0,2.0,30.964,35.038,25.862,214.0,184.0,276.0,318.0,False,HARD,17.0,True,Ferrari,1,3.0,True,Miami,2024,False
LEC,91.841,37.0,2.0,30.908,35.005,25.928,213.0,183.0,277.0,309.0,False,HARD,18.0,True,Ferrari,1,3.0,True,Miami,2024,False
LEC,91.753,38.0,2.0,30.808,35.113,25.832,212.0,185.0,276.0,311.0,False,HARD,19.0,True,Ferrari,1,3.0,True,Miami,2024,False
LEC,91.561,39.0,2.0,30.718,35.062,25.781,211.0,186.0,276.0,314.0,False,HARD,20.0,True,Ferrari,1,3.0,True,Miami,2024,False
LEC,91.652,40.0,2.0,30.743,35.117,25.792,205.0,184.0,275.0,313.0,False,HARD,21.0,True,Ferrari,1,3.0,True,Miami,2024,False
LEC,91.346,41.0,2.0,30.476,35.107,25.763,212.0,185.0,275.0,315.0,True,HARD,22.0,True,Ferrari,1,3.0,True,Miami,2024,False
LEC,91.5,42.0,2.0,30.692,35.005,25.803,212.0,185.0,276.0,313.0,False,HARD,23.0,True,Ferrari,1,3.0,True,Miami,2024,False
LEC,91.632,43.0,2.0,30.983,34.814,25.835,215.0,184.0,276.0,314.0,False,HARD,24.0,True,Ferrari,1,3.0,True,Miami,2024,False
LEC,91.554,44.0,2.0,30.544,35.085,25.925,211.0,185.0,276.0,314.0,False,HARD,25.0,True,Ferrari,1,3.0,True,Miami,2024,False
LEC,91.378,45.0,2.0,30.646,34.92,25.812,213.0,184.0,275.0,311.0,False,HARD,26.0,True,Ferrari,1,3.0,True,Miami,2024,False
LEC,91.537,46.0,2.0,30.579,35.197,25.761,214.0,185.0,275.0,315.0,False,HARD,27.0,True,Ferrari,1,3.0,True,Miami,2024,False
LEC,91.627,47.0,2.0,30.744,35.059,25.824,211.0,184.0,276.0,313.0,False,HARD,28.0,True,Ferrari,1,3.0,True,Miami,2024,False
LEC,91.227,48.0,2.0,30.532,34.881,25.814,215.0,184.0,276.0,312.0,True,HARD,29.0,True,Ferrari,1,3.0,True,Miami,2024,False
LEC,91.318,49.0,2.0,30.527,35.038,25.753,214.0,185.0,277.0,314.0,False,HARD,30.0,True,Ferrari,1,3.0,True,Miami,2024,False
LEC,91.936,50.0,2.0,30.493,35.293,26.15,213.0,184.0,276.0,314.0,False,HARD,31.0,True,Ferrari,1,3.0,True,Miami,2024,False
LEC,91.223,51.0,2.0,30.429,35.007,25.787,212.0,185.0,278.0,311.0,True,HARD,32.0,True,Ferrari,1,3.0,True,Miami,2024,False
LEC,91.779,52.0,2.0,30.438,35.466,25.875,212.0,185.0,276.0,312.0,False,HARD,33.0,True,Ferrari,1,3.0,True,Miami,2024,False
LEC,91.455,53.0,2.0,30.403,35.268,25.784,209.0,184.0,278.0,312.0,False,HARD,34.0,True,Ferrari,1,3.0,True,Miami,2024,False
LEC,91.592,54.0,2.0,30.567,35.154,25.871,211.0,185.0,277.0,312.0,False,HARD,35.0,True,Ferrari,1,3.0,True,Miami,2024,False
LEC,91.281,55.0,2.0,30.505,35.032,25.744,214.0,186.0,278.0,316.0,False,HARD,36.0,True,Ferrari,1,3.0,True,Miami,2024,False
LEC,91.084,56.0,2.0,30.383,35.017,25.684,213.0,187.0,278.0,317.0,True,HARD,37.0,True,Ferrari,1,3.0,True,Miami,2024,False
LEC,91.629,57.0,2.0,30.674,35.135,25.82,212.0,185.0,277.0,318.0,False,HARD,38.0,True,Ferrari,1,3.0,True,Miami,2024,False
STR,94.526,2.0,1.0,32.797,35.722,26.007,210.0,185.0,280.0,327.0,True,MEDIUM,3.0,False,Aston Martin,1,11.0,True,Miami,2024,False
STR,94.214,3.0,1.0,32.522,35.786,25.906,211.0,184.0,279.0,336.0,True,MEDIUM,4.0,False,Aston Martin,1,11.0,True,Miami,2024,False
STR,94.066,4.0,1.0,32.361,35.903,25.802,211.0,184.0,281.0,336.0,True,MEDIUM,5.0,False,Aston Martin,1,11.0,True,Miami,2024,False
STR,94.506,5.0,1.0,32.111,36.36,26.035,211.0,184.0,283.0,321.0,False,MEDIUM,6.0,False,Aston Martin,1,11.0,True,Miami,2024,False
STR,93.917,6.0,1.0,32.244,35.824,25.849,211.0,185.0,281.0,332.0,True,MEDIUM,7.0,False,Aston Martin,1,11.0,True,Miami,2024,False
STR,94.064,7.0,1.0,32.314,35.782,25.968,210.0,186.0,278.0,323.0,False,MEDIUM,8.0,False,Aston Martin,1,11.0,True,Miami,2024,False
STR,93.768,8.0,1.0,32.162,35.704,25.902,210.0,183.0,281.0,327.0,True,MEDIUM,9.0,False,Aston Martin,1,11.0,True,Miami,2024,False
STR,94.1,9.0,1.0,32.359,35.828,25.913,210.0,184.0,280.0,325.0,False,MEDIUM,10.0,False,Aston Martin,1,11.0,True,Miami,2024,False
STR,94.518,10.0,1.0,32.41,36.265,25.843,207.0,185.0,284.0,322.0,False,MEDIUM,11.0,False,Aston Martin,1,11.0,True,Miami,2024,False
STR,100.203,11.0,1.0,32.934,36.189,31.08,211.0,183.0,278.0,335.0,False,MEDIUM,12.0,False,Aston Martin,1,14.0,False,Miami,2024,True
STR,110.133,12.0,2.0,47.312,37.044,25.777,209.0,184.0,272.0,335.0,False,HARD,2.0,False,Aston Martin,1,17.0,False,Miami,2024,True
STR,93.936,13.0,2.0,32.177,35.785,25.974,208.0,183.0,275.0,323.0,False,HARD,3.0,False,Aston Martin,1,17.0,True,Miami,2024,False
STR,93.362,14.0,2.0,31.802,35.62,25.94,210.0,185.0,275.0,321.0,True,HARD,4.0,False,Aston Martin,1,17.0,True,Miami,2024,False
STR,93.479,15.0,2.0,31.814,35.707,25.958,210.0,185.0,276.0,322.0,False,HARD,5.0,False,Aston Martin,1,17.0,True,Miami,2024,False
STR,93.858,16.0,2.0,31.958,35.847,26.053,209.0,185.0,276.0,318.0,False,HARD,6.0,False,Aston Martin,1,17.0,True,Miami,2024,False
STR,93.473,17.0,2.0,31.706,35.78,25.987,212.0,184.0,272.0,322.0,False,HARD,7.0,False,Aston Martin,1,17.0,True,Miami,2024,False
STR,93.861,18.0,2.0,31.895,36.006,25.96,210.0,184.0,276.0,322.0,False,HARD,8.0,False,Aston Martin,1,17.0,True,Miami,2024,False
STR,93.635,19.0,2.0,31.777,35.93,25.928,211.0,185.0,275.0,318.0,False,HARD,9.0,False,Aston Martin,1,17.0,True,Miami,2024,False
STR,93.816,20.0,2.0,31.884,35.847,26.085,212.0,184.0,276.0,315.0,False,HARD,10.0,False,Aston Martin,1,17.0,True,Miami,2024,False
STR,93.727,21.0,2.0,31.906,35.817,26.004,210.0,184.0,273.0,316.0,False,HARD,11.0,False,Aston Martin,1,17.0,True,Miami,2024,False
STR,93.838,24.0,2.0,32.049,35.91,25.879,210.0,185.0,277.0,321.0,False,HARD,14.0,False,Aston Martin,1,16.0,True,Miami,2024,False
STR,93.711,25.0,2.0,31.843,35.811,26.057,211.0,185.0,277.0,324.0,False,HARD,15.0,False,Aston Martin,1,16.0,True,Miami,2024,False
STR,93.698,26.0,2.0,31.914,35.857,25.927,211.0,185.0,277.0,319.0,False,HARD,16.0,False,Aston Martin,1,16.0,True,Miami,2024,False
STR,93.861,27.0,2.0,31.832,36.029,26.0,211.0,185.0,277.0,323.0,False,HARD,17.0,False,Aston Martin,1,16.0,True,Miami,2024,False
STR,93.033,33.0,3.0,31.687,35.542,25.804,212.0,188.0,280.0,312.0,True,MEDIUM,5.0,False,Aston Martin,1,17.0,True,Miami,2024,False
STR,93.559,34.0,3.0,32.413,35.515,25.631,213.0,187.0,284.0,336.0,False,MEDIUM,6.0,False,Aston Martin,1,17.0,True,Miami,2024,False
STR,92.95,35.0,3.0,31.857,35.423,25.67,212.0,187.0,286.0,355.0,True,MEDIUM,7.0,False,Aston Martin,1,17.0,True,Miami,2024,False
STR,93.354,36.0,3.0,31.975,35.568,25.811,214.0,188.0,285.0,317.0,False,MEDIUM,8.0,False,Aston Martin,1,17.0,True,Miami,2024,False
STR,93.145,37.0,3.0,32.209,35.342,25.594,213.0,187.0,285.0,304.0,False,MEDIUM,9.0,False,Aston Martin,1,17.0,True,Miami,2024,False
STR,92.789,38.0,3.0,31.689,35.505,25.595,215.0,187.0,283.0,304.0,True,MEDIUM,10.0,False,Aston Martin,1,17.0,True,Miami,2024,False
STR,92.919,39.0,3.0,31.958,35.417,25.544,215.0,188.0,285.0,319.0,False,MEDIUM,11.0,False,Aston Martin,1,17.0,True,Miami,2024,False
STR,94.389,40.0,3.0,33.458,35.217,25.714,214.0,188.0,278.0,321.0,False,MEDIUM,12.0,False,Aston Martin,1,17.0,True,Miami,2024,True
STR,92.16,41.0,3.0,31.248,35.29,25.622,213.0,187.0,285.0,316.0,True,MEDIUM,13.0,False,Aston Martin,1,16.0,True,Miami,2024,False
STR,92.584,42.0,3.0,31.571,35.306,25.707,213.0,188.0,286.0,340.0,False,MEDIUM,14.0,False,Aston Martin,1,16.0,True,Miami,2024,False
STR,92.958,43.0,3.0,31.971,35.399,25.588,206.0,187.0,286.0,326.0,False,MEDIUM,15.0,False,Aston Martin,1,16.0,True,Miami,2024,False
STR,92.524,44.0,3.0,31.513,35.573,25.438,214.0,187.0,290.0,335.0,False,MEDIUM,16.0,False,Aston Martin,1,16.0,True,Miami,2024,False
STR,92.836,45.0,3.0,32.047,35.286,25.503,216.0,187.0,282.0,326.0,False,MEDIUM,17.0,False,Aston Martin,1,15.0,True,Miami,2024,False
STR,92.451,46.0,3.0,31.426,35.381,25.644,211.0,185.0,285.0,310.0,False,MEDIUM,18.0,False,Aston Martin,1,15.0,True,Miami,2024,False
STR,92.442,47.0,3.0,31.502,35.443,25.497,216.0,187.0,290.0,328.0,False,MEDIUM,19.0,False,Aston Martin,1,15.0,True,Miami,2024,False
STR,92.935,48.0,3.0,31.851,35.324,25.76,216.0,186.0,279.0,317.0,False,MEDIUM,20.0,False,Aston Martin,1,14.0,True,Miami,2024,False
STR,92.342,49.0,3.0,31.12,35.514,25.708,214.0,187.0,279.0,318.0,False,MEDIUM,21.0,False,Aston Martin,1,14.0,True,Miami,2024,False
STR,91.991,50.0,3.0,31.215,35.242,25.534,212.0,188.0,287.0,334.0,True,MEDIUM,22.0,False,Aston Martin,1,14.0,True,Miami,2024,False
STR,93.951,51.0,3.0,32.559,35.838,25.554,217.0,189.0,287.0,345.0,False,MEDIUM,23.0,False,Aston Martin,1,14.0,True,Miami,2024,False
STR,93.206,52.0,3.0,31.902,35.518,25.786,216.0,188.0,278.0,315.0,False,MEDIUM,24.0,False,Aston Martin,1,13.0,True,Miami,2024,False
STR,91.973,53.0,3.0,30.866,35.373,25.734,216.0,187.0,279.0,314.0,True,MEDIUM,25.0,False,Aston Martin,1,13.0,True,Miami,2024,False
STR,91.742,54.0,3.0,30.943,35.129,25.67,217.0,189.0,278.0,320.0,True,MEDIUM,26.0,False,Aston Martin,1,13.0,True,Miami,2024,False
STR,91.632,55.0,3.0,30.898,35.14,25.594,214.0,187.0,279.0,320.0,True,MEDIUM,27.0,False,Aston Martin,1,13.0,True,Miami,2024,False
STR,91.593,56.0,3.0,30.995,35.082,25.516,214.0,189.0,277.0,326.0,True,MEDIUM,28.0,False,Aston Martin,1,13.0,True,Miami,2024,False
STR,91.588,57.0,3.0,30.954,35.173,25.461,214.0,188.0,285.0,345.0,True,MEDIUM,29.0,False,Aston Martin,1,13.0,True,Miami,2024,False
SAR,95.367,2.0,1.0,33.179,36.041,26.147,210.0,183.0,281.0,294.0,True,MEDIUM,2.0,True,Williams,1,16.0,True,Miami,2024,False
SAR,94.646,3.0,1.0,32.871,35.727,26.048,207.0,183.0,280.0,303.0,True,MEDIUM,3.0,True,Williams,1,16.0,True,Miami,2024,False
SAR,94.303,4.0,1.0,32.524,35.784,25.995,209.0,184.0,280.0,312.0,True,MEDIUM,4.0,True,Williams,1,16.0,True,Miami,2024,False
SAR,93.833,5.0,1.0,32.257,35.814,25.762,207.0,182.0,282.0,333.0,True,MEDIUM,5.0,True,Williams,1,16.0,True,Miami,2024,False
SAR,94.465,6.0,1.0,32.715,35.831,25.919,210.0,179.0,281.0,319.0,False,MEDIUM,6.0,True,Williams,1,16.0,True,Miami,2024,False
SAR,94.641,7.0,1.0,32.346,35.904,26.391,209.0,180.0,278.0,332.0,False,MEDIUM,7.0,True,Williams,1,16.0,True,Miami,2024,False
SAR,94.474,8.0,1.0,32.454,36.045,25.975,204.0,180.0,279.0,326.0,False,MEDIUM,8.0,True,Williams,1,16.0,True,Miami,2024,False
SAR,94.275,9.0,1.0,32.351,35.859,26.065,209.0,180.0,278.0,325.0,False,MEDIUM,9.0,True,Williams,1,16.0,True,Miami,2024,False
SAR,94.582,10.0,1.0,32.442,36.009,26.131,208.0,182.0,279.0,322.0,False,MEDIUM,10.0,True,Williams,1,15.0,True,Miami,2024,False
SAR,99.392,11.0,1.0,32.523,35.848,31.021,211.0,182.0,278.0,320.0,False,MEDIUM,11.0,True,Williams,1,16.0,False,Miami,2024,True
SAR,108.848,12.0,2.0,47.161,35.495,26.192,210.0,185.0,278.0,323.0,False,HARD,1.0,True,Williams,1,19.0,False,Miami,2024,True
SAR,93.706,13.0,2.0,32.027,35.676,26.003,210.0,182.0,277.0,322.0,True,HARD,2.0,True,Williams,1,19.0,True,Miami,2024,False
SAR,93.692,14.0,2.0,32.104,35.535,26.053,208.0,182.0,278.0,321.0,True,HARD,3.0,True,Williams,1,19.0,True,Miami,2024,False
SAR,93.452,15.0,2.0,32.123,35.381,25.948,210.0,181.0,278.0,326.0,True,HARD,4.0,True,Williams,1,19.0,True,Miami,2024,False
SAR,94.022,16.0,2.0,32.244,35.667,26.111,209.0,181.0,279.0,323.0,False,HARD,5.0,True,Williams,1,19.0,True,Miami,2024,False
SAR,93.717,17.0,2.0,32.076,35.656,25.985,210.0,182.0,277.0,324.0,False,HARD,6.0,True,Williams,1,19.0,True,Miami,2024,False
SAR,93.68,18.0,2.0,31.955,35.77,25.955,209.0,182.0,279.0,323.0,False,HARD,7.0,True,Williams,1,19.0,True,Miami,2024,False
SAR,93.542,19.0,2.0,31.979,35.642,25.921,211.0,182.0,280.0,322.0,False,HARD,8.0,True,Williams,1,19.0,True,Miami,2024,False
SAR,93.715,20.0,2.0,32.038,35.69,25.987,208.0,182.0,280.0,318.0,False,HARD,9.0,True,Williams,1,19.0,True,Miami,2024,False
SAR,93.805,21.0,2.0,31.866,35.863,26.076,206.0,182.0,278.0,323.0,False,HARD,10.0,True,Williams,1,19.0,True,Miami,2024,False
SAR,93.685,24.0,2.0,31.836,35.882,25.967,206.0,181.0,280.0,325.0,False,HARD,13.0,True,Williams,1,18.0,True,Miami,2024,False
SAR,93.802,25.0,2.0,31.854,35.812,26.136,207.0,181.0,279.0,324.0,False,HARD,14.0,True,Williams,1,18.0,True,Miami,2024,False
SAR,94.215,26.0,2.0,32.051,36.155,26.009,210.0,182.0,280.0,325.0,False,HARD,15.0,True,Williams,1,18.0,True,Miami,2024,False
SAR,93.555,27.0,2.0,31.792,35.71,26.053,206.0,182.0,280.0,329.0,False,HARD,16.0,True,Williams,1,18.0,True,Miami,2024,False
MAG,96.868,2.0,1.0,32.992,36.783,27.093,204.0,180.0,284.0,321.0,True,HARD,2.0,True,Haas F1 Team,1,19.0,True,Miami,2024,True
MAG,95.28,3.0,1.0,33.382,35.883,26.015,209.0,180.0,281.0,326.0,True,HARD,3.0,True,Haas F1 Team,1,19.0,True,Miami,2024,False
MAG,94.46,4.0,1.0,32.662,35.77,26.028,208.0,181.0,283.0,323.0,True,HARD,4.0,True,Haas F1 Team,1,19.0,True,Miami,2024,False
MAG,94.221,5.0,1.0,32.289,35.683,26.249,206.0,180.0,279.0,315.0,True,HARD,5.0,True,Haas F1 Team,1,19.0,True,Miami,2024,False
MAG,93.856,6.0,1.0,32.307,35.638,25.911,209.0,181.0,281.0,339.0,True,HARD,6.0,True,Haas F1 Team,1,19.0,True,Miami,2024,False
MAG,94.666,7.0,1.0,32.589,35.766,26.311,209.0,180.0,277.0,321.0,False,HARD,7.0,True,Haas F1 Team,1,19.0,True,Miami,2024,False
MAG,95.192,8.0,1.0,33.145,35.878,26.169,205.0,180.0,277.0,323.0,False,HARD,8.0,True,Haas F1 Team,1,19.0,True,Miami,2024,False
MAG,94.577,9.0,1.0,32.547,35.813,26.217,210.0,180.0,277.0,324.0,False,HARD,9.0,True,Haas F1 Team,1,19.0,True,Miami,2024,False
MAG,95.118,10.0,1.0,32.819,35.995,26.304,208.0,181.0,277.0,318.0,False,HARD,10.0,True,Haas F1 Team,1,19.0,True,Miami,2024,False
MAG,95.152,11.0,1.0,32.619,36.205,26.328,209.0,182.0,276.0,318.0,False,HARD,11.0,True,Haas F1 Team,1,17.0,True,Miami,2024,False
MAG,94.613,12.0,1.0,32.325,35.928,26.36,208.0,181.0,275.0,317.0,False,HARD,12.0,True,Haas F1 Team,1,15.0,True,Miami,2024,False
MAG,94.605,13.0,1.0,32.317,35.915,26.373,208.0,181.0,275.0,315.0,False,HARD,13.0,True,Haas F1 Team,1,13.0,True,Miami,2024,False
MAG,94.218,14.0,1.0,32.069,35.928,26.221,207.0,181.0,277.0,317.0,False,HARD,14.0,True,Haas F1 Team,1,13.0,True,Miami,2024,False
MAG,93.895,15.0,1.0,32.099,35.622,26.174,208.0,182.0,276.0,318.0,False,HARD,15.0,True,Haas F1 Team,1,13.0,True,Miami,2024,False
MAG,94.125,16.0,1.0,32.078,35.796,26.251,207.0,182.0,277.0,317.0,False,HARD,16.0,True,Haas F1 Team,1,13.0,True,Miami,2024,False
MAG,94.14,17.0,1.0,32.063,35.802,26.275,209.0,182.0,274.0,318.0,False,HARD,17.0,True,Haas F1 Team,1,13.0,True,Miami,2024,False
MAG,94.036,18.0,1.0,32.097,35.723,26.216,208.0,182.0,277.0,318.0,False,HARD,18.0,True,Haas F1 Team,1,13.0,True,Miami,2024,False
MAG,94.127,19.0,1.0,32.122,35.784,26.221,207.0,182.0,277.0,316.0,False,HARD,19.0,True,Haas F1 Team,1,13.0,True,Miami,2024,False
MAG,94.121,20.0,1.0,32.008,35.881,26.232,210.0,183.0,277.0,315.0,False,HARD,20.0,True,Haas F1 Team,1,13.0,True,Miami,2024,False
MAG,94.118,21.0,1.0,32.053,35.829,26.236,207.0,182.0,276.0,317.0,False,HARD,21.0,True,Haas F1 Team,1,13.0,True,Miami,2024,False
MAG,93.148,24.0,2.0,31.867,35.489,25.792,210.0,181.0,283.0,334.0,True,MEDIUM,2.0,True,Haas F1 Team,1,19.0,True,Miami,2024,False
MAG,93.181,25.0,2.0,31.998,35.439,25.744,210.0,184.0,286.0,325.0,False,MEDIUM,3.0,True,Haas F1 Team,1,19.0,True,Miami,2024,False
MAG,94.371,26.0,2.0,32.282,36.175,25.914,213.0,184.0,285.0,332.0,False,MEDIUM,4.0,True,Haas F1 Team,1,19.0,True,Miami,2024,False
MAG,93.379,27.0,2.0,31.942,35.703,25.734,205.0,185.0,287.0,334.0,False,MEDIUM,5.0,True,Haas F1 Team,1,19.0,True,Miami,2024,False
MAG,91.774,33.0,4.0,30.917,35.115,25.742,215.0,186.0,277.0,316.0,True,MEDIUM,5.0,False,Haas F1 Team,1,19.0,True,Miami,2024,False
MAG,92.23,34.0,4.0,31.246,35.107,25.877,213.0,185.0,277.0,316.0,False,MEDIUM,6.0,False,Haas F1 Team,1,19.0,True,Miami,2024,False
MAG,91.993,35.0,4.0,31.148,35.031,25.814,212.0,185.0,277.0,315.0,False,MEDIUM,7.0,False,Haas F1 Team,1,19.0,True,Miami,2024,False
MAG,92.206,36.0,4.0,31.21,35.295,25.701,213.0,185.0,278.0,315.0,False,MEDIUM,8.0,False,Haas F1 Team,1,19.0,True,Miami,2024,False
MAG,91.985,37.0,4.0,31.187,34.961,25.837,213.0,185.0,279.0,316.0,False,MEDIUM,9.0,False,Haas F1 Team,1,19.0,True,Miami,2024,False
MAG,92.074,38.0,4.0,31.275,35.084,25.715,212.0,186.0,278.0,315.0,False,MEDIUM,10.0,False,Haas F1 Team,1,19.0,True,Miami,2024,False
MAG,92.318,39.0,4.0,31.179,35.246,25.893,213.0,184.0,277.0,315.0,False,MEDIUM,11.0,False,Haas F1 Team,1,19.0,True,Miami,2024,False
MAG,92.462,40.0,4.0,31.32,35.276,25.866,211.0,185.0,278.0,316.0,False,MEDIUM,12.0,False,Haas F1 Team,1,19.0,True,Miami,2024,False
MAG,92.336,41.0,4.0,31.244,35.256,25.836,214.0,184.0,279.0,317.0,False,MEDIUM,13.0,False,Haas F1 Team,1,18.0,True,Miami,2024,False
MAG,92.3,42.0,4.0,31.143,35.309,25.848,211.0,185.0,280.0,316.0,False,MEDIUM,14.0,False,Haas F1 Team,1,18.0,True,Miami,2024,False
MAG,92.087,43.0,4.0,31.2,35.132,25.755,213.0,183.0,279.0,317.0,False,MEDIUM,15.0,False,Haas F1 Team,1,18.0,True,Miami,2024,False
MAG,92.287,44.0,4.0,31.264,35.219,25.804,213.0,184.0,281.0,320.0,False,MEDIUM,16.0,False,Haas F1 Team,1,18.0,True,Miami,2024,False
MAG,92.279,45.0,4.0,31.281,35.171,25.827,212.0,184.0,278.0,318.0,False,MEDIUM,17.0,False,Haas F1 Team,1,18.0,True,Miami,2024,False
MAG,93.068,46.0,4.0,31.322,35.202,26.544,212.0,183.0,282.0,317.0,False,MEDIUM,18.0,False,Haas F1 Team,1,19.0,True,Miami,2024,False
MAG,92.989,47.0,4.0,31.792,35.304,25.893,213.0,183.0,282.0,318.0,False,MEDIUM,19.0,False,Haas F1 Team,1,19.0,True,Miami,2024,False
MAG,92.384,48.0,4.0,31.147,35.485,25.752,212.0,185.0,280.0,323.0,False,MEDIUM,20.0,False,Haas F1 Team,1,19.0,True,Miami,2024,False
MAG,92.344,49.0,4.0,31.269,35.386,25.689,213.0,184.0,286.0,334.0,False,MEDIUM,21.0,False,Haas F1 Team,1,19.0,True,Miami,2024,False
MAG,92.395,50.0,4.0,31.373,35.288,25.734,212.0,184.0,287.0,332.0,False,MEDIUM,22.0,False,Haas F1 Team,1,19.0,True,Miami,2024,False
MAG,92.433,51.0,4.0,31.616,35.29,25.527,214.0,184.0,288.0,341.0,False,MEDIUM,23.0,False,Haas F1 Team,1,19.0,True,Miami,2024,False
MAG,93.125,52.0,4.0,32.063,35.474,25.588,211.0,186.0,287.0,341.0,False,MEDIUM,24.0,False,Haas F1 Team,1,19.0,True,Miami,2024,False
MAG,92.704,53.0,4.0,31.37,35.617,25.717,211.0,183.0,286.0,339.0,False,MEDIUM,25.0,False,Haas F1 Team,1,18.0,True,Miami,2024,False
MAG,92.755,54.0,4.0,31.545,35.345,25.865,212.0,184.0,281.0,321.0,False,MEDIUM,26.0,False,Haas F1 Team,1,18.0,True,Miami,2024,False
MAG,92.36,55.0,4.0,31.339,35.258,25.763,213.0,183.0,283.0,321.0,False,MEDIUM,27.0,False,Haas F1 Team,1,18.0,True,Miami,2024,False
MAG,92.781,56.0,4.0,31.515,35.439,25.827,212.0,184.0,280.0,320.0,False,MEDIUM,28.0,False,Haas F1 Team,1,18.0,True,Miami,2024,False
MAG,93.134,57.0,4.0,31.736,35.64,25.758,210.0,183.0,281.0,319.0,False,MEDIUM,29.0,False,Haas F1 Team,1,18.0,True,Miami,2024,False
TSU,94.337,2.0,1.0,32.682,35.581,26.074,213.0,183.0,276.0,323.0,True,MEDIUM,2.0,True,RB,1,9.0,True,Miami,2024,False
TSU,94.277,3.0,1.0,32.245,35.923,26.109,210.0,181.0,278.0,323.0,True,MEDIUM,3.0,True,RB,1,9.0,True,Miami,2024,False
TSU,93.892,4.0,1.0,32.055,35.718,26.119,212.0,182.0,280.0,321.0,True,MEDIUM,4.0,True,RB,1,9.0,True,Miami,2024,False
TSU,95.267,5.0,1.0,33.019,36.124,26.124,205.0,182.0,280.0,320.0,False,MEDIUM,5.0,True,RB,1,10.0,True,Miami,2024,True
TSU,93.902,6.0,1.0,32.005,35.836,26.061,209.0,181.0,278.0,326.0,False,MEDIUM,6.0,True,RB,1,10.0,True,Miami,2024,False
TSU,93.682,7.0,1.0,31.779,35.798,26.105,211.0,181.0,275.0,313.0,True,MEDIUM,7.0,True,RB,1,10.0,True,Miami,2024,False
TSU,94.022,8.0,1.0,32.253,35.829,25.94,211.0,179.0,278.0,328.0,False,MEDIUM,8.0,True,RB,1,10.0,True,Miami,2024,False
TSU,94.117,9.0,1.0,32.303,35.801,26.013,210.0,181.0,280.0,325.0,False,MEDIUM,9.0,True,RB,1,10.0,True,Miami,2024,False
TSU,94.916,10.0,1.0,32.517,36.121,26.278,209.0,180.0,280.0,332.0,False,MEDIUM,10.0,True,RB,1,10.0,True,Miami,2024,False
TSU,94.816,11.0,1.0,32.613,36.112,26.091,208.0,179.0,279.0,322.0,False,MEDIUM,11.0,True,RB,1,10.0,True,Miami,2024,False
TSU,94.631,12.0,1.0,32.407,36.12,26.104,207.0,183.0,274.0,308.0,False,MEDIUM,12.0,True,RB,1,9.0,True,Miami,2024,False
TSU,94.689,13.0,1.0,32.096,35.959,26.634,212.0,181.0,273.0,315.0,False,MEDIUM,13.0,True,RB,1,9.0,True,Miami,2024,False
TSU,93.975,14.0,1.0,31.964,35.761,26.25,211.0,182.0,274.0,312.0,False,MEDIUM,14.0,True,RB,1,9.0,True,Miami,2024,False
TSU,93.337,15.0,1.0,31.625,35.531,26.181,211.0,182.0,274.0,316.0,True,MEDIUM,15.0,True,RB,1,9.0,True,Miami,2024,False
TSU,93.683,16.0,1.0,31.887,35.634,26.162,211.0,183.0,274.0,315.0,False,MEDIUM,16.0,True,RB,1,9.0,True,Miami,2024,False
TSU,93.936,17.0,1.0,31.656,35.678,26.602,210.0,182.0,271.0,317.0,False,MEDIUM,17.0,True,RB,1,9.0,True,Miami,2024,False
TSU,93.745,18.0,1.0,31.825,35.625,26.295,211.0,184.0,274.0,311.0,False,MEDIUM,18.0,True,RB,1,8.0,True,Miami,2024,False
TSU,93.382,19.0,1.0,31.551,35.627,26.204,211.0,183.0,273.0,312.0,False,MEDIUM,19.0,True,RB,1,8.0,True,Miami,2024,False
TSU,93.447,20.0,1.0,31.694,35.606,26.147,211.0,182.0,275.0,314.0,False,MEDIUM,20.0,True,RB,1,8.0,True,Miami,2024,False
TSU,93.711,21.0,1.0,31.764,35.668,26.279,210.0,182.0,274.0,313.0,False,MEDIUM,21.0,True,RB,1,8.0,True,Miami,2024,False
TSU,94.405,24.0,1.0,31.645,36.676,26.084,210.0,183.0,274.0,318.0,False,MEDIUM,24.0,True,RB,1,8.0,True,Miami,2024,False
TSU,93.277,25.0,1.0,31.655,35.463,26.159,210.0,182.0,275.0,314.0,True,MEDIUM,25.0,True,RB,1,8.0,True,Miami,2024,False
TSU,93.08,26.0,1.0,31.504,35.418,26.158,212.0,183.0,274.0,314.0,True,MEDIUM,26.0,True,RB,1,8.0,True,Miami,2024,False
TSU,93.109,27.0,1.0,31.376,35.572,26.161,213.0,183.0,274.0,313.0,False,MEDIUM,27.0,True,RB,1,7.0,True,Miami,2024,False
TSU,94.127,33.0,2.0,32.342,35.758,26.027,213.0,185.0,276.0,320.0,False,HARD,5.0,True,RB,1,7.0,True,Miami,2024,True
TSU,93.232,34.0,2.0,31.293,36.052,25.887,211.0,182.0,280.0,310.0,False,HARD,6.0,True,RB,1,8.0,True,Miami,2024,True
TSU,92.318,35.0,2.0,31.326,35.032,25.96,213.0,184.0,276.0,312.0,True,HARD,7.0,True,RB,1,8.0,True,Miami,2024,False
TSU,92.388,36.0,2.0,31.102,35.247,26.039,215.0,184.0,277.0,312.0,False,HARD,8.0,True,RB,1,8.0,True,Miami,2024,False
TSU,91.906,37.0,2.0,30.995,35.042,25.869,215.0,184.0,278.0,315.0,True,HARD,9.0,True,RB,1,8.0,True,Miami,2024,False
TSU,91.724,38.0,2.0,30.954,34.934,25.836,214.0,185.0,277.0,318.0,True,HARD,10.0,True,RB,1,8.0,True,Miami,2024,False
TSU,92.204,39.0,2.0,31.109,35.246,25.849,214.0,183.0,276.0,317.0,False,HARD,11.0,True,RB,1,8.0,True,Miami,2024,False
TSU,92.798,40.0,2.0,31.277,35.543,25.978,209.0,183.0,275.0,315.0,False,HARD,12.0,True,RB,1,7.0,True,Miami,2024,False
TSU,92.177,41.0,2.0,31.006,35.248,25.923,213.0,185.0,276.0,318.0,False,HARD,13.0,True,RB,1,7.0,True,Miami,2024,False
TSU,91.943,42.0,2.0,30.899,35.151,25.893,215.0,184.0,277.0,317.0,False,HARD,14.0,True,RB,1,7.0,True,Miami,2024,False
TSU,91.909,43.0,2.0,30.992,35.12,25.797,215.0,185.0,276.0,318.0,False,HARD,15.0,True,RB,1,7.0,True,Miami,2024,False
TSU,91.915,44.0,2.0,30.988,35.053,25.874,216.0,185.0,277.0,317.0,False,HARD,16.0,True,RB,1,7.0,True,Miami,2024,False
TSU,92.077,45.0,2.0,30.952,35.246,25.879,215.0,186.0,275.0,315.0,False,HARD,17.0,True,RB,1,7.0,True,Miami,2024,False
TSU,92.025,46.0,2.0,30.84,35.234,25.951,214.0,185.0,276.0,317.0,False,HARD,18.0,True,RB,1,7.0,True,Miami,2024,False
TSU,92.006,47.0,2.0,30.943,35.141,25.922,215.0,185.0,276.0,316.0,False,HARD,19.0,True,RB,1,7.0,True,Miami,2024,False
TSU,92.01,48.0,2.0,30.881,35.232,25.897,215.0,186.0,276.0,315.0,False,HARD,20.0,True,RB,1,7.0,True,Miami,2024,False
TSU,92.164,49.0,2.0,30.772,35.459,25.933,213.0,185.0,277.0,313.0,False,HARD,21.0,True,RB,1,7.0,True,Miami,2024,False
TSU,91.952,50.0,2.0,30.749,35.241,25.962,215.0,186.0,276.0,313.0,False,HARD,22.0,True,RB,1,7.0,True,Miami,2024,False
TSU,92.07,51.0,2.0,30.859,35.247,25.964,214.0,186.0,277.0,312.0,False,HARD,23.0,True,RB,1,7.0,True,Miami,2024,False
TSU,92.023,52.0,2.0,30.834,35.237,25.952,216.0,186.0,276.0,311.0,False,HARD,24.0,True,RB,1,7.0,True,Miami,2024,False
TSU,91.955,53.0,2.0,30.736,35.315,25.904,214.0,185.0,278.0,314.0,False,HARD,25.0,True,RB,1,7.0,True,Miami,2024,False
TSU,91.893,54.0,2.0,30.671,35.288,25.934,214.0,186.0,278.0,314.0,False,HARD,26.0,True,RB,1,7.0,True,Miami,2024,False
TSU,91.682,55.0,2.0,30.792,35.088,25.802,216.0,186.0,277.0,314.0,True,HARD,27.0,True,RB,1,7.0,True,Miami,2024,False
TSU,91.822,56.0,2.0,30.857,35.164,25.801,214.0,187.0,276.0,315.0,False,HARD,28.0,True,RB,1,7.0,True,Miami,2024,False
TSU,91.957,57.0,2.0,30.873,35.161,25.923,215.0,186.0,276.0,313.0,False,HARD,29.0,True,RB,1,7.0,True,Miami,2024,False
ALB,94.925,2.0,1.0,32.833,36.217,25.875,209.0,185.0,281.0,339.0,True,MEDIUM,2.0,True,Williams,1,14.0,True,Miami,2024,False
ALB,94.309,3.0,1.0,32.569,35.701,26.039,209.0,179.0,281.0,307.0,True,MEDIUM,3.0,True,Williams,1,14.0,True,Miami,2024,False
ALB,93.889,4.0,1.0,32.383,35.633,25.873,207.0,180.0,282.0,340.0,True,MEDIUM,4.0,True,Williams,1,14.0,True,Miami,2024,False
ALB,94.174,5.0,1.0,32.401,35.666,26.107,205.0,180.0,282.0,317.0,False,MEDIUM,5.0,True,Williams,1,14.0,True,Miami,2024,False
ALB,94.26,6.0,1.0,32.643,35.645,25.972,204.0,181.0,280.0,327.0,False,MEDIUM,6.0,True,Williams,1,14.0,True,Miami,2024,False
ALB,94.475,7.0,1.0,32.519,35.673,26.283,209.0,181.0,280.0,334.0,False,MEDIUM,7.0,True,Williams,1,14.0,True,Miami,2024,False
ALB,93.981,8.0,1.0,32.404,35.636,25.941,206.0,180.0,282.0,326.0,False,MEDIUM,8.0,True,Williams,1,14.0,True,Miami,2024,False
ALB,94.249,9.0,1.0,32.442,35.79,26.017,207.0,181.0,277.0,327.0,False,MEDIUM,9.0,True,Williams,1,14.0,True,Miami,2024,False
ALB,99.601,10.0,1.0,32.552,35.738,31.311,205.0,180.0,278.0,327.0,False,MEDIUM,10.0,True,Williams,1,18.0,False,Miami,2024,True
ALB,107.913,11.0,2.0,46.829,35.135,25.949,208.0,183.0,271.0,323.0,False,HARD,1.0,True,Williams,1,20.0,False,Miami,2024,True
ALB,94.419,12.0,2.0,32.068,35.929,26.422,208.0,181.0,280.0,326.0,False,HARD,2.0,True,Williams,1,18.0,True,Miami,2024,False
ALB,94.49,13.0,2.0,32.533,35.832,26.125,206.0,179.0,279.0,336.0,False,HARD,3.0,True,Williams,1,18.0,True,Miami,2024,False
ALB,93.929,14.0,2.0,32.128,35.653,26.148,210.0,178.0,277.0,323.0,False,HARD,4.0,True,Williams,1,18.0,True,Miami,2024,False
ALB,93.447,15.0,2.0,32.072,35.358,26.017,209.0,179.0,278.0,322.0,True,HARD,5.0,True,Williams,1,18.0,True,Miami,2024,False
ALB,94.178,16.0,2.0,32.389,35.615,26.174,208.0,180.0,278.0,319.0,False,HARD,6.0,True,Williams,1,18.0,True,Miami,2024,False
ALB,93.683,17.0,2.0,31.987,35.621,26.075,209.0,181.0,277.0,325.0,False,HARD,7.0,True,Williams,1,18.0,True,Miami,2024,False
ALB,93.692,18.0,2.0,31.99,35.639,26.063,208.0,180.0,278.0,322.0,False,HARD,8.0,True,Williams,1,18.0,True,Miami,2024,False
ALB,93.671,19.0,2.0,32.133,35.512,26.026,210.0,181.0,278.0,321.0,False,HARD,9.0,True,Williams,1,18.0,True,Miami,2024,False
ALB,93.584,20.0,2.0,32.087,35.504,25.993,211.0,181.0,279.0,321.0,False,HARD,10.0,True,Williams,1,18.0,True,Miami,2024,False
ALB,93.607,21.0,2.0,32.136,35.45,26.021,213.0,179.0,278.0,326.0,False,HARD,11.0,True,Williams,1,18.0,True,Miami,2024,False
ALB,93.96,24.0,2.0,32.093,35.79,26.077,211.0,181.0,280.0,330.0,False,HARD,14.0,True,Williams,1,17.0,True,Miami,2024,False
ALB,93.429,25.0,2.0,31.829,35.648,25.952,209.0,180.0,283.0,332.0,True,HARD,15.0,True,Williams,1,17.0,True,Miami,2024,False
ALB,93.474,26.0,2.0,32.075,35.593,25.806,211.0,181.0,283.0,341.0,False,HARD,16.0,True,Williams,1,17.0,True,Miami,2024,False
ALB,93.78,27.0,2.0,32.175,35.656,25.949,210.0,181.0,283.0,326.0,False,HARD,17.0,True,Williams,1,17.0,True,Miami,2024,False
ALB,93.921,33.0,2.0,32.204,35.693,26.024,211.0,183.0,281.0,319.0,False,HARD,23.0,True,Williams,1,13.0,True,Miami,2024,False
ALB,93.497,34.0,2.0,32.392,35.268,25.837,212.0,181.0,286.0,335.0,False,HARD,24.0,True,Williams,1,13.0,True,Miami,2024,False
ALB,92.855,35.0,2.0,31.885,35.316,25.654,209.0,183.0,285.0,341.0,True,HARD,25.0,True,Williams,1,13.0,True,Miami,2024,False
ALB,93.157,36.0,2.0,32.088,35.372,25.697,211.0,183.0,285.0,335.0,False,HARD,26.0,True,Williams,1,13.0,True,Miami,2024,False
ALB,93.054,37.0,2.0,31.875,35.273,25.906,211.0,184.0,283.0,326.0,False,HARD,27.0,True,Williams,1,13.0,True,Miami,2024,False
ALB,92.997,38.0,2.0,31.887,35.245,25.865,210.0,183.0,280.0,327.0,False,HARD,28.0,True,Williams,1,13.0,True,Miami,2024,False
ALB,93.499,39.0,2.0,31.825,35.813,25.861,208.0,182.0,279.0,333.0,False,HARD,29.0,True,Williams,1,13.0,True,Miami,2024,False
ALB,92.765,40.0,2.0,31.688,35.21,25.867,211.0,183.0,280.0,326.0,True,HARD,30.0,True,Williams,1,13.0,True,Miami,2024,False
ALB,93.642,41.0,2.0,32.478,35.414,25.75,212.0,182.0,284.0,332.0,False,HARD,31.0,True,Williams,1,13.0,True,Miami,2024,False
ALB,92.947,42.0,2.0,31.693,35.201,26.053,211.0,184.0,281.0,326.0,False,HARD,32.0,True,Williams,1,13.0,True,Miami,2024,False
ALB,92.681,43.0,2.0,31.669,35.142,25.87,214.0,184.0,280.0,325.0,True,HARD,33.0,True,Williams,1,13.0,True,Miami,2024,False
ALB,92.778,44.0,2.0,31.626,35.295,25.857,211.0,184.0,282.0,330.0,False,HARD,34.0,True,Williams,1,13.0,True,Miami,2024,False
ALB,92.565,45.0,2.0,31.62,35.181,25.764,210.0,184.0,279.0,330.0,True,HARD,35.0,True,Williams,1,13.0,True,Miami,2024,False
ALB,92.801,46.0,2.0,31.79,35.355,25.656,208.0,184.0,285.0,343.0,False,HARD,36.0,True,Williams,1,13.0,True,Miami,2024,False
ALB,92.66,47.0,2.0,31.751,35.224,25.685,212.0,184.0,286.0,340.0,False,HARD,37.0,True,Williams,1,13.0,True,Miami,2024,False
ALB,92.552,48.0,2.0,31.803,35.1,25.649,207.0,185.0,285.0,347.0,True,HARD,38.0,True,Williams,1,13.0,True,Miami,2024,False
ALB,92.646,49.0,2.0,31.557,35.264,25.825,211.0,184.0,285.0,325.0,False,HARD,39.0,True,Williams,1,13.0,True,Miami,2024,False
ALB,92.755,50.0,2.0,31.517,35.401,25.837,212.0,184.0,286.0,325.0,False,HARD,40.0,True,Williams,1,13.0,True,Miami,2024,False
ALB,94.142,51.0,2.0,32.673,35.619,25.85,213.0,184.0,283.0,331.0,False,HARD,41.0,True,Williams,1,13.0,True,Miami,2024,False
ALB,95.038,52.0,2.0,34.018,35.371,25.649,211.0,183.0,286.0,345.0,False,HARD,42.0,True,Williams,1,15.0,True,Miami,2024,False
ALB,106.697,53.0,2.0,32.009,42.442,32.246,210.0,177.0,278.0,287.0,False,HARD,43.0,True,Williams,1,19.0,False,Miami,2024,True
ALB,106.898,54.0,3.0,46.449,34.839,25.61,214.0,188.0,281.0,318.0,False,SOFT,1.0,True,Williams,1,19.0,False,Miami,2024,False
ALB,90.849,55.0,3.0,30.981,34.425,25.443,216.0,188.0,281.0,323.0,True,SOFT,2.0,True,Williams,1,19.0,True,Miami,2024,False
ALB,92.063,56.0,3.0,31.01,34.624,26.429,215.0,178.0,280.0,305.0,False,SOFT,3.0,True,Williams,1,19.0,True,Miami,2024,False
ALB,91.272,57.0,3.0,31.288,34.59,25.394,216.0,188.0,281.0,328.0,False,SOFT,4.0,True,Williams,1,19.0,True,Miami,2024,False
ZHO,96.265,2.0,1.0,33.167,36.662,26.436,212.0,185.0,275.0,297.0,False,MEDIUM,2.0,True,Kick Sauber,1,17.0,True,Miami,2024,True
ZHO,94.339,3.0,1.0,32.333,35.818,26.188,209.0,182.0,276.0,320.0,True,MEDIUM,3.0,True,Kick Sauber,1,17.0,True,Miami,2024,False
ZHO,94.357,4.0,1.0,32.342,35.935,26.08,207.0,183.0,277.0,316.0,False,MEDIUM,4.0,True,Kick Sauber,1,17.0,True,Miami,2024,False
ZHO,93.673,5.0,1.0,32.009,35.749,25.915,210.0,184.0,279.0,325.0,True,MEDIUM,5.0,True,Kick Sauber,1,17.0,True,Miami,2024,False
ZHO,94.318,6.0,1.0,32.344,35.871,26.103,208.0,183.0,280.0,309.0,False,MEDIUM,6.0,True,Kick Sauber,1,17.0,True,Miami,2024,False
ZHO,94.455,7.0,1.0,32.243,35.992,26.22,209.0,183.0,279.0,317.0,False,MEDIUM,7.0,True,Kick Sauber,1,17.0,True,Miami,2024,False
ZHO,94.539,8.0,1.0,32.324,36.064,26.151,207.0,181.0,279.0,327.0,False,MEDIUM,8.0,True,Kick Sauber,1,17.0,True,Miami,2024,False
ZHO,94.263,9.0,1.0,32.315,35.892,26.056,210.0,184.0,280.0,315.0,False,MEDIUM,9.0,True,Kick Sauber,1,17.0,True,Miami,2024,False
ZHO,94.286,10.0,1.0,32.293,35.825,26.168,210.0,183.0,280.0,332.0,False,MEDIUM,10.0,True,Kick Sauber,1,16.0,True,Miami,2024,False
ZHO,94.662,11.0,1.0,32.492,36.032,26.138,211.0,182.0,276.0,310.0,False,MEDIUM,11.0,True,Kick Sauber,1,15.0,True,Miami,2024,False
ZHO,94.455,12.0,1.0,32.118,36.09,26.247,206.0,184.0,274.0,312.0,False,MEDIUM,12.0,True,Kick Sauber,1,13.0,True,Miami,2024,False
ZHO,94.666,13.0,1.0,32.221,36.121,26.324,208.0,182.0,274.0,311.0,False,MEDIUM,13.0,True,Kick Sauber,1,12.0,True,Miami,2024,False
ZHO,94.195,14.0,1.0,32.004,35.992,26.199,208.0,183.0,275.0,311.0,False,MEDIUM,14.0,True,Kick Sauber,1,12.0,True,Miami,2024,False
ZHO,94.166,15.0,1.0,32.004,36.012,26.15,210.0,182.0,276.0,310.0,False,MEDIUM,15.0,True,Kick Sauber,1,12.0,True,Miami,2024,False
ZHO,94.005,16.0,1.0,31.871,35.987,26.147,209.0,183.0,277.0,312.0,False,MEDIUM,16.0,True,Kick Sauber,1,12.0,True,Miami,2024,False
ZHO,94.095,17.0,1.0,31.792,36.054,26.249,210.0,183.0,273.0,316.0,False,MEDIUM,17.0,True,Kick Sauber,1,12.0,True,Miami,2024,False
ZHO,94.394,18.0,1.0,32.034,36.183,26.177,208.0,183.0,277.0,316.0,False,MEDIUM,18.0,True,Kick Sauber,1,12.0,True,Miami,2024,False
ZHO,93.941,19.0,1.0,31.97,35.926,26.045,212.0,182.0,276.0,315.0,False,MEDIUM,19.0,True,Kick Sauber,1,12.0,True,Miami,2024,False
ZHO,94.286,20.0,1.0,32.081,35.952,26.253,209.0,184.0,277.0,310.0,False,MEDIUM,20.0,True,Kick Sauber,1,12.0,True,Miami,2024,False
ZHO,94.689,21.0,1.0,32.117,36.349,26.223,209.0,184.0,275.0,311.0,False,MEDIUM,21.0,True,Kick Sauber,1,12.0,True,Miami,2024,False
ZHO,93.688,24.0,1.0,31.653,35.941,26.094,210.0,184.0,276.0,314.0,False,MEDIUM,24.0,True,Kick Sauber,1,10.0,True,Miami,2024,False
ZHO,93.664,25.0,1.0,31.644,35.872,26.148,210.0,184.0,275.0,310.0,True,MEDIUM,25.0,True,Kick Sauber,1,9.0,True,Miami,2024,False
ZHO,93.644,26.0,1.0,31.576,35.88,26.188,212.0,184.0,274.0,313.0,True,MEDIUM,26.0,True,Kick Sauber,1,9.0,True,Miami,2024,False
ZHO,93.485,27.0,1.0,31.543,35.727,26.215,213.0,186.0,275.0,308.0,True,MEDIUM,27.0,True,Kick Sauber,1,8.0,True,Miami,2024,False
ZHO,93.784,33.0,2.0,32.065,35.722,25.997,217.0,188.0,282.0,317.0,False,SOFT,5.0,True,Kick Sauber,1,14.0,True,Miami,2024,False
ZHO,93.438,34.0,2.0,32.359,35.37,25.709,209.0,186.0,287.0,332.0,True,SOFT,6.0,True,Kick Sauber,1,14.0,True,Miami,2024,False
ZHO,93.184,35.0,2.0,31.96,35.446,25.778,216.0,187.0,283.0,313.0,True,SOFT,7.0,True,Kick Sauber,1,14.0,True,Miami,2024,False
ZHO,93.258,36.0,2.0,31.797,35.614,25.847,216.0,185.0,284.0,306.0,False,SOFT,8.0,True,Kick Sauber,1,14.0,True,Miami,2024,False
ZHO,92.951,37.0,2.0,31.669,35.478,25.804,214.0,186.0,283.0,330.0,True,SOFT,9.0,True,Kick Sauber,1,14.0,True,Miami,2024,False
ZHO,92.919,38.0,2.0,31.695,35.49,25.734,214.0,184.0,283.0,328.0,True,SOFT,10.0,True,Kick Sauber,1,14.0,True,Miami,2024,False
ZHO,93.309,39.0,2.0,31.624,35.944,25.741,217.0,185.0,285.0,333.0,False,SOFT,11.0,True,Kick Sauber,1,14.0,True,Miami,2024,False
ZHO,93.703,40.0,2.0,32.545,35.358,25.8,215.0,185.0,282.0,310.0,False,SOFT,12.0,True,Kick Sauber,1,15.0,True,Miami,2024,False
ZHO,92.896,41.0,2.0,31.642,35.618,25.636,212.0,186.0,283.0,320.0,True,SOFT,13.0,True,Kick Sauber,1,14.0,True,Miami,2024,False
ZHO,92.777,42.0,2.0,31.567,35.42,25.79,214.0,186.0,284.0,321.0,True,SOFT,14.0,True,Kick Sauber,1,14.0,True,Miami,2024,False
ZHO,92.818,43.0,2.0,31.811,35.21,25.797,216.0,187.0,283.0,329.0,False,SOFT,15.0,True,Kick Sauber,1,14.0,True,Miami,2024,False
ZHO,93.01,44.0,2.0,31.52,35.555,25.935,212.0,187.0,285.0,313.0,False,SOFT,16.0,True,Kick Sauber,1,14.0,True,Miami,2024,False
ZHO,92.774,45.0,2.0,31.605,35.39,25.779,212.0,186.0,278.0,326.0,True,SOFT,17.0,True,Kick Sauber,1,14.0,True,Miami,2024,False
ZHO,92.591,46.0,2.0,31.488,35.415,25.688,207.0,184.0,284.0,331.0,True,SOFT,18.0,True,Kick Sauber,1,14.0,True,Miami,2024,False
ZHO,92.781,47.0,2.0,31.548,35.453,25.78,213.0,185.0,285.0,334.0,False,SOFT,19.0,True,Kick Sauber,1,14.0,True,Miami,2024,False
ZHO,94.209,48.0,2.0,32.948,35.46,25.801,213.0,185.0,283.0,317.0,False,SOFT,20.0,True,Kick Sauber,1,15.0,True,Miami,2024,True
ZHO,92.938,49.0,2.0,31.197,35.725,26.016,213.0,185.0,280.0,316.0,False,SOFT,21.0,True,Kick Sauber,1,15.0,True,Miami,2024,False
ZHO,92.522,50.0,2.0,31.256,35.515,25.751,214.0,187.0,281.0,321.0,True,SOFT,22.0,True,Kick Sauber,1,15.0,True,Miami,2024,False
ZHO,92.611,51.0,2.0,31.353,35.546,25.712,214.0,185.0,283.0,335.0,False,SOFT,23.0,True,Kick Sauber,1,15.0,True,Miami,2024,False
ZHO,93.156,52.0,2.0,31.943,35.482,25.731,216.0,186.0,283.0,331.0,False,SOFT,24.0,True,Kick Sauber,1,14.0,True,Miami,2024,False
ZHO,92.922,53.0,2.0,31.081,35.825,26.016,214.0,184.0,280.0,314.0,False,SOFT,25.0,True,Kick Sauber,1,14.0,True,Miami,2024,False
ZHO,92.457,54.0,2.0,31.084,35.468,25.905,214.0,187.0,279.0,312.0,True,SOFT,26.0,True,Kick Sauber,1,14.0,True,Miami,2024,False
ZHO,92.17,55.0,2.0,31.11,35.311,25.749,213.0,187.0,281.0,325.0,True,SOFT,27.0,True,Kick Sauber,1,14.0,True,Miami,2024,False
ZHO,91.991,56.0,2.0,30.989,35.292,25.71,214.0,186.0,278.0,320.0,True,SOFT,28.0,True,Kick Sauber,1,14.0,True,Miami,2024,False
ZHO,92.984,57.0,2.0,31.144,35.576,26.264,215.0,187.0,283.0,261.0,False,SOFT,29.0,True,Kick Sauber,1,15.0,True,Miami,2024,False
HUL,93.938,2.0,1.0,32.472,35.402,26.064,214.0,184.0,276.0,312.0,True,MEDIUM,2.0,True,Haas F1 Team,1,7.0,True,Miami,2024,False
HUL,94.14,3.0,1.0,32.347,35.769,26.024,210.0,183.0,277.0,307.0,False,MEDIUM,3.0,True,Haas F1 Team,1,7.0,True,Miami,2024,False
HUL,93.818,4.0,1.0,31.877,35.8,26.141,212.0,183.0,277.0,314.0,True,MEDIUM,4.0,True,Haas F1 Team,1,7.0,True,Miami,2024,False
HUL,93.776,5.0,1.0,31.834,35.841,26.101,212.0,183.0,278.0,311.0,True,MEDIUM,5.0,True,Haas F1 Team,1,7.0,True,Miami,2024,False
HUL,93.561,6.0,1.0,31.875,35.63,26.056,211.0,184.0,277.0,314.0,True,MEDIUM,6.0,True,Haas F1 Team,1,7.0,True,Miami,2024,False
HUL,94.953,7.0,1.0,32.097,36.764,26.092,211.0,182.0,276.0,316.0,False,MEDIUM,7.0,True,Haas F1 Team,1,7.0,True,Miami,2024,False
HUL,94.304,8.0,1.0,32.18,35.946,26.178,211.0,182.0,275.0,318.0,False,MEDIUM,8.0,True,Haas F1 Team,1,7.0,True,Miami,2024,False
HUL,94.126,9.0,1.0,32.237,35.697,26.192,212.0,182.0,276.0,321.0,False,MEDIUM,9.0,True,Haas F1 Team,1,7.0,True,Miami,2024,False
HUL,95.543,10.0,1.0,32.406,37.038,26.099,210.0,180.0,281.0,334.0,False,MEDIUM,10.0,True,Haas F1 Team,1,8.0,True,Miami,2024,False
HUL,94.756,11.0,1.0,32.566,36.056,26.134,212.0,182.0,281.0,318.0,False,MEDIUM,11.0,True,Haas F1 Team,1,8.0,True,Miami,2024,False
HUL,100.42,12.0,1.0,32.533,36.881,31.006,211.0,180.0,278.0,331.0,False,MEDIUM,12.0,True,Haas F1 Team,1,12.0,False,Miami,2024,True
HUL,108.595,13.0,2.0,46.945,35.569,26.081,212.0,184.0,275.0,313.0,False,HARD,1.0,True,Haas F1 Team,1,15.0,False,Miami,2024,True
HUL,93.304,14.0,2.0,31.465,35.867,25.972,213.0,184.0,276.0,316.0,True,HARD,2.0,True,Haas F1 Team,1,15.0,True,Miami,2024,False
HUL,92.922,15.0,2.0,31.596,35.366,25.96,214.0,184.0,277.0,316.0,True,HARD,3.0,True,Haas F1 Team,1,15.0,True,Miami,2024,False
HUL,93.731,16.0,2.0,32.197,35.553,25.981,212.0,184.0,277.0,317.0,False,HARD,4.0,True,Haas F1 Team,1,15.0,True,Miami,2024,False
HUL,93.621,17.0,2.0,31.7,35.877,26.044,213.0,182.0,276.0,318.0,False,HARD,5.0,True,Haas F1 Team,1,15.0,True,Miami,2024,False
HUL,93.608,18.0,2.0,31.828,35.731,26.049,213.0,183.0,277.0,316.0,False,HARD,6.0,True,Haas F1 Team,1,15.0,True,Miami,2024,False
HUL,93.273,19.0,2.0,31.69,35.597,25.986,211.0,184.0,278.0,317.0,False,HARD,7.0,True,Haas F1 Team,1,15.0,True,Miami,2024,False
HUL,93.538,20.0,2.0,31.854,35.713,25.971,212.0,182.0,279.0,316.0,False,HARD,8.0,True,Haas F1 Team,1,15.0,True,Miami,2024,False
HUL,93.705,21.0,2.0,31.903,35.838,25.964,214.0,182.0,277.0,318.0,False,HARD,9.0,True,Haas F1 Team,1,15.0,True,Miami,2024,False
HUL,94.099,24.0,2.0,31.93,36.272,25.897,213.0,182.0,284.0,335.0,False,HARD,12.0,True,Haas F1 Team,1,13.0,True,Miami,2024,False
HUL,94.486,25.0,2.0,32.288,36.323,25.875,211.0,182.0,285.0,328.0,False,HARD,13.0,True,Haas F1 Team,1,14.0,True,Miami,2024,False
HUL,94.322,26.0,2.0,32.34,36.017,25.965,212.0,183.0,279.0,317.0,False,HARD,14.0,True,Haas F1 Team,1,14.0,True,Miami,2024,False
HUL,94.825,27.0,2.0,32.021,36.868,25.936,213.0,181.0,284.0,324.0,False,HARD,15.0,True,Haas F1 Team,1,15.0,True,Miami,2024,False
HUL,93.618,33.0,3.0,32.069,35.827,25.722,216.0,188.0,288.0,326.0,False,MEDIUM,5.0,True,Haas F1 Team,1,16.0,True,Miami,2024,True
HUL,93.078,34.0,3.0,32.018,35.494,25.566,215.0,186.0,286.0,337.0,False,MEDIUM,6.0,True,Haas F1 Team,1,15.0,True,Miami,2024,False
HUL,93.115,35.0,3.0,32.005,35.376,25.734,216.0,187.0,288.0,329.0,False,MEDIUM,7.0,True,Haas F1 Team,1,15.0,True,Miami,2024,False
HUL,93.291,36.0,3.0,31.979,35.406,25.906,216.0,186.0,288.0,305.0,False,MEDIUM,8.0,True,Haas F1 Team,1,15.0,True,Miami,2024,False
HUL,92.894,37.0,3.0,31.74,35.463,25.691,213.0,186.0,288.0,316.0,True,MEDIUM,9.0,True,Haas F1 Team,1,15.0,True,Miami,2024,False
HUL,92.953,38.0,3.0,31.941,35.412,25.6,215.0,185.0,286.0,308.0,False,MEDIUM,10.0,True,Haas F1 Team,1,15.0,True,Miami,2024,False
HUL,93.092,39.0,3.0,31.846,35.708,25.538,215.0,186.0,289.0,335.0,False,MEDIUM,11.0,True,Haas F1 Team,1,15.0,True,Miami,2024,False
HUL,92.346,40.0,3.0,31.819,35.186,25.341,213.0,186.0,289.0,323.0,True,MEDIUM,12.0,True,Haas F1 Team,1,14.0,True,Miami,2024,False
HUL,92.637,41.0,3.0,31.505,35.39,25.742,216.0,186.0,280.0,318.0,False,MEDIUM,13.0,True,Haas F1 Team,1,12.0,True,Miami,2024,False
HUL,92.214,42.0,3.0,31.365,35.181,25.668,215.0,186.0,284.0,321.0,True,MEDIUM,14.0,True,Haas F1 Team,1,12.0,True,Miami,2024,False
HUL,92.638,43.0,3.0,31.416,35.543,25.679,216.0,186.0,281.0,319.0,False,MEDIUM,15.0,True,Haas F1 Team,1,12.0,True,Miami,2024,False
HUL,92.457,44.0,3.0,31.487,35.332,25.638,214.0,186.0,286.0,319.0,False,MEDIUM,16.0,True,Haas F1 Team,1,12.0,True,Miami,2024,False
HUL,92.474,45.0,3.0,31.426,35.452,25.596,214.0,186.0,286.0,333.0,False,MEDIUM,17.0,True,Haas F1 Team,1,12.0,True,Miami,2024,False
HUL,92.667,46.0,3.0,31.58,35.361,25.726,214.0,186.0,279.0,318.0,False,MEDIUM,18.0,True,Haas F1 Team,1,11.0,True,Miami,2024,False
HUL,92.184,47.0,3.0,31.191,35.239,25.754,216.0,185.0,282.0,319.0,True,MEDIUM,19.0,True,Haas F1 Team,1,11.0,True,Miami,2024,False
HUL,92.298,48.0,3.0,31.294,35.237,25.767,217.0,185.0,282.0,320.0,False,MEDIUM,20.0,True,Haas F1 Team,1,11.0,True,Miami,2024,False
HUL,92.474,49.0,3.0,31.34,35.419,25.715,213.0,186.0,282.0,319.0,False,MEDIUM,21.0,True,Haas F1 Team,1,11.0,True,Miami,2024,False
HUL,92.144,50.0,3.0,31.166,35.279,25.699,216.0,186.0,282.0,319.0,True,MEDIUM,22.0,True,Haas F1 Team,1,11.0,True,Miami,2024,False
HUL,92.044,51.0,3.0,31.115,35.306,25.623,216.0,186.0,283.0,319.0,True,MEDIUM,23.0,True,Haas F1 Team,1,11.0,True,Miami,2024,False
HUL,92.403,52.0,3.0,31.222,35.392,25.789,216.0,185.0,282.0,318.0,False,MEDIUM,24.0,True,Haas F1 Team,1,11.0,True,Miami,2024,False
HUL,92.534,53.0,3.0,31.106,35.714,25.714,215.0,185.0,282.0,318.0,False,MEDIUM,25.0,True,Haas F1 Team,1,11.0,True,Miami,2024,False
HUL,92.187,54.0,3.0,31.078,35.424,25.685,215.0,185.0,282.0,318.0,False,MEDIUM,26.0,True,Haas F1 Team,1,11.0,True,Miami,2024,False
HUL,92.045,55.0,3.0,31.068,35.276,25.701,213.0,186.0,282.0,318.0,False,MEDIUM,27.0,True,Haas F1 Team,1,11.0,True,Miami,2024,False
HUL,91.941,56.0,3.0,31.108,35.246,25.587,212.0,187.0,281.0,313.0,True,MEDIUM,28.0,True,Haas F1 Team,1,11.0,True,Miami,2024,False
HUL,92.187,57.0,3.0,31.216,35.232,25.739,216.0,186.0,238.0,329.0,False,MEDIUM,29.0,True,Haas F1 Team,1,11.0,True,Miami,2024,False
RIC,95.593,2.0,1.0,32.812,36.307,26.474,204.0,181.0,281.0,280.0,True,HARD,2.0,True,RB,1,20.0,True,Miami,2024,False
RIC,95.732,3.0,1.0,33.365,36.117,26.25,205.0,180.0,278.0,308.0,False,HARD,3.0,True,RB,1,20.0,True,Miami,2024,True
RIC,94.907,4.0,1.0,32.596,35.96,26.351,205.0,180.0,276.0,309.0,True,HARD,4.0,True,RB,1,20.0,True,Miami,2024,False
RIC,94.201,5.0,1.0,32.173,35.788,26.24,208.0,181.0,276.0,319.0,True,HARD,5.0,True,RB,1,20.0,True,Miami,2024,False
RIC,93.982,6.0,1.0,32.231,35.7,26.051,204.0,181.0,276.0,322.0,True,HARD,6.0,True,RB,1,20.0,True,Miami,2024,False
RIC,94.345,7.0,1.0,32.216,35.758,26.371,206.0,181.0,275.0,322.0,False,HARD,7.0,True,RB,1,20.0,True,Miami,2024,False
RIC,94.892,8.0,1.0,32.697,35.906,26.289,204.0,176.0,278.0,323.0,False,HARD,8.0,True,RB,1,20.0,True,Miami,2024,False
RIC,94.655,9.0,1.0,32.516,35.823,26.316,206.0,180.0,278.0,319.0,False,HARD,9.0,True,RB,1,20.0,True,Miami,2024,False
RIC,95.293,10.0,1.0,32.625,36.09,26.578,204.0,179.0,277.0,321.0,False,HARD,10.0,True,RB,1,20.0,True,Miami,2024,False
RIC,94.931,11.0,1.0,32.492,35.951,26.488,207.0,179.0,277.0,322.0,False,HARD,11.0,True,RB,1,18.0,True,Miami,2024,False
RIC,94.558,12.0,1.0,32.368,35.812,26.378,206.0,180.0,277.0,324.0,False,HARD,12.0,True,RB,1,16.0,True,Miami,2024,False
RIC,94.405,13.0,1.0,32.337,35.887,26.181,205.0,181.0,277.0,325.0,False,HARD,13.0,True,RB,1,14.0,True,Miami,2024,False
RIC,94.311,14.0,1.0,32.303,35.877,26.131,204.0,180.0,278.0,326.0,False,HARD,14.0,True,RB,1,14.0,True,Miami,2024,False
RIC,94.018,15.0,1.0,32.099,35.816,26.103,206.0,180.0,277.0,330.0,False,HARD,15.0,True,RB,1,14.0,True,Miami,2024,False
RIC,94.268,16.0,1.0,32.261,35.827,26.18,205.0,182.0,278.0,317.0,False,HARD,16.0,True,RB,1,14.0,True,Miami,2024,False
RIC,94.033,17.0,1.0,32.021,35.767,26.245,206.0,179.0,276.0,326.0,False,HARD,17.0,True,RB,1,14.0,True,Miami,2024,False
RIC,94.234,18.0,1.0,32.128,35.836,26.27,204.0,181.0,275.0,313.0,False,HARD,18.0,True,RB,1,14.0,True,Miami,2024,False
RIC,93.901,19.0,1.0,32.018,35.784,26.099,206.0,182.0,278.0,327.0,True,HARD,19.0,True,RB,1,14.0,True,Miami,2024,False
RIC,93.98,20.0,1.0,31.931,35.789,26.26,207.0,182.0,279.0,324.0,False,HARD,20.0,True,RB,1,14.0,True,Miami,2024,False
RIC,94.071,21.0,1.0,32.115,35.842,26.114,206.0,180.0,277.0,329.0,False,HARD,21.0,True,RB,1,14.0,True,Miami,2024,False
RIC,93.488,24.0,1.0,31.567,35.689,26.232,210.0,182.0,275.0,315.0,True,HARD,24.0,True,RB,1,11.0,True,Miami,2024,False
RIC,93.435,25.0,1.0,31.519,35.709,26.207,209.0,182.0,274.0,314.0,True,HARD,25.0,True,RB,1,10.0,True,Miami,2024,False
RIC,93.215,26.0,1.0,31.549,35.505,26.161,209.0,182.0,274.0,314.0,True,HARD,26.0,True,RB,1,10.0,True,Miami,2024,False
RIC,95.172,27.0,1.0,32.497,36.687,25.988,208.0,180.0,280.0,325.0,False,HARD,27.0,True,RB,1,11.0,True,Miami,2024,False
RIC,94.031,33.0,2.0,32.072,35.952,26.007,210.0,185.0,278.0,320.0,False,MEDIUM,10.0,False,RB,1,15.0,True,Miami,2024,True
RIC,93.89,34.0,2.0,32.633,35.507,25.75,211.0,184.0,280.0,336.0,False,MEDIUM,11.0,False,RB,1,16.0,True,Miami,2024,False
RIC,92.985,35.0,2.0,31.74,35.421,25.824,209.0,184.0,282.0,341.0,True,MEDIUM,12.0,False,RB,1,16.0,True,Miami,2024,False
RIC,93.25,36.0,2.0,31.823,35.409,26.018,212.0,183.0,283.0,320.0,False,MEDIUM,13.0,False,RB,1,16.0,True,Miami,2024,False
RIC,93.084,37.0,2.0,32.039,35.284,25.761,214.0,185.0,282.0,331.0,False,MEDIUM,14.0,False,RB,1,16.0,True,Miami,2024,False
RIC,92.881,38.0,2.0,31.636,35.506,25.739,211.0,184.0,281.0,336.0,True,MEDIUM,15.0,False,RB,1,16.0,True,Miami,2024,False
RIC,93.136,39.0,2.0,31.735,35.584,25.817,211.0,185.0,280.0,339.0,False,MEDIUM,16.0,False,RB,1,16.0,True,Miami,2024,False
RIC,93.462,40.0,2.0,32.372,35.213,25.877,209.0,185.0,280.0,326.0,False,MEDIUM,17.0,False,RB,1,16.0,True,Miami,2024,False
RIC,92.854,41.0,2.0,31.542,35.491,25.821,208.0,184.0,282.0,327.0,True,MEDIUM,18.0,False,RB,1,15.0,True,Miami,2024,False
RIC,92.68,42.0,2.0,31.477,35.365,25.838,210.0,184.0,282.0,343.0,True,MEDIUM,19.0,False,RB,1,15.0,True,Miami,2024,False
RIC,92.769,43.0,2.0,31.706,35.323,25.74,212.0,183.0,282.0,331.0,False,MEDIUM,20.0,False,RB,1,15.0,True,Miami,2024,False
RIC,92.957,44.0,2.0,31.571,35.656,25.73,213.0,184.0,283.0,331.0,False,MEDIUM,21.0,False,RB,1,15.0,True,Miami,2024,False
RIC,94.02,45.0,2.0,32.831,35.466,25.723,214.0,185.0,281.0,325.0,False,MEDIUM,22.0,False,RB,1,16.0,True,Miami,2024,True
RIC,92.845,46.0,2.0,31.362,35.568,25.915,209.0,184.0,278.0,318.0,False,MEDIUM,23.0,False,RB,1,16.0,True,Miami,2024,False
RIC,92.567,47.0,2.0,31.307,35.412,25.848,208.0,185.0,279.0,322.0,True,MEDIUM,24.0,False,RB,1,16.0,True,Miami,2024,False
RIC,93.013,48.0,2.0,31.742,35.503,25.768,213.0,185.0,284.0,331.0,False,MEDIUM,25.0,False,RB,1,16.0,True,Miami,2024,False
RIC,92.72,49.0,2.0,31.38,35.536,25.804,210.0,185.0,283.0,327.0,False,MEDIUM,26.0,False,RB,1,16.0,True,Miami,2024,False
RIC,93.033,50.0,2.0,31.478,35.482,26.073,209.0,184.0,281.0,332.0,False,MEDIUM,27.0,False,RB,1,16.0,True,Miami,2024,False
RIC,92.486,51.0,2.0,31.473,35.38,25.633,210.0,184.0,284.0,334.0,True,MEDIUM,28.0,False,RB,1,16.0,True,Miami,2024,False
RIC,93.717,52.0,2.0,32.464,35.616,25.637,211.0,184.0,283.0,335.0,False,MEDIUM,29.0,False,RB,1,16.0,True,Miami,2024,False
RIC,92.695,53.0,2.0,31.746,34.985,25.964,212.0,184.0,279.0,314.0,False,MEDIUM,30.0,False,RB,1,15.0,True,Miami,2024,False
RIC,92.735,54.0,2.0,31.08,35.342,26.313,209.0,186.0,284.0,334.0,False,MEDIUM,31.0,False,RB,1,16.0,True,Miami,2024,False
RIC,92.199,55.0,2.0,31.454,35.076,25.669,207.0,185.0,283.0,330.0,True,MEDIUM,32.0,False,RB,1,16.0,True,Miami,2024,False
RIC,92.414,56.0,2.0,31.321,35.264,25.829,204.0,185.0,278.0,320.0,False,MEDIUM,33.0,False,RB,1,16.0,True,Miami,2024,False
RIC,92.122,57.0,2.0,31.171,35.148,25.803,211.0,185.0,273.0,328.0,True,MEDIUM,34.0,False,RB,1,16.0,True,Miami,2024,False
OCO,95.438,2.0,1.0,32.593,36.325,26.52,211.0,181.0,279.0,291.0,True,MEDIUM,2.0,True,Alpine,1,15.0,True,Miami,2024,True
OCO,94.667,3.0,1.0,32.73,35.857,26.08,208.0,181.0,280.0,333.0,True,MEDIUM,3.0,True,Alpine,1,15.0,True,Miami,2024,False
OCO,94.013,4.0,1.0,32.369,35.587,26.057,208.0,182.0,281.0,297.0,True,MEDIUM,4.0,True,Alpine,1,15.0,True,Miami,2024,False
OCO,93.908,5.0,1.0,32.255,35.656,25.997,209.0,179.0,282.0,334.0,True,MEDIUM,5.0,True,Alpine,1,15.0,True,Miami,2024,False
OCO,94.44,6.0,1.0,32.562,35.852,26.026,210.0,181.0,281.0,314.0,False,MEDIUM,6.0,True,Alpine,1,15.0,True,Miami,2024,False
OCO,94.127,7.0,1.0,32.259,35.931,25.937,208.0,180.0,280.0,335.0,False,MEDIUM,7.0,True,Alpine,1,15.0,True,Miami,2024,False
OCO,94.49,8.0,1.0,32.613,35.929,25.948,209.0,180.0,281.0,337.0,False,MEDIUM,8.0,True,Alpine,1,15.0,True,Miami,2024,False
OCO,94.119,9.0,1.0,32.272,35.808,26.039,210.0,181.0,279.0,335.0,False,MEDIUM,9.0,True,Alpine,1,15.0,True,Miami,2024,False
OCO,94.356,10.0,1.0,32.355,35.906,26.095,208.0,180.0,278.0,334.0,False,MEDIUM,10.0,True,Alpine,1,14.0,True,Miami,2024,False
OCO,94.486,11.0,1.0,32.305,35.968,26.213,209.0,180.0,280.0,322.0,False,MEDIUM,11.0,True,Alpine,1,13.0,True,Miami,2024,False
OCO,93.984,12.0,1.0,32.223,35.821,25.94,206.0,181.0,273.0,344.0,False,MEDIUM,12.0,True,Alpine,1,10.0,True,Miami,2024,False
OCO,94.094,13.0,1.0,31.887,35.931,26.276,209.0,182.0,271.0,317.0,False,MEDIUM,13.0,True,Alpine,1,10.0,True,Miami,2024,False
OCO,94.067,14.0,1.0,31.929,35.873,26.265,209.0,182.0,274.0,315.0,False,MEDIUM,14.0,True,Alpine,1,10.0,True,Miami,2024,False
OCO,93.585,15.0,1.0,31.743,35.668,26.174,209.0,182.0,274.0,316.0,True,MEDIUM,15.0,True,Alpine,1,10.0,True,Miami,2024,False
OCO,93.545,16.0,1.0,31.711,35.672,26.162,210.0,181.0,275.0,316.0,True,MEDIUM,16.0,True,Alpine,1,10.0,True,Miami,2024,False
OCO,93.997,17.0,1.0,31.827,35.802,26.368,210.0,181.0,273.0,317.0,False,MEDIUM,17.0,True,Alpine,1,10.0,True,Miami,2024,False
OCO,93.89,18.0,1.0,31.797,35.865,26.228,209.0,182.0,275.0,315.0,False,MEDIUM,18.0,True,Alpine,1,9.0,True,Miami,2024,False
OCO,94.736,19.0,1.0,31.785,36.898,26.053,210.0,181.0,277.0,327.0,False,MEDIUM,19.0,True,Alpine,1,10.0,True,Miami,2024,False
OCO,94.069,20.0,1.0,32.061,35.779,26.229,209.0,183.0,275.0,316.0,False,MEDIUM,20.0,True,Alpine,1,10.0,True,Miami,2024,False
OCO,93.867,21.0,1.0,31.868,35.799,26.2,210.0,182.0,274.0,315.0,False,MEDIUM,21.0,True,Alpine,1,10.0,True,Miami,2024,False
OCO,93.041,24.0,2.0,31.979,35.032,26.03,216.0,183.0,271.0,315.0,True,HARD,2.0,True,Alpine,1,12.0,True,Miami,2024,False
OCO,92.918,25.0,2.0,31.386,35.508,26.024,215.0,183.0,271.0,315.0,True,HARD,3.0,True,Alpine,1,11.0,True,Miami,2024,False
OCO,94.048,26.0,2.0,32.421,35.567,26.06,212.0,183.0,272.0,318.0,False,HARD,4.0,True,Alpine,1,12.0,True,Miami,2024,False
OCO,93.17,27.0,2.0,31.61,35.636,25.924,213.0,183.0,275.0,323.0,False,HARD,5.0,True,Alpine,1,12.0,True,Miami,2024,False
OCO,94.811,33.0,2.0,32.518,36.262,26.031,214.0,184.0,273.0,322.0,False,HARD,11.0,True,Alpine,1,10.0,True,Miami,2024,True
OCO,92.734,34.0,2.0,31.672,35.399,25.663,215.0,184.0,280.0,338.0,True,HARD,12.0,True,Alpine,1,10.0,True,Miami,2024,False
OCO,92.445,35.0,2.0,31.406,35.22,25.819,213.0,184.0,281.0,329.0,True,HARD,13.0,True,Alpine,1,10.0,True,Miami,2024,False
OCO,92.348,36.0,2.0,31.348,35.306,25.694,214.0,185.0,282.0,331.0,True,HARD,14.0,True,Alpine,1,10.0,True,Miami,2024,False
OCO,92.61,37.0,2.0,31.429,35.283,25.898,215.0,184.0,278.0,318.0,False,HARD,15.0,True,Alpine,1,10.0,True,Miami,2024,False
OCO,92.392,38.0,2.0,31.269,35.218,25.905,215.0,184.0,278.0,318.0,False,HARD,16.0,True,Alpine,1,10.0,True,Miami,2024,False
OCO,92.521,39.0,2.0,31.197,35.359,25.965,213.0,184.0,278.0,318.0,False,HARD,17.0,True,Alpine,1,10.0,True,Miami,2024,False
OCO,92.581,40.0,2.0,31.26,35.403,25.918,211.0,185.0,276.0,317.0,False,HARD,18.0,True,Alpine,1,9.0,True,Miami,2024,False
OCO,92.575,41.0,2.0,31.158,35.376,26.041,215.0,184.0,275.0,316.0,False,HARD,19.0,True,Alpine,1,9.0,True,Miami,2024,False
OCO,92.311,42.0,2.0,31.094,35.344,25.873,215.0,185.0,276.0,317.0,True,HARD,20.0,True,Alpine,1,9.0,True,Miami,2024,False
OCO,92.28,43.0,2.0,31.128,35.246,25.906,215.0,185.0,275.0,318.0,True,HARD,21.0,True,Alpine,1,9.0,True,Miami,2024,False
OCO,92.483,44.0,2.0,31.245,35.255,25.983,215.0,184.0,281.0,317.0,False,HARD,22.0,True,Alpine,1,9.0,True,Miami,2024,False
OCO,93.348,45.0,2.0,31.327,35.958,26.063,212.0,185.0,278.0,323.0,False,HARD,23.0,True,Alpine,1,9.0,True,Miami,2024,False
OCO,93.497,46.0,2.0,31.67,35.775,26.052,215.0,185.0,275.0,314.0,False,HARD,24.0,True,Alpine,1,9.0,True,Miami,2024,False
OCO,93.316,47.0,2.0,31.248,35.85,26.218,214.0,185.0,279.0,319.0,False,HARD,25.0,True,Alpine,1,9.0,True,Miami,2024,False
OCO,93.946,48.0,2.0,31.509,36.453,25.984,214.0,184.0,280.0,326.0,False,HARD,26.0,True,Alpine,1,10.0,True,Miami,2024,False
OCO,92.831,49.0,2.0,31.378,35.502,25.951,213.0,185.0,279.0,317.0,False,HARD,27.0,True,Alpine,1,10.0,True,Miami,2024,False
OCO,92.185,50.0,2.0,30.927,35.324,25.934,215.0,185.0,280.0,317.0,True,HARD,28.0,True,Alpine,1,10.0,True,Miami,2024,False
OCO,92.037,51.0,2.0,30.829,35.36,25.848,215.0,184.0,281.0,320.0,True,HARD,29.0,True,Alpine,1,10.0,True,Miami,2024,False
OCO,92.104,52.0,2.0,31.023,35.215,25.866,214.0,185.0,279.0,319.0,False,HARD,30.0,True,Alpine,1,10.0,True,Miami,2024,False
OCO,92.205,53.0,2.0,30.896,35.373,25.936,215.0,185.0,280.0,320.0,False,HARD,31.0,True,Alpine,1,10.0,True,Miami,2024,False
OCO,92.267,54.0,2.0,30.863,35.454,25.95,213.0,184.0,278.0,318.0,False,HARD,32.0,True,Alpine,1,10.0,True,Miami,2024,False
OCO,92.146,55.0,2.0,30.942,35.345,25.859,215.0,185.0,278.0,315.0,False,HARD,33.0,True,Alpine,1,10.0,True,Miami,2024,False
OCO,92.136,56.0,2.0,30.969,35.325,25.842,216.0,185.0,276.0,316.0,False,HARD,34.0,True,Alpine,1,10.0,True,Miami,2024,False
OCO,92.467,57.0,2.0,31.245,35.296,25.926,216.0,184.0,276.0,316.0,False,HARD,35.0,True,Alpine,1,10.0,True,Miami,2024,False
NOR,94.199,2.0,1.0,32.214,35.711,26.274,211.0,185.0,274.0,305.0,True,MEDIUM,2.0,True,McLaren,1,6.0,True,Miami,2024,False
NOR,93.687,3.0,1.0,31.766,35.697,26.224,211.0,182.0,274.0,299.0,True,MEDIUM,3.0,True,McLaren,1,6.0,True,Miami,2024,False
NOR,93.674,4.0,1.0,31.834,35.786,26.054,211.0,183.0,276.0,305.0,True,MEDIUM,4.0,True,McLaren,1,6.0,True,Miami,2024,False
NOR,93.26,5.0,1.0,31.583,35.645,26.032,207.0,184.0,277.0,302.0,True,MEDIUM,5.0,True,McLaren,1,6.0,True,Miami,2024,False
NOR,93.172,6.0,1.0,31.622,35.555,25.995,209.0,182.0,275.0,308.0,True,MEDIUM,6.0,True,McLaren,1,6.0,True,Miami,2024,False
NOR,93.165,7.0,1.0,31.65,35.508,26.007,208.0,184.0,274.0,310.0,True,MEDIUM,7.0,True,McLaren,1,6.0,True,Miami,2024,False
NOR,92.999,8.0,1.0,31.604,35.428,25.967,210.0,183.0,274.0,309.0,True,MEDIUM,8.0,True,McLaren,1,6.0,True,Miami,2024,False
NOR,93.429,9.0,1.0,31.724,35.615,26.09,207.0,182.0,275.0,311.0,False,MEDIUM,9.0,True,McLaren,1,6.0,True,Miami,2024,False
NOR,93.23,10.0,1.0,31.754,35.549,25.927,206.0,183.0,275.0,318.0,False,MEDIUM,10.0,True,McLaren,1,6.0,True,Miami,2024,False
NOR,93.432,11.0,1.0,31.625,35.785,26.022,209.0,184.0,276.0,304.0,False,MEDIUM,11.0,True,McLaren,1,6.0,True,Miami,2024,False
NOR,93.427,12.0,1.0,31.757,35.641,26.029,206.0,183.0,274.0,314.0,False,MEDIUM,12.0,True,McLaren,1,6.0,True,Miami,2024,False
NOR,93.502,13.0,1.0,31.771,35.753,25.978,206.0,183.0,281.0,327.0,False,MEDIUM,13.0,True,McLaren,1,6.0,True,Miami,2024,False
NOR,93.764,14.0,1.0,31.893,35.884,25.987,208.0,183.0,279.0,310.0,False,MEDIUM,14.0,True,McLaren,1,6.0,True,Miami,2024,False
NOR,93.472,15.0,1.0,31.733,35.813,25.926,208.0,183.0,280.0,322.0,False,MEDIUM,15.0,True,McLaren,1,6.0,True,Miami,2024,False
NOR,93.191,16.0,1.0,31.564,35.686,25.941,209.0,183.0,280.0,318.0,False,MEDIUM,16.0,True,McLaren,1,6.0,True,Miami,2024,False
NOR,93.463,17.0,1.0,31.729,35.603,26.131,210.0,186.0,269.0,325.0,False,MEDIUM,17.0,True,McLaren,1,5.0,True,Miami,2024,False
NOR,93.15,18.0,1.0,31.495,35.607,26.048,209.0,184.0,275.0,310.0,False,MEDIUM,18.0,True,McLaren,1,5.0,True,Miami,2024,False
NOR,92.476,19.0,1.0,31.179,35.329,25.968,211.0,184.0,275.0,311.0,True,MEDIUM,19.0,True,McLaren,1,5.0,True,Miami,2024,False
NOR,92.421,20.0,1.0,31.208,35.278,25.935,209.0,183.0,276.0,309.0,True,MEDIUM,20.0,True,McLaren,1,4.0,True,Miami,2024,False
NOR,92.329,21.0,1.0,31.083,35.329,25.917,209.0,183.0,275.0,316.0,True,MEDIUM,21.0,True,McLaren,1,4.0,True,Miami,2024,False
NOR,92.517,22.0,1.0,31.138,35.452,25.927,208.0,182.0,277.0,313.0,False,MEDIUM,22.0,True,McLaren,1,4.0,True,Miami,2024,False
NOR,91.982,24.0,1.0,30.826,35.283,25.873,210.0,184.0,275.0,317.0,True,MEDIUM,24.0,True,McLaren,1,3.0,True,Miami,2024,False
NOR,92.171,25.0,1.0,31.017,35.257,25.897,211.0,184.0,275.0,314.0,False,MEDIUM,25.0,True,McLaren,1,3.0,True,Miami,2024,False
NOR,92.153,26.0,1.0,30.933,35.271,25.949,211.0,184.0,276.0,313.0,False,MEDIUM,26.0,True,McLaren,1,3.0,True,Miami,2024,False
NOR,92.162,27.0,1.0,31.064,35.253,25.845,208.0,184.0,275.0,319.0,False,MEDIUM,27.0,True,McLaren,1,1.0,True,Miami,2024,False
NOR,91.157,33.0,2.0,30.834,34.635,25.688,218.0,187.0,274.0,315.0,True,HARD,4.0,True,McLaren,1,1.0,True,Miami,2024,False
NOR,91.289,34.0,2.0,30.653,34.896,25.74,211.0,187.0,275.0,314.0,False,HARD,5.0,True,McLaren,1,1.0,True,Miami,2024,False
NOR,91.391,35.0,2.0,30.786,34.791,25.814,213.0,187.0,276.0,315.0,False,HARD,6.0,True,McLaren,1,1.0,True,Miami,2024,False
NOR,91.133,36.0,2.0,30.61,34.764,25.759,214.0,187.0,276.0,313.0,True,HARD,7.0,True,McLaren,1,1.0,True,Miami,2024,False
NOR,91.074,37.0,2.0,30.519,34.744,25.811,214.0,186.0,276.0,314.0,True,HARD,8.0,True,McLaren,1,1.0,True,Miami,2024,False
NOR,91.134,38.0,2.0,30.649,34.812,25.673,213.0,187.0,276.0,316.0,False,HARD,9.0,True,McLaren,1,1.0,True,Miami,2024,False
NOR,91.192,39.0,2.0,30.787,34.738,25.667,214.0,188.0,276.0,318.0,False,HARD,10.0,True,McLaren,1,1.0,True,Miami,2024,False
NOR,91.222,40.0,2.0,30.678,34.83,25.714,213.0,187.0,275.0,317.0,False,HARD,11.0,True,McLaren,1,1.0,True,Miami,2024,False
NOR,91.059,41.0,2.0,30.482,34.862,25.715,213.0,187.0,276.0,318.0,True,HARD,12.0,True,McLaren,1,1.0,True,Miami,2024,False
NOR,91.34,42.0,2.0,30.737,34.865,25.738,211.0,186.0,275.0,316.0,False,HARD,13.0,True,McLaren,1,1.0,True,Miami,2024,False
NOR,91.066,43.0,2.0,30.53,34.797,25.739,211.0,186.0,276.0,316.0,False,HARD,14.0,True,McLaren,1,1.0,True,Miami,2024,False
NOR,91.18,44.0,2.0,30.563,34.92,25.697,211.0,187.0,277.0,319.0,False,HARD,15.0,True,McLaren,1,1.0,True,Miami,2024,False
NOR,91.068,45.0,2.0,30.453,34.88,25.735,212.0,186.0,277.0,316.0,False,HARD,16.0,True,McLaren,1,1.0,True,Miami,2024,False
NOR,91.352,46.0,2.0,30.499,35.205,25.648,215.0,187.0,276.0,317.0,False,HARD,17.0,True,McLaren,1,1.0,True,Miami,2024,False
NOR,91.423,47.0,2.0,30.556,35.123,25.744,212.0,186.0,277.0,315.0,False,HARD,18.0,True,McLaren,1,1.0,True,Miami,2024,False
NOR,91.135,48.0,2.0,30.529,34.897,25.709,212.0,187.0,277.0,316.0,False,HARD,19.0,True,McLaren,1,1.0,True,Miami,2024,False
NOR,91.177,49.0,2.0,30.427,35.025,25.725,214.0,187.0,278.0,315.0,False,HARD,20.0,True,McLaren,1,1.0,True,Miami,2024,False
NOR,91.227,50.0,2.0,30.338,35.099,25.79,213.0,186.0,278.0,317.0,False,HARD,21.0,True,McLaren,1,1.0,True,Miami,2024,False
NOR,91.08,51.0,2.0,30.328,35.008,25.744,210.0,186.0,278.0,312.0,False,HARD,22.0,True,McLaren,1,1.0,True,Miami,2024,False
NOR,91.244,52.0,2.0,30.413,35.142,25.689,213.0,187.0,277.0,317.0,False,HARD,23.0,True,McLaren,1,1.0,True,Miami,2024,False
NOR,91.251,53.0,2.0,30.309,35.186,25.756,213.0,187.0,279.0,318.0,False,HARD,24.0,True,McLaren,1,1.0,True,Miami,2024,False
NOR,91.276,54.0,2.0,30.402,35.135,25.739,210.0,187.0,278.0,316.0,False,HARD,25.0,True,McLaren,1,1.0,True,Miami,2024,False
NOR,90.98,55.0,2.0,30.413,34.898,25.669,214.0,187.0,280.0,317.0,True,HARD,26.0,True,McLaren,1,1.0,True,Miami,2024,False
NOR,91.04,56.0,2.0,30.452,34.938,25.65,213.0,187.0,279.0,318.0,False,HARD,27.0,True,McLaren,1,1.0,True,Miami,2024,False
NOR,91.575,57.0,2.0,30.59,35.034,25.951,211.0,187.0,272.0,315.0,False,HARD,28.0,True,McLaren,1,1.0,True,Miami,2024,True
HAM,94.966,2.0,1.0,33.275,35.62,26.071,207.0,182.0,278.0,314.0,True,HARD,2.0,True,Mercedes,1,8.0,True,Miami,2024,False
HAM,94.031,3.0,1.0,32.04,35.912,26.079,206.0,183.0,278.0,310.0,True,HARD,3.0,True,Mercedes,1,8.0,True,Miami,2024,False
HAM,93.861,4.0,1.0,31.931,35.768,26.162,207.0,183.0,279.0,310.0,True,HARD,4.0,True,Mercedes,1,8.0,True,Miami,2024,False
HAM,93.666,5.0,1.0,31.703,35.868,26.095,207.0,181.0,280.0,321.0,True,HARD,5.0,True,Mercedes,1,8.0,True,Miami,2024,False
HAM,93.679,6.0,1.0,31.816,35.777,26.086,203.0,182.0,280.0,325.0,False,HARD,6.0,True,Mercedes,1,8.0,True,Miami,2024,False
HAM,94.466,7.0,1.0,31.729,35.544,27.193,208.0,181.0,278.0,311.0,False,HARD,7.0,True,Mercedes,1,8.0,True,Miami,2024,False
HAM,94.621,8.0,1.0,32.4,36.121,26.1,203.0,181.0,279.0,319.0,False,HARD,8.0,True,Mercedes,1,8.0,True,Miami,2024,False
HAM,94.024,9.0,1.0,32.167,35.749,26.108,204.0,182.0,280.0,329.0,False,HARD,9.0,True,Mercedes,1,8.0,True,Miami,2024,False
HAM,94.602,10.0,1.0,32.404,35.73,26.468,204.0,182.0,273.0,311.0,False,HARD,10.0,True,Mercedes,1,7.0,True,Miami,2024,False
HAM,94.372,11.0,1.0,31.995,36.047,26.33,210.0,182.0,274.0,309.0,False,HARD,11.0,True,Mercedes,1,7.0,True,Miami,2024,False
HAM,93.99,12.0,1.0,31.809,35.943,26.238,205.0,183.0,272.0,307.0,False,HARD,12.0,True,Mercedes,1,7.0,True,Miami,2024,False
HAM,93.871,13.0,1.0,31.751,35.869,26.251,208.0,182.0,274.0,314.0,False,HARD,13.0,True,Mercedes,1,7.0,True,Miami,2024,False
HAM,93.693,14.0,1.0,31.721,35.809,26.163,209.0,183.0,275.0,312.0,False,HARD,14.0,True,Mercedes,1,7.0,True,Miami,2024,False
HAM,93.344,15.0,1.0,31.424,35.685,26.235,207.0,182.0,275.0,309.0,True,HARD,15.0,True,Mercedes,1,7.0,True,Miami,2024,False
HAM,93.521,16.0,1.0,31.57,35.757,26.194,205.0,183.0,275.0,312.0,False,HARD,16.0,True,Mercedes,1,7.0,True,Miami,2024,False
HAM,93.602,17.0,1.0,31.505,35.655,26.442,209.0,183.0,273.0,313.0,False,HARD,17.0,True,Mercedes,1,7.0,True,Miami,2024,False
HAM,93.306,18.0,1.0,31.376,35.687,26.243,210.0,183.0,274.0,309.0,True,HARD,18.0,True,Mercedes,1,6.0,True,Miami,2024,False
HAM,93.333,19.0,1.0,31.405,35.772,26.156,211.0,183.0,275.0,313.0,False,HARD,19.0,True,Mercedes,1,6.0,True,Miami,2024,False
HAM,93.048,20.0,1.0,31.286,35.473,26.289,209.0,184.0,275.0,311.0,True,HARD,20.0,True,Mercedes,1,5.0,True,Miami,2024,False
HAM,94.185,21.0,1.0,31.411,36.438,26.336,211.0,178.0,276.0,312.0,False,HARD,21.0,True,Mercedes,1,6.0,True,Miami,2024,False
HAM,93.359,22.0,1.0,31.603,35.615,26.141,210.0,182.0,277.0,316.0,False,HARD,22.0,True,Mercedes,1,6.0,True,Miami,2024,False
HAM,92.852,24.0,1.0,31.336,35.461,26.055,208.0,184.0,275.0,317.0,True,HARD,24.0,True,Mercedes,1,6.0,True,Miami,2024,False
HAM,92.932,25.0,1.0,31.223,35.619,26.09,210.0,184.0,276.0,315.0,False,HARD,25.0,True,Mercedes,1,6.0,True,Miami,2024,False
HAM,99.049,26.0,1.0,31.331,36.536,31.182,211.0,182.0,278.0,316.0,False,HARD,26.0,True,Mercedes,1,7.0,False,Miami,2024,True
HAM,105.964,27.0,2.0,44.969,35.08,25.915,213.0,185.0,276.0,315.0,False,MEDIUM,4.0,False,Mercedes,1,9.0,False,Miami,2024,True
HAM,94.087,33.0,2.0,32.358,35.917,25.812,212.0,186.0,281.0,325.0,False,MEDIUM,10.0,False,Mercedes,1,8.0,True,Miami,2024,False
HAM,92.268,34.0,2.0,31.46,35.035,25.773,210.0,186.0,278.0,322.0,True,MEDIUM,11.0,False,Mercedes,1,7.0,True,Miami,2024,False
HAM,91.385,35.0,2.0,30.788,34.846,25.751,211.0,182.0,278.0,317.0,True,MEDIUM,12.0,False,Mercedes,1,7.0,True,Miami,2024,False
HAM,92.24,36.0,2.0,31.13,35.206,25.904,215.0,186.0,279.0,303.0,False,MEDIUM,13.0,False,Mercedes,1,7.0,True,Miami,2024,False
HAM,91.937,37.0,2.0,31.129,35.044,25.764,213.0,186.0,283.0,314.0,False,MEDIUM,14.0,False,Mercedes,1,7.0,True,Miami,2024,False
HAM,91.772,38.0,2.0,31.016,35.006,25.75,211.0,184.0,283.0,321.0,False,MEDIUM,15.0,False,Mercedes,1,7.0,True,Miami,2024,False
HAM,92.167,39.0,2.0,30.987,35.32,25.86,211.0,185.0,284.0,322.0,False,MEDIUM,16.0,False,Mercedes,1,7.0,True,Miami,2024,False
HAM,92.53,40.0,2.0,31.568,35.266,25.696,212.0,186.0,281.0,320.0,False,MEDIUM,17.0,False,Mercedes,1,6.0,True,Miami,2024,False
HAM,92.143,41.0,2.0,30.911,35.532,25.7,209.0,185.0,282.0,322.0,False,MEDIUM,18.0,False,Mercedes,1,6.0,True,Miami,2024,False
HAM,91.672,42.0,2.0,30.936,35.101,25.635,213.0,185.0,283.0,317.0,False,MEDIUM,19.0,False,Mercedes,1,6.0,True,Miami,2024,False
HAM,91.417,43.0,2.0,30.83,35.067,25.52,211.0,186.0,283.0,323.0,False,MEDIUM,20.0,False,Mercedes,1,6.0,True,Miami,2024,False
HAM,91.511,44.0,2.0,30.798,35.119,25.594,213.0,185.0,284.0,319.0,False,MEDIUM,21.0,False,Mercedes,1,6.0,True,Miami,2024,False
HAM,91.479,45.0,2.0,30.727,35.116,25.636,213.0,186.0,281.0,320.0,False,MEDIUM,22.0,False,Mercedes,1,6.0,True,Miami,2024,False
HAM,91.679,46.0,2.0,30.81,35.201,25.668,212.0,185.0,283.0,320.0,False,MEDIUM,23.0,False,Mercedes,1,6.0,True,Miami,2024,False
HAM,91.33,47.0,2.0,30.717,35.085,25.528,213.0,186.0,284.0,328.0,True,MEDIUM,24.0,False,Mercedes,1,6.0,True,Miami,2024,False
HAM,91.626,48.0,2.0,30.79,35.113,25.723,213.0,185.0,283.0,317.0,False,MEDIUM,25.0,False,Mercedes,1,6.0,True,Miami,2024,False
HAM,91.432,49.0,2.0,30.579,35.252,25.601,207.0,186.0,283.0,321.0,False,MEDIUM,26.0,False,Mercedes,1,6.0,True,Miami,2024,False
HAM,91.625,50.0,2.0,30.562,35.35,25.713,213.0,185.0,284.0,324.0,False,MEDIUM,27.0,False,Mercedes,1,6.0,True,Miami,2024,False
HAM,91.5,51.0,2.0,30.649,35.215,25.636,212.0,185.0,284.0,318.0,False,MEDIUM,28.0,False,Mercedes,1,6.0,True,Miami,2024,False
HAM,91.696,52.0,2.0,30.881,35.207,25.608,213.0,185.0,283.0,314.0,False,MEDIUM,29.0,False,Mercedes,1,6.0,True,Miami,2024,False
HAM,91.372,53.0,2.0,30.612,35.14,25.62,209.0,186.0,285.0,320.0,False,MEDIUM,30.0,False,Mercedes,1,6.0,True,Miami,2024,False
HAM,91.233,54.0,2.0,30.51,35.044,25.679,211.0,186.0,284.0,325.0,True,MEDIUM,31.0,False,Mercedes,1,6.0,True,Miami,2024,False
HAM,91.254,55.0,2.0,30.536,35.068,25.65,211.0,187.0,281.0,317.0,False,MEDIUM,32.0,False,Mercedes,1,6.0,True,Miami,2024,False
HAM,91.429,56.0,2.0,30.615,35.073,25.741,214.0,186.0,280.0,316.0,False,MEDIUM,33.0,False,Mercedes,1,6.0,True,Miami,2024,False
HAM,91.623,57.0,2.0,30.73,35.192,25.701,214.0,186.0,281.0,324.0,False,MEDIUM,34.0,False,Mercedes,1,6.0,True,Miami,2024,False
SAI,92.99,2.0,1.0,31.678,35.404,25.908,209.0,184.0,280.0,325.0,True,MEDIUM,2.0,True,Ferrari,1,4.0,True,Miami,2024,False
SAI,93.239,3.0,1.0,31.788,35.553,25.898,211.0,182.0,280.0,337.0,False,MEDIUM,3.0,True,Ferrari,1,4.0,True,Miami,2024,False
SAI,93.249,4.0,1.0,31.712,35.607,25.93,208.0,182.0,280.0,331.0,False,MEDIUM,4.0,True,Ferrari,1,4.0,True,Miami,2024,False
SAI,93.569,5.0,1.0,31.913,35.721,25.935,209.0,182.0,283.0,322.0,False,MEDIUM,5.0,True,Ferrari,1,4.0,True,Miami,2024,False
SAI,92.911,6.0,1.0,31.56,35.492,25.859,209.0,182.0,281.0,331.0,True,MEDIUM,6.0,True,Ferrari,1,4.0,True,Miami,2024,False
SAI,93.421,7.0,1.0,31.885,35.584,25.952,212.0,182.0,280.0,332.0,False,MEDIUM,7.0,True,Ferrari,1,4.0,True,Miami,2024,False
SAI,93.339,8.0,1.0,31.778,35.615,25.946,208.0,181.0,279.0,333.0,False,MEDIUM,8.0,True,Ferrari,1,4.0,True,Miami,2024,False
SAI,93.078,9.0,1.0,31.982,35.333,25.763,208.0,182.0,280.0,334.0,False,MEDIUM,9.0,True,Ferrari,1,4.0,True,Miami,2024,False
SAI,93.334,10.0,1.0,31.791,35.665,25.878,210.0,181.0,280.0,333.0,False,MEDIUM,10.0,True,Ferrari,1,4.0,True,Miami,2024,False
SAI,93.355,11.0,1.0,31.966,35.461,25.928,208.0,182.0,280.0,332.0,False,MEDIUM,11.0,True,Ferrari,1,4.0,True,Miami,2024,False
SAI,93.153,12.0,1.0,31.771,35.506,25.876,208.0,182.0,279.0,330.0,False,MEDIUM,12.0,True,Ferrari,1,4.0,True,Miami,2024,False
SAI,93.605,13.0,1.0,31.622,35.723,26.26,209.0,182.0,275.0,331.0,False,MEDIUM,13.0,True,Ferrari,1,4.0,True,Miami,2024,False
SAI,92.992,14.0,1.0,31.618,35.44,25.934,208.0,182.0,276.0,329.0,False,MEDIUM,14.0,True,Ferrari,1,4.0,True,Miami,2024,False
SAI,93.119,15.0,1.0,31.434,35.564,26.121,210.0,184.0,276.0,314.0,False,MEDIUM,15.0,True,Ferrari,1,4.0,True,Miami,2024,False
SAI,93.245,16.0,1.0,31.665,35.548,26.032,209.0,183.0,276.0,314.0,False,MEDIUM,16.0,True,Ferrari,1,4.0,True,Miami,2024,False
SAI,93.23,17.0,1.0,31.487,35.669,26.074,208.0,182.0,272.0,314.0,False,MEDIUM,17.0,True,Ferrari,1,4.0,True,Miami,2024,False
SAI,93.065,18.0,1.0,31.464,35.501,26.1,212.0,183.0,274.0,315.0,False,MEDIUM,18.0,True,Ferrari,1,4.0,True,Miami,2024,False
SAI,92.838,19.0,1.0,31.391,35.42,26.027,206.0,184.0,275.0,314.0,True,MEDIUM,19.0,True,Ferrari,1,3.0,True,Miami,2024,False
SAI,92.628,20.0,1.0,31.086,35.543,25.999,210.0,184.0,274.0,313.0,True,MEDIUM,20.0,True,Ferrari,1,3.0,True,Miami,2024,False
SAI,92.778,21.0,1.0,31.34,35.457,25.981,211.0,184.0,273.0,314.0,False,MEDIUM,21.0,True,Ferrari,1,3.0,True,Miami,2024,False
SAI,92.775,22.0,1.0,31.312,35.44,26.023,209.0,184.0,276.0,313.0,False,MEDIUM,22.0,True,Ferrari,1,3.0,True,Miami,2024,False
SAI,92.64,24.0,1.0,31.24,35.346,26.054,212.0,185.0,274.0,311.0,False,MEDIUM,24.0,True,Ferrari,1,2.0,True,Miami,2024,False
SAI,92.455,25.0,1.0,31.061,35.433,25.961,210.0,186.0,274.0,313.0,True,MEDIUM,25.0,True,Ferrari,1,2.0,True,Miami,2024,False
SAI,92.573,26.0,1.0,31.168,35.372,26.033,213.0,185.0,275.0,313.0,False,MEDIUM,26.0,True,Ferrari,1,2.0,True,Miami,2024,False
SAI,97.282,27.0,1.0,31.087,35.237,30.958,209.0,185.0,278.0,320.0,False,MEDIUM,27.0,True,Ferrari,1,3.0,False,Miami,2024,True
SAI,93.197,33.0,2.0,32.03,35.338,25.829,213.0,186.0,279.0,314.0,False,HARD,6.0,True,Ferrari,1,5.0,True,Miami,2024,True
SAI,92.109,34.0,2.0,31.166,35.419,25.524,213.0,185.0,282.0,331.0,False,HARD,7.0,True,Ferrari,1,5.0,True,Miami,2024,False
SAI,91.423,35.0,2.0,30.94,34.79,25.693,211.0,186.0,283.0,330.0,True,HARD,8.0,True,Ferrari,1,5.0,True,Miami,2024,False
SAI,92.105,36.0,2.0,30.864,35.547,25.694,212.0,186.0,283.0,329.0,False,HARD,9.0,True,Ferrari,1,5.0,True,Miami,2024,False
SAI,92.315,37.0,2.0,31.775,34.803,25.737,210.0,186.0,283.0,329.0,False,HARD,10.0,True,Ferrari,1,5.0,True,Miami,2024,False
SAI,91.366,38.0,2.0,31.051,34.705,25.61,212.0,184.0,284.0,330.0,True,HARD,11.0,True,Ferrari,1,5.0,True,Miami,2024,False
SAI,92.198,39.0,2.0,31.004,35.175,26.019,214.0,185.0,276.0,344.0,False,HARD,12.0,True,Ferrari,1,4.0,True,Miami,2024,False
SAI,92.455,40.0,2.0,31.577,35.058,25.82,213.0,184.0,276.0,311.0,False,HARD,13.0,True,Ferrari,1,4.0,True,Miami,2024,False
SAI,92.006,41.0,2.0,30.761,35.329,25.916,216.0,186.0,275.0,310.0,False,HARD,14.0,True,Ferrari,1,4.0,True,Miami,2024,False
SAI,91.581,42.0,2.0,30.772,34.914,25.895,215.0,186.0,277.0,311.0,False,HARD,15.0,True,Ferrari,1,4.0,True,Miami,2024,False
SAI,91.052,43.0,2.0,30.556,34.672,25.824,214.0,186.0,276.0,312.0,True,HARD,16.0,True,Ferrari,1,4.0,True,Miami,2024,False
SAI,91.362,44.0,2.0,30.529,34.996,25.837,213.0,185.0,276.0,309.0,False,HARD,17.0,True,Ferrari,1,4.0,True,Miami,2024,False
SAI,91.501,45.0,2.0,30.65,35.041,25.81,213.0,186.0,275.0,308.0,False,HARD,18.0,True,Ferrari,1,4.0,True,Miami,2024,False
SAI,91.348,46.0,2.0,30.513,35.07,25.765,214.0,186.0,276.0,309.0,False,HARD,19.0,True,Ferrari,1,4.0,True,Miami,2024,False
SAI,91.523,47.0,2.0,30.635,35.102,25.786,214.0,186.0,277.0,312.0,False,HARD,20.0,True,Ferrari,1,4.0,True,Miami,2024,False
SAI,91.392,48.0,2.0,30.722,34.88,25.79,213.0,187.0,277.0,311.0,False,HARD,21.0,True,Ferrari,1,4.0,True,Miami,2024,False
SAI,91.415,49.0,2.0,30.516,35.18,25.719,211.0,186.0,278.0,311.0,False,HARD,22.0,True,Ferrari,1,4.0,True,Miami,2024,False
SAI,91.546,50.0,2.0,30.318,35.095,26.133,211.0,185.0,277.0,315.0,False,HARD,23.0,True,Ferrari,1,4.0,True,Miami,2024,False
SAI,91.039,51.0,2.0,30.511,34.806,25.722,213.0,186.0,279.0,315.0,True,HARD,24.0,True,Ferrari,1,4.0,True,Miami,2024,False
SAI,91.363,52.0,2.0,30.554,35.048,25.761,213.0,186.0,278.0,312.0,False,HARD,25.0,True,Ferrari,1,4.0,True,Miami,2024,False
SAI,91.567,53.0,2.0,30.472,35.245,25.85,211.0,185.0,279.0,315.0,False,HARD,26.0,True,Ferrari,1,4.0,True,Miami,2024,False
SAI,91.325,54.0,2.0,30.429,35.075,25.821,212.0,186.0,279.0,315.0,False,HARD,27.0,True,Ferrari,1,4.0,True,Miami,2024,False
SAI,90.928,55.0,2.0,30.417,34.86,25.651,214.0,186.0,280.0,318.0,True,HARD,28.0,True,Ferrari,1,4.0,True,Miami,2024,False
SAI,91.062,56.0,2.0,30.624,34.782,25.656,213.0,186.0,279.0,319.0,False,HARD,29.0,True,Ferrari,1,4.0,True,Miami,2024,False
SAI,91.1,57.0,2.0,30.573,34.833,25.694,212.0,186.0,279.0,317.0,False,HARD,30.0,True,Ferrari,1,4.0,True,Miami,2024,False
RUS,94.395,2.0,1.0,32.558,35.728,26.109,211.0,184.0,280.0,315.0,True,MEDIUM,5.0,False,Mercedes,1,10.0,True,Miami,2024,False
RUS,94.095,3.0,1.0,32.323,35.748,26.024,211.0,184.0,281.0,321.0,True,MEDIUM,6.0,False,Mercedes,1,10.0,True,Miami,2024,False
RUS,94.125,4.0,1.0,32.253,35.803,26.069,211.0,183.0,281.0,334.0,False,MEDIUM,7.0,False,Mercedes,1,10.0,True,Miami,2024,False
RUS,93.932,5.0,1.0,31.895,36.05,25.987,209.0,183.0,277.0,325.0,True,MEDIUM,8.0,False,Mercedes,1,9.0,True,Miami,2024,False
RUS,93.636,6.0,1.0,31.791,35.82,26.025,211.0,183.0,276.0,322.0,True,MEDIUM,9.0,False,Mercedes,1,9.0,True,Miami,2024,False
RUS,93.936,7.0,1.0,31.869,35.849,26.218,210.0,181.0,275.0,325.0,False,MEDIUM,10.0,False,Mercedes,1,9.0,True,Miami,2024,False
RUS,93.819,8.0,1.0,32.047,35.887,25.885,207.0,183.0,282.0,333.0,False,MEDIUM,11.0,False,Mercedes,1,9.0,True,Miami,2024,False
RUS,94.359,9.0,1.0,32.498,35.771,26.09,209.0,183.0,279.0,332.0,False,MEDIUM,12.0,False,Mercedes,1,9.0,True,Miami,2024,False
RUS,94.785,10.0,1.0,32.439,36.205,26.141,207.0,184.0,281.0,325.0,False,MEDIUM,13.0,False,Mercedes,1,9.0,True,Miami,2024,False
RUS,94.805,11.0,1.0,32.62,36.151,26.034,209.0,182.0,281.0,323.0,False,MEDIUM,14.0,False,Mercedes,1,9.0,True,Miami,2024,False
RUS,94.392,12.0,1.0,32.489,35.757,26.146,207.0,182.0,273.0,316.0,False,MEDIUM,15.0,False,Mercedes,1,8.0,True,Miami,2024,False
RUS,94.041,13.0,1.0,31.992,35.903,26.146,210.0,182.0,274.0,315.0,False,MEDIUM,16.0,False,Mercedes,1,8.0,True,Miami,2024,False
RUS,93.593,14.0,1.0,31.761,35.753,26.079,208.0,181.0,275.0,320.0,True,MEDIUM,17.0,False,Mercedes,1,8.0,True,Miami,2024,False
RUS,93.389,15.0,1.0,31.672,35.671,26.046,207.0,182.0,275.0,320.0,True,MEDIUM,18.0,False,Mercedes,1,8.0,True,Miami,2024,False
RUS,93.423,16.0,1.0,31.716,35.657,26.05,206.0,182.0,275.0,321.0,False,MEDIUM,19.0,False,Mercedes,1,8.0,True,Miami,2024,False
RUS,93.607,17.0,1.0,31.649,35.705,26.253,209.0,182.0,273.0,319.0,False,MEDIUM,20.0,False,Mercedes,1,8.0,True,Miami,2024,False
RUS,93.705,18.0,1.0,31.733,35.838,26.134,210.0,182.0,275.0,316.0,False,MEDIUM,21.0,False,Mercedes,1,7.0,True,Miami,2024,False
RUS,93.562,19.0,1.0,31.706,35.794,26.062,209.0,183.0,275.0,319.0,False,MEDIUM,22.0,False,Mercedes,1,7.0,True,Miami,2024,False
RUS,93.811,20.0,1.0,31.848,35.841,26.122,208.0,183.0,276.0,316.0,False,MEDIUM,23.0,False,Mercedes,1,7.0,True,Miami,2024,False
RUS,93.713,21.0,1.0,31.685,35.89,26.138,209.0,182.0,275.0,314.0,False,MEDIUM,24.0,False,Mercedes,1,7.0,True,Miami,2024,False
RUS,98.07,24.0,1.0,31.464,35.701,30.905,209.0,183.0,278.0,322.0,False,MEDIUM,27.0,False,Mercedes,1,9.0,False,Miami,2024,True
RUS,107.438,25.0,2.0,46.478,35.169,25.791,210.0,186.0,282.0,326.0,False,HARD,1.0,True,Mercedes,1,12.0,False,Miami,2024,True
RUS,92.358,26.0,2.0,31.162,35.286,25.91,213.0,185.0,276.0,320.0,True,HARD,2.0,True,Mercedes,1,11.0,True,Miami,2024,False
RUS,92.595,27.0,2.0,31.33,35.282,25.983,208.0,184.0,276.0,325.0,False,HARD,3.0,True,Mercedes,1,10.0,True,Miami,2024,False
RUS,94.455,33.0,2.0,32.419,36.066,25.97,211.0,185.0,278.0,324.0,False,HARD,9.0,True,Mercedes,1,9.0,True,Miami,2024,False
RUS,92.762,34.0,2.0,31.534,35.531,25.697,212.0,184.0,283.0,338.0,False,HARD,10.0,True,Mercedes,1,9.0,True,Miami,2024,False
RUS,92.277,35.0,2.0,31.24,35.286,25.751,210.0,185.0,282.0,334.0,True,HARD,11.0,True,Mercedes,1,9.0,True,Miami,2024,False
RUS,92.345,36.0,2.0,31.262,35.308,25.775,209.0,185.0,283.0,332.0,False,HARD,12.0,True,Mercedes,1,9.0,True,Miami,2024,False
RUS,92.275,37.0,2.0,31.312,35.166,25.797,211.0,185.0,283.0,326.0,True,HARD,13.0,True,Mercedes,1,9.0,True,Miami,2024,False
RUS,92.291,38.0,2.0,31.124,35.339,25.828,210.0,184.0,278.0,323.0,False,HARD,14.0,True,Mercedes,1,9.0,True,Miami,2024,False
RUS,92.248,39.0,2.0,31.101,35.319,25.828,213.0,184.0,276.0,325.0,True,HARD,15.0,True,Mercedes,1,9.0,True,Miami,2024,False
RUS,92.277,40.0,2.0,31.085,35.386,25.806,210.0,185.0,277.0,327.0,False,HARD,16.0,True,Mercedes,1,8.0,True,Miami,2024,False
RUS,92.648,41.0,2.0,31.283,35.514,25.851,209.0,184.0,277.0,323.0,False,HARD,17.0,True,Mercedes,1,8.0,True,Miami,2024,False
RUS,92.167,42.0,2.0,31.105,35.202,25.86,215.0,184.0,279.0,321.0,True,HARD,18.0,True,Mercedes,1,8.0,True,Miami,2024,False
RUS,91.921,43.0,2.0,30.917,35.208,25.796,211.0,184.0,278.0,324.0,True,HARD,19.0,True,Mercedes,1,8.0,True,Miami,2024,False
RUS,93.698,44.0,2.0,30.996,35.169,27.533,213.0,184.0,279.0,325.0,False,HARD,20.0,True,Mercedes,1,8.0,True,Miami,2024,False
RUS,92.131,45.0,2.0,31.004,35.27,25.857,213.0,184.0,276.0,313.0,False,HARD,21.0,True,Mercedes,1,8.0,True,Miami,2024,False
RUS,92.304,46.0,2.0,31.005,35.384,25.915,209.0,185.0,277.0,321.0,False,HARD,22.0,True,Mercedes,1,8.0,True,Miami,2024,False
RUS,92.198,47.0,2.0,31.075,35.327,25.796,212.0,185.0,278.0,321.0,False,HARD,23.0,True,Mercedes,1,8.0,True,Miami,2024,False
RUS,92.175,48.0,2.0,30.996,35.298,25.881,216.0,184.0,278.0,319.0,False,HARD,24.0,True,Mercedes,1,8.0,True,Miami,2024,False
RUS,92.12,49.0,2.0,30.795,35.55,25.775,210.0,185.0,278.0,322.0,False,HARD,25.0,True,Mercedes,1,8.0,True,Miami,2024,False
RUS,92.438,50.0,2.0,30.77,35.535,26.133,213.0,185.0,277.0,321.0,False,HARD,26.0,True,Mercedes,1,8.0,True,Miami,2024,False
RUS,92.053,51.0,2.0,30.743,35.438,25.872,214.0,185.0,279.0,315.0,False,HARD,27.0,True,Mercedes,1,8.0,True,Miami,2024,False
RUS,92.185,52.0,2.0,30.925,35.391,25.869,214.0,185.0,277.0,320.0,False,HARD,28.0,True,Mercedes,1,8.0,True,Miami,2024,False
RUS,93.394,53.0,2.0,30.946,36.496,25.952,212.0,185.0,278.0,320.0,False,HARD,29.0,True,Mercedes,1,8.0,True,Miami,2024,False
RUS,92.537,54.0,2.0,30.907,35.605,26.025,214.0,186.0,278.0,322.0,False,HARD,30.0,True,Mercedes,1,8.0,True,Miami,2024,False
RUS,92.03,55.0,2.0,30.723,35.397,25.91,213.0,186.0,278.0,320.0,False,HARD,31.0,True,Mercedes,1,8.0,True,Miami,2024,False
RUS,92.379,56.0,2.0,30.804,35.509,26.066,213.0,184.0,276.0,322.0,False,HARD,32.0,True,Mercedes,1,8.0,True,Miami,2024,False
RUS,92.739,57.0,2.0,30.984,35.698,26.057,213.0,185.0,278.0,320.0,False,HARD,33.0,True,Mercedes,1,8.0,True,Miami,2024,False
BOT,95.803,2.0,1.0,32.961,36.51,26.332,213.0,187.0,280.0,286.0,True,SOFT,2.0,True,Kick Sauber,1,18.0,True,Miami,2024,False
BOT,94.634,3.0,1.0,32.69,35.905,26.039,202.0,184.0,279.0,316.0,True,SOFT,3.0,True,Kick Sauber,1,18.0,True,Miami,2024,False
BOT,94.397,4.0,1.0,32.358,36.041,25.998,208.0,184.0,280.0,331.0,True,SOFT,4.0,True,Kick Sauber,1,18.0,True,Miami,2024,False
BOT,93.828,5.0,1.0,32.038,35.828,25.962,209.0,183.0,283.0,326.0,True,SOFT,5.0,True,Kick Sauber,1,18.0,True,Miami,2024,False
BOT,94.373,6.0,1.0,32.365,35.942,26.066,210.0,184.0,279.0,324.0,False,SOFT,6.0,True,Kick Sauber,1,18.0,True,Miami,2024,False
BOT,94.395,7.0,1.0,32.286,35.897,26.212,211.0,183.0,279.0,319.0,False,SOFT,7.0,True,Kick Sauber,1,18.0,True,Miami,2024,False
BOT,94.754,8.0,1.0,32.385,36.057,26.312,208.0,183.0,277.0,330.0,False,SOFT,8.0,True,Kick Sauber,1,18.0,True,Miami,2024,False
BOT,94.597,9.0,1.0,32.448,35.905,26.244,212.0,183.0,277.0,315.0,False,SOFT,9.0,True,Kick Sauber,1,18.0,True,Miami,2024,False
BOT,94.726,10.0,1.0,32.429,36.014,26.283,210.0,184.0,276.0,316.0,False,SOFT,10.0,True,Kick Sauber,1,17.0,True,Miami,2024,False
BOT,99.656,11.0,1.0,32.257,36.122,31.277,211.0,182.0,278.0,319.0,False,SOFT,11.0,True,Kick Sauber,1,19.0,False,Miami,2024,True
BOT,109.559,12.0,2.0,47.772,35.654,26.133,214.0,185.0,274.0,311.0,False,HARD,1.0,True,Kick Sauber,1,20.0,False,Miami,2024,True
BOT,93.803,13.0,2.0,31.689,35.96,26.154,211.0,185.0,274.0,315.0,True,HARD,2.0,True,Kick Sauber,1,20.0,True,Miami,2024,False
BOT,93.594,14.0,2.0,31.642,35.777,26.175,211.0,185.0,275.0,312.0,True,HARD,3.0,True,Kick Sauber,1,20.0,True,Miami,2024,False
BOT,93.615,15.0,2.0,31.776,35.683,26.156,211.0,184.0,275.0,315.0,False,HARD,4.0,True,Kick Sauber,1,20.0,True,Miami,2024,False
BOT,93.896,16.0,2.0,31.819,35.899,26.178,211.0,184.0,276.0,312.0,False,HARD,5.0,True,Kick Sauber,1,20.0,True,Miami,2024,False
BOT,93.65,17.0,2.0,31.551,35.812,26.287,213.0,184.0,273.0,318.0,False,HARD,6.0,True,Kick Sauber,1,20.0,True,Miami,2024,False
BOT,94.056,18.0,2.0,31.946,35.876,26.234,211.0,183.0,276.0,311.0,False,HARD,7.0,True,Kick Sauber,1,20.0,True,Miami,2024,False
BOT,93.757,19.0,2.0,31.762,35.883,26.112,209.0,183.0,276.0,313.0,False,HARD,8.0,True,Kick Sauber,1,20.0,True,Miami,2024,False
BOT,94.152,20.0,2.0,31.754,36.095,26.303,208.0,183.0,276.0,310.0,False,HARD,9.0,True,Kick Sauber,1,20.0,True,Miami,2024,False
BOT,94.199,21.0,2.0,31.756,36.262,26.181,212.0,184.0,275.0,312.0,False,HARD,10.0,True,Kick Sauber,1,20.0,True,Miami,2024,False
BOT,93.747,24.0,2.0,31.842,35.75,26.155,211.0,185.0,277.0,316.0,False,HARD,13.0,True,Kick Sauber,1,20.0,True,Miami,2024,False
BOT,93.4,25.0,2.0,31.504,35.731,26.165,210.0,185.0,277.0,313.0,True,HARD,14.0,True,Kick Sauber,1,20.0,True,Miami,2024,False
BOT,93.786,26.0,2.0,31.771,35.843,26.172,211.0,184.0,277.0,311.0,False,HARD,15.0,True,Kick Sauber,1,20.0,True,Miami,2024,False
BOT,93.561,27.0,2.0,31.646,35.783,26.132,212.0,184.0,278.0,315.0,False,HARD,16.0,True,Kick Sauber,1,20.0,True,Miami,2024,False
BOT,93.009,33.0,3.0,31.456,35.516,26.037,214.0,186.0,278.0,324.0,True,MEDIUM,4.0,True,Kick Sauber,1,18.0,True,Miami,2024,False
BOT,93.392,34.0,3.0,31.762,35.739,25.891,213.0,186.0,280.0,321.0,False,MEDIUM,5.0,True,Kick Sauber,1,18.0,True,Miami,2024,False
BOT,92.922,35.0,3.0,31.414,35.549,25.959,212.0,186.0,280.0,323.0,True,MEDIUM,6.0,True,Kick Sauber,1,18.0,True,Miami,2024,False
BOT,93.229,36.0,3.0,31.805,35.529,25.895,212.0,187.0,281.0,320.0,False,MEDIUM,7.0,True,Kick Sauber,1,18.0,True,Miami,2024,False
BOT,92.95,37.0,3.0,31.685,35.438,25.827,213.0,186.0,280.0,323.0,False,MEDIUM,8.0,True,Kick Sauber,1,18.0,True,Miami,2024,False
BOT,93.007,38.0,3.0,31.608,35.504,25.895,214.0,187.0,280.0,322.0,False,MEDIUM,9.0,True,Kick Sauber,1,18.0,True,Miami,2024,False
BOT,93.012,39.0,3.0,31.556,35.503,25.953,214.0,186.0,278.0,320.0,False,MEDIUM,10.0,True,Kick Sauber,1,18.0,True,Miami,2024,False
BOT,93.527,40.0,3.0,32.107,35.603,25.817,215.0,186.0,283.0,326.0,False,MEDIUM,11.0,True,Kick Sauber,1,18.0,True,Miami,2024,False
BOT,93.044,41.0,3.0,31.377,35.636,26.031,214.0,187.0,280.0,319.0,False,MEDIUM,12.0,True,Kick Sauber,1,17.0,True,Miami,2024,False
BOT,92.858,42.0,3.0,31.359,35.548,25.951,213.0,187.0,280.0,318.0,True,MEDIUM,13.0,True,Kick Sauber,1,17.0,True,Miami,2024,False
BOT,92.748,43.0,3.0,31.351,35.536,25.861,216.0,187.0,280.0,318.0,True,MEDIUM,14.0,True,Kick Sauber,1,17.0,True,Miami,2024,False
BOT,92.947,44.0,3.0,31.39,35.636,25.921,208.0,186.0,282.0,317.0,False,MEDIUM,15.0,True,Kick Sauber,1,17.0,True,Miami,2024,False
BOT,93.026,45.0,3.0,31.481,35.69,25.855,214.0,187.0,278.0,321.0,False,MEDIUM,16.0,True,Kick Sauber,1,17.0,True,Miami,2024,False
BOT,92.908,46.0,3.0,31.526,35.478,25.904,211.0,186.0,280.0,320.0,False,MEDIUM,17.0,True,Kick Sauber,1,17.0,True,Miami,2024,False
BOT,92.888,47.0,3.0,31.316,35.658,25.914,209.0,186.0,281.0,319.0,False,MEDIUM,18.0,True,Kick Sauber,1,17.0,True,Miami,2024,False
BOT,93.421,48.0,3.0,31.401,36.349,25.671,213.0,185.0,284.0,329.0,False,MEDIUM,19.0,True,Kick Sauber,1,18.0,True,Miami,2024,False
BOT,93.186,49.0,3.0,31.648,35.619,25.919,213.0,187.0,280.0,319.0,False,MEDIUM,20.0,True,Kick Sauber,1,18.0,True,Miami,2024,False
BOT,92.46,50.0,3.0,31.158,35.369,25.933,214.0,187.0,282.0,318.0,True,MEDIUM,21.0,True,Kick Sauber,1,18.0,True,Miami,2024,False
BOT,92.666,51.0,3.0,31.268,35.468,25.93,213.0,186.0,283.0,321.0,False,MEDIUM,22.0,True,Kick Sauber,1,18.0,True,Miami,2024,False
BOT,92.605,52.0,3.0,31.41,35.542,25.653,210.0,186.0,287.0,326.0,False,MEDIUM,23.0,True,Kick Sauber,1,18.0,True,Miami,2024,False
BOT,92.853,53.0,3.0,31.584,35.488,25.781,211.0,186.0,286.0,328.0,False,MEDIUM,24.0,True,Kick Sauber,1,17.0,True,Miami,2024,False
BOT,92.326,54.0,3.0,31.247,35.276,25.803,210.0,186.0,282.0,333.0,True,MEDIUM,25.0,True,Kick Sauber,1,17.0,True,Miami,2024,False
BOT,92.098,55.0,3.0,31.325,35.176,25.597,213.0,186.0,287.0,337.0,True,MEDIUM,26.0,True,Kick Sauber,1,17.0,True,Miami,2024,True
BOT,92.437,56.0,3.0,31.181,35.497,25.759,214.0,187.0,284.0,332.0,False,MEDIUM,27.0,True,Kick Sauber,1,17.0,True,Miami,2024,False
BOT,92.619,57.0,3.0,31.371,35.641,25.607,210.0,187.0,283.0,333.0,False,MEDIUM,28.0,True,Kick Sauber,1,17.0,True,Miami,2024,False
PIA,92.827,2.0,1.0,31.39,35.45,25.987,211.0,185.0,278.0,319.0,True,MEDIUM,2.0,True,McLaren,1,3.0,True,Miami,2024,False
PIA,93.063,3.0,1.0,31.681,35.488,25.894,210.0,185.0,279.0,323.0,False,MEDIUM,3.0,True,McLaren,1,3.0,True,Miami,2024,False
PIA,93.119,4.0,1.0,31.769,35.564,25.786,209.0,185.0,274.0,328.0,False,MEDIUM,4.0,True,McLaren,1,2.0,True,Miami,2024,False
PIA,93.321,5.0,1.0,31.562,35.549,26.21,210.0,184.0,274.0,306.0,False,MEDIUM,5.0,True,McLaren,1,2.0,True,Miami,2024,False
PIA,92.878,6.0,1.0,31.305,35.473,26.1,208.0,184.0,274.0,310.0,False,MEDIUM,6.0,True,McLaren,1,2.0,True,Miami,2024,False
PIA,93.355,7.0,1.0,31.58,35.566,26.209,212.0,184.0,272.0,312.0,False,MEDIUM,7.0,True,McLaren,1,2.0,True,Miami,2024,False
PIA,93.067,8.0,1.0,31.606,35.402,26.059,207.0,183.0,272.0,315.0,False,MEDIUM,8.0,True,McLaren,1,2.0,True,Miami,2024,False
PIA,93.092,9.0,1.0,31.727,35.312,26.053,209.0,183.0,272.0,317.0,False,MEDIUM,9.0,True,McLaren,1,2.0,True,Miami,2024,False
PIA,93.592,10.0,1.0,31.799,35.626,26.167,211.0,183.0,272.0,316.0,False,MEDIUM,10.0,True,McLaren,1,2.0,True,Miami,2024,False
PIA,93.262,11.0,1.0,31.478,35.619,26.165,212.0,184.0,274.0,316.0,False,MEDIUM,11.0,True,McLaren,1,2.0,True,Miami,2024,False
PIA,93.083,12.0,1.0,31.522,35.448,26.113,211.0,184.0,273.0,315.0,False,MEDIUM,12.0,True,McLaren,1,2.0,True,Miami,2024,False
PIA,93.162,13.0,1.0,31.56,35.52,26.082,209.0,184.0,274.0,317.0,False,MEDIUM,13.0,True,McLaren,1,2.0,True,Miami,2024,False
PIA,93.183,14.0,1.0,31.586,35.508,26.089,208.0,184.0,274.0,316.0,False,MEDIUM,14.0,True,McLaren,1,2.0,True,Miami,2024,False
PIA,92.767,15.0,1.0,31.299,35.349,26.119,210.0,184.0,274.0,317.0,True,MEDIUM,15.0,True,McLaren,1,2.0,True,Miami,2024,False
PIA,92.785,16.0,1.0,31.448,35.317,26.02,211.0,184.0,275.0,317.0,False,MEDIUM,16.0,True,McLaren,1,2.0,True,Miami,2024,False
PIA,93.084,17.0,1.0,31.562,35.451,26.071,209.0,184.0,273.0,316.0,False,MEDIUM,17.0,True,McLaren,1,2.0,True,Miami,2024,False
PIA,92.975,18.0,1.0,31.345,35.499,26.131,211.0,184.0,274.0,316.0,False,MEDIUM,18.0,True,McLaren,1,2.0,True,Miami,2024,False
PIA,93.109,19.0,1.0,31.472,35.525,26.112,211.0,184.0,275.0,316.0,False,MEDIUM,19.0,True,McLaren,1,2.0,True,Miami,2024,False
PIA,92.63,20.0,1.0,31.173,35.433,26.024,211.0,184.0,275.0,317.0,True,MEDIUM,20.0,True,McLaren,1,2.0,True,Miami,2024,False
PIA,92.93,21.0,1.0,31.343,35.538,26.049,212.0,183.0,274.0,315.0,False,MEDIUM,21.0,True,McLaren,1,2.0,True,Miami,2024,False
PIA,92.716,22.0,1.0,31.397,35.265,26.054,212.0,182.0,276.0,316.0,False,MEDIUM,22.0,True,McLaren,1,2.0,True,Miami,2024,False
PIA,92.455,24.0,1.0,31.012,35.326,26.117,212.0,185.0,274.0,313.0,True,MEDIUM,24.0,True,McLaren,1,1.0,True,Miami,2024,False
PIA,92.453,25.0,1.0,31.003,35.415,26.035,211.0,185.0,274.0,315.0,True,MEDIUM,25.0,True,McLaren,1,1.0,True,Miami,2024,False
PIA,92.656,26.0,1.0,31.202,35.409,26.045,211.0,184.0,274.0,314.0,False,MEDIUM,26.0,True,McLaren,1,1.0,True,Miami,2024,False
PIA,97.602,27.0,1.0,31.089,35.412,31.101,211.0,185.0,278.0,315.0,False,MEDIUM,27.0,True,McLaren,1,2.0,False,Miami,2024,True
PIA,93.248,33.0,2.0,32.05,35.42,25.778,215.0,184.0,279.0,315.0,False,HARD,6.0,True,McLaren,1,4.0,True,Miami,2024,False
PIA,92.143,34.0,2.0,31.261,35.147,25.735,211.0,186.0,277.0,315.0,True,HARD,7.0,True,McLaren,1,4.0,True,Miami,2024,False
PIA,91.372,35.0,2.0,30.689,34.94,25.743,213.0,184.0,278.0,317.0,True,HARD,8.0,True,McLaren,1,4.0,True,Miami,2024,False
PIA,92.202,36.0,2.0,30.955,35.397,25.85,214.0,182.0,277.0,316.0,False,HARD,9.0,True,McLaren,1,4.0,True,Miami,2024,False
PIA,92.035,37.0,2.0,31.251,34.993,25.791,213.0,185.0,279.0,315.0,False,HARD,10.0,True,McLaren,1,4.0,True,Miami,2024,False
PIA,91.673,38.0,2.0,30.798,35.011,25.864,211.0,185.0,278.0,311.0,False,HARD,11.0,True,McLaren,1,4.0,True,Miami,2024,False
PIA,92.617,39.0,2.0,30.88,35.172,26.565,213.0,184.0,285.0,324.0,False,HARD,12.0,True,McLaren,1,5.0,True,Miami,2024,False
PIA,100.795,40.0,2.0,32.94,36.587,31.268,210.0,184.0,278.0,314.0,False,HARD,13.0,True,McLaren,1,11.0,False,Miami,2024,True
PIA,113.723,41.0,3.0,53.185,34.726,25.812,217.0,187.0,274.0,310.0,False,MEDIUM,7.0,False,McLaren,1,19.0,False,Miami,2024,True
PIA,90.643,42.0,3.0,30.354,34.628,25.661,217.0,188.0,276.0,317.0,True,MEDIUM,8.0,False,McLaren,1,19.0,True,Miami,2024,False
PIA,90.634,43.0,3.0,30.384,34.629,25.621,216.0,188.0,277.0,316.0,True,MEDIUM,9.0,False,McLaren,1,19.0,True,Miami,2024,False
PIA,90.752,44.0,3.0,30.437,34.61,25.705,216.0,187.0,280.0,322.0,False,MEDIUM,10.0,False,McLaren,1,19.0,True,Miami,2024,False
PIA,91.286,45.0,3.0,30.569,35.073,25.644,213.0,186.0,277.0,321.0,False,MEDIUM,11.0,False,McLaren,1,19.0,True,Miami,2024,False
PIA,91.08,46.0,3.0,30.723,34.939,25.418,217.0,186.0,279.0,345.0,False,MEDIUM,12.0,False,McLaren,1,18.0,True,Miami,2024,False
PIA,91.641,47.0,3.0,30.834,35.155,25.652,214.0,186.0,286.0,319.0,False,MEDIUM,13.0,False,McLaren,1,18.0,True,Miami,2024,False
PIA,91.828,48.0,3.0,31.156,34.993,25.679,213.0,186.0,280.0,317.0,False,MEDIUM,14.0,False,McLaren,1,17.0,True,Miami,2024,False
PIA,91.95,49.0,3.0,30.913,35.464,25.573,213.0,186.0,287.0,330.0,False,MEDIUM,15.0,False,McLaren,1,17.0,True,Miami,2024,False
PIA,92.375,50.0,3.0,31.33,35.35,25.695,214.0,186.0,286.0,328.0,False,MEDIUM,16.0,False,McLaren,1,17.0,True,Miami,2024,False
PIA,92.849,51.0,3.0,31.961,35.313,25.575,213.0,185.0,288.0,334.0,False,MEDIUM,17.0,False,McLaren,1,17.0,True,Miami,2024,False
PIA,93.862,52.0,3.0,32.577,35.66,25.625,208.0,185.0,286.0,308.0,False,MEDIUM,18.0,False,McLaren,1,17.0,True,Miami,2024,False
PIA,92.61,53.0,3.0,31.675,35.281,25.654,210.0,185.0,285.0,328.0,False,MEDIUM,19.0,False,McLaren,1,16.0,True,Miami,2024,False
PIA,91.932,54.0,3.0,31.311,35.21,25.411,210.0,187.0,281.0,351.0,False,MEDIUM,20.0,False,McLaren,1,15.0,True,Miami,2024,False
PIA,91.665,55.0,3.0,30.878,35.143,25.644,213.0,185.0,285.0,315.0,False,MEDIUM,21.0,False,McLaren,1,15.0,True,Miami,2024,False
PIA,92.054,56.0,3.0,31.051,35.296,25.707,212.0,186.0,283.0,342.0,False,MEDIUM,22.0,False,McLaren,1,15.0,True,Miami,2024,False
PIA,92.15,57.0,3.0,31.193,35.351,25.606,215.0,188.0,279.0,335.0,False,MEDIUM,23.0,False,McLaren,1,14.0,True,Miami,2024,False
VER,80.596,2.0,1.0,25.604,27.925,27.067,218.0,251.0,276.0,281.0,True,MEDIUM,2.0,True,Red Bull Racing,1,1.0,True,Emilia Romagna,2024,False
VER,80.872,3.0,1.0,25.743,28.104,27.025,216.0,250.0,276.0,281.0,False,MEDIUM,3.0,True,Red Bull Racing,1,1.0,True,Emilia Romagna,2024,False
VER,80.671,4.0,1.0,25.651,27.991,27.029,215.0,251.0,276.0,281.0,False,MEDIUM,4.0,True,Red Bull Racing,1,1.0,True,Emilia Romagna,2024,False
VER,80.734,5.0,1.0,25.602,28.041,27.091,215.0,251.0,276.0,282.0,False,MEDIUM,5.0,True,Red Bull Racing,1,1.0,True,Emilia Romagna,2024,False
VER,80.868,6.0,1.0,25.697,28.085,27.086,212.0,252.0,276.0,284.0,False,MEDIUM,6.0,True,Red Bull Racing,1,1.0,True,Emilia Romagna,2024,False
VER,80.868,7.0,1.0,25.734,28.186,26.948,214.0,250.0,276.0,284.0,False,MEDIUM,7.0,True,Red Bull Racing,1,1.0,True,Emilia Romagna,2024,False
VER,80.762,8.0,1.0,25.71,28.135,26.917,215.0,252.0,276.0,286.0,False,MEDIUM,8.0,True,Red Bull Racing,1,1.0,True,Emilia Romagna,2024,False
VER,80.543,9.0,1.0,25.629,27.978,26.936,219.0,255.0,277.0,287.0,True,MEDIUM,9.0,True,Red Bull Racing,1,1.0,True,Emilia Romagna,2024,False
VER,81.093,10.0,1.0,25.633,28.203,27.257,218.0,251.0,276.0,283.0,False,MEDIUM,10.0,True,Red Bull Racing,1,1.0,True,Emilia Romagna,2024,False
VER,80.885,11.0,1.0,25.704,28.03,27.151,218.0,255.0,277.0,289.0,False,MEDIUM,11.0,True,Red Bull Racing,1,1.0,True,Emilia Romagna,2024,False
VER,81.287,12.0,1.0,25.804,28.255,27.228,216.0,251.0,276.0,287.0,False,MEDIUM,12.0,True,Red Bull Racing,1,1.0,True,Emilia Romagna,2024,False
VER,81.073,13.0,1.0,25.696,28.234,27.143,218.0,252.0,277.0,289.0,False,MEDIUM,13.0,True,Red Bull Racing,1,1.0,True,Emilia Romagna,2024,False
VER,80.982,14.0,1.0,25.581,28.272,27.129,217.0,253.0,277.0,288.0,False,MEDIUM,14.0,True,Red Bull Racing,1,1.0,True,Emilia Romagna,2024,False
VER,81.323,15.0,1.0,25.748,28.272,27.303,214.0,255.0,278.0,285.0,False,MEDIUM,15.0,True,Red Bull Racing,1,1.0,True,Emilia Romagna,2024,False
VER,81.362,16.0,1.0,25.738,28.326,27.298,217.0,254.0,278.0,287.0,False,MEDIUM,16.0,True,Red Bull Racing,1,1.0,True,Emilia Romagna,2024,False
VER,81.328,17.0,1.0,25.732,28.315,27.281,216.0,253.0,277.0,288.0,False,MEDIUM,17.0,True,Red Bull Racing,1,1.0,True,Emilia Romagna,2024,False
VER,81.411,18.0,1.0,25.765,28.307,27.339,213.0,254.0,278.0,290.0,False,MEDIUM,18.0,True,Red Bull Racing,1,1.0,True,Emilia Romagna,2024,False
VER,81.517,19.0,1.0,25.826,28.376,27.315,213.0,252.0,277.0,288.0,False,MEDIUM,19.0,True,Red Bull Racing,1,1.0,True,Emilia Romagna,2024,False
VER,81.55,20.0,1.0,25.731,28.433,27.386,216.0,253.0,277.0,290.0,False,MEDIUM,20.0,True,Red Bull Racing,1,1.0,True,Emilia Romagna,2024,False
VER,81.608,21.0,1.0,25.888,28.323,27.397,214.0,253.0,279.0,289.0,False,MEDIUM,21.0,True,Red Bull Racing,1,1.0,True,Emilia Romagna,2024,False
VER,81.763,22.0,1.0,25.802,28.448,27.513,214.0,254.0,278.0,294.0,False,MEDIUM,22.0,True,Red Bull Racing,1,1.0,True,Emilia Romagna,2024,False
VER,81.988,23.0,1.0,25.778,28.626,27.584,214.0,255.0,278.0,287.0,False,MEDIUM,23.0,True,Red Bull Racing,1,1.0,True,Emilia Romagna,2024,False
VER,86.212,24.0,1.0,25.862,28.604,31.746,215.0,255.0,279.0,293.0,False,MEDIUM,24.0,True,Red Bull Racing,1,1.0,False,Emilia Romagna,2024,True
VER,103.602,25.0,2.0,48.939,27.886,26.777,219.0,255.0,280.0,287.0,False,HARD,1.0,True,Red Bull Racing,1,4.0,False,Emilia Romagna,2024,True
VER,80.482,26.0,2.0,25.444,28.057,26.981,218.0,255.0,280.0,288.0,True,HARD,2.0,True,Red Bull Racing,1,3.0,True,Emilia Romagna,2024,False
VER,80.943,27.0,2.0,25.567,28.163,27.213,217.0,254.0,279.0,288.0,False,HARD,3.0,True,Red Bull Racing,1,2.0,True,Emilia Romagna,2024,False
VER,80.709,28.0,2.0,25.598,28.087,27.024,217.0,253.0,278.0,290.0,False,HARD,4.0,True,Red Bull Racing,1,1.0,True,Emilia Romagna,2024,False
VER,80.615,29.0,2.0,25.528,28.108,26.979,215.0,254.0,278.0,292.0,False,HARD,5.0,True,Red Bull Racing,1,1.0,True,Emilia Romagna,2024,False
VER,80.571,30.0,2.0,25.523,28.17,26.878,216.0,254.0,278.0,293.0,False,HARD,6.0,True,Red Bull Racing,1,1.0,True,Emilia Romagna,2024,False
VER,80.545,31.0,2.0,25.429,28.108,27.008,216.0,253.0,278.0,294.0,False,HARD,7.0,True,Red Bull Racing,1,1.0,True,Emilia Romagna,2024,False
VER,80.713,32.0,2.0,25.456,28.238,27.019,217.0,254.0,279.0,294.0,False,HARD,8.0,True,Red Bull Racing,1,1.0,True,Emilia Romagna,2024,False
VER,81.141,33.0,2.0,25.78,28.264,27.097,207.0,254.0,280.0,295.0,False,HARD,9.0,True,Red Bull Racing,1,1.0,True,Emilia Romagna,2024,False
VER,80.76,34.0,2.0,25.491,28.155,27.114,212.0,255.0,280.0,295.0,False,HARD,10.0,True,Red Bull Racing,1,1.0,True,Emilia Romagna,2024,False
VER,80.8,35.0,2.0,25.532,28.176,27.092,217.0,254.0,280.0,296.0,False,HARD,11.0,True,Red Bull Racing,1,1.0,True,Emilia Romagna,2024,False
VER,80.704,36.0,2.0,25.508,28.082,27.114,218.0,256.0,281.0,297.0,False,HARD,12.0,True,Red Bull Racing,1,1.0,True,Emilia Romagna,2024,False
VER,80.484,37.0,2.0,25.385,28.131,26.968,216.0,254.0,281.0,296.0,False,HARD,13.0,True,Red Bull Racing,1,1.0,True,Emilia Romagna,2024,False
VER,80.366,38.0,2.0,25.301,28.086,26.979,216.0,253.0,280.0,295.0,True,HARD,14.0,True,Red Bull Racing,1,1.0,True,Emilia Romagna,2024,False
VER,80.547,39.0,2.0,25.552,28.024,26.971,217.0,254.0,281.0,296.0,False,HARD,15.0,True,Red Bull Racing,1,1.0,True,Emilia Romagna,2024,False
VER,80.645,40.0,2.0,25.473,28.046,27.126,214.0,254.0,280.0,294.0,False,HARD,16.0,True,Red Bull Racing,1,1.0,True,Emilia Romagna,2024,False
VER,80.675,41.0,2.0,25.483,28.075,27.117,214.0,255.0,280.0,296.0,False,HARD,17.0,True,Red Bull Racing,1,1.0,True,Emilia Romagna,2024,False
VER,80.832,42.0,2.0,25.655,28.098,27.079,215.0,254.0,280.0,296.0,False,HARD,18.0,True,Red Bull Racing,1,1.0,True,Emilia Romagna,2024,False
VER,80.757,43.0,2.0,25.58,28.096,27.081,215.0,255.0,282.0,294.0,False,HARD,19.0,True,Red Bull Racing,1,1.0,True,Emilia Romagna,2024,False
VER,80.834,44.0,2.0,25.442,28.139,27.253,215.0,255.0,282.0,295.0,False,HARD,20.0,True,Red Bull Racing,1,1.0,True,Emilia Romagna,2024,False
VER,81.364,45.0,2.0,25.628,28.332,27.404,205.0,255.0,283.0,296.0,False,HARD,21.0,True,Red Bull Racing,1,1.0,True,Emilia Romagna,2024,False
VER,80.7,46.0,2.0,25.324,28.278,27.098,214.0,254.0,281.0,295.0,False,HARD,22.0,True,Red Bull Racing,1,1.0,True,Emilia Romagna,2024,False
VER,80.909,47.0,2.0,25.657,28.143,27.109,214.0,253.0,281.0,293.0,False,HARD,23.0,True,Red Bull Racing,1,1.0,True,Emilia Romagna,2024,False
VER,80.923,48.0,2.0,25.612,28.25,27.061,216.0,255.0,281.0,295.0,False,HARD,24.0,True,Red Bull Racing,1,1.0,True,Emilia Romagna,2024,False
VER,80.823,49.0,2.0,25.522,28.202,27.099,212.0,253.0,282.0,297.0,False,HARD,25.0,True,Red Bull Racing,1,1.0,True,Emilia Romagna,2024,False
VER,80.817,50.0,2.0,25.456,28.139,27.222,215.0,254.0,283.0,297.0,False,HARD,26.0,True,Red Bull Racing,1,1.0,True,Emilia Romagna,2024,False
VER,80.736,51.0,2.0,25.541,28.085,27.11,216.0,255.0,282.0,297.0,False,HARD,27.0,True,Red Bull Racing,1,1.0,True,Emilia Romagna,2024,False
VER,80.556,52.0,2.0,25.536,28.206,26.814,215.0,256.0,282.0,298.0,False,HARD,28.0,True,Red Bull Racing,1,1.0,True,Emilia Romagna,2024,False
VER,80.638,53.0,2.0,25.396,28.185,27.057,214.0,253.0,281.0,296.0,False,HARD,29.0,True,Red Bull Racing,1,1.0,True,Emilia Romagna,2024,False
VER,80.918,54.0,2.0,25.422,28.128,27.368,216.0,254.0,283.0,295.0,False,HARD,30.0,True,Red Bull Racing,1,1.0,True,Emilia Romagna,2024,False
VER,80.962,55.0,2.0,25.67,28.278,27.014,215.0,253.0,283.0,294.0,False,HARD,31.0,True,Red Bull Racing,1,1.0,True,Emilia Romagna,2024,False
VER,80.49,56.0,2.0,25.434,28.118,26.938,217.0,255.0,283.0,294.0,False,HARD,32.0,True,Red Bull Racing,1,1.0,True,Emilia Romagna,2024,False
VER,80.511,57.0,2.0,25.479,27.981,27.051,216.0,253.0,281.0,296.0,False,HARD,33.0,True,Red Bull Racing,1,1.0,True,Emilia Romagna,2024,False
VER,80.513,58.0,2.0,25.436,28.125,26.952,217.0,252.0,281.0,296.0,False,HARD,34.0,True,Red Bull Racing,1,1.0,True,Emilia Romagna,2024,False
VER,80.367,59.0,2.0,25.461,27.898,27.008,217.0,254.0,281.0,295.0,False,HARD,35.0,True,Red Bull Racing,1,1.0,True,Emilia Romagna,2024,False
VER,80.637,60.0,2.0,25.549,28.01,27.078,216.0,253.0,282.0,296.0,False,HARD,36.0,True,Red Bull Racing,1,1.0,True,Emilia Romagna,2024,False
VER,80.698,61.0,2.0,25.458,28.148,27.092,213.0,255.0,282.0,289.0,False,HARD,37.0,True,Red Bull Racing,1,1.0,True,Emilia Romagna,2024,False
VER,80.753,62.0,2.0,25.616,27.997,27.14,219.0,255.0,281.0,291.0,False,HARD,38.0,True,Red Bull Racing,1,1.0,True,Emilia Romagna,2024,False
VER,81.035,63.0,2.0,25.644,28.107,27.284,220.0,259.0,281.0,299.0,False,HARD,39.0,True,Red Bull Racing,1,1.0,True,Emilia Romagna,2024,False
NOR,80.673,2.0,1.0,25.691,28.003,26.979,216.0,252.0,279.0,284.0,True,MEDIUM,2.0,True,McLaren,1,2.0,True,Emilia Romagna,2024,False
NOR,80.884,3.0,1.0,25.817,28.151,26.916,214.0,251.0,278.0,293.0,False,MEDIUM,3.0,True,McLaren,1,2.0,True,Emilia Romagna,2024,False
NOR,81.205,4.0,1.0,25.779,28.307,27.119,214.0,249.0,278.0,274.0,False,MEDIUM,4.0,True,McLaren,1,2.0,True,Emilia Romagna,2024,False
NOR,81.046,5.0,1.0,25.638,28.344,27.064,212.0,255.0,278.0,279.0,False,MEDIUM,5.0,True,McLaren,1,2.0,True,Emilia Romagna,2024,False
NOR,80.909,6.0,1.0,25.69,28.166,27.053,216.0,251.0,279.0,290.0,False,MEDIUM,6.0,True,McLaren,1,2.0,True,Emilia Romagna,2024,False
NOR,80.923,7.0,1.0,25.621,28.191,27.111,214.0,253.0,279.0,290.0,False,MEDIUM,7.0,True,McLaren,1,2.0,True,Emilia Romagna,2024,False
NOR,80.997,8.0,1.0,25.599,28.337,27.061,214.0,251.0,279.0,283.0,False,MEDIUM,8.0,True,McLaren,1,2.0,True,Emilia Romagna,2024,False
NOR,81.052,9.0,1.0,25.644,28.262,27.146,214.0,253.0,278.0,287.0,False,MEDIUM,9.0,True,McLaren,1,2.0,True,Emilia Romagna,2024,False
NOR,81.272,10.0,1.0,25.606,28.297,27.369,216.0,254.0,278.0,286.0,False,MEDIUM,10.0,True,McLaren,1,2.0,True,Emilia Romagna,2024,False
NOR,81.201,11.0,1.0,25.604,28.347,27.25,217.0,254.0,278.0,285.0,False,MEDIUM,11.0,True,McLaren,1,2.0,True,Emilia Romagna,2024,False
NOR,81.438,12.0,1.0,25.632,28.416,27.39,216.0,254.0,278.0,287.0,False,MEDIUM,12.0,True,McLaren,1,2.0,True,Emilia Romagna,2024,False
NOR,81.735,13.0,1.0,25.755,28.508,27.472,216.0,253.0,277.0,288.0,False,MEDIUM,13.0,True,McLaren,1,2.0,True,Emilia Romagna,2024,False
NOR,81.716,14.0,1.0,25.665,28.403,27.648,217.0,253.0,275.0,288.0,False,MEDIUM,14.0,True,McLaren,1,2.0,True,Emilia Romagna,2024,False
NOR,81.666,15.0,1.0,25.774,28.454,27.438,216.0,253.0,279.0,287.0,False,MEDIUM,15.0,True,McLaren,1,2.0,True,Emilia Romagna,2024,False
NOR,81.523,16.0,1.0,25.487,28.489,27.547,217.0,254.0,279.0,287.0,False,MEDIUM,16.0,True,McLaren,1,2.0,True,Emilia Romagna,2024,False
NOR,81.565,17.0,1.0,25.588,28.529,27.448,216.0,254.0,278.0,287.0,False,MEDIUM,17.0,True,McLaren,1,2.0,True,Emilia Romagna,2024,False
NOR,81.617,18.0,1.0,25.562,28.557,27.498,217.0,253.0,279.0,288.0,False,MEDIUM,18.0,True,McLaren,1,2.0,True,Emilia Romagna,2024,False
NOR,81.793,19.0,1.0,25.683,28.578,27.532,218.0,253.0,277.0,289.0,False,MEDIUM,19.0,True,McLaren,1,2.0,True,Emilia Romagna,2024,False
NOR,81.883,20.0,1.0,25.693,28.566,27.624,217.0,253.0,278.0,289.0,False,MEDIUM,20.0,True,McLaren,1,2.0,True,Emilia Romagna,2024,False
NOR,81.855,21.0,1.0,25.722,28.526,27.607,216.0,253.0,279.0,289.0,False,MEDIUM,21.0,True,McLaren,1,2.0,True,Emilia Romagna,2024,False
NOR,86.107,22.0,1.0,25.645,28.672,31.79,217.0,254.0,279.0,289.0,False,MEDIUM,22.0,True,McLaren,1,3.0,False,Emilia Romagna,2024,True
NOR,104.693,23.0,2.0,49.204,28.332,27.157,215.0,256.0,286.0,291.0,False,HARD,2.0,False,McLaren,1,7.0,False,Emilia Romagna,2024,True
NOR,80.468,24.0,2.0,25.153,28.266,27.049,217.0,256.0,279.0,289.0,True,HARD,3.0,False,McLaren,1,5.0,True,Emilia Romagna,2024,False
NOR,80.977,25.0,2.0,25.708,28.222,27.047,216.0,255.0,281.0,288.0,False,HARD,4.0,False,McLaren,1,5.0,True,Emilia Romagna,2024,False
NOR,80.899,26.0,2.0,25.465,28.369,27.065,217.0,257.0,280.0,286.0,False,HARD,5.0,False,McLaren,1,4.0,True,Emilia Romagna,2024,False
NOR,81.029,27.0,2.0,25.492,28.371,27.166,218.0,255.0,281.0,287.0,False,HARD,6.0,False,McLaren,1,4.0,True,Emilia Romagna,2024,False
NOR,81.077,28.0,2.0,25.455,28.409,27.213,215.0,255.0,280.0,287.0,False,HARD,7.0,False,McLaren,1,2.0,True,Emilia Romagna,2024,False
NOR,80.933,29.0,2.0,25.427,28.39,27.116,218.0,255.0,280.0,290.0,False,HARD,8.0,False,McLaren,1,2.0,True,Emilia Romagna,2024,False
NOR,80.72,30.0,2.0,25.371,28.316,27.033,219.0,254.0,279.0,288.0,False,HARD,9.0,False,McLaren,1,2.0,True,Emilia Romagna,2024,False
NOR,80.628,31.0,2.0,25.3,28.234,27.094,219.0,256.0,279.0,291.0,False,HARD,10.0,False,McLaren,1,2.0,True,Emilia Romagna,2024,False
NOR,80.923,32.0,2.0,25.444,28.367,27.112,215.0,256.0,279.0,291.0,False,HARD,11.0,False,McLaren,1,2.0,True,Emilia Romagna,2024,False
NOR,80.764,33.0,2.0,25.471,28.174,27.119,215.0,256.0,281.0,291.0,False,HARD,12.0,False,McLaren,1,2.0,True,Emilia Romagna,2024,False
NOR,80.776,34.0,2.0,25.436,28.243,27.097,219.0,257.0,280.0,292.0,False,HARD,13.0,False,McLaren,1,2.0,True,Emilia Romagna,2024,False
NOR,80.687,35.0,2.0,25.264,28.249,27.174,219.0,257.0,280.0,292.0,False,HARD,14.0,False,McLaren,1,2.0,True,Emilia Romagna,2024,False
NOR,80.656,36.0,2.0,25.258,28.232,27.166,220.0,257.0,282.0,291.0,False,HARD,15.0,False,McLaren,1,2.0,True,Emilia Romagna,2024,False
NOR,80.714,37.0,2.0,25.333,28.274,27.107,219.0,257.0,283.0,292.0,False,HARD,16.0,False,McLaren,1,2.0,True,Emilia Romagna,2024,False
NOR,80.458,38.0,2.0,25.11,28.231,27.117,221.0,257.0,281.0,291.0,True,HARD,17.0,False,McLaren,1,2.0,True,Emilia Romagna,2024,False
NOR,80.591,39.0,2.0,25.357,28.209,27.025,219.0,258.0,282.0,292.0,False,HARD,18.0,False,McLaren,1,2.0,True,Emilia Romagna,2024,False
NOR,81.025,40.0,2.0,25.255,28.371,27.399,218.0,258.0,282.0,294.0,False,HARD,19.0,False,McLaren,1,2.0,True,Emilia Romagna,2024,False
NOR,81.102,41.0,2.0,25.407,28.47,27.225,220.0,257.0,282.0,293.0,False,HARD,20.0,False,McLaren,1,2.0,True,Emilia Romagna,2024,False
NOR,80.828,42.0,2.0,25.245,28.422,27.161,220.0,257.0,281.0,290.0,False,HARD,21.0,False,McLaren,1,2.0,True,Emilia Romagna,2024,False
NOR,80.838,43.0,2.0,25.317,28.456,27.065,218.0,258.0,282.0,298.0,False,HARD,22.0,False,McLaren,1,2.0,True,Emilia Romagna,2024,False
NOR,80.708,44.0,2.0,25.487,28.206,27.015,215.0,257.0,281.0,296.0,False,HARD,23.0,False,McLaren,1,2.0,True,Emilia Romagna,2024,False
NOR,80.339,45.0,2.0,25.291,28.14,26.908,214.0,258.0,282.0,297.0,True,HARD,24.0,False,McLaren,1,2.0,True,Emilia Romagna,2024,False
NOR,80.546,46.0,2.0,25.221,28.349,26.976,218.0,257.0,282.0,298.0,False,HARD,25.0,False,McLaren,1,2.0,True,Emilia Romagna,2024,False
NOR,80.816,47.0,2.0,25.346,28.29,27.18,219.0,258.0,283.0,298.0,False,HARD,26.0,False,McLaren,1,2.0,True,Emilia Romagna,2024,False
NOR,80.803,48.0,2.0,25.477,28.447,26.879,215.0,256.0,282.0,298.0,False,HARD,27.0,False,McLaren,1,2.0,True,Emilia Romagna,2024,False
NOR,80.485,49.0,2.0,25.274,28.219,26.992,215.0,257.0,281.0,298.0,False,HARD,28.0,False,McLaren,1,2.0,True,Emilia Romagna,2024,False
NOR,80.039,50.0,2.0,25.144,28.055,26.84,219.0,256.0,282.0,299.0,True,HARD,29.0,False,McLaren,1,2.0,True,Emilia Romagna,2024,False
NOR,80.367,51.0,2.0,25.252,28.191,26.924,217.0,258.0,283.0,299.0,False,HARD,30.0,False,McLaren,1,2.0,True,Emilia Romagna,2024,False
NOR,80.582,52.0,2.0,25.297,28.229,27.056,220.0,259.0,284.0,301.0,False,HARD,31.0,False,McLaren,1,2.0,True,Emilia Romagna,2024,False
NOR,80.141,53.0,2.0,25.07,28.243,26.828,220.0,258.0,281.0,291.0,False,HARD,32.0,False,McLaren,1,2.0,True,Emilia Romagna,2024,False
NOR,79.994,54.0,2.0,25.143,27.882,26.969,220.0,259.0,282.0,292.0,True,HARD,33.0,False,McLaren,1,2.0,True,Emilia Romagna,2024,False
NOR,80.182,55.0,2.0,25.19,28.03,26.962,218.0,260.0,284.0,290.0,False,HARD,34.0,False,McLaren,1,2.0,True,Emilia Romagna,2024,False
NOR,80.168,56.0,2.0,25.239,28.044,26.885,220.0,260.0,284.0,290.0,False,HARD,35.0,False,McLaren,1,2.0,True,Emilia Romagna,2024,False
NOR,80.105,57.0,2.0,25.231,27.953,26.921,219.0,259.0,282.0,294.0,False,HARD,36.0,False,McLaren,1,2.0,True,Emilia Romagna,2024,False
NOR,80.555,58.0,2.0,25.315,28.299,26.941,211.0,259.0,281.0,293.0,False,HARD,37.0,False,McLaren,1,2.0,True,Emilia Romagna,2024,False
NOR,80.489,59.0,2.0,25.314,28.206,26.969,213.0,259.0,282.0,300.0,False,HARD,38.0,False,McLaren,1,2.0,True,Emilia Romagna,2024,False
NOR,80.239,60.0,2.0,25.214,28.162,26.863,219.0,257.0,283.0,300.0,False,HARD,39.0,False,McLaren,1,2.0,True,Emilia Romagna,2024,False
NOR,80.502,61.0,2.0,25.253,28.353,26.896,220.0,258.0,283.0,299.0,False,HARD,40.0,False,McLaren,1,2.0,True,Emilia Romagna,2024,False
NOR,80.564,62.0,2.0,25.478,28.277,26.809,214.0,259.0,284.0,300.0,False,HARD,41.0,False,McLaren,1,2.0,True,Emilia Romagna,2024,False
NOR,80.743,63.0,2.0,25.396,28.168,27.179,216.0,256.0,281.0,302.0,False,HARD,42.0,False,McLaren,1,2.0,True,Emilia Romagna,2024,False
LEC,80.926,2.0,1.0,25.685,28.145,27.096,216.0,252.0,279.0,292.0,True,MEDIUM,2.0,True,Ferrari,1,3.0,True,Emilia Romagna,2024,False
LEC,80.931,3.0,1.0,25.573,28.359,26.999,210.0,251.0,277.0,283.0,False,MEDIUM,3.0,True,Ferrari,1,3.0,True,Emilia Romagna,2024,False
LEC,81.279,4.0,1.0,25.797,28.442,27.04,214.0,249.0,277.0,283.0,False,MEDIUM,4.0,True,Ferrari,1,3.0,True,Emilia Romagna,2024,False
LEC,81.122,5.0,1.0,25.717,28.319,27.086,213.0,251.0,277.0,287.0,False,MEDIUM,5.0,True,Ferrari,1,3.0,True,Emilia Romagna,2024,False
LEC,81.043,6.0,1.0,25.77,28.344,26.929,211.0,250.0,277.0,295.0,False,MEDIUM,6.0,True,Ferrari,1,3.0,True,Emilia Romagna,2024,False
LEC,81.025,7.0,1.0,25.716,28.274,27.035,212.0,250.0,277.0,286.0,False,MEDIUM,7.0,True,Ferrari,1,3.0,True,Emilia Romagna,2024,False
LEC,81.116,8.0,1.0,25.71,28.225,27.181,213.0,252.0,276.0,286.0,False,MEDIUM,8.0,True,Ferrari,1,3.0,True,Emilia Romagna,2024,False
LEC,81.215,9.0,1.0,25.758,28.276,27.181,212.0,250.0,277.0,286.0,False,MEDIUM,9.0,True,Ferrari,1,3.0,True,Emilia Romagna,2024,False
LEC,81.387,10.0,1.0,25.692,28.44,27.255,213.0,250.0,278.0,283.0,False,MEDIUM,10.0,True,Ferrari,1,3.0,True,Emilia Romagna,2024,False
LEC,81.147,11.0,1.0,25.707,28.229,27.211,215.0,252.0,278.0,284.0,False,MEDIUM,11.0,True,Ferrari,1,3.0,True,Emilia Romagna,2024,False
LEC,81.349,12.0,1.0,25.746,28.344,27.259,216.0,252.0,277.0,286.0,False,MEDIUM,12.0,True,Ferrari,1,3.0,True,Emilia Romagna,2024,False
LEC,81.442,13.0,1.0,25.803,28.424,27.215,215.0,251.0,278.0,286.0,False,MEDIUM,13.0,True,Ferrari,1,3.0,True,Emilia Romagna,2024,False
LEC,81.661,14.0,1.0,25.821,28.457,27.383,211.0,250.0,276.0,285.0,False,MEDIUM,14.0,True,Ferrari,1,3.0,True,Emilia Romagna,2024,False
LEC,81.464,15.0,1.0,25.827,28.372,27.265,214.0,255.0,279.0,295.0,False,MEDIUM,15.0,True,Ferrari,1,3.0,True,Emilia Romagna,2024,False
LEC,81.964,16.0,1.0,25.796,28.573,27.595,212.0,251.0,277.0,284.0,False,MEDIUM,16.0,True,Ferrari,1,3.0,True,Emilia Romagna,2024,False
LEC,81.714,17.0,1.0,25.807,28.538,27.369,213.0,251.0,277.0,285.0,False,MEDIUM,17.0,True,Ferrari,1,3.0,True,Emilia Romagna,2024,False
LEC,81.719,18.0,1.0,25.807,28.573,27.339,212.0,250.0,279.0,285.0,False,MEDIUM,18.0,True,Ferrari,1,3.0,True,Emilia Romagna,2024,False
LEC,81.672,19.0,1.0,25.867,28.461,27.344,213.0,253.0,276.0,295.0,False,MEDIUM,19.0,True,Ferrari,1,3.0,True,Emilia Romagna,2024,False
LEC,81.757,20.0,1.0,25.794,28.464,27.499,215.0,253.0,277.0,287.0,False,MEDIUM,20.0,True,Ferrari,1,3.0,True,Emilia Romagna,2024,False
LEC,81.669,21.0,1.0,25.857,28.396,27.416,215.0,254.0,278.0,288.0,False,MEDIUM,21.0,True,Ferrari,1,3.0,True,Emilia Romagna,2024,False
LEC,82.018,22.0,1.0,25.88,28.604,27.534,209.0,252.0,276.0,295.0,False,MEDIUM,22.0,True,Ferrari,1,2.0,True,Emilia Romagna,2024,False
LEC,81.943,23.0,1.0,26.057,28.558,27.328,211.0,250.0,277.0,283.0,False,MEDIUM,23.0,True,Ferrari,1,2.0,True,Emilia Romagna,2024,False
LEC,81.6,24.0,1.0,25.792,28.496,27.312,215.0,252.0,277.0,285.0,False,MEDIUM,24.0,True,Ferrari,1,2.0,True,Emilia Romagna,2024,False
LEC,86.023,25.0,1.0,25.762,28.527,31.734,215.0,251.0,279.0,284.0,False,MEDIUM,25.0,True,Ferrari,1,2.0,False,Emilia Romagna,2024,True
LEC,105.006,26.0,2.0,49.059,28.385,27.562,216.0,253.0,285.0,287.0,False,HARD,1.0,True,Ferrari,1,6.0,False,Emilia Romagna,2024,True
LEC,79.935,27.0,2.0,25.221,27.79,26.924,215.0,254.0,279.0,283.0,True,HARD,2.0,True,Ferrari,1,5.0,True,Emilia Romagna,2024,False
LEC,80.928,28.0,2.0,25.853,28.14,26.935,215.0,252.0,278.0,293.0,False,HARD,3.0,True,Ferrari,1,3.0,True,Emilia Romagna,2024,False
LEC,80.502,29.0,2.0,25.598,28.041,26.863,216.0,252.0,278.0,285.0,False,HARD,4.0,True,Ferrari,1,3.0,True,Emilia Romagna,2024,False
LEC,80.426,30.0,2.0,25.59,27.989,26.847,218.0,253.0,278.0,295.0,False,HARD,5.0,True,Ferrari,1,3.0,True,Emilia Romagna,2024,False
LEC,80.944,31.0,2.0,25.705,28.16,27.079,216.0,250.0,277.0,283.0,False,HARD,6.0,True,Ferrari,1,3.0,True,Emilia Romagna,2024,False
LEC,80.645,32.0,2.0,25.649,28.069,26.927,213.0,252.0,278.0,285.0,False,HARD,7.0,True,Ferrari,1,3.0,True,Emilia Romagna,2024,False
LEC,80.589,33.0,2.0,25.646,27.998,26.945,214.0,253.0,279.0,286.0,False,HARD,8.0,True,Ferrari,1,3.0,True,Emilia Romagna,2024,False
LEC,80.726,34.0,2.0,25.619,28.181,26.926,214.0,254.0,279.0,287.0,False,HARD,9.0,True,Ferrari,1,3.0,True,Emilia Romagna,2024,False
LEC,80.812,35.0,2.0,25.666,28.158,26.988,213.0,253.0,278.0,286.0,False,HARD,10.0,True,Ferrari,1,3.0,True,Emilia Romagna,2024,False
LEC,80.562,36.0,2.0,25.563,28.078,26.921,218.0,254.0,281.0,287.0,False,HARD,11.0,True,Ferrari,1,3.0,True,Emilia Romagna,2024,False
LEC,80.36,37.0,2.0,25.378,28.072,26.91,217.0,255.0,281.0,286.0,False,HARD,12.0,True,Ferrari,1,3.0,True,Emilia Romagna,2024,False
LEC,80.194,38.0,2.0,25.351,27.968,26.875,218.0,255.0,281.0,288.0,False,HARD,13.0,True,Ferrari,1,3.0,True,Emilia Romagna,2024,False
LEC,80.507,39.0,2.0,25.483,28.06,26.964,218.0,255.0,281.0,287.0,False,HARD,14.0,True,Ferrari,1,3.0,True,Emilia Romagna,2024,False
LEC,80.582,40.0,2.0,25.464,28.026,27.092,216.0,255.0,280.0,288.0,False,HARD,15.0,True,Ferrari,1,3.0,True,Emilia Romagna,2024,False
LEC,80.928,41.0,2.0,25.484,28.179,27.265,216.0,254.0,282.0,289.0,False,HARD,16.0,True,Ferrari,1,3.0,True,Emilia Romagna,2024,False
LEC,80.24,42.0,2.0,25.149,28.133,26.958,219.0,258.0,282.0,297.0,False,HARD,17.0,True,Ferrari,1,3.0,True,Emilia Romagna,2024,False
LEC,80.942,43.0,2.0,25.404,28.344,27.194,214.0,256.0,283.0,297.0,False,HARD,18.0,True,Ferrari,1,3.0,True,Emilia Romagna,2024,False
LEC,80.702,44.0,2.0,25.218,28.361,27.123,215.0,253.0,282.0,286.0,False,HARD,19.0,True,Ferrari,1,3.0,True,Emilia Romagna,2024,False
LEC,80.431,45.0,2.0,25.276,28.216,26.939,210.0,257.0,282.0,298.0,False,HARD,20.0,True,Ferrari,1,3.0,True,Emilia Romagna,2024,False
LEC,80.596,46.0,2.0,25.252,28.319,27.025,213.0,254.0,282.0,296.0,False,HARD,21.0,True,Ferrari,1,3.0,True,Emilia Romagna,2024,False
LEC,81.313,47.0,2.0,25.256,28.344,27.713,215.0,255.0,281.0,286.0,False,HARD,22.0,True,Ferrari,1,3.0,True,Emilia Romagna,2024,False
LEC,81.513,48.0,2.0,25.89,28.543,27.08,206.0,254.0,280.0,286.0,False,HARD,23.0,True,Ferrari,1,3.0,True,Emilia Romagna,2024,False
LEC,80.798,49.0,2.0,25.538,28.178,27.082,214.0,253.0,280.0,286.0,False,HARD,24.0,True,Ferrari,1,3.0,True,Emilia Romagna,2024,False
LEC,80.414,50.0,2.0,25.529,28.005,26.88,217.0,255.0,280.0,286.0,False,HARD,25.0,True,Ferrari,1,3.0,True,Emilia Romagna,2024,False
LEC,80.364,51.0,2.0,25.492,27.991,26.881,217.0,255.0,281.0,286.0,False,HARD,26.0,True,Ferrari,1,3.0,True,Emilia Romagna,2024,False
LEC,80.358,52.0,2.0,25.427,28.048,26.883,218.0,255.0,281.0,288.0,False,HARD,27.0,True,Ferrari,1,3.0,True,Emilia Romagna,2024,False
LEC,80.889,53.0,2.0,25.526,28.4,26.963,216.0,254.0,282.0,294.0,False,HARD,28.0,True,Ferrari,1,3.0,True,Emilia Romagna,2024,False
LEC,80.398,54.0,2.0,25.112,28.194,27.092,218.0,257.0,280.0,286.0,False,HARD,29.0,True,Ferrari,1,3.0,True,Emilia Romagna,2024,False
LEC,80.636,55.0,2.0,25.635,28.092,26.909,217.0,255.0,282.0,286.0,False,HARD,30.0,True,Ferrari,1,3.0,True,Emilia Romagna,2024,False
LEC,80.415,56.0,2.0,25.393,28.095,26.927,218.0,259.0,283.0,288.0,False,HARD,31.0,True,Ferrari,1,3.0,True,Emilia Romagna,2024,False
LEC,80.752,57.0,2.0,25.591,28.196,26.965,217.0,255.0,280.0,286.0,False,HARD,32.0,True,Ferrari,1,3.0,True,Emilia Romagna,2024,False
LEC,80.553,58.0,2.0,25.584,28.164,26.805,215.0,254.0,279.0,285.0,False,HARD,33.0,True,Ferrari,1,3.0,True,Emilia Romagna,2024,False
LEC,80.506,59.0,2.0,25.505,28.061,26.94,217.0,255.0,280.0,286.0,False,HARD,34.0,True,Ferrari,1,3.0,True,Emilia Romagna,2024,False
LEC,80.693,60.0,2.0,25.513,28.163,27.017,218.0,255.0,281.0,286.0,False,HARD,35.0,True,Ferrari,1,3.0,True,Emilia Romagna,2024,False
LEC,80.783,61.0,2.0,25.603,28.184,26.996,216.0,256.0,281.0,286.0,False,HARD,36.0,True,Ferrari,1,3.0,True,Emilia Romagna,2024,False
LEC,81.307,62.0,2.0,25.753,28.544,27.01,215.0,254.0,279.0,287.0,False,HARD,37.0,True,Ferrari,1,3.0,True,Emilia Romagna,2024,False
LEC,81.153,63.0,2.0,25.797,28.222,27.134,216.0,258.0,279.0,291.0,False,HARD,38.0,True,Ferrari,1,3.0,True,Emilia Romagna,2024,False
PIA,81.311,2.0,1.0,25.851,28.336,27.124,216.0,254.0,282.0,284.0,True,MEDIUM,2.0,True,McLaren,1,5.0,True,Emilia Romagna,2024,False
PIA,80.808,3.0,1.0,25.315,28.254,27.239,215.0,254.0,281.0,286.0,True,MEDIUM,3.0,True,McLaren,1,5.0,True,Emilia Romagna,2024,False
PIA,81.377,4.0,1.0,25.5,28.541,27.336,212.0,254.0,280.0,284.0,False,MEDIUM,4.0,True,McLaren,1,5.0,True,Emilia Romagna,2024,False
PIA,81.269,5.0,1.0,25.488,28.405,27.376,213.0,255.0,281.0,286.0,False,MEDIUM,5.0,True,McLaren,1,5.0,True,Emilia Romagna,2024,False
PIA,81.307,6.0,1.0,25.554,28.443,27.31,211.0,251.0,281.0,286.0,False,MEDIUM,6.0,True,McLaren,1,5.0,True,Emilia Romagna,2024,False
PIA,81.08,7.0,1.0,25.441,28.427,27.212,216.0,253.0,284.0,289.0,False,MEDIUM,7.0,True,McLaren,1,5.0,True,Emilia Romagna,2024,False
PIA,81.523,8.0,1.0,25.824,28.462,27.237,213.0,252.0,282.0,288.0,False,MEDIUM,8.0,True,McLaren,1,5.0,True,Emilia Romagna,2024,False
PIA,81.508,9.0,1.0,25.524,28.418,27.566,214.0,253.0,281.0,286.0,False,MEDIUM,9.0,True,McLaren,1,5.0,True,Emilia Romagna,2024,False
PIA,81.586,10.0,1.0,25.56,28.602,27.424,217.0,252.0,282.0,284.0,False,MEDIUM,10.0,True,McLaren,1,5.0,True,Emilia Romagna,2024,False
PIA,81.191,11.0,1.0,25.407,28.523,27.261,216.0,253.0,284.0,288.0,False,MEDIUM,11.0,True,McLaren,1,5.0,True,Emilia Romagna,2024,False
PIA,82.11,12.0,1.0,25.818,28.874,27.418,213.0,253.0,281.0,287.0,False,MEDIUM,12.0,True,McLaren,1,5.0,True,Emilia Romagna,2024,False
PIA,81.888,13.0,1.0,25.761,28.784,27.343,212.0,253.0,283.0,295.0,False,MEDIUM,13.0,True,McLaren,1,5.0,True,Emilia Romagna,2024,False
PIA,81.653,14.0,1.0,25.474,28.814,27.365,211.0,251.0,283.0,294.0,False,MEDIUM,14.0,True,McLaren,1,5.0,True,Emilia Romagna,2024,False
PIA,81.679,15.0,1.0,25.512,28.666,27.501,212.0,252.0,284.0,293.0,False,MEDIUM,15.0,True,McLaren,1,5.0,True,Emilia Romagna,2024,False
PIA,81.734,16.0,1.0,25.528,28.597,27.609,213.0,254.0,281.0,284.0,False,MEDIUM,16.0,True,McLaren,1,5.0,True,Emilia Romagna,2024,False
PIA,81.912,17.0,1.0,25.605,28.731,27.576,217.0,254.0,282.0,289.0,False,MEDIUM,17.0,True,McLaren,1,5.0,True,Emilia Romagna,2024,False
PIA,81.867,18.0,1.0,25.58,28.658,27.629,213.0,255.0,282.0,289.0,False,MEDIUM,18.0,True,McLaren,1,5.0,True,Emilia Romagna,2024,False
PIA,82.042,19.0,1.0,25.623,28.764,27.655,214.0,255.0,281.0,289.0,False,MEDIUM,19.0,True,McLaren,1,5.0,True,Emilia Romagna,2024,False
PIA,81.853,20.0,1.0,25.589,28.617,27.647,216.0,255.0,283.0,291.0,False,MEDIUM,20.0,True,McLaren,1,5.0,True,Emilia Romagna,2024,False
PIA,82.212,21.0,1.0,25.744,28.775,27.693,214.0,252.0,283.0,288.0,False,MEDIUM,21.0,True,McLaren,1,5.0,True,Emilia Romagna,2024,False
PIA,81.869,22.0,1.0,25.554,28.689,27.626,213.0,254.0,282.0,287.0,False,MEDIUM,22.0,True,McLaren,1,5.0,True,Emilia Romagna,2024,False
PIA,86.22,23.0,1.0,25.643,28.63,31.947,215.0,257.0,279.0,290.0,False,MEDIUM,23.0,True,McLaren,1,4.0,False,Emilia Romagna,2024,True
PIA,103.264,24.0,2.0,48.272,27.676,27.316,221.0,259.0,285.0,289.0,False,HARD,2.0,False,McLaren,1,8.0,False,Emilia Romagna,2024,True
PIA,79.907,25.0,2.0,24.926,28.096,26.885,222.0,257.0,281.0,287.0,True,HARD,3.0,False,McLaren,1,7.0,True,Emilia Romagna,2024,False
PIA,80.577,26.0,2.0,25.391,28.104,27.082,220.0,257.0,285.0,291.0,False,HARD,4.0,False,McLaren,1,7.0,True,Emilia Romagna,2024,False
PIA,80.785,27.0,2.0,25.525,28.102,27.158,220.0,258.0,282.0,288.0,False,HARD,5.0,False,McLaren,1,6.0,True,Emilia Romagna,2024,False
PIA,80.599,28.0,2.0,25.477,28.052,27.07,216.0,256.0,282.0,287.0,False,HARD,6.0,False,McLaren,1,4.0,True,Emilia Romagna,2024,False
PIA,80.313,29.0,2.0,25.351,28.044,26.918,220.0,257.0,283.0,290.0,False,HARD,7.0,False,McLaren,1,4.0,True,Emilia Romagna,2024,False
PIA,80.578,30.0,2.0,25.212,28.281,27.085,219.0,257.0,281.0,293.0,False,HARD,8.0,False,McLaren,1,4.0,True,Emilia Romagna,2024,False
PIA,80.728,31.0,2.0,25.478,28.107,27.143,219.0,257.0,282.0,292.0,False,HARD,9.0,False,McLaren,1,4.0,True,Emilia Romagna,2024,False
PIA,80.839,32.0,2.0,25.386,28.329,27.124,215.0,258.0,281.0,290.0,False,HARD,10.0,False,McLaren,1,4.0,True,Emilia Romagna,2024,False
PIA,80.701,33.0,2.0,25.478,28.158,27.065,219.0,257.0,282.0,292.0,False,HARD,11.0,False,McLaren,1,4.0,True,Emilia Romagna,2024,False
PIA,80.96,34.0,2.0,25.528,28.316,27.116,219.0,258.0,282.0,293.0,False,HARD,12.0,False,McLaren,1,4.0,True,Emilia Romagna,2024,False
PIA,80.913,35.0,2.0,25.551,28.292,27.07,217.0,258.0,281.0,291.0,False,HARD,13.0,False,McLaren,1,4.0,True,Emilia Romagna,2024,False
PIA,80.684,36.0,2.0,25.495,28.158,27.031,219.0,258.0,284.0,292.0,False,HARD,14.0,False,McLaren,1,4.0,True,Emilia Romagna,2024,False
PIA,80.587,37.0,2.0,25.371,28.189,27.027,220.0,257.0,284.0,291.0,False,HARD,15.0,False,McLaren,1,4.0,True,Emilia Romagna,2024,False
PIA,80.499,38.0,2.0,25.338,28.08,27.081,220.0,258.0,282.0,291.0,False,HARD,16.0,False,McLaren,1,4.0,True,Emilia Romagna,2024,False
PIA,80.801,39.0,2.0,25.396,28.272,27.133,220.0,259.0,283.0,293.0,False,HARD,17.0,False,McLaren,1,4.0,True,Emilia Romagna,2024,False
PIA,81.001,40.0,2.0,25.402,28.248,27.351,220.0,259.0,282.0,291.0,False,HARD,18.0,False,McLaren,1,4.0,True,Emilia Romagna,2024,False
PIA,80.966,41.0,2.0,25.341,28.36,27.265,221.0,256.0,283.0,291.0,False,HARD,19.0,False,McLaren,1,4.0,True,Emilia Romagna,2024,False
PIA,81.122,42.0,2.0,25.491,28.355,27.276,217.0,257.0,283.0,291.0,False,HARD,20.0,False,McLaren,1,4.0,True,Emilia Romagna,2024,False
PIA,81.333,43.0,2.0,25.566,28.368,27.399,220.0,258.0,284.0,293.0,False,HARD,21.0,False,McLaren,1,4.0,True,Emilia Romagna,2024,False
PIA,80.843,44.0,2.0,25.351,28.335,27.157,219.0,258.0,283.0,291.0,False,HARD,22.0,False,McLaren,1,4.0,True,Emilia Romagna,2024,False
PIA,80.888,45.0,2.0,25.448,28.328,27.112,218.0,259.0,283.0,291.0,False,HARD,23.0,False,McLaren,1,4.0,True,Emilia Romagna,2024,False
PIA,81.038,46.0,2.0,25.329,28.469,27.24,214.0,259.0,284.0,292.0,False,HARD,24.0,False,McLaren,1,4.0,True,Emilia Romagna,2024,False
PIA,81.485,47.0,2.0,25.512,28.557,27.416,217.0,259.0,283.0,292.0,False,HARD,25.0,False,McLaren,1,4.0,True,Emilia Romagna,2024,False
PIA,81.416,48.0,2.0,25.545,28.585,27.286,218.0,258.0,284.0,299.0,False,HARD,26.0,False,McLaren,1,4.0,True,Emilia Romagna,2024,False
PIA,81.309,49.0,2.0,25.508,28.521,27.28,221.0,258.0,283.0,294.0,False,HARD,27.0,False,McLaren,1,4.0,True,Emilia Romagna,2024,False
PIA,80.979,50.0,2.0,25.3,28.412,27.267,220.0,259.0,284.0,295.0,False,HARD,28.0,False,McLaren,1,4.0,True,Emilia Romagna,2024,False
PIA,81.203,51.0,2.0,25.443,28.61,27.15,219.0,258.0,282.0,291.0,False,HARD,29.0,False,McLaren,1,4.0,True,Emilia Romagna,2024,False
PIA,80.777,52.0,2.0,25.364,28.354,27.059,219.0,259.0,283.0,292.0,False,HARD,30.0,False,McLaren,1,4.0,True,Emilia Romagna,2024,False
PIA,80.699,53.0,2.0,25.374,28.266,27.059,216.0,255.0,282.0,287.0,False,HARD,31.0,False,McLaren,1,4.0,True,Emilia Romagna,2024,False
PIA,80.413,54.0,2.0,25.296,28.077,27.04,220.0,259.0,283.0,289.0,False,HARD,32.0,False,McLaren,1,4.0,True,Emilia Romagna,2024,False
PIA,80.394,55.0,2.0,25.319,28.106,26.969,220.0,259.0,285.0,288.0,False,HARD,33.0,False,McLaren,1,4.0,True,Emilia Romagna,2024,False
PIA,80.44,56.0,2.0,25.336,28.048,27.056,219.0,262.0,285.0,290.0,False,HARD,34.0,False,McLaren,1,4.0,True,Emilia Romagna,2024,False
PIA,80.602,57.0,2.0,25.438,28.107,27.057,218.0,261.0,283.0,292.0,False,HARD,35.0,False,McLaren,1,4.0,True,Emilia Romagna,2024,False
PIA,80.698,58.0,2.0,25.338,28.361,26.999,218.0,260.0,282.0,291.0,False,HARD,36.0,False,McLaren,1,4.0,True,Emilia Romagna,2024,False
PIA,80.288,59.0,2.0,25.328,28.003,26.957,221.0,260.0,284.0,292.0,False,HARD,37.0,False,McLaren,1,4.0,True,Emilia Romagna,2024,False
PIA,80.649,60.0,2.0,25.357,28.172,27.12,220.0,259.0,284.0,291.0,False,HARD,38.0,False,McLaren,1,4.0,True,Emilia Romagna,2024,False
PIA,80.982,61.0,2.0,25.424,28.357,27.201,221.0,259.0,283.0,290.0,False,HARD,39.0,False,McLaren,1,4.0,True,Emilia Romagna,2024,False
PIA,80.599,62.0,2.0,25.376,28.104,27.119,221.0,260.0,282.0,291.0,False,HARD,40.0,False,McLaren,1,4.0,True,Emilia Romagna,2024,False
PIA,80.8,63.0,2.0,25.461,28.263,27.076,221.0,260.0,282.0,290.0,False,HARD,41.0,False,McLaren,1,4.0,True,Emilia Romagna,2024,False
SAI,81.102,2.0,1.0,25.799,28.232,27.071,215.0,255.0,280.0,282.0,True,MEDIUM,2.0,True,Ferrari,1,4.0,True,Emilia Romagna,2024,False
SAI,80.966,3.0,1.0,25.426,28.351,27.189,214.0,253.0,279.0,285.0,True,MEDIUM,3.0,True,Ferrari,1,4.0,True,Emilia Romagna,2024,False
SAI,81.341,4.0,1.0,25.575,28.536,27.23,211.0,254.0,279.0,296.0,False,MEDIUM,4.0,True,Ferrari,1,4.0,True,Emilia Romagna,2024,False
SAI,81.276,5.0,1.0,25.581,28.392,27.303,213.0,250.0,278.0,295.0,False,MEDIUM,5.0,True,Ferrari,1,4.0,True,Emilia Romagna,2024,False
SAI,81.16,6.0,1.0,25.608,28.439,27.113,209.0,251.0,278.0,286.0,False,MEDIUM,6.0,True,Ferrari,1,4.0,True,Emilia Romagna,2024,False
SAI,81.236,7.0,1.0,25.72,28.449,27.067,213.0,251.0,279.0,285.0,False,MEDIUM,7.0,True,Ferrari,1,4.0,True,Emilia Romagna,2024,False
SAI,81.431,8.0,1.0,25.902,28.452,27.077,209.0,249.0,279.0,283.0,False,MEDIUM,8.0,True,Ferrari,1,4.0,True,Emilia Romagna,2024,False
SAI,81.493,9.0,1.0,25.757,28.479,27.257,213.0,248.0,277.0,283.0,False,MEDIUM,9.0,True,Ferrari,1,4.0,True,Emilia Romagna,2024,False
SAI,81.586,10.0,1.0,25.842,28.562,27.182,211.0,249.0,278.0,282.0,False,MEDIUM,10.0,True,Ferrari,1,4.0,True,Emilia Romagna,2024,False
SAI,81.316,11.0,1.0,25.753,28.376,27.187,212.0,250.0,279.0,284.0,False,MEDIUM,11.0,True,Ferrari,1,4.0,True,Emilia Romagna,2024,False
SAI,81.9,12.0,1.0,25.962,28.594,27.344,210.0,247.0,277.0,282.0,False,MEDIUM,12.0,True,Ferrari,1,4.0,True,Emilia Romagna,2024,False
SAI,81.747,13.0,1.0,25.908,28.564,27.275,212.0,249.0,277.0,283.0,False,MEDIUM,13.0,True,Ferrari,1,4.0,True,Emilia Romagna,2024,False
SAI,81.638,14.0,1.0,25.746,28.533,27.359,210.0,251.0,276.0,283.0,False,MEDIUM,14.0,True,Ferrari,1,4.0,True,Emilia Romagna,2024,False
SAI,81.61,15.0,1.0,25.825,28.551,27.234,213.0,251.0,278.0,284.0,False,MEDIUM,15.0,True,Ferrari,1,4.0,True,Emilia Romagna,2024,False
SAI,81.671,16.0,1.0,25.755,28.479,27.437,212.0,252.0,278.0,282.0,False,MEDIUM,16.0,True,Ferrari,1,4.0,True,Emilia Romagna,2024,False
SAI,82.173,17.0,1.0,25.919,28.715,27.539,209.0,249.0,277.0,283.0,False,MEDIUM,17.0,True,Ferrari,1,4.0,True,Emilia Romagna,2024,False
SAI,81.738,18.0,1.0,25.892,28.461,27.385,213.0,253.0,278.0,287.0,False,MEDIUM,18.0,True,Ferrari,1,4.0,True,Emilia Romagna,2024,False
SAI,82.113,19.0,1.0,25.943,28.697,27.473,211.0,251.0,276.0,285.0,False,MEDIUM,19.0,True,Ferrari,1,4.0,True,Emilia Romagna,2024,False
SAI,82.025,20.0,1.0,25.948,28.574,27.503,213.0,252.0,277.0,286.0,False,MEDIUM,20.0,True,Ferrari,1,4.0,True,Emilia Romagna,2024,False
SAI,82.006,21.0,1.0,25.989,28.64,27.377,210.0,252.0,278.0,284.0,False,MEDIUM,21.0,True,Ferrari,1,4.0,True,Emilia Romagna,2024,False
SAI,81.926,22.0,1.0,25.842,28.606,27.478,212.0,254.0,276.0,285.0,False,MEDIUM,22.0,True,Ferrari,1,4.0,True,Emilia Romagna,2024,False
SAI,81.812,23.0,1.0,25.812,28.684,27.316,213.0,254.0,278.0,287.0,False,MEDIUM,23.0,True,Ferrari,1,3.0,True,Emilia Romagna,2024,False
SAI,81.773,24.0,1.0,25.847,28.629,27.297,208.0,256.0,278.0,287.0,False,MEDIUM,24.0,True,Ferrari,1,3.0,True,Emilia Romagna,2024,False
SAI,81.468,25.0,1.0,25.683,28.588,27.197,214.0,256.0,278.0,287.0,False,MEDIUM,25.0,True,Ferrari,1,1.0,True,Emilia Romagna,2024,False
SAI,81.588,26.0,1.0,25.685,28.57,27.333,213.0,255.0,277.0,284.0,False,MEDIUM,26.0,True,Ferrari,1,1.0,True,Emilia Romagna,2024,False
SAI,86.35,27.0,1.0,25.836,28.607,31.907,215.0,253.0,279.0,282.0,False,MEDIUM,27.0,True,Ferrari,1,1.0,False,Emilia Romagna,2024,True
SAI,104.128,28.0,2.0,49.013,28.032,27.083,214.0,252.0,278.0,282.0,False,HARD,1.0,True,Ferrari,1,6.0,False,Emilia Romagna,2024,True
SAI,81.597,29.0,2.0,25.625,28.243,27.729,214.0,253.0,282.0,289.0,False,HARD,2.0,True,Ferrari,1,6.0,True,Emilia Romagna,2024,False
SAI,80.648,30.0,2.0,25.592,28.12,26.936,215.0,253.0,276.0,283.0,True,HARD,3.0,True,Ferrari,1,5.0,True,Emilia Romagna,2024,False
SAI,80.652,31.0,2.0,25.536,28.165,26.951,214.0,252.0,278.0,284.0,False,HARD,4.0,True,Ferrari,1,5.0,True,Emilia Romagna,2024,False
SAI,80.636,32.0,2.0,25.582,28.186,26.868,213.0,252.0,278.0,284.0,True,HARD,5.0,True,Ferrari,1,5.0,True,Emilia Romagna,2024,False
SAI,80.724,33.0,2.0,25.664,28.187,26.873,214.0,251.0,279.0,285.0,False,HARD,6.0,True,Ferrari,1,5.0,True,Emilia Romagna,2024,False
SAI,80.848,34.0,2.0,25.813,28.182,26.853,216.0,254.0,279.0,286.0,False,HARD,7.0,True,Ferrari,1,5.0,True,Emilia Romagna,2024,False
SAI,80.705,35.0,2.0,25.599,28.224,26.882,214.0,253.0,279.0,285.0,False,HARD,8.0,True,Ferrari,1,5.0,True,Emilia Romagna,2024,False
SAI,80.849,36.0,2.0,25.587,28.323,26.939,216.0,254.0,280.0,286.0,False,HARD,9.0,True,Ferrari,1,5.0,True,Emilia Romagna,2024,False
SAI,80.466,37.0,2.0,25.463,28.2,26.803,217.0,255.0,280.0,286.0,True,HARD,10.0,True,Ferrari,1,5.0,True,Emilia Romagna,2024,False
SAI,80.496,38.0,2.0,25.43,28.162,26.904,215.0,254.0,279.0,286.0,False,HARD,11.0,True,Ferrari,1,5.0,True,Emilia Romagna,2024,False
SAI,80.531,39.0,2.0,25.623,28.016,26.892,217.0,255.0,280.0,287.0,False,HARD,12.0,True,Ferrari,1,5.0,True,Emilia Romagna,2024,False
SAI,80.519,40.0,2.0,25.478,27.998,27.043,218.0,256.0,280.0,287.0,False,HARD,13.0,True,Ferrari,1,5.0,True,Emilia Romagna,2024,False
SAI,80.615,41.0,2.0,25.452,28.173,26.99,216.0,253.0,278.0,286.0,False,HARD,14.0,True,Ferrari,1,5.0,True,Emilia Romagna,2024,False
SAI,80.667,42.0,2.0,25.415,28.121,27.131,218.0,255.0,279.0,287.0,False,HARD,15.0,True,Ferrari,1,5.0,True,Emilia Romagna,2024,False
SAI,80.701,43.0,2.0,25.498,28.129,27.074,219.0,256.0,281.0,288.0,False,HARD,16.0,True,Ferrari,1,5.0,True,Emilia Romagna,2024,False
SAI,81.066,44.0,2.0,25.409,28.371,27.286,216.0,254.0,281.0,288.0,False,HARD,17.0,True,Ferrari,1,5.0,True,Emilia Romagna,2024,False
SAI,81.256,45.0,2.0,25.883,28.288,27.085,205.0,257.0,280.0,287.0,False,HARD,18.0,True,Ferrari,1,5.0,True,Emilia Romagna,2024,False
SAI,81.064,46.0,2.0,25.563,28.35,27.151,213.0,256.0,280.0,287.0,False,HARD,19.0,True,Ferrari,1,5.0,True,Emilia Romagna,2024,False
SAI,82.064,47.0,2.0,26.583,28.385,27.096,214.0,254.0,280.0,286.0,False,HARD,20.0,True,Ferrari,1,5.0,True,Emilia Romagna,2024,False
SAI,80.999,48.0,2.0,25.668,28.377,26.954,214.0,254.0,281.0,286.0,False,HARD,21.0,True,Ferrari,1,5.0,True,Emilia Romagna,2024,False
SAI,80.737,49.0,2.0,25.518,28.208,27.011,216.0,255.0,281.0,290.0,False,HARD,22.0,True,Ferrari,1,5.0,True,Emilia Romagna,2024,False
SAI,80.988,50.0,2.0,25.561,28.276,27.151,217.0,257.0,282.0,289.0,False,HARD,23.0,True,Ferrari,1,5.0,True,Emilia Romagna,2024,False
SAI,81.748,51.0,2.0,25.751,28.736,27.261,214.0,255.0,283.0,289.0,False,HARD,24.0,True,Ferrari,1,5.0,True,Emilia Romagna,2024,False
SAI,81.601,52.0,2.0,25.625,28.669,27.307,210.0,253.0,281.0,290.0,False,HARD,25.0,True,Ferrari,1,5.0,True,Emilia Romagna,2024,False
SAI,81.238,53.0,2.0,25.797,28.419,27.022,213.0,257.0,279.0,289.0,False,HARD,26.0,True,Ferrari,1,5.0,True,Emilia Romagna,2024,False
SAI,80.827,54.0,2.0,25.623,28.23,26.974,215.0,256.0,281.0,286.0,False,HARD,27.0,True,Ferrari,1,5.0,True,Emilia Romagna,2024,False
SAI,80.803,55.0,2.0,25.602,28.276,26.925,215.0,255.0,283.0,286.0,False,HARD,28.0,True,Ferrari,1,5.0,True,Emilia Romagna,2024,False
SAI,80.959,56.0,2.0,25.537,28.233,27.189,217.0,259.0,281.0,288.0,False,HARD,29.0,True,Ferrari,1,5.0,True,Emilia Romagna,2024,False
SAI,80.759,57.0,2.0,25.59,28.203,26.966,216.0,256.0,280.0,288.0,False,HARD,30.0,True,Ferrari,1,5.0,True,Emilia Romagna,2024,False
SAI,80.792,58.0,2.0,25.53,28.34,26.922,214.0,257.0,279.0,287.0,False,HARD,31.0,True,Ferrari,1,5.0,True,Emilia Romagna,2024,False
SAI,80.74,59.0,2.0,25.603,28.216,26.921,217.0,255.0,281.0,288.0,False,HARD,32.0,True,Ferrari,1,5.0,True,Emilia Romagna,2024,False
SAI,80.992,60.0,2.0,25.567,28.316,27.109,217.0,256.0,282.0,289.0,False,HARD,33.0,True,Ferrari,1,5.0,True,Emilia Romagna,2024,False
SAI,81.378,61.0,2.0,25.653,28.53,27.195,215.0,255.0,281.0,287.0,False,HARD,34.0,True,Ferrari,1,5.0,True,Emilia Romagna,2024,False
SAI,80.97,62.0,2.0,25.594,28.275,27.101,217.0,259.0,280.0,291.0,False,HARD,35.0,True,Ferrari,1,5.0,True,Emilia Romagna,2024,False
SAI,80.22,63.0,2.0,25.443,28.097,26.68,211.0,259.0,281.0,297.0,True,HARD,36.0,True,Ferrari,1,5.0,True,Emilia Romagna,2024,False
HAM,81.841,2.0,1.0,25.975,28.537,27.329,215.0,254.0,278.0,280.0,True,MEDIUM,2.0,True,Mercedes,1,7.0,True,Emilia Romagna,2024,False
HAM,81.222,3.0,1.0,25.398,28.589,27.235,213.0,251.0,276.0,282.0,True,MEDIUM,3.0,True,Mercedes,1,7.0,True,Emilia Romagna,2024,False
HAM,81.715,4.0,1.0,25.826,28.58,27.309,215.0,252.0,276.0,282.0,False,MEDIUM,4.0,True,Mercedes,1,7.0,True,Emilia Romagna,2024,False
HAM,81.544,5.0,1.0,25.532,28.695,27.317,211.0,247.0,276.0,280.0,False,MEDIUM,5.0,True,Mercedes,1,7.0,True,Emilia Romagna,2024,False
HAM,81.569,6.0,1.0,25.783,28.501,27.285,213.0,253.0,276.0,284.0,False,MEDIUM,6.0,True,Mercedes,1,7.0,True,Emilia Romagna,2024,False
HAM,81.446,7.0,1.0,25.82,28.323,27.303,214.0,251.0,276.0,285.0,False,MEDIUM,7.0,True,Mercedes,1,7.0,True,Emilia Romagna,2024,False
HAM,81.593,8.0,1.0,25.803,28.446,27.344,212.0,249.0,277.0,284.0,False,MEDIUM,8.0,True,Mercedes,1,7.0,True,Emilia Romagna,2024,False
HAM,81.51,9.0,1.0,25.861,28.431,27.218,216.0,254.0,277.0,286.0,False,MEDIUM,9.0,True,Mercedes,1,7.0,True,Emilia Romagna,2024,False
HAM,81.544,10.0,1.0,25.769,28.407,27.368,213.0,255.0,277.0,283.0,False,MEDIUM,10.0,True,Mercedes,1,7.0,True,Emilia Romagna,2024,False
HAM,81.472,11.0,1.0,25.435,28.661,27.376,213.0,251.0,277.0,283.0,False,MEDIUM,11.0,True,Mercedes,1,7.0,True,Emilia Romagna,2024,False
HAM,81.756,12.0,1.0,25.88,28.577,27.299,213.0,252.0,277.0,284.0,False,MEDIUM,12.0,True,Mercedes,1,7.0,True,Emilia Romagna,2024,False
HAM,81.767,13.0,1.0,25.89,28.581,27.296,213.0,252.0,277.0,289.0,False,MEDIUM,13.0,True,Mercedes,1,7.0,True,Emilia Romagna,2024,False
HAM,82.08,14.0,1.0,25.91,28.53,27.64,208.0,251.0,275.0,283.0,False,MEDIUM,14.0,True,Mercedes,1,7.0,True,Emilia Romagna,2024,False
HAM,81.729,15.0,1.0,25.736,28.561,27.432,214.0,255.0,278.0,286.0,False,MEDIUM,15.0,True,Mercedes,1,7.0,True,Emilia Romagna,2024,False
HAM,82.199,16.0,1.0,25.837,28.614,27.748,213.0,252.0,278.0,284.0,False,MEDIUM,16.0,True,Mercedes,1,7.0,True,Emilia Romagna,2024,False
HAM,81.846,17.0,1.0,25.745,28.459,27.642,214.0,253.0,276.0,285.0,False,MEDIUM,17.0,True,Mercedes,1,7.0,True,Emilia Romagna,2024,False
HAM,82.02,18.0,1.0,25.94,28.628,27.452,211.0,253.0,278.0,285.0,False,MEDIUM,18.0,True,Mercedes,1,7.0,True,Emilia Romagna,2024,False
HAM,81.974,19.0,1.0,25.799,28.617,27.558,214.0,253.0,277.0,284.0,False,MEDIUM,19.0,True,Mercedes,1,7.0,True,Emilia Romagna,2024,False
HAM,82.222,20.0,1.0,25.837,28.636,27.749,213.0,253.0,275.0,286.0,False,MEDIUM,20.0,True,Mercedes,1,7.0,True,Emilia Romagna,2024,False
HAM,82.275,21.0,1.0,25.983,28.65,27.642,212.0,252.0,278.0,287.0,False,MEDIUM,21.0,True,Mercedes,1,6.0,True,Emilia Romagna,2024,False
HAM,81.846,22.0,1.0,25.746,28.636,27.464,212.0,253.0,277.0,282.0,False,MEDIUM,22.0,True,Mercedes,1,6.0,True,Emilia Romagna,2024,False
HAM,81.561,23.0,1.0,25.73,28.493,27.338,216.0,254.0,277.0,284.0,False,MEDIUM,23.0,True,Mercedes,1,5.0,True,Emilia Romagna,2024,False
HAM,82.345,24.0,1.0,25.735,29.206,27.404,212.0,253.0,277.0,283.0,False,MEDIUM,24.0,True,Mercedes,1,4.0,True,Emilia Romagna,2024,False
HAM,81.492,25.0,1.0,25.732,28.516,27.244,215.0,255.0,278.0,285.0,False,MEDIUM,25.0,True,Mercedes,1,3.0,True,Emilia Romagna,2024,False
HAM,86.346,26.0,1.0,25.873,32.145,28.328,213.0,213.0,277.0,291.0,False,MEDIUM,26.0,True,Mercedes,1,2.0,True,Emilia Romagna,2024,True
HAM,86.215,27.0,1.0,25.439,28.833,31.943,210.0,245.0,279.0,278.0,False,MEDIUM,27.0,True,Mercedes,1,3.0,False,Emilia Romagna,2024,True
HAM,103.406,28.0,2.0,48.223,28.219,26.964,213.0,254.0,277.0,280.0,False,HARD,1.0,True,Mercedes,1,9.0,False,Emilia Romagna,2024,True
HAM,80.593,29.0,2.0,25.505,28.123,26.965,217.0,253.0,277.0,282.0,True,HARD,2.0,True,Mercedes,1,9.0,True,Emilia Romagna,2024,False
HAM,80.586,30.0,2.0,25.537,28.089,26.96,215.0,252.0,279.0,284.0,True,HARD,3.0,True,Mercedes,1,9.0,True,Emilia Romagna,2024,False
HAM,81.737,31.0,2.0,25.692,28.674,27.371,214.0,256.0,276.0,284.0,False,HARD,4.0,True,Mercedes,1,8.0,True,Emilia Romagna,2024,False
HAM,81.16,32.0,2.0,25.67,28.3,27.19,214.0,252.0,278.0,282.0,False,HARD,5.0,True,Mercedes,1,8.0,True,Emilia Romagna,2024,False
HAM,80.942,33.0,2.0,25.705,28.188,27.049,216.0,257.0,279.0,285.0,False,HARD,6.0,True,Mercedes,1,8.0,True,Emilia Romagna,2024,False
HAM,80.964,34.0,2.0,25.57,28.263,27.131,218.0,257.0,282.0,287.0,False,HARD,7.0,True,Mercedes,1,8.0,True,Emilia Romagna,2024,False
HAM,82.165,35.0,2.0,25.728,28.898,27.539,209.0,255.0,282.0,286.0,False,HARD,8.0,True,Mercedes,1,8.0,True,Emilia Romagna,2024,False
HAM,83.058,36.0,2.0,26.525,28.968,27.565,211.0,253.0,283.0,283.0,False,HARD,9.0,True,Mercedes,1,8.0,True,Emilia Romagna,2024,False
HAM,80.748,37.0,2.0,25.191,28.36,27.197,208.0,251.0,278.0,279.0,False,HARD,10.0,True,Mercedes,1,7.0,True,Emilia Romagna,2024,False
HAM,80.546,38.0,2.0,25.56,28.108,26.878,219.0,255.0,279.0,289.0,True,HARD,11.0,True,Mercedes,1,7.0,True,Emilia Romagna,2024,False
HAM,80.677,39.0,2.0,25.642,28.132,26.903,217.0,256.0,280.0,285.0,False,HARD,12.0,True,Mercedes,1,7.0,True,Emilia Romagna,2024,False
HAM,80.837,40.0,2.0,25.587,28.161,27.089,214.0,252.0,279.0,281.0,False,HARD,13.0,True,Mercedes,1,7.0,True,Emilia Romagna,2024,False
HAM,80.639,41.0,2.0,25.484,28.126,27.029,216.0,255.0,278.0,282.0,False,HARD,14.0,True,Mercedes,1,7.0,True,Emilia Romagna,2024,False
HAM,80.434,42.0,2.0,25.547,27.982,26.905,216.0,256.0,280.0,285.0,True,HARD,15.0,True,Mercedes,1,7.0,True,Emilia Romagna,2024,False
HAM,80.331,43.0,2.0,25.443,27.961,26.927,218.0,258.0,281.0,285.0,True,HARD,16.0,True,Mercedes,1,7.0,True,Emilia Romagna,2024,False
HAM,80.843,44.0,2.0,25.507,28.267,27.069,206.0,258.0,280.0,284.0,False,HARD,17.0,True,Mercedes,1,7.0,True,Emilia Romagna,2024,False
HAM,80.581,45.0,2.0,25.454,28.199,26.928,213.0,257.0,280.0,285.0,False,HARD,18.0,True,Mercedes,1,7.0,True,Emilia Romagna,2024,False
HAM,80.944,46.0,2.0,25.593,28.296,27.055,211.0,258.0,280.0,287.0,False,HARD,19.0,True,Mercedes,1,7.0,True,Emilia Romagna,2024,False
HAM,81.069,47.0,2.0,25.578,28.403,27.088,214.0,257.0,280.0,284.0,False,HARD,20.0,True,Mercedes,1,7.0,True,Emilia Romagna,2024,False
HAM,80.921,48.0,2.0,25.556,28.348,27.017,212.0,255.0,280.0,283.0,False,HARD,21.0,True,Mercedes,1,7.0,True,Emilia Romagna,2024,False
HAM,81.182,49.0,2.0,25.576,28.49,27.116,216.0,256.0,280.0,286.0,False,HARD,22.0,True,Mercedes,1,7.0,True,Emilia Romagna,2024,False
HAM,80.698,50.0,2.0,25.379,28.223,27.096,216.0,255.0,281.0,284.0,False,HARD,23.0,True,Mercedes,1,7.0,True,Emilia Romagna,2024,False
HAM,80.776,51.0,2.0,25.481,28.319,26.976,218.0,258.0,281.0,287.0,False,HARD,24.0,True,Mercedes,1,7.0,True,Emilia Romagna,2024,False
HAM,81.176,52.0,2.0,25.58,28.336,27.26,215.0,257.0,282.0,287.0,False,HARD,25.0,True,Mercedes,1,6.0,True,Emilia Romagna,2024,False
HAM,81.415,53.0,2.0,25.781,28.426,27.208,211.0,258.0,280.0,286.0,False,HARD,26.0,True,Mercedes,1,6.0,True,Emilia Romagna,2024,False
HAM,80.841,54.0,2.0,25.607,28.141,27.093,216.0,259.0,281.0,286.0,False,HARD,27.0,True,Mercedes,1,6.0,True,Emilia Romagna,2024,False
HAM,81.027,55.0,2.0,25.617,28.264,27.146,213.0,257.0,282.0,284.0,False,HARD,28.0,True,Mercedes,1,6.0,True,Emilia Romagna,2024,False
HAM,81.297,56.0,2.0,25.576,28.333,27.388,215.0,260.0,282.0,288.0,False,HARD,29.0,True,Mercedes,1,6.0,True,Emilia Romagna,2024,False
HAM,81.664,57.0,2.0,25.56,28.796,27.308,214.0,259.0,283.0,287.0,False,HARD,30.0,True,Mercedes,1,6.0,True,Emilia Romagna,2024,False
HAM,81.561,58.0,2.0,25.581,28.845,27.135,213.0,255.0,278.0,283.0,False,HARD,31.0,True,Mercedes,1,6.0,True,Emilia Romagna,2024,False
HAM,80.649,59.0,2.0,25.552,28.086,27.011,217.0,258.0,279.0,285.0,False,HARD,32.0,True,Mercedes,1,6.0,True,Emilia Romagna,2024,False
HAM,80.629,60.0,2.0,25.539,28.241,26.849,218.0,257.0,280.0,286.0,False,HARD,33.0,True,Mercedes,1,6.0,True,Emilia Romagna,2024,False
HAM,80.726,61.0,2.0,25.481,28.187,27.058,216.0,256.0,279.0,284.0,False,HARD,34.0,True,Mercedes,1,6.0,True,Emilia Romagna,2024,False
HAM,80.645,62.0,2.0,25.562,28.179,26.904,220.0,258.0,279.0,293.0,False,HARD,35.0,True,Mercedes,1,6.0,True,Emilia Romagna,2024,False
HAM,80.649,63.0,2.0,25.518,28.178,26.953,216.0,259.0,277.0,285.0,False,HARD,36.0,True,Mercedes,1,6.0,True,Emilia Romagna,2024,False
RUS,81.562,2.0,1.0,25.92,28.359,27.283,213.0,253.0,278.0,292.0,True,MEDIUM,2.0,True,Mercedes,1,6.0,True,Emilia Romagna,2024,False
RUS,81.135,3.0,1.0,25.452,28.312,27.371,214.0,248.0,276.0,290.0,True,MEDIUM,3.0,True,Mercedes,1,6.0,True,Emilia Romagna,2024,False
RUS,81.628,4.0,1.0,25.851,28.425,27.352,214.0,250.0,275.0,291.0,False,MEDIUM,4.0,True,Mercedes,1,6.0,True,Emilia Romagna,2024,False
RUS,81.475,5.0,1.0,25.828,28.184,27.463,214.0,253.0,276.0,275.0,False,MEDIUM,5.0,True,Mercedes,1,6.0,True,Emilia Romagna,2024,False
RUS,81.492,6.0,1.0,25.892,28.357,27.243,213.0,252.0,276.0,283.0,False,MEDIUM,6.0,True,Mercedes,1,6.0,True,Emilia Romagna,2024,False
RUS,81.267,7.0,1.0,25.77,28.188,27.309,217.0,252.0,276.0,286.0,False,MEDIUM,7.0,True,Mercedes,1,6.0,True,Emilia Romagna,2024,False
RUS,81.375,8.0,1.0,25.836,28.198,27.341,214.0,252.0,276.0,287.0,False,MEDIUM,8.0,True,Mercedes,1,6.0,True,Emilia Romagna,2024,False
RUS,81.591,9.0,1.0,25.792,28.372,27.427,217.0,252.0,276.0,286.0,False,MEDIUM,9.0,True,Mercedes,1,6.0,True,Emilia Romagna,2024,False
RUS,81.596,10.0,1.0,25.817,28.303,27.476,216.0,253.0,276.0,285.0,False,MEDIUM,10.0,True,Mercedes,1,6.0,True,Emilia Romagna,2024,False
RUS,81.466,11.0,1.0,25.752,28.359,27.355,214.0,254.0,277.0,286.0,False,MEDIUM,11.0,True,Mercedes,1,6.0,True,Emilia Romagna,2024,False
RUS,81.82,12.0,1.0,25.955,28.461,27.404,212.0,253.0,277.0,286.0,False,MEDIUM,12.0,True,Mercedes,1,6.0,True,Emilia Romagna,2024,False
RUS,81.867,13.0,1.0,26.007,28.454,27.406,213.0,252.0,277.0,288.0,False,MEDIUM,13.0,True,Mercedes,1,6.0,True,Emilia Romagna,2024,False
RUS,81.818,14.0,1.0,25.882,28.326,27.61,214.0,254.0,275.0,287.0,False,MEDIUM,14.0,True,Mercedes,1,6.0,True,Emilia Romagna,2024,False
RUS,81.844,15.0,1.0,25.925,28.362,27.557,213.0,253.0,278.0,286.0,False,MEDIUM,15.0,True,Mercedes,1,6.0,True,Emilia Romagna,2024,False
RUS,81.767,16.0,1.0,25.841,28.364,27.562,214.0,253.0,278.0,285.0,False,MEDIUM,16.0,True,Mercedes,1,6.0,True,Emilia Romagna,2024,False
RUS,81.991,17.0,1.0,25.929,28.439,27.623,214.0,252.0,277.0,287.0,False,MEDIUM,17.0,True,Mercedes,1,6.0,True,Emilia Romagna,2024,False
RUS,82.208,18.0,1.0,26.004,28.494,27.71,212.0,252.0,278.0,287.0,False,MEDIUM,18.0,True,Mercedes,1,6.0,True,Emilia Romagna,2024,False
RUS,82.03,19.0,1.0,25.967,28.399,27.664,213.0,251.0,276.0,286.0,False,MEDIUM,19.0,True,Mercedes,1,6.0,True,Emilia Romagna,2024,False
RUS,82.215,20.0,1.0,25.983,28.547,27.685,213.0,251.0,276.0,286.0,False,MEDIUM,20.0,True,Mercedes,1,6.0,True,Emilia Romagna,2024,False
RUS,86.88,21.0,1.0,26.123,28.523,32.234,215.0,253.0,279.0,287.0,False,MEDIUM,21.0,True,Mercedes,1,7.0,False,Emilia Romagna,2024,True
RUS,104.938,22.0,2.0,48.506,28.71,27.722,214.0,251.0,283.0,283.0,False,HARD,1.0,True,Mercedes,1,10.0,False,Emilia Romagna,2024,True
RUS,80.669,23.0,2.0,25.533,28.153,26.983,212.0,250.0,278.0,283.0,True,HARD,2.0,True,Mercedes,1,9.0,True,Emilia Romagna,2024,False
RUS,80.975,24.0,2.0,25.727,28.011,27.237,216.0,254.0,278.0,284.0,False,HARD,3.0,True,Mercedes,1,9.0,True,Emilia Romagna,2024,False
RUS,80.951,25.0,2.0,25.662,28.131,27.158,215.0,256.0,280.0,282.0,False,HARD,4.0,True,Mercedes,1,9.0,True,Emilia Romagna,2024,False
RUS,81.655,26.0,2.0,25.757,28.285,27.613,216.0,258.0,282.0,295.0,False,HARD,5.0,True,Mercedes,1,9.0,True,Emilia Romagna,2024,False
RUS,80.736,27.0,2.0,25.311,28.106,27.319,215.0,253.0,278.0,292.0,False,HARD,6.0,True,Mercedes,1,8.0,True,Emilia Romagna,2024,False
RUS,81.628,28.0,2.0,25.973,28.286,27.369,213.0,255.0,278.0,285.0,False,HARD,7.0,True,Mercedes,1,7.0,True,Emilia Romagna,2024,False
RUS,81.444,29.0,2.0,25.612,28.374,27.458,215.0,252.0,279.0,286.0,False,HARD,8.0,True,Mercedes,1,7.0,True,Emilia Romagna,2024,False
RUS,82.098,30.0,2.0,25.987,28.454,27.657,214.0,256.0,282.0,298.0,False,HARD,9.0,True,Mercedes,1,7.0,True,Emilia Romagna,2024,False
RUS,81.517,31.0,2.0,25.855,28.23,27.432,214.0,251.0,277.0,285.0,False,HARD,10.0,True,Mercedes,1,6.0,True,Emilia Romagna,2024,False
RUS,81.116,32.0,2.0,25.808,28.143,27.165,213.0,255.0,278.0,288.0,False,HARD,11.0,True,Mercedes,1,6.0,True,Emilia Romagna,2024,False
RUS,80.934,33.0,2.0,25.749,28.031,27.154,214.0,256.0,278.0,288.0,False,HARD,12.0,True,Mercedes,1,6.0,True,Emilia Romagna,2024,False
RUS,81.139,34.0,2.0,25.791,28.219,27.129,215.0,255.0,279.0,286.0,False,HARD,13.0,True,Mercedes,1,6.0,True,Emilia Romagna,2024,False
RUS,81.209,35.0,2.0,25.748,28.289,27.172,216.0,253.0,278.0,285.0,False,HARD,14.0,True,Mercedes,1,6.0,True,Emilia Romagna,2024,False
RUS,80.902,36.0,2.0,25.732,28.066,27.104,217.0,256.0,280.0,286.0,False,HARD,15.0,True,Mercedes,1,6.0,True,Emilia Romagna,2024,False
RUS,80.856,37.0,2.0,25.584,28.157,27.115,216.0,255.0,279.0,286.0,False,HARD,16.0,True,Mercedes,1,6.0,True,Emilia Romagna,2024,False
RUS,80.69,38.0,2.0,25.582,28.003,27.105,218.0,256.0,279.0,288.0,False,HARD,17.0,True,Mercedes,1,6.0,True,Emilia Romagna,2024,False
RUS,80.924,39.0,2.0,25.732,28.073,27.119,217.0,256.0,280.0,287.0,False,HARD,18.0,True,Mercedes,1,6.0,True,Emilia Romagna,2024,False
RUS,81.156,40.0,2.0,25.644,28.126,27.386,217.0,256.0,279.0,286.0,False,HARD,19.0,True,Mercedes,1,6.0,True,Emilia Romagna,2024,False
RUS,81.109,41.0,2.0,25.64,28.17,27.299,215.0,254.0,278.0,283.0,False,HARD,20.0,True,Mercedes,1,6.0,True,Emilia Romagna,2024,False
RUS,81.077,42.0,2.0,25.714,28.112,27.251,219.0,256.0,279.0,287.0,False,HARD,21.0,True,Mercedes,1,6.0,True,Emilia Romagna,2024,False
RUS,80.801,43.0,2.0,25.591,28.134,27.076,216.0,255.0,280.0,286.0,False,HARD,22.0,True,Mercedes,1,6.0,True,Emilia Romagna,2024,False
RUS,81.164,44.0,2.0,25.723,28.204,27.237,214.0,256.0,279.0,286.0,False,HARD,23.0,True,Mercedes,1,6.0,True,Emilia Romagna,2024,False
RUS,80.928,45.0,2.0,25.647,28.168,27.113,210.0,257.0,279.0,286.0,False,HARD,24.0,True,Mercedes,1,6.0,True,Emilia Romagna,2024,False
RUS,81.227,46.0,2.0,25.711,28.357,27.159,214.0,256.0,280.0,286.0,False,HARD,25.0,True,Mercedes,1,6.0,True,Emilia Romagna,2024,False
RUS,81.423,47.0,2.0,25.75,28.419,27.254,217.0,256.0,280.0,286.0,False,HARD,26.0,True,Mercedes,1,6.0,True,Emilia Romagna,2024,False
RUS,81.391,48.0,2.0,25.772,28.461,27.158,215.0,254.0,280.0,286.0,False,HARD,27.0,True,Mercedes,1,6.0,True,Emilia Romagna,2024,False
RUS,81.158,49.0,2.0,25.747,28.13,27.281,218.0,256.0,281.0,289.0,False,HARD,28.0,True,Mercedes,1,6.0,True,Emilia Romagna,2024,False
RUS,81.491,50.0,2.0,25.701,28.307,27.483,218.0,256.0,281.0,284.0,False,HARD,29.0,True,Mercedes,1,6.0,True,Emilia Romagna,2024,False
RUS,81.145,51.0,2.0,25.445,28.401,27.299,215.0,257.0,281.0,285.0,False,HARD,30.0,True,Mercedes,1,6.0,True,Emilia Romagna,2024,False
RUS,86.242,52.0,2.0,25.615,28.67,31.957,213.0,253.0,279.0,285.0,False,HARD,31.0,True,Mercedes,1,7.0,False,Emilia Romagna,2024,False
RUS,102.845,53.0,3.0,48.194,27.85,26.801,219.0,253.0,281.0,283.0,False,MEDIUM,3.0,False,Mercedes,1,7.0,False,Emilia Romagna,2024,True
RUS,78.589,54.0,3.0,25.137,27.092,26.36,221.0,258.0,282.0,291.0,True,MEDIUM,4.0,False,Mercedes,1,7.0,True,Emilia Romagna,2024,False
RUS,79.778,55.0,3.0,25.58,27.476,26.722,223.0,257.0,281.0,283.0,False,MEDIUM,5.0,False,Mercedes,1,7.0,True,Emilia Romagna,2024,False
RUS,79.571,56.0,3.0,25.189,27.624,26.758,220.0,255.0,280.0,283.0,False,MEDIUM,6.0,False,Mercedes,1,7.0,True,Emilia Romagna,2024,False
RUS,79.457,57.0,3.0,25.209,27.542,26.706,222.0,258.0,279.0,287.0,False,MEDIUM,7.0,False,Mercedes,1,7.0,True,Emilia Romagna,2024,False
RUS,79.616,58.0,3.0,25.221,27.65,26.745,219.0,256.0,280.0,283.0,False,MEDIUM,8.0,False,Mercedes,1,7.0,True,Emilia Romagna,2024,False
RUS,79.881,59.0,3.0,25.32,27.709,26.852,218.0,255.0,281.0,285.0,False,MEDIUM,9.0,False,Mercedes,1,7.0,True,Emilia Romagna,2024,False
RUS,80.093,60.0,3.0,25.341,27.811,26.941,220.0,257.0,282.0,286.0,False,MEDIUM,10.0,False,Mercedes,1,7.0,True,Emilia Romagna,2024,False
RUS,80.703,61.0,3.0,25.375,27.794,27.534,220.0,260.0,284.0,285.0,False,MEDIUM,11.0,False,Mercedes,1,7.0,True,Emilia Romagna,2024,False
RUS,81.563,62.0,3.0,26.016,28.209,27.338,216.0,258.0,280.0,291.0,False,MEDIUM,12.0,False,Mercedes,1,7.0,True,Emilia Romagna,2024,False
RUS,80.092,63.0,3.0,25.392,27.822,26.878,221.0,259.0,284.0,298.0,False,MEDIUM,13.0,False,Mercedes,1,7.0,True,Emilia Romagna,2024,False
PER,82.599,2.0,1.0,26.366,28.593,27.64,214.0,253.0,280.0,280.0,True,HARD,2.0,True,Red Bull Racing,1,10.0,True,Emilia Romagna,2024,False
PER,81.913,3.0,1.0,25.783,28.569,27.561,213.0,252.0,280.0,294.0,True,HARD,3.0,True,Red Bull Racing,1,10.0,True,Emilia Romagna,2024,False
PER,82.182,4.0,1.0,25.775,28.815,27.592,212.0,252.0,278.0,282.0,False,HARD,4.0,True,Red Bull Racing,1,10.0,True,Emilia Romagna,2024,False
PER,82.153,5.0,1.0,25.946,28.594,27.613,213.0,254.0,280.0,284.0,False,HARD,5.0,True,Red Bull Racing,1,10.0,True,Emilia Romagna,2024,False
PER,82.2,6.0,1.0,25.834,28.786,27.58,211.0,253.0,280.0,285.0,False,HARD,6.0,True,Red Bull Racing,1,10.0,True,Emilia Romagna,2024,False
PER,82.641,7.0,1.0,25.952,29.004,27.685,213.0,253.0,280.0,282.0,False,HARD,7.0,True,Red Bull Racing,1,10.0,True,Emilia Romagna,2024,False
PER,82.338,8.0,1.0,25.824,28.867,27.647,213.0,251.0,279.0,283.0,False,HARD,8.0,True,Red Bull Racing,1,10.0,True,Emilia Romagna,2024,False
PER,82.591,9.0,1.0,26.09,28.872,27.629,211.0,253.0,278.0,284.0,False,HARD,9.0,True,Red Bull Racing,1,10.0,True,Emilia Romagna,2024,False
PER,82.545,10.0,1.0,25.988,28.734,27.823,211.0,252.0,277.0,284.0,False,HARD,10.0,True,Red Bull Racing,1,10.0,True,Emilia Romagna,2024,False
PER,82.128,11.0,1.0,26.049,28.492,27.587,213.0,252.0,279.0,281.0,False,HARD,11.0,True,Red Bull Racing,1,10.0,True,Emilia Romagna,2024,False
PER,82.447,12.0,1.0,26.04,28.713,27.694,211.0,250.0,277.0,286.0,False,HARD,12.0,True,Red Bull Racing,1,9.0,True,Emilia Romagna,2024,False
PER,82.359,13.0,1.0,26.216,28.565,27.578,213.0,254.0,277.0,289.0,False,HARD,13.0,True,Red Bull Racing,1,8.0,True,Emilia Romagna,2024,False
PER,81.828,14.0,1.0,26.006,28.397,27.425,213.0,252.0,277.0,284.0,True,HARD,14.0,True,Red Bull Racing,1,8.0,True,Emilia Romagna,2024,False
PER,81.682,15.0,1.0,25.902,28.374,27.406,213.0,253.0,278.0,287.0,True,HARD,15.0,True,Red Bull Racing,1,8.0,True,Emilia Romagna,2024,False
PER,81.837,16.0,1.0,25.907,28.353,27.577,214.0,254.0,276.0,285.0,False,HARD,16.0,True,Red Bull Racing,1,8.0,True,Emilia Romagna,2024,False
PER,86.8,17.0,1.0,25.922,28.464,32.414,216.0,252.0,276.0,285.0,False,HARD,17.0,True,Red Bull Racing,1,8.0,True,Emilia Romagna,2024,True
PER,82.435,18.0,1.0,26.278,28.476,27.681,216.0,251.0,278.0,285.0,False,HARD,18.0,True,Red Bull Racing,1,8.0,True,Emilia Romagna,2024,False
PER,81.854,19.0,1.0,25.934,28.433,27.487,214.0,251.0,278.0,285.0,False,HARD,19.0,True,Red Bull Racing,1,8.0,True,Emilia Romagna,2024,False
PER,82.268,20.0,1.0,26.02,28.656,27.592,215.0,253.0,278.0,286.0,False,HARD,20.0,True,Red Bull Racing,1,8.0,True,Emilia Romagna,2024,False
PER,81.94,21.0,1.0,26.03,28.394,27.516,215.0,254.0,279.0,287.0,False,HARD,21.0,True,Red Bull Racing,1,8.0,True,Emilia Romagna,2024,False
PER,81.871,22.0,1.0,25.918,28.472,27.481,216.0,253.0,278.0,295.0,False,HARD,22.0,True,Red Bull Racing,1,7.0,True,Emilia Romagna,2024,False
PER,81.97,23.0,1.0,26.001,28.401,27.568,215.0,255.0,279.0,285.0,False,HARD,23.0,True,Red Bull Racing,1,6.0,True,Emilia Romagna,2024,False
PER,82.684,24.0,1.0,26.427,28.632,27.625,213.0,253.0,279.0,289.0,False,HARD,24.0,True,Red Bull Racing,1,6.0,True,Emilia Romagna,2024,False
PER,82.228,25.0,1.0,25.919,28.58,27.729,213.0,255.0,279.0,289.0,False,HARD,25.0,True,Red Bull Racing,1,6.0,True,Emilia Romagna,2024,False
PER,82.376,26.0,1.0,25.904,28.671,27.801,216.0,252.0,280.0,295.0,False,HARD,26.0,True,Red Bull Racing,1,5.0,True,Emilia Romagna,2024,False
PER,83.773,27.0,1.0,27.142,28.755,27.876,213.0,253.0,280.0,287.0,False,HARD,27.0,True,Red Bull Racing,1,7.0,True,Emilia Romagna,2024,False
PER,82.231,28.0,1.0,25.983,28.513,27.735,214.0,255.0,278.0,288.0,False,HARD,28.0,True,Red Bull Racing,1,5.0,True,Emilia Romagna,2024,False
PER,82.347,29.0,1.0,25.976,28.52,27.851,214.0,253.0,278.0,288.0,False,HARD,29.0,True,Red Bull Racing,1,5.0,True,Emilia Romagna,2024,False
PER,83.263,30.0,1.0,26.782,28.698,27.783,214.0,254.0,278.0,290.0,False,HARD,30.0,True,Red Bull Racing,1,6.0,True,Emilia Romagna,2024,False
PER,83.694,31.0,1.0,26.888,28.813,27.993,213.0,255.0,277.0,292.0,False,HARD,31.0,True,Red Bull Racing,1,7.0,True,Emilia Romagna,2024,False
PER,82.259,32.0,1.0,25.998,28.547,27.714,212.0,254.0,279.0,288.0,False,HARD,32.0,True,Red Bull Racing,1,7.0,True,Emilia Romagna,2024,False
PER,82.212,33.0,1.0,26.011,28.574,27.627,212.0,254.0,279.0,289.0,False,HARD,33.0,True,Red Bull Racing,1,7.0,True,Emilia Romagna,2024,False
PER,82.465,34.0,1.0,25.997,28.753,27.715,214.0,255.0,279.0,288.0,False,HARD,34.0,True,Red Bull Racing,1,7.0,True,Emilia Romagna,2024,False
PER,82.415,35.0,1.0,25.964,28.782,27.669,214.0,257.0,279.0,297.0,False,HARD,35.0,True,Red Bull Racing,1,7.0,True,Emilia Romagna,2024,False
PER,83.111,36.0,1.0,26.69,28.716,27.705,213.0,255.0,280.0,296.0,False,HARD,36.0,True,Red Bull Racing,1,7.0,True,Emilia Romagna,2024,False
PER,88.056,37.0,1.0,26.711,28.799,32.546,213.0,254.0,279.0,289.0,False,HARD,37.0,True,Red Bull Racing,1,8.0,False,Emilia Romagna,2024,True
PER,103.314,38.0,2.0,48.607,27.678,27.029,218.0,255.0,286.0,295.0,False,MEDIUM,1.0,True,Red Bull Racing,1,11.0,False,Emilia Romagna,2024,True
PER,80.731,39.0,2.0,25.393,28.034,27.304,217.0,256.0,285.0,296.0,True,MEDIUM,2.0,True,Red Bull Racing,1,10.0,True,Emilia Romagna,2024,False
PER,80.314,40.0,2.0,25.215,27.993,27.106,214.0,255.0,282.0,297.0,True,MEDIUM,3.0,True,Red Bull Racing,1,9.0,True,Emilia Romagna,2024,False
PER,81.975,41.0,2.0,25.982,28.54,27.453,216.0,256.0,284.0,284.0,False,MEDIUM,4.0,True,Red Bull Racing,1,9.0,True,Emilia Romagna,2024,False
PER,79.919,42.0,2.0,25.177,27.721,27.021,218.0,257.0,282.0,285.0,True,MEDIUM,5.0,True,Red Bull Racing,1,8.0,True,Emilia Romagna,2024,False
PER,80.22,43.0,2.0,25.547,27.736,26.937,219.0,256.0,282.0,286.0,False,MEDIUM,6.0,True,Red Bull Racing,1,8.0,True,Emilia Romagna,2024,False
PER,80.504,44.0,2.0,25.592,27.924,26.988,213.0,255.0,281.0,285.0,False,MEDIUM,7.0,True,Red Bull Racing,1,8.0,True,Emilia Romagna,2024,False
PER,80.495,45.0,2.0,25.587,27.881,27.027,214.0,256.0,281.0,287.0,False,MEDIUM,8.0,True,Red Bull Racing,1,8.0,True,Emilia Romagna,2024,False
PER,80.872,46.0,2.0,25.633,28.02,27.219,217.0,256.0,281.0,288.0,False,MEDIUM,9.0,True,Red Bull Racing,1,8.0,True,Emilia Romagna,2024,False
PER,80.514,47.0,2.0,25.676,27.924,26.914,217.0,256.0,281.0,286.0,False,MEDIUM,10.0,True,Red Bull Racing,1,8.0,True,Emilia Romagna,2024,False
PER,80.205,48.0,2.0,25.448,27.844,26.913,217.0,257.0,282.0,288.0,False,MEDIUM,11.0,True,Red Bull Racing,1,8.0,True,Emilia Romagna,2024,False
PER,79.946,49.0,2.0,25.5,27.622,26.824,219.0,257.0,282.0,288.0,False,MEDIUM,12.0,True,Red Bull Racing,1,8.0,True,Emilia Romagna,2024,False
PER,79.985,50.0,2.0,25.389,27.757,26.839,221.0,257.0,283.0,291.0,False,MEDIUM,13.0,True,Red Bull Racing,1,8.0,True,Emilia Romagna,2024,False
PER,81.032,51.0,2.0,25.631,28.159,27.242,220.0,260.0,281.0,296.0,False,MEDIUM,14.0,True,Red Bull Racing,1,8.0,True,Emilia Romagna,2024,False
PER,79.686,52.0,2.0,25.282,27.676,26.728,222.0,258.0,282.0,296.0,True,MEDIUM,15.0,True,Red Bull Racing,1,8.0,True,Emilia Romagna,2024,False
PER,81.144,53.0,2.0,25.813,28.144,27.187,219.0,257.0,282.0,288.0,False,MEDIUM,16.0,True,Red Bull Racing,1,8.0,True,Emilia Romagna,2024,False
PER,80.334,54.0,2.0,25.567,27.764,27.003,218.0,256.0,283.0,287.0,False,MEDIUM,17.0,True,Red Bull Racing,1,8.0,True,Emilia Romagna,2024,False
PER,80.52,55.0,2.0,25.673,27.763,27.084,218.0,259.0,283.0,289.0,False,MEDIUM,18.0,True,Red Bull Racing,1,8.0,True,Emilia Romagna,2024,False
PER,80.29,56.0,2.0,25.44,27.774,27.076,218.0,258.0,282.0,288.0,False,MEDIUM,19.0,True,Red Bull Racing,1,8.0,True,Emilia Romagna,2024,False
PER,80.228,57.0,2.0,25.438,27.84,26.95,217.0,259.0,281.0,288.0,False,MEDIUM,20.0,True,Red Bull Racing,1,8.0,True,Emilia Romagna,2024,False
PER,80.285,58.0,2.0,25.451,27.758,27.076,214.0,259.0,281.0,288.0,False,MEDIUM,21.0,True,Red Bull Racing,1,8.0,True,Emilia Romagna,2024,False
PER,80.093,59.0,2.0,25.36,27.722,27.011,218.0,257.0,282.0,288.0,False,MEDIUM,22.0,True,Red Bull Racing,1,8.0,True,Emilia Romagna,2024,False
PER,80.408,60.0,2.0,25.485,27.869,27.054,220.0,258.0,282.0,291.0,False,MEDIUM,23.0,True,Red Bull Racing,1,8.0,True,Emilia Romagna,2024,False
PER,80.833,61.0,2.0,25.675,27.882,27.276,213.0,258.0,281.0,289.0,False,MEDIUM,24.0,True,Red Bull Racing,1,8.0,True,Emilia Romagna,2024,False
PER,80.767,62.0,2.0,25.655,27.816,27.296,218.0,259.0,281.0,292.0,False,MEDIUM,25.0,True,Red Bull Racing,1,8.0,True,Emilia Romagna,2024,False
PER,80.944,63.0,2.0,25.667,28.039,27.238,218.0,259.0,283.0,291.0,False,MEDIUM,26.0,True,Red Bull Racing,1,8.0,True,Emilia Romagna,2024,False
STR,83.115,2.0,1.0,26.263,28.908,27.944,210.0,249.0,276.0,281.0,True,MEDIUM,3.0,False,Aston Martin,1,13.0,True,Emilia Romagna,2024,False
STR,82.356,3.0,1.0,25.79,28.756,27.81,209.0,248.0,275.0,282.0,True,MEDIUM,4.0,False,Aston Martin,1,13.0,True,Emilia Romagna,2024,False
STR,82.349,4.0,1.0,25.788,28.752,27.809,205.0,247.0,276.0,281.0,True,MEDIUM,5.0,False,Aston Martin,1,13.0,True,Emilia Romagna,2024,False
STR,82.252,5.0,1.0,25.887,28.627,27.738,209.0,250.0,276.0,283.0,True,MEDIUM,6.0,False,Aston Martin,1,13.0,True,Emilia Romagna,2024,False
STR,82.339,6.0,1.0,25.924,28.707,27.708,208.0,250.0,276.0,284.0,False,MEDIUM,7.0,False,Aston Martin,1,13.0,True,Emilia Romagna,2024,False
STR,82.535,7.0,1.0,25.964,28.736,27.835,209.0,249.0,277.0,284.0,False,MEDIUM,8.0,False,Aston Martin,1,13.0,True,Emilia Romagna,2024,False
STR,82.392,8.0,1.0,26.021,28.73,27.641,204.0,250.0,278.0,285.0,False,MEDIUM,9.0,False,Aston Martin,1,13.0,True,Emilia Romagna,2024,False
STR,82.569,9.0,1.0,26.056,28.818,27.695,211.0,249.0,280.0,288.0,False,MEDIUM,10.0,False,Aston Martin,1,13.0,True,Emilia Romagna,2024,False
STR,82.233,10.0,1.0,25.802,28.839,27.592,203.0,247.0,276.0,278.0,True,MEDIUM,11.0,False,Aston Martin,1,12.0,True,Emilia Romagna,2024,False
STR,82.367,11.0,1.0,26.06,28.657,27.65,209.0,251.0,276.0,283.0,False,MEDIUM,12.0,False,Aston Martin,1,11.0,True,Emilia Romagna,2024,False
STR,82.415,12.0,1.0,26.153,28.625,27.637,211.0,250.0,276.0,282.0,False,MEDIUM,13.0,False,Aston Martin,1,10.0,True,Emilia Romagna,2024,False
STR,82.577,13.0,1.0,26.172,28.716,27.689,212.0,252.0,276.0,284.0,False,MEDIUM,14.0,False,Aston Martin,1,10.0,True,Emilia Romagna,2024,False
STR,82.459,14.0,1.0,26.079,28.688,27.692,207.0,248.0,277.0,279.0,False,MEDIUM,15.0,False,Aston Martin,1,9.0,True,Emilia Romagna,2024,False
STR,82.342,15.0,1.0,26.047,28.506,27.789,209.0,250.0,278.0,281.0,False,MEDIUM,16.0,False,Aston Martin,1,9.0,True,Emilia Romagna,2024,False
STR,82.371,16.0,1.0,26.023,28.723,27.625,212.0,253.0,276.0,282.0,False,MEDIUM,17.0,False,Aston Martin,1,9.0,True,Emilia Romagna,2024,False
STR,82.794,17.0,1.0,26.096,28.697,28.001,211.0,253.0,277.0,283.0,False,MEDIUM,18.0,False,Aston Martin,1,9.0,True,Emilia Romagna,2024,False
STR,83.047,18.0,1.0,26.473,28.814,27.76,209.0,253.0,277.0,283.0,False,MEDIUM,19.0,False,Aston Martin,1,9.0,True,Emilia Romagna,2024,False
STR,82.771,19.0,1.0,26.235,28.765,27.771,211.0,252.0,277.0,283.0,False,MEDIUM,20.0,False,Aston Martin,1,9.0,True,Emilia Romagna,2024,False
STR,82.616,20.0,1.0,26.109,28.664,27.843,211.0,253.0,277.0,284.0,False,MEDIUM,21.0,False,Aston Martin,1,9.0,True,Emilia Romagna,2024,False
STR,82.582,21.0,1.0,26.117,28.664,27.801,212.0,254.0,278.0,284.0,False,MEDIUM,22.0,False,Aston Martin,1,9.0,True,Emilia Romagna,2024,False
STR,82.697,22.0,1.0,26.057,28.753,27.887,212.0,253.0,278.0,283.0,False,MEDIUM,23.0,False,Aston Martin,1,8.0,True,Emilia Romagna,2024,False
STR,82.544,23.0,1.0,26.15,28.725,27.669,212.0,253.0,278.0,284.0,False,MEDIUM,24.0,False,Aston Martin,1,8.0,True,Emilia Romagna,2024,False
STR,82.592,24.0,1.0,26.084,28.749,27.759,212.0,255.0,277.0,284.0,False,MEDIUM,25.0,False,Aston Martin,1,7.0,True,Emilia Romagna,2024,False
STR,83.011,25.0,1.0,26.34,28.842,27.829,213.0,253.0,278.0,283.0,False,MEDIUM,26.0,False,Aston Martin,1,8.0,True,Emilia Romagna,2024,False
STR,82.532,26.0,1.0,26.041,28.657,27.834,213.0,255.0,278.0,283.0,False,MEDIUM,27.0,False,Aston Martin,1,8.0,True,Emilia Romagna,2024,False
STR,83.433,27.0,1.0,26.478,28.898,28.057,210.0,254.0,277.0,283.0,False,MEDIUM,28.0,False,Aston Martin,1,9.0,True,Emilia Romagna,2024,False
STR,82.811,28.0,1.0,26.092,28.814,27.905,214.0,255.0,277.0,283.0,False,MEDIUM,29.0,False,Aston Martin,1,8.0,True,Emilia Romagna,2024,False
STR,82.631,29.0,1.0,26.126,28.713,27.792,213.0,254.0,277.0,285.0,False,MEDIUM,30.0,False,Aston Martin,1,8.0,True,Emilia Romagna,2024,False
STR,82.649,30.0,1.0,26.18,28.762,27.707,211.0,253.0,277.0,284.0,False,MEDIUM,31.0,False,Aston Martin,1,8.0,True,Emilia Romagna,2024,False
STR,83.921,31.0,1.0,26.107,28.685,29.129,214.0,232.0,278.0,293.0,False,MEDIUM,32.0,False,Aston Martin,1,9.0,True,Emilia Romagna,2024,False
STR,82.954,32.0,1.0,26.063,28.915,27.976,209.0,253.0,277.0,284.0,False,MEDIUM,33.0,False,Aston Martin,1,9.0,True,Emilia Romagna,2024,False
STR,82.648,33.0,1.0,26.159,28.682,27.807,212.0,255.0,277.0,285.0,False,MEDIUM,34.0,False,Aston Martin,1,9.0,True,Emilia Romagna,2024,False
STR,82.802,34.0,1.0,26.114,28.888,27.8,214.0,256.0,277.0,286.0,False,MEDIUM,35.0,False,Aston Martin,1,9.0,True,Emilia Romagna,2024,False
STR,82.536,35.0,1.0,25.987,28.803,27.746,215.0,254.0,278.0,285.0,False,MEDIUM,36.0,False,Aston Martin,1,9.0,True,Emilia Romagna,2024,False
STR,82.55,36.0,1.0,25.978,28.782,27.79,214.0,256.0,278.0,284.0,False,MEDIUM,37.0,False,Aston Martin,1,9.0,True,Emilia Romagna,2024,False
STR,86.977,37.0,1.0,25.993,28.701,32.283,213.0,256.0,279.0,286.0,False,MEDIUM,38.0,False,Aston Martin,1,9.0,False,Emilia Romagna,2024,True
STR,103.75,38.0,2.0,48.621,28.081,27.048,216.0,253.0,281.0,285.0,False,HARD,2.0,False,Aston Martin,1,13.0,False,Emilia Romagna,2024,True
STR,81.973,39.0,2.0,25.685,28.58,27.708,214.0,253.0,283.0,284.0,True,HARD,3.0,False,Aston Martin,1,13.0,True,Emilia Romagna,2024,False
STR,80.588,40.0,2.0,25.3,28.101,27.187,213.0,253.0,279.0,283.0,True,HARD,4.0,False,Aston Martin,1,12.0,True,Emilia Romagna,2024,False
STR,81.122,41.0,2.0,25.801,28.137,27.184,213.0,256.0,279.0,287.0,False,HARD,5.0,False,Aston Martin,1,12.0,True,Emilia Romagna,2024,False
STR,80.807,42.0,2.0,25.701,27.984,27.122,217.0,258.0,285.0,289.0,False,HARD,6.0,False,Aston Martin,1,12.0,True,Emilia Romagna,2024,False
STR,80.598,43.0,2.0,25.216,28.155,27.227,215.0,256.0,285.0,287.0,False,HARD,7.0,False,Aston Martin,1,11.0,True,Emilia Romagna,2024,False
STR,82.103,44.0,2.0,25.942,28.745,27.416,211.0,256.0,284.0,284.0,False,HARD,8.0,False,Aston Martin,1,11.0,True,Emilia Romagna,2024,False
STR,82.433,45.0,2.0,26.277,28.636,27.52,210.0,254.0,284.0,285.0,False,HARD,9.0,False,Aston Martin,1,11.0,True,Emilia Romagna,2024,False
STR,80.978,46.0,2.0,25.296,28.352,27.33,213.0,253.0,280.0,283.0,False,HARD,10.0,False,Aston Martin,1,10.0,True,Emilia Romagna,2024,False
STR,81.29,47.0,2.0,25.791,28.326,27.173,213.0,253.0,280.0,282.0,False,HARD,11.0,False,Aston Martin,1,10.0,True,Emilia Romagna,2024,False
STR,80.964,48.0,2.0,25.624,28.135,27.205,213.0,258.0,281.0,288.0,False,HARD,12.0,False,Aston Martin,1,10.0,True,Emilia Romagna,2024,False
STR,81.355,49.0,2.0,25.726,28.34,27.289,214.0,257.0,285.0,288.0,False,HARD,13.0,False,Aston Martin,1,10.0,True,Emilia Romagna,2024,False
STR,80.731,50.0,2.0,25.154,28.299,27.278,212.0,253.0,279.0,282.0,False,HARD,14.0,False,Aston Martin,1,9.0,True,Emilia Romagna,2024,False
STR,81.074,51.0,2.0,25.652,28.317,27.105,218.0,258.0,279.0,286.0,False,HARD,15.0,False,Aston Martin,1,9.0,True,Emilia Romagna,2024,False
STR,80.682,52.0,2.0,25.568,28.136,26.978,217.0,256.0,279.0,286.0,False,HARD,16.0,False,Aston Martin,1,9.0,True,Emilia Romagna,2024,False
STR,80.783,53.0,2.0,25.655,28.042,27.086,216.0,258.0,279.0,286.0,False,HARD,17.0,False,Aston Martin,1,9.0,True,Emilia Romagna,2024,False
STR,80.896,54.0,2.0,25.768,28.105,27.023,216.0,258.0,281.0,283.0,False,HARD,18.0,False,Aston Martin,1,9.0,True,Emilia Romagna,2024,False
STR,80.718,55.0,2.0,25.678,28.016,27.024,215.0,258.0,280.0,284.0,False,HARD,19.0,False,Aston Martin,1,9.0,True,Emilia Romagna,2024,False
STR,80.617,56.0,2.0,25.611,27.976,27.03,217.0,259.0,279.0,285.0,False,HARD,20.0,False,Aston Martin,1,9.0,True,Emilia Romagna,2024,False
STR,80.731,57.0,2.0,25.708,28.051,26.972,214.0,256.0,279.0,283.0,False,HARD,21.0,False,Aston Martin,1,9.0,True,Emilia Romagna,2024,False
STR,80.57,58.0,2.0,25.583,27.958,27.029,216.0,258.0,278.0,285.0,True,HARD,22.0,False,Aston Martin,1,9.0,True,Emilia Romagna,2024,False
STR,80.612,59.0,2.0,25.689,27.923,27.0,219.0,258.0,279.0,284.0,False,HARD,23.0,False,Aston Martin,1,9.0,True,Emilia Romagna,2024,False
STR,80.959,60.0,2.0,25.716,28.105,27.138,217.0,257.0,279.0,285.0,False,HARD,24.0,False,Aston Martin,1,9.0,True,Emilia Romagna,2024,False
STR,81.647,61.0,2.0,25.975,28.29,27.382,215.0,257.0,281.0,287.0,False,HARD,25.0,False,Aston Martin,1,9.0,True,Emilia Romagna,2024,False
STR,82.751,62.0,2.0,25.879,28.41,28.462,214.0,258.0,279.0,248.0,False,HARD,26.0,False,Aston Martin,1,9.0,True,Emilia Romagna,2024,False
STR,83.832,63.0,2.0,27.399,28.676,27.757,216.0,258.0,280.0,288.0,False,HARD,27.0,False,Aston Martin,1,9.0,True,Emilia Romagna,2024,False
TSU,82.366,2.0,1.0,26.192,28.632,27.542,214.0,248.0,279.0,284.0,True,MEDIUM,2.0,True,RB,1,9.0,True,Emilia Romagna,2024,False
TSU,81.758,3.0,1.0,25.648,28.567,27.543,213.0,252.0,278.0,284.0,True,MEDIUM,3.0,True,RB,1,9.0,True,Emilia Romagna,2024,False
TSU,82.07,4.0,1.0,25.937,28.61,27.523,215.0,252.0,277.0,286.0,False,MEDIUM,4.0,True,RB,1,9.0,True,Emilia Romagna,2024,False
TSU,82.167,5.0,1.0,25.935,28.63,27.602,213.0,249.0,278.0,286.0,False,MEDIUM,5.0,True,RB,1,9.0,True,Emilia Romagna,2024,False
TSU,82.24,6.0,1.0,26.015,28.746,27.479,209.0,252.0,278.0,288.0,False,MEDIUM,6.0,True,RB,1,9.0,True,Emilia Romagna,2024,False
TSU,82.672,7.0,1.0,26.142,28.859,27.671,209.0,248.0,278.0,287.0,False,MEDIUM,7.0,True,RB,1,9.0,True,Emilia Romagna,2024,False
TSU,82.138,8.0,1.0,25.965,28.621,27.552,213.0,251.0,278.0,286.0,False,MEDIUM,8.0,True,RB,1,9.0,True,Emilia Romagna,2024,False
TSU,82.216,9.0,1.0,25.848,28.795,27.573,211.0,248.0,276.0,287.0,False,MEDIUM,9.0,True,RB,1,9.0,True,Emilia Romagna,2024,False
TSU,82.513,10.0,1.0,26.04,28.668,27.805,211.0,248.0,276.0,285.0,False,MEDIUM,10.0,True,RB,1,9.0,True,Emilia Romagna,2024,False
TSU,82.447,11.0,1.0,26.043,28.739,27.665,213.0,250.0,278.0,287.0,False,MEDIUM,11.0,True,RB,1,9.0,True,Emilia Romagna,2024,False
TSU,86.755,12.0,1.0,26.005,28.752,31.998,213.0,248.0,279.0,288.0,False,MEDIUM,12.0,True,RB,1,11.0,False,Emilia Romagna,2024,True
TSU,103.607,13.0,2.0,48.587,28.042,26.978,213.0,249.0,276.0,285.0,False,HARD,1.0,True,RB,1,15.0,False,Emilia Romagna,2024,True
TSU,80.936,14.0,2.0,25.722,28.019,27.195,213.0,250.0,277.0,281.0,True,HARD,2.0,True,RB,1,14.0,True,Emilia Romagna,2024,False
TSU,81.761,15.0,2.0,25.84,28.321,27.6,211.0,247.0,277.0,283.0,False,HARD,3.0,True,RB,1,14.0,True,Emilia Romagna,2024,False
TSU,81.635,16.0,2.0,25.937,28.257,27.441,216.0,251.0,277.0,285.0,False,HARD,4.0,True,RB,1,14.0,True,Emilia Romagna,2024,False
TSU,81.855,17.0,2.0,26.02,28.346,27.489,214.0,250.0,276.0,284.0,False,HARD,5.0,True,RB,1,14.0,True,Emilia Romagna,2024,False
TSU,81.949,18.0,2.0,26.02,28.321,27.608,214.0,248.0,276.0,287.0,False,HARD,6.0,True,RB,1,14.0,True,Emilia Romagna,2024,False
TSU,82.162,19.0,2.0,25.993,28.489,27.68,213.0,248.0,278.0,289.0,False,HARD,7.0,True,RB,1,14.0,True,Emilia Romagna,2024,False
TSU,82.453,20.0,2.0,26.146,28.643,27.664,214.0,249.0,280.0,289.0,False,HARD,8.0,True,RB,1,14.0,True,Emilia Romagna,2024,False
TSU,82.941,21.0,2.0,25.936,29.237,27.768,216.0,249.0,280.0,290.0,False,HARD,9.0,True,RB,1,14.0,True,Emilia Romagna,2024,False
TSU,83.322,22.0,2.0,26.253,29.201,27.868,215.0,249.0,282.0,289.0,False,HARD,10.0,True,RB,1,14.0,True,Emilia Romagna,2024,False
TSU,83.393,23.0,2.0,26.01,29.238,28.145,209.0,252.0,280.0,289.0,False,HARD,11.0,True,RB,1,14.0,True,Emilia Romagna,2024,False
TSU,82.573,24.0,2.0,25.885,28.881,27.807,215.0,251.0,281.0,289.0,False,HARD,12.0,True,RB,1,14.0,True,Emilia Romagna,2024,False
TSU,83.073,25.0,2.0,26.164,29.098,27.811,216.0,251.0,282.0,290.0,False,HARD,13.0,True,RB,1,14.0,True,Emilia Romagna,2024,False
TSU,82.175,26.0,2.0,26.03,28.536,27.609,212.0,253.0,278.0,287.0,False,HARD,14.0,True,RB,1,12.0,True,Emilia Romagna,2024,False
TSU,82.391,27.0,2.0,26.112,28.661,27.618,213.0,246.0,278.0,284.0,False,HARD,15.0,True,RB,1,12.0,True,Emilia Romagna,2024,False
TSU,82.523,28.0,2.0,26.037,28.681,27.805,214.0,248.0,277.0,286.0,False,HARD,16.0,True,RB,1,12.0,True,Emilia Romagna,2024,False
TSU,82.593,29.0,2.0,26.118,28.656,27.819,217.0,248.0,276.0,289.0,False,HARD,17.0,True,RB,1,12.0,True,Emilia Romagna,2024,False
TSU,82.892,30.0,2.0,26.149,28.863,27.88,214.0,248.0,277.0,288.0,False,HARD,18.0,True,RB,1,12.0,True,Emilia Romagna,2024,False
TSU,83.137,31.0,2.0,26.248,28.892,27.997,215.0,249.0,278.0,288.0,False,HARD,19.0,True,RB,1,12.0,True,Emilia Romagna,2024,False
TSU,83.537,32.0,2.0,26.312,29.061,28.164,210.0,248.0,281.0,287.0,False,HARD,20.0,True,RB,1,12.0,True,Emilia Romagna,2024,False
TSU,82.477,33.0,2.0,26.01,28.783,27.684,213.0,248.0,276.0,287.0,False,HARD,21.0,True,RB,1,11.0,True,Emilia Romagna,2024,False
TSU,82.571,34.0,2.0,26.141,28.686,27.744,214.0,248.0,277.0,285.0,False,HARD,22.0,True,RB,1,11.0,True,Emilia Romagna,2024,False
TSU,82.333,35.0,2.0,26.032,28.683,27.618,216.0,250.0,279.0,288.0,False,HARD,23.0,True,RB,1,11.0,True,Emilia Romagna,2024,False
TSU,82.669,36.0,2.0,26.093,28.817,27.759,214.0,251.0,279.0,288.0,False,HARD,24.0,True,RB,1,11.0,True,Emilia Romagna,2024,False
TSU,82.692,37.0,2.0,26.188,28.758,27.746,214.0,250.0,277.0,288.0,False,HARD,25.0,True,RB,1,10.0,True,Emilia Romagna,2024,False
TSU,82.075,38.0,2.0,25.987,28.598,27.49,214.0,251.0,278.0,286.0,False,HARD,26.0,True,RB,1,8.0,True,Emilia Romagna,2024,False
TSU,82.427,39.0,2.0,26.143,28.657,27.627,213.0,251.0,278.0,285.0,False,HARD,27.0,True,RB,1,8.0,True,Emilia Romagna,2024,False
TSU,82.339,40.0,2.0,26.163,28.606,27.57,213.0,251.0,277.0,287.0,False,HARD,28.0,True,RB,1,8.0,True,Emilia Romagna,2024,False
TSU,82.288,41.0,2.0,26.111,28.602,27.575,215.0,252.0,277.0,287.0,False,HARD,29.0,True,RB,1,8.0,True,Emilia Romagna,2024,False
TSU,82.879,42.0,2.0,26.665,28.669,27.545,215.0,252.0,279.0,287.0,False,HARD,30.0,True,RB,1,9.0,True,Emilia Romagna,2024,False
TSU,81.998,43.0,2.0,25.992,28.45,27.556,214.0,252.0,279.0,286.0,False,HARD,31.0,True,RB,1,9.0,True,Emilia Romagna,2024,False
TSU,82.079,44.0,2.0,26.09,28.441,27.548,213.0,252.0,278.0,286.0,False,HARD,32.0,True,RB,1,9.0,True,Emilia Romagna,2024,False
TSU,82.241,45.0,2.0,26.038,28.643,27.56,213.0,251.0,278.0,287.0,False,HARD,33.0,True,RB,1,9.0,True,Emilia Romagna,2024,False
TSU,82.223,46.0,2.0,26.001,28.608,27.614,213.0,252.0,279.0,287.0,False,HARD,34.0,True,RB,1,9.0,True,Emilia Romagna,2024,False
TSU,82.133,47.0,2.0,26.006,28.581,27.546,218.0,253.0,278.0,286.0,False,HARD,35.0,True,RB,1,9.0,True,Emilia Romagna,2024,False
TSU,81.933,48.0,2.0,26.01,28.443,27.48,214.0,251.0,278.0,287.0,False,HARD,36.0,True,RB,1,9.0,True,Emilia Romagna,2024,False
TSU,81.88,49.0,2.0,26.007,28.503,27.37,218.0,251.0,279.0,288.0,False,HARD,37.0,True,RB,1,9.0,True,Emilia Romagna,2024,False
TSU,83.356,50.0,2.0,26.868,28.864,27.624,215.0,255.0,279.0,290.0,False,HARD,38.0,True,RB,1,10.0,True,Emilia Romagna,2024,False
TSU,82.183,51.0,2.0,26.007,28.646,27.53,216.0,252.0,279.0,289.0,False,HARD,39.0,True,RB,1,10.0,True,Emilia Romagna,2024,False
TSU,82.114,52.0,2.0,26.023,28.59,27.501,218.0,251.0,278.0,288.0,False,HARD,40.0,True,RB,1,10.0,True,Emilia Romagna,2024,False
TSU,82.356,53.0,2.0,26.056,28.74,27.56,217.0,255.0,279.0,287.0,False,HARD,41.0,True,RB,1,10.0,True,Emilia Romagna,2024,False
TSU,85.932,54.0,2.0,26.129,30.401,29.402,215.0,254.0,283.0,271.0,False,HARD,42.0,True,RB,1,10.0,True,Emilia Romagna,2024,False
TSU,82.051,55.0,2.0,25.999,28.542,27.51,217.0,256.0,280.0,290.0,False,HARD,43.0,True,RB,1,10.0,True,Emilia Romagna,2024,False
TSU,83.87,56.0,2.0,25.985,29.293,28.592,218.0,154.0,281.0,290.0,False,HARD,44.0,True,RB,1,10.0,True,Emilia Romagna,2024,False
TSU,81.955,57.0,2.0,25.904,28.563,27.488,216.0,251.0,278.0,289.0,False,HARD,45.0,True,RB,1,10.0,True,Emilia Romagna,2024,False
TSU,82.005,58.0,2.0,26.0,28.451,27.554,215.0,252.0,279.0,287.0,False,HARD,46.0,True,RB,1,10.0,True,Emilia Romagna,2024,False
TSU,81.828,59.0,2.0,26.014,28.436,27.378,217.0,252.0,279.0,290.0,False,HARD,47.0,True,RB,1,10.0,True,Emilia Romagna,2024,False
TSU,83.836,60.0,2.0,25.978,29.144,28.714,219.0,195.0,281.0,287.0,False,HARD,48.0,True,RB,1,10.0,True,Emilia Romagna,2024,False
TSU,81.891,61.0,2.0,25.875,28.452,27.564,219.0,255.0,279.0,291.0,False,HARD,49.0,True,RB,1,10.0,True,Emilia Romagna,2024,False
TSU,81.988,62.0,2.0,26.001,28.589,27.398,215.0,252.0,279.0,288.0,False,HARD,50.0,True,RB,1,10.0,True,Emilia Romagna,2024,False
HUL,82.111,2.0,1.0,26.091,28.595,27.425,212.0,253.0,281.0,284.0,True,MEDIUM,2.0,True,Haas F1 Team,1,8.0,True,Emilia Romagna,2024,False
HUL,81.7,3.0,1.0,25.624,28.466,27.61,211.0,251.0,278.0,283.0,True,MEDIUM,3.0,True,Haas F1 Team,1,8.0,True,Emilia Romagna,2024,False
HUL,82.157,4.0,1.0,26.007,28.527,27.623,211.0,253.0,277.0,284.0,False,MEDIUM,4.0,True,Haas F1 Team,1,8.0,True,Emilia Romagna,2024,False
HUL,82.184,5.0,1.0,25.941,28.719,27.524,212.0,252.0,277.0,285.0,False,MEDIUM,5.0,True,Haas F1 Team,1,8.0,True,Emilia Romagna,2024,False
HUL,82.361,6.0,1.0,26.185,28.701,27.475,210.0,250.0,277.0,285.0,False,MEDIUM,6.0,True,Haas F1 Team,1,8.0,True,Emilia Romagna,2024,False
HUL,82.36,7.0,1.0,26.136,28.752,27.472,211.0,250.0,278.0,285.0,False,MEDIUM,7.0,True,Haas F1 Team,1,8.0,True,Emilia Romagna,2024,False
HUL,82.148,8.0,1.0,26.122,28.584,27.442,210.0,250.0,278.0,283.0,False,MEDIUM,8.0,True,Haas F1 Team,1,8.0,True,Emilia Romagna,2024,False
HUL,82.175,9.0,1.0,26.044,28.549,27.582,213.0,253.0,278.0,287.0,False,MEDIUM,9.0,True,Haas F1 Team,1,8.0,True,Emilia Romagna,2024,False
HUL,82.538,10.0,1.0,26.071,28.629,27.838,212.0,252.0,276.0,283.0,False,MEDIUM,10.0,True,Haas F1 Team,1,8.0,True,Emilia Romagna,2024,False
HUL,82.516,11.0,1.0,26.142,28.893,27.481,212.0,251.0,278.0,283.0,False,MEDIUM,11.0,True,Haas F1 Team,1,8.0,True,Emilia Romagna,2024,False
HUL,82.571,12.0,1.0,26.214,28.679,27.678,211.0,252.0,277.0,285.0,False,MEDIUM,12.0,True,Haas F1 Team,1,8.0,True,Emilia Romagna,2024,False
HUL,86.982,13.0,1.0,26.325,28.824,31.833,212.0,251.0,279.0,285.0,False,MEDIUM,13.0,True,Haas F1 Team,1,9.0,False,Emilia Romagna,2024,True
HUL,104.353,14.0,2.0,48.552,28.482,27.319,211.0,253.0,280.0,283.0,False,HARD,1.0,True,Haas F1 Team,1,15.0,False,Emilia Romagna,2024,True
HUL,81.918,15.0,2.0,25.983,28.462,27.473,213.0,253.0,280.0,283.0,False,HARD,2.0,True,Haas F1 Team,1,15.0,True,Emilia Romagna,2024,False
HUL,81.756,16.0,2.0,26.012,28.361,27.383,211.0,253.0,280.0,283.0,False,HARD,3.0,True,Haas F1 Team,1,15.0,True,Emilia Romagna,2024,False
HUL,82.074,17.0,2.0,26.111,28.4,27.563,211.0,253.0,279.0,284.0,False,HARD,4.0,True,Haas F1 Team,1,15.0,True,Emilia Romagna,2024,False
HUL,82.086,18.0,2.0,26.151,28.484,27.451,212.0,252.0,279.0,285.0,False,HARD,5.0,True,Haas F1 Team,1,15.0,True,Emilia Romagna,2024,False
HUL,82.624,19.0,2.0,26.343,28.668,27.613,211.0,251.0,278.0,285.0,False,HARD,6.0,True,Haas F1 Team,1,15.0,True,Emilia Romagna,2024,False
HUL,82.309,20.0,2.0,26.189,28.547,27.573,211.0,252.0,280.0,286.0,False,HARD,7.0,True,Haas F1 Team,1,15.0,True,Emilia Romagna,2024,False
HUL,82.218,21.0,2.0,26.029,28.578,27.611,212.0,254.0,280.0,287.0,False,HARD,8.0,True,Haas F1 Team,1,15.0,True,Emilia Romagna,2024,False
HUL,82.412,22.0,2.0,26.061,28.612,27.739,211.0,255.0,281.0,285.0,False,HARD,9.0,True,Haas F1 Team,1,15.0,True,Emilia Romagna,2024,False
HUL,82.883,23.0,2.0,26.218,28.908,27.757,209.0,253.0,283.0,286.0,False,HARD,10.0,True,Haas F1 Team,1,15.0,True,Emilia Romagna,2024,False
HUL,83.102,24.0,2.0,26.159,29.109,27.834,209.0,251.0,281.0,285.0,False,HARD,11.0,True,Haas F1 Team,1,15.0,True,Emilia Romagna,2024,False
HUL,82.763,25.0,2.0,25.89,29.036,27.837,210.0,253.0,283.0,285.0,False,HARD,12.0,True,Haas F1 Team,1,15.0,True,Emilia Romagna,2024,False
HUL,82.669,26.0,2.0,26.241,28.84,27.588,201.0,251.0,280.0,285.0,False,HARD,13.0,True,Haas F1 Team,1,13.0,True,Emilia Romagna,2024,False
HUL,82.322,27.0,2.0,26.171,28.532,27.619,209.0,252.0,280.0,285.0,False,HARD,14.0,True,Haas F1 Team,1,13.0,True,Emilia Romagna,2024,False
HUL,82.744,28.0,2.0,26.259,28.722,27.763,210.0,252.0,279.0,284.0,False,HARD,15.0,True,Haas F1 Team,1,13.0,True,Emilia Romagna,2024,False
HUL,82.829,29.0,2.0,26.298,28.812,27.719,209.0,252.0,279.0,285.0,False,HARD,16.0,True,Haas F1 Team,1,13.0,True,Emilia Romagna,2024,False
HUL,82.732,30.0,2.0,26.258,28.789,27.685,210.0,250.0,280.0,285.0,False,HARD,17.0,True,Haas F1 Team,1,13.0,True,Emilia Romagna,2024,False
HUL,83.01,31.0,2.0,26.31,28.79,27.91,209.0,253.0,280.0,287.0,False,HARD,18.0,True,Haas F1 Team,1,13.0,True,Emilia Romagna,2024,False
HUL,83.256,32.0,2.0,26.354,28.979,27.923,208.0,252.0,281.0,286.0,False,HARD,19.0,True,Haas F1 Team,1,13.0,True,Emilia Romagna,2024,False
HUL,83.561,33.0,2.0,26.428,29.079,28.054,209.0,253.0,282.0,289.0,False,HARD,20.0,True,Haas F1 Team,1,12.0,True,Emilia Romagna,2024,False
HUL,82.798,34.0,2.0,25.941,28.666,28.191,211.0,252.0,280.0,284.0,False,HARD,21.0,True,Haas F1 Team,1,12.0,True,Emilia Romagna,2024,False
HUL,82.11,35.0,2.0,25.975,28.627,27.508,213.0,254.0,282.0,287.0,False,HARD,22.0,True,Haas F1 Team,1,12.0,True,Emilia Romagna,2024,False
HUL,82.575,36.0,2.0,26.117,28.776,27.682,211.0,252.0,282.0,285.0,False,HARD,23.0,True,Haas F1 Team,1,12.0,True,Emilia Romagna,2024,False
HUL,82.433,37.0,2.0,26.149,28.703,27.581,210.0,254.0,281.0,287.0,False,HARD,24.0,True,Haas F1 Team,1,11.0,True,Emilia Romagna,2024,False
HUL,82.48,38.0,2.0,26.204,28.702,27.574,211.0,253.0,281.0,284.0,False,HARD,25.0,True,Haas F1 Team,1,9.0,True,Emilia Romagna,2024,False
HUL,82.62,39.0,2.0,26.137,28.739,27.744,211.0,252.0,281.0,283.0,False,HARD,26.0,True,Haas F1 Team,1,9.0,True,Emilia Romagna,2024,False
HUL,83.111,40.0,2.0,26.694,28.839,27.578,210.0,252.0,281.0,284.0,False,HARD,27.0,True,Haas F1 Team,1,10.0,True,Emilia Romagna,2024,False
HUL,82.504,41.0,2.0,26.154,28.857,27.493,213.0,254.0,280.0,286.0,False,HARD,28.0,True,Haas F1 Team,1,10.0,True,Emilia Romagna,2024,False
HUL,82.265,42.0,2.0,26.088,28.672,27.505,212.0,255.0,282.0,284.0,False,HARD,29.0,True,Haas F1 Team,1,10.0,True,Emilia Romagna,2024,False
HUL,82.435,43.0,2.0,26.108,28.734,27.593,212.0,253.0,281.0,284.0,False,HARD,30.0,True,Haas F1 Team,1,10.0,True,Emilia Romagna,2024,False
HUL,82.192,44.0,2.0,26.103,28.674,27.415,211.0,255.0,281.0,286.0,False,HARD,31.0,True,Haas F1 Team,1,10.0,True,Emilia Romagna,2024,False
HUL,82.481,45.0,2.0,26.245,28.756,27.48,212.0,253.0,282.0,286.0,False,HARD,32.0,True,Haas F1 Team,1,10.0,True,Emilia Romagna,2024,False
HUL,83.483,46.0,2.0,26.701,29.045,27.737,209.0,255.0,283.0,287.0,False,HARD,33.0,True,Haas F1 Team,1,11.0,True,Emilia Romagna,2024,False
HUL,82.763,47.0,2.0,26.132,28.945,27.686,213.0,254.0,281.0,285.0,False,HARD,34.0,True,Haas F1 Team,1,11.0,True,Emilia Romagna,2024,False
HUL,82.264,48.0,2.0,26.115,28.641,27.508,213.0,255.0,281.0,286.0,False,HARD,35.0,True,Haas F1 Team,1,11.0,True,Emilia Romagna,2024,False
HUL,82.003,49.0,2.0,25.983,28.454,27.566,214.0,255.0,282.0,286.0,False,HARD,36.0,True,Haas F1 Team,1,11.0,True,Emilia Romagna,2024,False
HUL,81.921,50.0,2.0,25.974,28.539,27.408,212.0,255.0,281.0,286.0,False,HARD,37.0,True,Haas F1 Team,1,11.0,True,Emilia Romagna,2024,False
HUL,84.008,51.0,2.0,26.1,30.368,27.54,213.0,256.0,282.0,288.0,False,HARD,38.0,True,Haas F1 Team,1,11.0,True,Emilia Romagna,2024,False
HUL,84.017,52.0,2.0,25.952,28.767,29.298,216.0,256.0,284.0,274.0,False,HARD,39.0,True,Haas F1 Team,1,11.0,True,Emilia Romagna,2024,False
HUL,83.667,53.0,2.0,25.903,28.85,28.914,213.0,256.0,284.0,263.0,False,HARD,40.0,True,Haas F1 Team,1,11.0,True,Emilia Romagna,2024,False
HUL,82.255,54.0,2.0,26.021,28.7,27.534,211.0,255.0,284.0,288.0,False,HARD,41.0,True,Haas F1 Team,1,11.0,True,Emilia Romagna,2024,False
HUL,82.094,55.0,2.0,26.095,28.539,27.46,213.0,258.0,284.0,286.0,False,HARD,42.0,True,Haas F1 Team,1,11.0,True,Emilia Romagna,2024,False
HUL,82.217,56.0,2.0,26.017,28.659,27.541,213.0,256.0,282.0,286.0,False,HARD,43.0,True,Haas F1 Team,1,11.0,True,Emilia Romagna,2024,False
HUL,83.902,57.0,2.0,26.199,29.977,27.726,212.0,256.0,282.0,288.0,False,HARD,44.0,True,Haas F1 Team,1,11.0,True,Emilia Romagna,2024,False
HUL,82.126,58.0,2.0,26.025,28.634,27.467,217.0,257.0,282.0,292.0,False,HARD,45.0,True,Haas F1 Team,1,11.0,True,Emilia Romagna,2024,False
HUL,82.225,59.0,2.0,26.106,28.603,27.516,214.0,256.0,282.0,288.0,False,HARD,46.0,True,Haas F1 Team,1,11.0,True,Emilia Romagna,2024,False
HUL,82.409,60.0,2.0,25.969,28.67,27.77,215.0,254.0,282.0,286.0,False,HARD,47.0,True,Haas F1 Team,1,11.0,True,Emilia Romagna,2024,False
HUL,83.789,61.0,2.0,26.091,28.712,28.986,216.0,256.0,284.0,283.0,False,HARD,48.0,True,Haas F1 Team,1,11.0,True,Emilia Romagna,2024,False
HUL,82.21,62.0,2.0,25.811,28.642,27.757,215.0,260.0,275.0,293.0,False,HARD,49.0,True,Haas F1 Team,1,11.0,True,Emilia Romagna,2024,False
MAG,83.313,2.0,1.0,26.623,28.938,27.752,210.0,253.0,280.0,280.0,True,MEDIUM,2.0,True,Haas F1 Team,1,16.0,True,Emilia Romagna,2024,False
MAG,82.737,3.0,1.0,25.868,29.115,27.754,209.0,254.0,280.0,280.0,True,MEDIUM,3.0,True,Haas F1 Team,1,16.0,True,Emilia Romagna,2024,False
MAG,82.517,4.0,1.0,25.897,28.923,27.697,211.0,253.0,281.0,286.0,True,MEDIUM,4.0,True,Haas F1 Team,1,16.0,True,Emilia Romagna,2024,False
MAG,82.682,5.0,1.0,26.205,28.89,27.587,212.0,254.0,280.0,287.0,False,MEDIUM,5.0,True,Haas F1 Team,1,16.0,True,Emilia Romagna,2024,False
MAG,82.237,6.0,1.0,25.833,28.861,27.543,211.0,253.0,281.0,289.0,True,MEDIUM,6.0,True,Haas F1 Team,1,16.0,True,Emilia Romagna,2024,False
MAG,82.52,7.0,1.0,25.901,29.047,27.572,211.0,253.0,280.0,288.0,False,MEDIUM,7.0,True,Haas F1 Team,1,16.0,True,Emilia Romagna,2024,False
MAG,82.411,8.0,1.0,25.969,28.855,27.587,211.0,256.0,279.0,300.0,False,MEDIUM,8.0,True,Haas F1 Team,1,14.0,True,Emilia Romagna,2024,False
MAG,82.32,9.0,1.0,25.8,28.893,27.627,208.0,251.0,278.0,286.0,False,MEDIUM,9.0,True,Haas F1 Team,1,14.0,True,Emilia Romagna,2024,False
MAG,83.013,10.0,1.0,26.18,29.011,27.822,208.0,252.0,277.0,284.0,False,MEDIUM,10.0,True,Haas F1 Team,1,14.0,True,Emilia Romagna,2024,False
MAG,82.858,11.0,1.0,26.229,28.91,27.719,210.0,253.0,278.0,285.0,False,MEDIUM,11.0,True,Haas F1 Team,1,14.0,True,Emilia Romagna,2024,False
MAG,82.927,12.0,1.0,26.339,28.977,27.611,212.0,254.0,277.0,287.0,False,MEDIUM,12.0,True,Haas F1 Team,1,13.0,True,Emilia Romagna,2024,False
MAG,82.955,13.0,1.0,26.428,28.944,27.583,207.0,253.0,278.0,287.0,False,MEDIUM,13.0,True,Haas F1 Team,1,12.0,True,Emilia Romagna,2024,False
MAG,83.09,14.0,1.0,26.37,28.895,27.825,209.0,254.0,277.0,284.0,False,MEDIUM,14.0,True,Haas F1 Team,1,11.0,True,Emilia Romagna,2024,False
MAG,83.215,15.0,1.0,26.31,29.059,27.846,211.0,253.0,279.0,285.0,False,MEDIUM,15.0,True,Haas F1 Team,1,11.0,True,Emilia Romagna,2024,False
MAG,83.135,16.0,1.0,26.377,28.839,27.919,208.0,255.0,277.0,284.0,False,MEDIUM,16.0,True,Haas F1 Team,1,11.0,True,Emilia Romagna,2024,False
MAG,83.577,17.0,1.0,26.525,28.911,28.141,208.0,254.0,277.0,283.0,False,MEDIUM,17.0,True,Haas F1 Team,1,11.0,True,Emilia Romagna,2024,False
MAG,83.338,18.0,1.0,26.503,28.902,27.933,208.0,252.0,277.0,284.0,False,MEDIUM,18.0,True,Haas F1 Team,1,11.0,True,Emilia Romagna,2024,False
MAG,83.271,19.0,1.0,26.357,28.991,27.923,211.0,253.0,277.0,285.0,False,MEDIUM,19.0,True,Haas F1 Team,1,11.0,True,Emilia Romagna,2024,False
MAG,82.85,20.0,1.0,26.313,28.738,27.799,209.0,254.0,278.0,284.0,False,MEDIUM,20.0,True,Haas F1 Team,1,11.0,True,Emilia Romagna,2024,False
MAG,82.686,21.0,1.0,26.207,28.77,27.709,214.0,255.0,279.0,287.0,False,MEDIUM,21.0,True,Haas F1 Team,1,11.0,True,Emilia Romagna,2024,False
MAG,83.013,22.0,1.0,26.263,28.965,27.785,212.0,254.0,280.0,286.0,False,MEDIUM,22.0,True,Haas F1 Team,1,11.0,True,Emilia Romagna,2024,False
MAG,82.761,23.0,1.0,26.056,29.012,27.693,210.0,257.0,279.0,288.0,False,MEDIUM,23.0,True,Haas F1 Team,1,11.0,True,Emilia Romagna,2024,False
MAG,82.939,24.0,1.0,26.081,29.042,27.816,211.0,255.0,279.0,286.0,False,MEDIUM,24.0,True,Haas F1 Team,1,11.0,True,Emilia Romagna,2024,False
MAG,83.296,25.0,1.0,26.255,29.103,27.938,208.0,254.0,278.0,284.0,False,MEDIUM,25.0,True,Haas F1 Team,1,10.0,True,Emilia Romagna,2024,False
MAG,82.862,26.0,1.0,26.199,28.895,27.768,209.0,256.0,278.0,284.0,False,MEDIUM,26.0,True,Haas F1 Team,1,10.0,True,Emilia Romagna,2024,False
MAG,82.938,27.0,1.0,26.193,28.949,27.796,212.0,254.0,277.0,284.0,False,MEDIUM,27.0,True,Haas F1 Team,1,10.0,True,Emilia Romagna,2024,False
MAG,83.133,28.0,1.0,26.352,28.911,27.87,211.0,256.0,277.0,284.0,False,MEDIUM,28.0,True,Haas F1 Team,1,10.0,True,Emilia Romagna,2024,False
MAG,83.157,29.0,1.0,26.303,29.039,27.815,210.0,251.0,277.0,283.0,False,MEDIUM,29.0,True,Haas F1 Team,1,10.0,True,Emilia Romagna,2024,False
MAG,83.061,30.0,1.0,26.272,28.921,27.868,210.0,256.0,276.0,288.0,False,MEDIUM,30.0,True,Haas F1 Team,1,10.0,True,Emilia Romagna,2024,False
MAG,83.284,31.0,1.0,26.364,29.031,27.889,209.0,255.0,276.0,282.0,False,MEDIUM,31.0,True,Haas F1 Team,1,10.0,True,Emilia Romagna,2024,False
MAG,84.028,32.0,1.0,26.841,29.243,27.944,208.0,254.0,278.0,285.0,False,MEDIUM,32.0,True,Haas F1 Team,1,10.0,True,Emilia Romagna,2024,False
MAG,83.207,33.0,1.0,26.367,29.05,27.79,209.0,253.0,278.0,284.0,False,MEDIUM,33.0,True,Haas F1 Team,1,10.0,True,Emilia Romagna,2024,False
MAG,83.222,34.0,1.0,26.226,28.933,28.063,212.0,254.0,277.0,284.0,False,MEDIUM,34.0,True,Haas F1 Team,1,10.0,True,Emilia Romagna,2024,False
MAG,82.945,35.0,1.0,26.214,28.913,27.818,212.0,254.0,280.0,284.0,False,MEDIUM,35.0,True,Haas F1 Team,1,10.0,True,Emilia Romagna,2024,False
MAG,83.175,36.0,1.0,26.329,29.103,27.743,208.0,255.0,280.0,284.0,False,MEDIUM,36.0,True,Haas F1 Team,1,10.0,True,Emilia Romagna,2024,False
MAG,87.682,37.0,1.0,26.221,29.129,32.332,208.0,254.0,279.0,283.0,False,MEDIUM,37.0,True,Haas F1 Team,1,12.0,False,Emilia Romagna,2024,True
MAG,105.988,38.0,2.0,50.539,28.33,27.119,212.0,254.0,285.0,287.0,False,HARD,1.0,True,Haas F1 Team,1,17.0,False,Emilia Romagna,2024,True
MAG,81.485,39.0,2.0,25.781,28.418,27.286,212.0,256.0,283.0,287.0,True,HARD,2.0,True,Haas F1 Team,1,17.0,True,Emilia Romagna,2024,False
MAG,82.407,40.0,2.0,26.208,28.712,27.487,205.0,253.0,282.0,285.0,False,HARD,3.0,True,Haas F1 Team,1,17.0,True,Emilia Romagna,2024,False
MAG,81.162,41.0,2.0,25.486,28.503,27.173,211.0,253.0,283.0,286.0,True,HARD,4.0,True,Haas F1 Team,1,16.0,True,Emilia Romagna,2024,False
MAG,84.273,42.0,2.0,25.883,30.945,27.445,210.0,258.0,285.0,288.0,False,HARD,5.0,True,Haas F1 Team,1,16.0,True,Emilia Romagna,2024,False
MAG,81.446,43.0,2.0,25.389,28.684,27.373,211.0,254.0,285.0,288.0,False,HARD,6.0,True,Haas F1 Team,1,16.0,True,Emilia Romagna,2024,False
MAG,81.238,44.0,2.0,25.402,28.575,27.261,211.0,258.0,284.0,291.0,False,HARD,7.0,True,Haas F1 Team,1,16.0,True,Emilia Romagna,2024,False
MAG,81.695,45.0,2.0,25.606,28.672,27.417,211.0,257.0,284.0,289.0,False,HARD,8.0,True,Haas F1 Team,1,16.0,True,Emilia Romagna,2024,False
MAG,81.672,46.0,2.0,25.663,28.613,27.396,207.0,256.0,285.0,288.0,False,HARD,9.0,True,Haas F1 Team,1,16.0,True,Emilia Romagna,2024,False
MAG,81.58,47.0,2.0,25.735,28.578,27.267,211.0,257.0,286.0,292.0,False,HARD,10.0,True,Haas F1 Team,1,16.0,True,Emilia Romagna,2024,False
MAG,81.068,48.0,2.0,25.496,28.307,27.265,213.0,257.0,283.0,288.0,True,HARD,11.0,True,Haas F1 Team,1,15.0,True,Emilia Romagna,2024,False
MAG,83.71,49.0,2.0,25.862,30.162,27.686,210.0,257.0,289.0,292.0,False,HARD,12.0,True,Haas F1 Team,1,15.0,True,Emilia Romagna,2024,False
MAG,81.496,50.0,2.0,25.6,28.548,27.348,209.0,255.0,286.0,288.0,False,HARD,13.0,True,Haas F1 Team,1,14.0,True,Emilia Romagna,2024,False
MAG,81.374,51.0,2.0,25.467,28.61,27.297,210.0,251.0,282.0,286.0,False,HARD,14.0,True,Haas F1 Team,1,13.0,True,Emilia Romagna,2024,False
MAG,81.61,52.0,2.0,25.964,28.403,27.243,213.0,254.0,281.0,286.0,False,HARD,15.0,True,Haas F1 Team,1,13.0,True,Emilia Romagna,2024,False
MAG,81.102,53.0,2.0,25.686,28.185,27.231,214.0,260.0,281.0,289.0,False,HARD,16.0,True,Haas F1 Team,1,13.0,True,Emilia Romagna,2024,False
MAG,81.132,54.0,2.0,25.757,28.263,27.112,212.0,258.0,283.0,286.0,False,HARD,17.0,True,Haas F1 Team,1,13.0,True,Emilia Romagna,2024,False
MAG,81.25,55.0,2.0,25.709,28.333,27.208,214.0,258.0,281.0,285.0,False,HARD,18.0,True,Haas F1 Team,1,13.0,True,Emilia Romagna,2024,False
MAG,81.181,56.0,2.0,25.825,28.267,27.089,216.0,257.0,281.0,287.0,False,HARD,19.0,True,Haas F1 Team,1,13.0,True,Emilia Romagna,2024,False
MAG,83.299,57.0,2.0,25.76,30.016,27.523,214.0,257.0,283.0,290.0,False,HARD,20.0,True,Haas F1 Team,1,13.0,True,Emilia Romagna,2024,False
MAG,81.009,58.0,2.0,25.455,28.416,27.138,215.0,259.0,282.0,295.0,True,HARD,21.0,True,Haas F1 Team,1,13.0,True,Emilia Romagna,2024,False
MAG,81.292,59.0,2.0,25.819,28.303,27.17,215.0,259.0,283.0,289.0,False,HARD,22.0,True,Haas F1 Team,1,13.0,True,Emilia Romagna,2024,False
MAG,81.412,60.0,2.0,25.759,28.285,27.368,215.0,259.0,285.0,302.0,False,HARD,23.0,True,Haas F1 Team,1,13.0,True,Emilia Romagna,2024,False
MAG,81.75,61.0,2.0,25.626,28.748,27.376,212.0,258.0,287.0,304.0,False,HARD,24.0,True,Haas F1 Team,1,13.0,True,Emilia Romagna,2024,False
MAG,81.809,62.0,2.0,25.486,28.744,27.579,211.0,258.0,281.0,291.0,False,HARD,25.0,True,Haas F1 Team,1,12.0,True,Emilia Romagna,2024,False
RIC,82.795,2.0,1.0,26.259,28.841,27.695,213.0,252.0,278.0,282.0,True,MEDIUM,2.0,True,RB,1,11.0,True,Emilia Romagna,2024,False
RIC,82.083,3.0,1.0,25.745,28.729,27.609,212.0,250.0,277.0,282.0,True,MEDIUM,3.0,True,RB,1,11.0,True,Emilia Romagna,2024,False
RIC,82.227,4.0,1.0,25.738,28.8,27.689,215.0,250.0,276.0,286.0,False,MEDIUM,4.0,True,RB,1,11.0,True,Emilia Romagna,2024,False
RIC,82.211,5.0,1.0,25.727,28.75,27.734,214.0,253.0,277.0,284.0,False,MEDIUM,5.0,True,RB,1,11.0,True,Emilia Romagna,2024,False
RIC,82.412,6.0,1.0,25.796,28.91,27.706,213.0,253.0,276.0,283.0,False,MEDIUM,6.0,True,RB,1,11.0,True,Emilia Romagna,2024,False
RIC,82.428,7.0,1.0,25.967,28.76,27.701,217.0,253.0,277.0,287.0,False,MEDIUM,7.0,True,RB,1,11.0,True,Emilia Romagna,2024,False
RIC,82.374,8.0,1.0,25.925,28.846,27.603,212.0,254.0,277.0,288.0,False,MEDIUM,8.0,True,RB,1,11.0,True,Emilia Romagna,2024,False
RIC,82.453,9.0,1.0,26.078,28.713,27.662,214.0,251.0,278.0,289.0,False,MEDIUM,9.0,True,RB,1,11.0,True,Emilia Romagna,2024,False
RIC,82.494,10.0,1.0,25.91,28.797,27.787,214.0,252.0,277.0,286.0,False,MEDIUM,10.0,True,RB,1,11.0,True,Emilia Romagna,2024,False
RIC,87.088,11.0,1.0,26.084,28.759,32.245,213.0,253.0,279.0,287.0,False,MEDIUM,11.0,True,RB,1,13.0,False,Emilia Romagna,2024,True
RIC,104.778,12.0,2.0,49.366,28.365,27.047,215.0,249.0,275.0,283.0,False,HARD,1.0,True,RB,1,16.0,False,Emilia Romagna,2024,True
RIC,81.569,13.0,2.0,26.125,28.365,27.079,214.0,251.0,277.0,294.0,True,HARD,2.0,True,RB,1,16.0,True,Emilia Romagna,2024,False
RIC,82.254,14.0,2.0,26.191,28.71,27.353,213.0,249.0,278.0,283.0,False,HARD,3.0,True,RB,1,16.0,True,Emilia Romagna,2024,False
RIC,82.005,15.0,2.0,25.948,28.541,27.516,215.0,252.0,278.0,284.0,False,HARD,4.0,True,RB,1,16.0,True,Emilia Romagna,2024,False
RIC,82.012,16.0,2.0,25.976,28.614,27.422,218.0,253.0,278.0,285.0,False,HARD,5.0,True,RB,1,16.0,True,Emilia Romagna,2024,False
RIC,82.258,17.0,2.0,26.088,28.534,27.636,216.0,250.0,277.0,285.0,False,HARD,6.0,True,RB,1,16.0,True,Emilia Romagna,2024,False
RIC,82.031,18.0,2.0,25.924,28.554,27.553,217.0,251.0,276.0,286.0,False,HARD,7.0,True,RB,1,16.0,True,Emilia Romagna,2024,False
RIC,82.224,19.0,2.0,26.04,28.662,27.522,215.0,251.0,277.0,286.0,False,HARD,8.0,True,RB,1,16.0,True,Emilia Romagna,2024,False
RIC,82.013,20.0,2.0,25.918,28.558,27.537,217.0,253.0,278.0,286.0,False,HARD,9.0,True,RB,1,16.0,True,Emilia Romagna,2024,False
RIC,82.221,21.0,2.0,25.926,28.658,27.637,215.0,251.0,277.0,287.0,False,HARD,10.0,True,RB,1,16.0,True,Emilia Romagna,2024,False
RIC,82.4,22.0,2.0,25.974,28.779,27.647,214.0,252.0,279.0,287.0,False,HARD,11.0,True,RB,1,16.0,True,Emilia Romagna,2024,False
RIC,82.645,23.0,2.0,26.087,28.896,27.662,212.0,253.0,278.0,288.0,False,HARD,12.0,True,RB,1,16.0,True,Emilia Romagna,2024,False
RIC,82.458,24.0,2.0,25.911,28.855,27.692,214.0,255.0,278.0,286.0,False,HARD,13.0,True,RB,1,16.0,True,Emilia Romagna,2024,False
RIC,82.681,25.0,2.0,25.916,28.945,27.82,216.0,254.0,278.0,284.0,False,HARD,14.0,True,RB,1,16.0,True,Emilia Romagna,2024,False
RIC,83.245,26.0,2.0,26.046,29.197,28.002,213.0,254.0,281.0,286.0,False,HARD,15.0,True,RB,1,15.0,True,Emilia Romagna,2024,False
RIC,83.506,27.0,2.0,26.388,29.166,27.952,215.0,256.0,280.0,290.0,False,HARD,16.0,True,RB,1,15.0,True,Emilia Romagna,2024,False
RIC,83.291,28.0,2.0,26.33,29.007,27.954,213.0,256.0,280.0,290.0,False,HARD,17.0,True,RB,1,15.0,True,Emilia Romagna,2024,False
RIC,83.321,29.0,2.0,26.346,29.078,27.897,214.0,256.0,280.0,293.0,False,HARD,18.0,True,RB,1,15.0,True,Emilia Romagna,2024,False
RIC,84.07,30.0,2.0,26.437,29.59,28.043,215.0,255.0,279.0,292.0,False,HARD,19.0,True,RB,1,15.0,True,Emilia Romagna,2024,False
RIC,83.689,31.0,2.0,26.3,29.359,28.03,211.0,249.0,277.0,289.0,False,HARD,20.0,True,RB,1,14.0,True,Emilia Romagna,2024,False
RIC,81.853,32.0,2.0,25.614,28.651,27.588,214.0,253.0,277.0,286.0,False,HARD,21.0,True,RB,1,14.0,True,Emilia Romagna,2024,False
RIC,82.261,33.0,2.0,26.089,28.514,27.658,213.0,252.0,277.0,287.0,False,HARD,22.0,True,RB,1,13.0,True,Emilia Romagna,2024,False
RIC,81.8,34.0,2.0,25.893,28.444,27.463,217.0,255.0,278.0,289.0,False,HARD,23.0,True,RB,1,13.0,True,Emilia Romagna,2024,False
RIC,82.243,35.0,2.0,26.001,28.748,27.494,215.0,256.0,279.0,288.0,False,HARD,24.0,True,RB,1,13.0,True,Emilia Romagna,2024,False
RIC,82.248,36.0,2.0,26.061,28.624,27.563,214.0,256.0,280.0,288.0,False,HARD,25.0,True,RB,1,13.0,True,Emilia Romagna,2024,False
RIC,82.261,37.0,2.0,26.014,28.655,27.592,214.0,255.0,278.0,290.0,False,HARD,26.0,True,RB,1,13.0,True,Emilia Romagna,2024,False
RIC,82.219,38.0,2.0,25.99,28.646,27.583,214.0,255.0,280.0,290.0,False,HARD,27.0,True,RB,1,10.0,True,Emilia Romagna,2024,False
RIC,83.668,39.0,2.0,26.851,28.949,27.868,211.0,253.0,278.0,284.0,False,HARD,28.0,True,RB,1,11.0,True,Emilia Romagna,2024,False
RIC,82.282,40.0,2.0,25.963,28.694,27.625,217.0,255.0,279.0,288.0,False,HARD,29.0,True,RB,1,11.0,True,Emilia Romagna,2024,False
RIC,82.377,41.0,2.0,26.015,28.702,27.66,214.0,256.0,278.0,289.0,False,HARD,30.0,True,RB,1,11.0,True,Emilia Romagna,2024,False
RIC,82.166,42.0,2.0,26.028,28.561,27.577,217.0,257.0,280.0,289.0,False,HARD,31.0,True,RB,1,11.0,True,Emilia Romagna,2024,False
RIC,83.653,43.0,2.0,26.763,29.101,27.789,214.0,251.0,280.0,287.0,False,HARD,32.0,True,RB,1,12.0,True,Emilia Romagna,2024,False
RIC,82.53,44.0,2.0,25.93,28.879,27.721,215.0,257.0,279.0,290.0,False,HARD,33.0,True,RB,1,12.0,True,Emilia Romagna,2024,False
RIC,82.076,45.0,2.0,25.936,28.627,27.513,216.0,255.0,279.0,289.0,False,HARD,34.0,True,RB,1,12.0,True,Emilia Romagna,2024,False
RIC,82.298,46.0,2.0,25.964,28.666,27.668,216.0,257.0,280.0,289.0,False,HARD,35.0,True,RB,1,12.0,True,Emilia Romagna,2024,False
RIC,82.31,47.0,2.0,25.91,28.707,27.693,218.0,255.0,281.0,288.0,False,HARD,36.0,True,RB,1,12.0,True,Emilia Romagna,2024,False
RIC,82.164,48.0,2.0,25.914,28.675,27.575,218.0,256.0,280.0,291.0,False,HARD,37.0,True,RB,1,12.0,True,Emilia Romagna,2024,False
RIC,82.229,49.0,2.0,25.949,28.711,27.569,216.0,256.0,280.0,288.0,False,HARD,38.0,True,RB,1,12.0,True,Emilia Romagna,2024,False
RIC,84.081,50.0,2.0,27.498,28.984,27.599,212.0,256.0,280.0,288.0,False,HARD,39.0,True,RB,1,12.0,True,Emilia Romagna,2024,False
RIC,82.17,51.0,2.0,25.867,28.784,27.519,218.0,257.0,280.0,293.0,False,HARD,40.0,True,RB,1,12.0,True,Emilia Romagna,2024,False
RIC,85.609,52.0,2.0,27.362,28.938,29.309,214.0,254.0,281.0,167.0,False,HARD,41.0,True,RB,1,12.0,True,Emilia Romagna,2024,False
RIC,82.3,53.0,2.0,25.973,28.778,27.549,217.0,258.0,280.0,291.0,False,HARD,42.0,True,RB,1,12.0,True,Emilia Romagna,2024,False
RIC,81.985,54.0,2.0,25.992,28.564,27.429,214.0,255.0,281.0,287.0,False,HARD,43.0,True,RB,1,12.0,True,Emilia Romagna,2024,False
RIC,81.9,55.0,2.0,25.906,28.543,27.451,217.0,257.0,281.0,287.0,False,HARD,44.0,True,RB,1,12.0,True,Emilia Romagna,2024,False
RIC,83.896,56.0,2.0,25.914,30.215,27.767,216.0,257.0,278.0,289.0,False,HARD,45.0,True,RB,1,12.0,True,Emilia Romagna,2024,False
RIC,82.31,57.0,2.0,26.01,28.661,27.639,216.0,258.0,278.0,292.0,False,HARD,46.0,True,RB,1,12.0,True,Emilia Romagna,2024,False
RIC,82.06,58.0,2.0,25.912,28.647,27.501,218.0,257.0,279.0,290.0,False,HARD,47.0,True,RB,1,12.0,True,Emilia Romagna,2024,False
RIC,81.974,59.0,2.0,25.902,28.678,27.394,215.0,257.0,280.0,290.0,False,HARD,48.0,True,RB,1,12.0,True,Emilia Romagna,2024,False
RIC,84.027,60.0,2.0,25.982,29.969,28.076,216.0,208.0,282.0,290.0,False,HARD,49.0,True,RB,1,12.0,True,Emilia Romagna,2024,False
RIC,81.941,61.0,2.0,25.807,28.635,27.499,216.0,258.0,281.0,294.0,False,HARD,50.0,True,RB,1,12.0,True,Emilia Romagna,2024,False
RIC,83.435,62.0,2.0,26.599,29.033,27.803,213.0,258.0,281.0,288.0,False,HARD,51.0,True,RB,1,13.0,True,Emilia Romagna,2024,False
OCO,82.923,2.0,1.0,26.31,28.866,27.747,211.0,250.0,277.0,282.0,True,MEDIUM,2.0,True,Alpine,1,12.0,True,Emilia Romagna,2024,False
OCO,82.29,3.0,1.0,25.858,28.782,27.65,209.0,249.0,276.0,279.0,True,MEDIUM,3.0,True,Alpine,1,12.0,True,Emilia Romagna,2024,False
OCO,82.229,4.0,1.0,25.762,28.744,27.723,208.0,249.0,274.0,280.0,True,MEDIUM,4.0,True,Alpine,1,12.0,True,Emilia Romagna,2024,False
OCO,82.267,5.0,1.0,25.993,28.54,27.734,212.0,253.0,275.0,282.0,False,MEDIUM,5.0,True,Alpine,1,12.0,True,Emilia Romagna,2024,False
OCO,82.436,6.0,1.0,26.119,28.699,27.618,209.0,248.0,275.0,280.0,False,MEDIUM,6.0,True,Alpine,1,12.0,True,Emilia Romagna,2024,False
OCO,82.562,7.0,1.0,26.188,28.638,27.736,210.0,248.0,274.0,281.0,False,MEDIUM,7.0,True,Alpine,1,12.0,True,Emilia Romagna,2024,False
OCO,82.424,8.0,1.0,26.174,28.641,27.609,208.0,250.0,275.0,282.0,False,MEDIUM,8.0,True,Alpine,1,12.0,True,Emilia Romagna,2024,False
OCO,82.715,9.0,1.0,26.237,28.781,27.697,210.0,249.0,274.0,281.0,False,MEDIUM,9.0,True,Alpine,1,12.0,True,Emilia Romagna,2024,False
OCO,83.802,10.0,1.0,26.969,28.939,27.894,210.0,250.0,276.0,280.0,False,MEDIUM,10.0,True,Alpine,1,13.0,True,Emilia Romagna,2024,False
OCO,82.745,11.0,1.0,25.938,29.009,27.798,210.0,249.0,275.0,281.0,False,MEDIUM,11.0,True,Alpine,1,12.0,True,Emilia Romagna,2024,False
OCO,83.042,12.0,1.0,26.272,28.896,27.874,210.0,248.0,274.0,281.0,False,MEDIUM,12.0,True,Alpine,1,12.0,True,Emilia Romagna,2024,False
OCO,82.907,13.0,1.0,26.375,28.824,27.708,210.0,249.0,274.0,282.0,False,MEDIUM,13.0,True,Alpine,1,11.0,True,Emilia Romagna,2024,False
OCO,82.861,14.0,1.0,26.188,28.854,27.819,211.0,250.0,274.0,279.0,False,MEDIUM,14.0,True,Alpine,1,10.0,True,Emilia Romagna,2024,False
OCO,83.006,15.0,1.0,26.152,28.982,27.872,212.0,249.0,275.0,280.0,False,MEDIUM,15.0,True,Alpine,1,10.0,True,Emilia Romagna,2024,False
OCO,83.049,16.0,1.0,26.292,28.882,27.875,213.0,250.0,275.0,279.0,False,MEDIUM,16.0,True,Alpine,1,10.0,True,Emilia Romagna,2024,False
OCO,83.06,17.0,1.0,26.173,28.912,27.975,212.0,250.0,274.0,279.0,False,MEDIUM,17.0,True,Alpine,1,10.0,True,Emilia Romagna,2024,False
OCO,83.082,18.0,1.0,26.267,28.938,27.877,211.0,249.0,274.0,280.0,False,MEDIUM,18.0,True,Alpine,1,10.0,True,Emilia Romagna,2024,False
OCO,83.179,19.0,1.0,26.265,28.956,27.958,212.0,249.0,273.0,280.0,False,MEDIUM,19.0,True,Alpine,1,10.0,True,Emilia Romagna,2024,False
OCO,83.156,20.0,1.0,26.322,28.972,27.862,211.0,250.0,274.0,280.0,False,MEDIUM,20.0,True,Alpine,1,10.0,True,Emilia Romagna,2024,False
OCO,83.219,21.0,1.0,26.348,28.954,27.917,211.0,249.0,275.0,281.0,False,MEDIUM,21.0,True,Alpine,1,10.0,True,Emilia Romagna,2024,False
OCO,83.376,22.0,1.0,26.298,29.076,28.002,212.0,250.0,275.0,279.0,False,MEDIUM,22.0,True,Alpine,1,9.0,True,Emilia Romagna,2024,False
OCO,83.609,23.0,1.0,26.687,29.122,27.8,208.0,251.0,275.0,281.0,False,MEDIUM,23.0,True,Alpine,1,10.0,True,Emilia Romagna,2024,False
OCO,83.042,24.0,1.0,26.188,28.983,27.871,212.0,251.0,274.0,280.0,False,MEDIUM,24.0,True,Alpine,1,10.0,True,Emilia Romagna,2024,False
OCO,87.881,25.0,1.0,26.183,29.003,32.695,211.0,251.0,279.0,280.0,False,MEDIUM,25.0,True,Alpine,1,11.0,False,Emilia Romagna,2024,True
OCO,105.525,26.0,2.0,49.847,28.294,27.384,210.0,250.0,276.0,280.0,False,HARD,1.0,True,Alpine,1,19.0,False,Emilia Romagna,2024,True
OCO,81.834,27.0,2.0,25.998,28.381,27.455,216.0,252.0,275.0,280.0,True,HARD,2.0,True,Alpine,1,19.0,True,Emilia Romagna,2024,False
OCO,82.056,28.0,2.0,26.095,28.469,27.492,212.0,251.0,275.0,280.0,False,HARD,3.0,True,Alpine,1,19.0,True,Emilia Romagna,2024,False
OCO,82.261,29.0,2.0,26.094,28.574,27.593,210.0,251.0,275.0,282.0,False,HARD,4.0,True,Alpine,1,19.0,True,Emilia Romagna,2024,False
OCO,82.557,30.0,2.0,26.048,28.723,27.786,212.0,251.0,275.0,282.0,False,HARD,5.0,True,Alpine,1,19.0,True,Emilia Romagna,2024,False
OCO,82.589,31.0,2.0,26.075,28.792,27.722,210.0,250.0,275.0,282.0,False,HARD,6.0,True,Alpine,1,18.0,True,Emilia Romagna,2024,False
OCO,82.454,32.0,2.0,26.091,28.68,27.683,211.0,252.0,278.0,283.0,False,HARD,7.0,True,Alpine,1,17.0,True,Emilia Romagna,2024,False
OCO,82.35,33.0,2.0,25.935,28.818,27.597,211.0,256.0,278.0,295.0,False,HARD,8.0,True,Alpine,1,17.0,True,Emilia Romagna,2024,False
OCO,83.217,34.0,2.0,26.438,29.034,27.745,211.0,251.0,277.0,283.0,False,HARD,9.0,True,Alpine,1,16.0,True,Emilia Romagna,2024,False
OCO,82.909,35.0,2.0,26.21,29.013,27.686,210.0,250.0,279.0,282.0,False,HARD,10.0,True,Alpine,1,16.0,True,Emilia Romagna,2024,False
OCO,82.364,36.0,2.0,25.958,28.92,27.486,207.0,256.0,281.0,295.0,False,HARD,11.0,True,Alpine,1,16.0,True,Emilia Romagna,2024,False
OCO,81.304,37.0,2.0,25.46,28.517,27.327,212.0,249.0,275.0,279.0,True,HARD,12.0,True,Alpine,1,15.0,True,Emilia Romagna,2024,False
OCO,82.062,38.0,2.0,26.035,28.568,27.459,212.0,249.0,277.0,280.0,False,HARD,13.0,True,Alpine,1,14.0,True,Emilia Romagna,2024,False
OCO,82.139,39.0,2.0,26.086,28.541,27.512,209.0,250.0,276.0,280.0,False,HARD,14.0,True,Alpine,1,14.0,True,Emilia Romagna,2024,False
OCO,82.04,40.0,2.0,26.009,28.542,27.489,212.0,251.0,277.0,281.0,False,HARD,15.0,True,Alpine,1,14.0,True,Emilia Romagna,2024,False
OCO,82.145,41.0,2.0,26.013,28.537,27.595,214.0,253.0,276.0,282.0,False,HARD,16.0,True,Alpine,1,14.0,True,Emilia Romagna,2024,False
OCO,82.224,42.0,2.0,26.106,28.589,27.529,214.0,252.0,278.0,282.0,False,HARD,17.0,True,Alpine,1,14.0,True,Emilia Romagna,2024,False
OCO,82.081,43.0,2.0,25.921,28.564,27.596,214.0,251.0,278.0,281.0,False,HARD,18.0,True,Alpine,1,14.0,True,Emilia Romagna,2024,False
OCO,83.818,44.0,2.0,26.026,28.662,29.13,211.0,253.0,279.0,193.0,False,HARD,19.0,True,Alpine,1,14.0,True,Emilia Romagna,2024,False
OCO,82.572,45.0,2.0,25.865,28.894,27.813,209.0,256.0,281.0,296.0,False,HARD,20.0,True,Alpine,1,14.0,True,Emilia Romagna,2024,False
OCO,83.905,46.0,2.0,26.494,29.252,28.159,204.0,251.0,273.0,283.0,False,HARD,21.0,True,Alpine,1,14.0,True,Emilia Romagna,2024,False
OCO,85.675,47.0,2.0,27.612,30.2,27.863,211.0,251.0,281.0,287.0,False,HARD,22.0,True,Alpine,1,14.0,True,Emilia Romagna,2024,False
OCO,82.55,48.0,2.0,26.054,28.785,27.711,215.0,255.0,280.0,288.0,False,HARD,23.0,True,Alpine,1,14.0,True,Emilia Romagna,2024,False
OCO,84.384,49.0,2.0,26.0,29.053,29.331,213.0,255.0,280.0,268.0,False,HARD,24.0,True,Alpine,1,14.0,True,Emilia Romagna,2024,False
OCO,83.073,50.0,2.0,26.423,28.977,27.673,213.0,255.0,279.0,286.0,False,HARD,25.0,True,Alpine,1,15.0,True,Emilia Romagna,2024,False
OCO,84.114,51.0,2.0,26.422,30.036,27.656,210.0,253.0,280.0,288.0,False,HARD,26.0,True,Alpine,1,15.0,True,Emilia Romagna,2024,False
OCO,82.762,52.0,2.0,25.824,29.201,27.737,213.0,255.0,280.0,288.0,False,HARD,27.0,True,Alpine,1,15.0,True,Emilia Romagna,2024,False
OCO,82.756,53.0,2.0,25.913,29.034,27.809,213.0,255.0,281.0,287.0,False,HARD,28.0,True,Alpine,1,15.0,True,Emilia Romagna,2024,False
OCO,83.855,54.0,2.0,26.545,29.55,27.76,204.0,254.0,281.0,284.0,False,HARD,29.0,True,Alpine,1,15.0,True,Emilia Romagna,2024,False
OCO,82.991,55.0,2.0,26.074,29.103,27.814,210.0,253.0,279.0,283.0,False,HARD,30.0,True,Alpine,1,15.0,True,Emilia Romagna,2024,False
OCO,83.017,56.0,2.0,26.096,29.063,27.858,214.0,254.0,279.0,284.0,False,HARD,31.0,True,Alpine,1,15.0,True,Emilia Romagna,2024,False
OCO,83.961,57.0,2.0,26.221,29.798,27.942,210.0,253.0,281.0,288.0,False,HARD,32.0,True,Alpine,1,15.0,True,Emilia Romagna,2024,False
OCO,82.824,58.0,2.0,26.101,29.008,27.715,215.0,256.0,280.0,287.0,False,HARD,33.0,True,Alpine,1,15.0,True,Emilia Romagna,2024,False
OCO,82.068,59.0,2.0,26.124,28.577,27.367,213.0,255.0,277.0,284.0,False,HARD,34.0,True,Alpine,1,14.0,True,Emilia Romagna,2024,False
OCO,82.154,60.0,2.0,26.05,28.623,27.481,213.0,253.0,277.0,281.0,False,HARD,35.0,True,Alpine,1,14.0,True,Emilia Romagna,2024,False
OCO,81.745,61.0,2.0,25.924,28.426,27.395,215.0,253.0,277.0,284.0,False,HARD,36.0,True,Alpine,1,14.0,True,Emilia Romagna,2024,False
OCO,82.013,62.0,2.0,26.029,28.597,27.387,213.0,255.0,278.0,283.0,False,HARD,37.0,True,Alpine,1,14.0,True,Emilia Romagna,2024,False
ZHO,83.939,2.0,1.0,26.857,29.3,27.782,212.0,248.0,279.0,282.0,True,HARD,2.0,True,Kick Sauber,1,18.0,True,Emilia Romagna,2024,False
ZHO,82.718,3.0,1.0,26.019,28.896,27.803,209.0,250.0,278.0,283.0,True,HARD,3.0,True,Kick Sauber,1,18.0,True,Emilia Romagna,2024,False
ZHO,83.046,4.0,1.0,25.947,29.146,27.953,211.0,247.0,277.0,283.0,False,HARD,4.0,True,Kick Sauber,1,18.0,True,Emilia Romagna,2024,False
ZHO,82.565,5.0,1.0,25.962,28.866,27.737,212.0,248.0,279.0,295.0,True,HARD,5.0,True,Kick Sauber,1,18.0,True,Emilia Romagna,2024,False
ZHO,82.647,6.0,1.0,26.014,29.034,27.599,205.0,248.0,276.0,295.0,False,HARD,6.0,True,Kick Sauber,1,18.0,True,Emilia Romagna,2024,False
ZHO,82.971,7.0,1.0,26.214,29.03,27.727,212.0,249.0,277.0,285.0,False,HARD,7.0,True,Kick Sauber,1,18.0,True,Emilia Romagna,2024,False
ZHO,82.798,8.0,1.0,26.22,28.806,27.772,213.0,249.0,276.0,285.0,False,HARD,8.0,True,Kick Sauber,1,16.0,True,Emilia Romagna,2024,False
ZHO,83.153,9.0,1.0,26.248,29.181,27.724,212.0,248.0,276.0,282.0,False,HARD,9.0,True,Kick Sauber,1,15.0,True,Emilia Romagna,2024,False
ZHO,83.131,10.0,1.0,26.258,28.935,27.938,211.0,248.0,275.0,280.0,False,HARD,10.0,True,Kick Sauber,1,15.0,True,Emilia Romagna,2024,False
ZHO,82.874,11.0,1.0,26.265,28.881,27.728,213.0,249.0,276.0,282.0,False,HARD,11.0,True,Kick Sauber,1,15.0,True,Emilia Romagna,2024,False
ZHO,83.192,12.0,1.0,26.403,28.993,27.796,211.0,247.0,275.0,282.0,False,HARD,12.0,True,Kick Sauber,1,14.0,True,Emilia Romagna,2024,False
ZHO,83.067,13.0,1.0,26.276,28.975,27.816,213.0,247.0,276.0,283.0,False,HARD,13.0,True,Kick Sauber,1,13.0,True,Emilia Romagna,2024,False
ZHO,82.802,14.0,1.0,26.115,28.836,27.851,213.0,248.0,276.0,281.0,False,HARD,14.0,True,Kick Sauber,1,12.0,True,Emilia Romagna,2024,False
ZHO,82.832,15.0,1.0,26.116,28.896,27.82,213.0,248.0,277.0,282.0,False,HARD,15.0,True,Kick Sauber,1,12.0,True,Emilia Romagna,2024,False
ZHO,82.789,16.0,1.0,26.115,28.863,27.811,213.0,251.0,277.0,283.0,False,HARD,16.0,True,Kick Sauber,1,12.0,True,Emilia Romagna,2024,False
ZHO,83.033,17.0,1.0,26.218,28.875,27.94,211.0,248.0,276.0,282.0,False,HARD,17.0,True,Kick Sauber,1,12.0,True,Emilia Romagna,2024,False
ZHO,83.106,18.0,1.0,26.333,28.872,27.901,213.0,250.0,276.0,284.0,False,HARD,18.0,True,Kick Sauber,1,12.0,True,Emilia Romagna,2024,False
ZHO,83.179,19.0,1.0,26.341,28.851,27.987,213.0,250.0,277.0,284.0,False,HARD,19.0,True,Kick Sauber,1,12.0,True,Emilia Romagna,2024,False
ZHO,83.207,20.0,1.0,26.311,28.915,27.981,213.0,249.0,277.0,282.0,False,HARD,20.0,True,Kick Sauber,1,12.0,True,Emilia Romagna,2024,False
ZHO,83.217,21.0,1.0,26.32,28.957,27.94,212.0,250.0,277.0,284.0,False,HARD,21.0,True,Kick Sauber,1,12.0,True,Emilia Romagna,2024,False
ZHO,83.261,22.0,1.0,26.299,29.001,27.961,213.0,250.0,278.0,283.0,False,HARD,22.0,True,Kick Sauber,1,12.0,True,Emilia Romagna,2024,False
ZHO,83.02,23.0,1.0,26.226,28.983,27.811,211.0,252.0,277.0,285.0,False,HARD,23.0,True,Kick Sauber,1,12.0,True,Emilia Romagna,2024,False
ZHO,83.021,24.0,1.0,26.226,28.93,27.865,214.0,253.0,276.0,284.0,False,HARD,24.0,True,Kick Sauber,1,12.0,True,Emilia Romagna,2024,False
ZHO,83.36,25.0,1.0,26.483,28.969,27.908,210.0,250.0,277.0,282.0,False,HARD,25.0,True,Kick Sauber,1,12.0,True,Emilia Romagna,2024,False
ZHO,83.041,26.0,1.0,26.252,28.827,27.962,213.0,253.0,277.0,283.0,False,HARD,26.0,True,Kick Sauber,1,11.0,True,Emilia Romagna,2024,False
ZHO,82.929,27.0,1.0,26.217,28.935,27.777,212.0,252.0,277.0,283.0,False,HARD,27.0,True,Kick Sauber,1,11.0,True,Emilia Romagna,2024,False
ZHO,82.921,28.0,1.0,26.277,28.864,27.78,213.0,252.0,276.0,284.0,False,HARD,28.0,True,Kick Sauber,1,11.0,True,Emilia Romagna,2024,False
ZHO,83.118,29.0,1.0,26.417,28.86,27.841,214.0,250.0,276.0,284.0,False,HARD,29.0,True,Kick Sauber,1,11.0,True,Emilia Romagna,2024,False
ZHO,83.117,30.0,1.0,26.297,28.899,27.921,212.0,251.0,276.0,283.0,False,HARD,30.0,True,Kick Sauber,1,11.0,True,Emilia Romagna,2024,False
ZHO,83.326,31.0,1.0,26.299,28.996,28.031,213.0,249.0,276.0,284.0,False,HARD,31.0,True,Kick Sauber,1,11.0,True,Emilia Romagna,2024,False
ZHO,83.806,32.0,1.0,26.411,29.288,28.107,211.0,250.0,277.0,283.0,False,HARD,32.0,True,Kick Sauber,1,11.0,True,Emilia Romagna,2024,False
ZHO,89.428,33.0,1.0,27.296,29.389,32.743,208.0,250.0,279.0,285.0,False,HARD,33.0,True,Kick Sauber,1,14.0,False,Emilia Romagna,2024,True
ZHO,105.17,34.0,2.0,49.47,28.484,27.216,211.0,250.0,277.0,282.0,False,MEDIUM,1.0,True,Kick Sauber,1,17.0,False,Emilia Romagna,2024,True
ZHO,81.317,35.0,2.0,25.887,28.223,27.207,218.0,251.0,278.0,282.0,True,MEDIUM,2.0,True,Kick Sauber,1,17.0,True,Emilia Romagna,2024,False
ZHO,83.077,36.0,2.0,25.892,28.496,28.689,216.0,251.0,282.0,274.0,False,MEDIUM,3.0,True,Kick Sauber,1,17.0,True,Emilia Romagna,2024,False
ZHO,81.016,37.0,2.0,25.633,28.281,27.102,221.0,255.0,280.0,296.0,True,MEDIUM,4.0,True,Kick Sauber,1,17.0,True,Emilia Romagna,2024,False
ZHO,81.549,38.0,2.0,26.01,28.349,27.19,217.0,251.0,281.0,283.0,False,MEDIUM,5.0,True,Kick Sauber,1,16.0,True,Emilia Romagna,2024,False
ZHO,81.58,39.0,2.0,25.957,28.432,27.191,215.0,250.0,280.0,281.0,False,MEDIUM,6.0,True,Kick Sauber,1,16.0,True,Emilia Romagna,2024,False
ZHO,81.914,40.0,2.0,26.404,28.368,27.142,208.0,250.0,279.0,281.0,False,MEDIUM,7.0,True,Kick Sauber,1,16.0,True,Emilia Romagna,2024,False
ZHO,81.383,41.0,2.0,26.087,28.169,27.127,213.0,251.0,279.0,281.0,False,MEDIUM,8.0,True,Kick Sauber,1,15.0,True,Emilia Romagna,2024,False
ZHO,82.007,42.0,2.0,26.373,28.37,27.264,214.0,250.0,281.0,281.0,False,MEDIUM,9.0,True,Kick Sauber,1,15.0,True,Emilia Romagna,2024,False
ZHO,83.86,43.0,2.0,26.412,29.996,27.452,149.0,254.0,283.0,288.0,False,MEDIUM,10.0,True,Kick Sauber,1,15.0,True,Emilia Romagna,2024,False
ZHO,81.23,44.0,2.0,25.495,28.482,27.253,208.0,255.0,281.0,284.0,False,MEDIUM,11.0,True,Kick Sauber,1,15.0,True,Emilia Romagna,2024,False
ZHO,81.651,45.0,2.0,25.85,28.441,27.36,213.0,253.0,281.0,284.0,False,MEDIUM,12.0,True,Kick Sauber,1,15.0,True,Emilia Romagna,2024,False
ZHO,81.675,46.0,2.0,25.925,28.394,27.356,214.0,251.0,281.0,283.0,False,MEDIUM,13.0,True,Kick Sauber,1,15.0,True,Emilia Romagna,2024,False
ZHO,81.817,47.0,2.0,25.961,28.43,27.426,215.0,251.0,281.0,284.0,False,MEDIUM,14.0,True,Kick Sauber,1,15.0,True,Emilia Romagna,2024,False
ZHO,84.342,48.0,2.0,26.696,30.057,27.589,213.0,252.0,282.0,287.0,False,MEDIUM,15.0,True,Kick Sauber,1,16.0,True,Emilia Romagna,2024,False
ZHO,81.934,49.0,2.0,25.682,28.489,27.763,215.0,254.0,282.0,286.0,False,MEDIUM,16.0,True,Kick Sauber,1,16.0,True,Emilia Romagna,2024,False
ZHO,82.488,50.0,2.0,25.868,29.088,27.532,213.0,253.0,284.0,287.0,False,MEDIUM,17.0,True,Kick Sauber,1,16.0,True,Emilia Romagna,2024,False
ZHO,84.214,51.0,2.0,27.08,29.409,27.725,209.0,253.0,283.0,288.0,False,MEDIUM,18.0,True,Kick Sauber,1,16.0,True,Emilia Romagna,2024,False
ZHO,82.64,52.0,2.0,25.876,28.959,27.805,217.0,256.0,284.0,288.0,False,MEDIUM,19.0,True,Kick Sauber,1,16.0,True,Emilia Romagna,2024,False
ZHO,82.802,53.0,2.0,25.779,29.07,27.953,216.0,256.0,283.0,286.0,False,MEDIUM,20.0,True,Kick Sauber,1,16.0,True,Emilia Romagna,2024,False
ZHO,84.084,54.0,2.0,26.169,30.142,27.773,214.0,254.0,283.0,285.0,False,MEDIUM,21.0,True,Kick Sauber,1,16.0,True,Emilia Romagna,2024,False
ZHO,82.694,55.0,2.0,25.848,28.977,27.869,215.0,256.0,284.0,286.0,False,MEDIUM,22.0,True,Kick Sauber,1,16.0,True,Emilia Romagna,2024,False
ZHO,82.942,56.0,2.0,26.193,28.925,27.824,212.0,256.0,283.0,288.0,False,MEDIUM,23.0,True,Kick Sauber,1,16.0,True,Emilia Romagna,2024,False
ZHO,83.906,57.0,2.0,26.761,29.246,27.899,214.0,255.0,284.0,300.0,False,MEDIUM,24.0,True,Kick Sauber,1,16.0,True,Emilia Romagna,2024,False
ZHO,82.975,58.0,2.0,26.25,29.026,27.699,214.0,254.0,283.0,286.0,False,MEDIUM,25.0,True,Kick Sauber,1,16.0,True,Emilia Romagna,2024,False
ZHO,83.701,59.0,2.0,26.008,29.689,28.004,216.0,252.0,283.0,301.0,False,MEDIUM,26.0,True,Kick Sauber,1,16.0,True,Emilia Romagna,2024,False
ZHO,81.77,60.0,2.0,25.701,28.618,27.451,215.0,253.0,280.0,283.0,False,MEDIUM,27.0,True,Kick Sauber,1,15.0,True,Emilia Romagna,2024,False
ZHO,81.563,61.0,2.0,25.888,28.377,27.298,216.0,256.0,280.0,289.0,False,MEDIUM,28.0,True,Kick Sauber,1,15.0,True,Emilia Romagna,2024,False
ZHO,81.489,62.0,2.0,25.778,28.437,27.274,218.0,258.0,282.0,299.0,False,MEDIUM,29.0,True,Kick Sauber,1,15.0,True,Emilia Romagna,2024,False
GAS,83.214,2.0,1.0,26.415,28.955,27.844,212.0,250.0,276.0,282.0,True,SOFT,2.0,True,Alpine,1,15.0,True,Emilia Romagna,2024,False
GAS,82.752,3.0,1.0,25.987,28.971,27.794,210.0,247.0,274.0,278.0,True,SOFT,3.0,True,Alpine,1,15.0,True,Emilia Romagna,2024,False
GAS,82.706,4.0,1.0,25.878,28.941,27.887,209.0,248.0,275.0,279.0,True,SOFT,4.0,True,Alpine,1,15.0,True,Emilia Romagna,2024,False
GAS,82.483,5.0,1.0,26.157,28.654,27.672,211.0,247.0,275.0,280.0,True,SOFT,5.0,True,Alpine,1,15.0,True,Emilia Romagna,2024,False
GAS,82.399,6.0,1.0,26.052,28.815,27.532,207.0,246.0,276.0,281.0,True,SOFT,6.0,True,Alpine,1,15.0,True,Emilia Romagna,2024,False
GAS,82.439,7.0,1.0,25.912,28.776,27.751,211.0,247.0,275.0,281.0,False,SOFT,7.0,True,Alpine,1,15.0,True,Emilia Romagna,2024,False
GAS,86.945,8.0,1.0,26.002,28.792,32.151,210.0,247.0,279.0,282.0,False,SOFT,8.0,True,Alpine,1,18.0,False,Emilia Romagna,2024,True
GAS,105.303,9.0,2.0,49.733,28.42,27.15,214.0,245.0,272.0,278.0,False,HARD,1.0,True,Alpine,1,17.0,False,Emilia Romagna,2024,True
GAS,81.371,10.0,2.0,26.083,28.208,27.08,214.0,249.0,272.0,280.0,True,HARD,2.0,True,Alpine,1,17.0,True,Emilia Romagna,2024,False
GAS,81.502,11.0,2.0,26.089,28.17,27.243,214.0,250.0,272.0,278.0,False,HARD,3.0,True,Alpine,1,17.0,True,Emilia Romagna,2024,False
GAS,81.906,12.0,2.0,26.109,28.474,27.323,214.0,249.0,272.0,281.0,False,HARD,4.0,True,Alpine,1,17.0,True,Emilia Romagna,2024,False
GAS,82.007,13.0,2.0,26.196,28.47,27.341,213.0,249.0,274.0,281.0,False,HARD,5.0,True,Alpine,1,17.0,True,Emilia Romagna,2024,False
GAS,81.839,14.0,2.0,26.024,28.389,27.426,213.0,250.0,276.0,281.0,False,HARD,6.0,True,Alpine,1,17.0,True,Emilia Romagna,2024,False
GAS,81.955,15.0,2.0,25.957,28.493,27.505,212.0,250.0,275.0,280.0,False,HARD,7.0,True,Alpine,1,17.0,True,Emilia Romagna,2024,False
GAS,82.152,16.0,2.0,26.063,28.539,27.55,213.0,250.0,274.0,280.0,False,HARD,8.0,True,Alpine,1,17.0,True,Emilia Romagna,2024,False
GAS,82.391,17.0,2.0,26.197,28.525,27.669,212.0,249.0,274.0,280.0,False,HARD,9.0,True,Alpine,1,17.0,True,Emilia Romagna,2024,False
GAS,82.419,18.0,2.0,26.155,28.636,27.628,211.0,249.0,273.0,281.0,False,HARD,10.0,True,Alpine,1,17.0,True,Emilia Romagna,2024,False
GAS,82.231,19.0,2.0,26.215,28.5,27.516,210.0,250.0,273.0,281.0,False,HARD,11.0,True,Alpine,1,17.0,True,Emilia Romagna,2024,False
GAS,82.233,20.0,2.0,26.139,28.487,27.607,211.0,250.0,275.0,282.0,False,HARD,12.0,True,Alpine,1,17.0,True,Emilia Romagna,2024,False
GAS,82.44,21.0,2.0,26.119,28.677,27.644,214.0,250.0,273.0,282.0,False,HARD,13.0,True,Alpine,1,17.0,True,Emilia Romagna,2024,False
GAS,82.296,22.0,2.0,26.034,28.692,27.57,214.0,250.0,276.0,280.0,False,HARD,14.0,True,Alpine,1,17.0,True,Emilia Romagna,2024,False
GAS,82.614,23.0,2.0,26.182,28.641,27.791,212.0,252.0,274.0,282.0,False,HARD,15.0,True,Alpine,1,17.0,True,Emilia Romagna,2024,False
GAS,82.518,24.0,2.0,26.092,28.667,27.759,213.0,252.0,273.0,281.0,False,HARD,16.0,True,Alpine,1,17.0,True,Emilia Romagna,2024,False
GAS,82.607,25.0,2.0,26.185,28.73,27.692,214.0,251.0,275.0,281.0,False,HARD,17.0,True,Alpine,1,17.0,True,Emilia Romagna,2024,False
GAS,82.757,26.0,2.0,26.134,28.702,27.921,214.0,251.0,275.0,281.0,False,HARD,18.0,True,Alpine,1,16.0,True,Emilia Romagna,2024,False
GAS,82.721,27.0,2.0,26.135,28.69,27.896,212.0,250.0,276.0,283.0,False,HARD,19.0,True,Alpine,1,16.0,True,Emilia Romagna,2024,False
GAS,83.109,28.0,2.0,26.195,28.938,27.976,211.0,250.0,275.0,282.0,False,HARD,20.0,True,Alpine,1,16.0,True,Emilia Romagna,2024,False
GAS,83.551,29.0,2.0,26.418,28.82,28.313,211.0,252.0,274.0,282.0,False,HARD,21.0,True,Alpine,1,16.0,True,Emilia Romagna,2024,False
GAS,87.963,30.0,2.0,26.274,29.122,32.567,211.0,250.0,279.0,283.0,False,HARD,22.0,True,Alpine,1,17.0,False,Emilia Romagna,2024,False
GAS,104.669,31.0,3.0,49.632,28.061,26.976,212.0,249.0,274.0,279.0,False,MEDIUM,1.0,True,Alpine,1,19.0,False,Emilia Romagna,2024,True
GAS,81.407,32.0,3.0,25.965,28.176,27.266,215.0,251.0,274.0,279.0,False,MEDIUM,2.0,True,Alpine,1,18.0,True,Emilia Romagna,2024,False
GAS,81.633,33.0,3.0,26.005,28.303,27.325,216.0,250.0,274.0,278.0,False,MEDIUM,3.0,True,Alpine,1,18.0,True,Emilia Romagna,2024,False
GAS,81.706,34.0,3.0,26.101,28.267,27.338,214.0,250.0,276.0,281.0,False,MEDIUM,4.0,True,Alpine,1,18.0,True,Emilia Romagna,2024,False
GAS,83.386,35.0,3.0,25.872,30.08,27.434,214.0,249.0,278.0,285.0,False,MEDIUM,5.0,True,Alpine,1,18.0,True,Emilia Romagna,2024,False
GAS,81.485,36.0,3.0,25.902,28.236,27.347,215.0,252.0,277.0,283.0,False,MEDIUM,6.0,True,Alpine,1,18.0,True,Emilia Romagna,2024,False
GAS,81.658,37.0,3.0,25.921,28.368,27.369,215.0,251.0,276.0,283.0,False,MEDIUM,7.0,True,Alpine,1,18.0,True,Emilia Romagna,2024,False
GAS,81.667,38.0,3.0,26.103,28.244,27.32,214.0,253.0,277.0,284.0,False,MEDIUM,8.0,True,Alpine,1,18.0,True,Emilia Romagna,2024,False
GAS,81.622,39.0,3.0,25.758,28.334,27.53,213.0,253.0,275.0,282.0,False,MEDIUM,9.0,True,Alpine,1,18.0,True,Emilia Romagna,2024,False
GAS,83.459,40.0,3.0,25.929,29.394,28.136,215.0,206.0,275.0,286.0,False,MEDIUM,10.0,True,Alpine,1,18.0,True,Emilia Romagna,2024,False
GAS,83.03,41.0,3.0,26.892,28.61,27.528,213.0,251.0,276.0,285.0,False,MEDIUM,11.0,True,Alpine,1,17.0,True,Emilia Romagna,2024,False
GAS,83.721,42.0,3.0,26.007,28.442,29.272,216.0,253.0,280.0,283.0,False,MEDIUM,12.0,True,Alpine,1,17.0,True,Emilia Romagna,2024,False
GAS,81.633,43.0,3.0,25.69,28.393,27.55,215.0,252.0,277.0,284.0,False,MEDIUM,13.0,True,Alpine,1,17.0,True,Emilia Romagna,2024,False
GAS,81.908,44.0,3.0,25.902,28.288,27.718,213.0,253.0,276.0,281.0,False,MEDIUM,14.0,True,Alpine,1,17.0,True,Emilia Romagna,2024,False
GAS,83.463,45.0,3.0,25.908,28.644,28.911,212.0,253.0,278.0,283.0,False,MEDIUM,15.0,True,Alpine,1,17.0,True,Emilia Romagna,2024,False
GAS,82.874,46.0,3.0,26.439,28.75,27.685,213.0,252.0,276.0,284.0,False,MEDIUM,16.0,True,Alpine,1,17.0,True,Emilia Romagna,2024,False
GAS,82.242,47.0,3.0,26.056,28.675,27.511,214.0,250.0,277.0,281.0,False,MEDIUM,17.0,True,Alpine,1,17.0,True,Emilia Romagna,2024,False
GAS,81.85,48.0,3.0,25.985,28.375,27.49,211.0,251.0,276.0,281.0,False,MEDIUM,18.0,True,Alpine,1,17.0,True,Emilia Romagna,2024,False
GAS,81.981,49.0,3.0,26.032,28.401,27.548,215.0,251.0,277.0,281.0,False,MEDIUM,19.0,True,Alpine,1,17.0,True,Emilia Romagna,2024,False
GAS,81.905,50.0,3.0,26.011,28.417,27.477,214.0,252.0,276.0,281.0,False,MEDIUM,20.0,True,Alpine,1,17.0,True,Emilia Romagna,2024,False
GAS,82.176,51.0,3.0,26.07,28.609,27.497,213.0,251.0,277.0,282.0,False,MEDIUM,21.0,True,Alpine,1,17.0,True,Emilia Romagna,2024,False
GAS,82.187,52.0,3.0,26.095,28.522,27.57,215.0,253.0,277.0,282.0,False,MEDIUM,22.0,True,Alpine,1,17.0,True,Emilia Romagna,2024,False
GAS,81.945,53.0,3.0,25.99,28.379,27.576,215.0,253.0,277.0,281.0,False,MEDIUM,23.0,True,Alpine,1,17.0,True,Emilia Romagna,2024,False
GAS,82.249,54.0,3.0,26.039,28.564,27.646,217.0,254.0,280.0,284.0,False,MEDIUM,24.0,True,Alpine,1,17.0,True,Emilia Romagna,2024,False
GAS,82.53,55.0,3.0,25.711,28.818,28.001,215.0,254.0,280.0,284.0,False,MEDIUM,25.0,True,Alpine,1,17.0,True,Emilia Romagna,2024,False
GAS,83.8,56.0,3.0,26.071,29.611,28.118,214.0,222.0,278.0,289.0,False,MEDIUM,26.0,True,Alpine,1,17.0,True,Emilia Romagna,2024,False
GAS,82.959,57.0,3.0,25.85,29.053,28.056,210.0,256.0,278.0,287.0,False,MEDIUM,27.0,True,Alpine,1,17.0,True,Emilia Romagna,2024,False
GAS,83.004,58.0,3.0,26.123,29.07,27.811,216.0,254.0,280.0,287.0,False,MEDIUM,28.0,True,Alpine,1,17.0,True,Emilia Romagna,2024,False
GAS,83.449,59.0,3.0,25.915,29.413,28.121,215.0,256.0,280.0,289.0,False,MEDIUM,29.0,True,Alpine,1,17.0,True,Emilia Romagna,2024,False
GAS,84.01,60.0,3.0,26.651,29.321,28.038,216.0,256.0,281.0,289.0,False,MEDIUM,30.0,True,Alpine,1,17.0,True,Emilia Romagna,2024,False
GAS,83.355,61.0,3.0,25.746,28.545,29.064,215.0,255.0,279.0,283.0,False,MEDIUM,31.0,True,Alpine,1,16.0,True,Emilia Romagna,2024,False
GAS,81.812,62.0,3.0,25.857,28.48,27.475,217.0,255.0,278.0,294.0,False,MEDIUM,32.0,True,Alpine,1,16.0,True,Emilia Romagna,2024,False
SAR,84.242,2.0,1.0,27.116,29.223,27.903,211.0,253.0,280.0,286.0,True,HARD,2.0,True,Williams,1,19.0,True,Emilia Romagna,2024,False
SAR,82.784,3.0,1.0,26.056,28.999,27.729,211.0,253.0,280.0,288.0,True,HARD,3.0,True,Williams,1,19.0,True,Emilia Romagna,2024,False
SAR,82.99,4.0,1.0,25.946,29.066,27.978,208.0,251.0,281.0,287.0,False,HARD,4.0,True,Williams,1,19.0,True,Emilia Romagna,2024,False
SAR,82.702,5.0,1.0,25.954,29.002,27.746,211.0,252.0,280.0,288.0,True,HARD,5.0,True,Williams,1,19.0,True,Emilia Romagna,2024,False
SAR,82.755,6.0,1.0,25.964,29.036,27.755,208.0,251.0,280.0,288.0,False,HARD,6.0,True,Williams,1,19.0,True,Emilia Romagna,2024,False
SAR,82.978,7.0,1.0,26.067,29.164,27.747,209.0,250.0,279.0,288.0,False,HARD,7.0,True,Williams,1,19.0,True,Emilia Romagna,2024,False
SAR,82.776,8.0,1.0,26.113,28.889,27.774,211.0,253.0,280.0,288.0,False,HARD,8.0,True,Williams,1,17.0,True,Emilia Romagna,2024,False
SAR,83.268,9.0,1.0,26.199,29.138,27.931,207.0,252.0,280.0,288.0,False,HARD,9.0,True,Williams,1,16.0,True,Emilia Romagna,2024,False
SAR,83.239,10.0,1.0,26.28,29.137,27.822,206.0,253.0,279.0,284.0,False,HARD,10.0,True,Williams,1,16.0,True,Emilia Romagna,2024,False
SAR,83.211,11.0,1.0,26.394,28.985,27.832,210.0,255.0,279.0,283.0,False,HARD,11.0,True,Williams,1,16.0,True,Emilia Romagna,2024,False
SAR,83.349,12.0,1.0,26.379,29.027,27.943,209.0,254.0,278.0,283.0,False,HARD,12.0,True,Williams,1,15.0,True,Emilia Romagna,2024,False
SAR,83.581,13.0,1.0,26.654,29.134,27.793,210.0,254.0,279.0,288.0,False,HARD,13.0,True,Williams,1,14.0,True,Emilia Romagna,2024,False
SAR,83.012,14.0,1.0,26.255,28.939,27.818,210.0,254.0,279.0,286.0,False,HARD,14.0,True,Williams,1,13.0,True,Emilia Romagna,2024,False
SAR,83.038,15.0,1.0,26.276,29.027,27.735,211.0,254.0,279.0,288.0,False,HARD,15.0,True,Williams,1,13.0,True,Emilia Romagna,2024,False
SAR,82.939,16.0,1.0,26.267,29.027,27.645,210.0,254.0,280.0,287.0,False,HARD,16.0,True,Williams,1,13.0,True,Emilia Romagna,2024,False
SAR,83.151,17.0,1.0,26.204,29.017,27.93,210.0,254.0,278.0,286.0,False,HARD,17.0,True,Williams,1,13.0,True,Emilia Romagna,2024,False
SAR,83.363,18.0,1.0,26.261,29.121,27.981,211.0,253.0,278.0,288.0,False,HARD,18.0,True,Williams,1,13.0,True,Emilia Romagna,2024,False
SAR,83.471,19.0,1.0,26.456,29.155,27.86,210.0,252.0,278.0,288.0,False,HARD,19.0,True,Williams,1,13.0,True,Emilia Romagna,2024,False
SAR,83.171,20.0,1.0,26.277,29.094,27.8,210.0,253.0,279.0,289.0,False,HARD,20.0,True,Williams,1,13.0,True,Emilia Romagna,2024,False
SAR,83.255,21.0,1.0,26.373,29.158,27.724,210.0,253.0,279.0,289.0,False,HARD,21.0,True,Williams,1,13.0,True,Emilia Romagna,2024,False
SAR,83.287,22.0,1.0,26.402,29.057,27.828,211.0,255.0,280.0,287.0,False,HARD,22.0,True,Williams,1,13.0,True,Emilia Romagna,2024,False
SAR,82.953,23.0,1.0,26.254,29.062,27.637,209.0,255.0,280.0,288.0,False,HARD,23.0,True,Williams,1,13.0,True,Emilia Romagna,2024,False
SAR,82.987,24.0,1.0,26.231,28.983,27.773,210.0,253.0,279.0,284.0,False,HARD,24.0,True,Williams,1,13.0,True,Emilia Romagna,2024,False
SAR,83.248,25.0,1.0,26.359,29.019,27.87,211.0,254.0,280.0,288.0,False,HARD,25.0,True,Williams,1,13.0,True,Emilia Romagna,2024,False
SAR,85.354,26.0,1.0,27.877,29.448,28.029,197.0,254.0,280.0,287.0,False,HARD,26.0,True,Williams,1,14.0,True,Emilia Romagna,2024,False
SAR,83.498,27.0,1.0,26.353,29.215,27.93,210.0,254.0,279.0,288.0,False,HARD,27.0,True,Williams,1,14.0,True,Emilia Romagna,2024,False
SAR,83.234,28.0,1.0,26.351,29.071,27.812,209.0,252.0,279.0,285.0,False,HARD,28.0,True,Williams,1,14.0,True,Emilia Romagna,2024,False
SAR,83.436,29.0,1.0,26.419,29.166,27.851,213.0,254.0,278.0,289.0,False,HARD,29.0,True,Williams,1,14.0,True,Emilia Romagna,2024,False
SAR,84.026,30.0,1.0,26.493,29.571,27.962,210.0,255.0,278.0,288.0,False,HARD,30.0,True,Williams,1,14.0,True,Emilia Romagna,2024,False
SAR,88.215,31.0,1.0,26.435,29.26,32.52,210.0,256.0,279.0,297.0,False,HARD,31.0,True,Williams,1,16.0,False,Emilia Romagna,2024,True
SAR,108.212,32.0,2.0,51.056,29.798,27.358,155.0,257.0,281.0,293.0,False,MEDIUM,1.0,True,Williams,1,19.0,False,Emilia Romagna,2024,True
SAR,81.46,33.0,2.0,26.012,28.264,27.184,214.0,254.0,281.0,287.0,True,MEDIUM,2.0,True,Williams,1,19.0,True,Emilia Romagna,2024,False
SAR,81.607,34.0,2.0,25.846,28.473,27.288,214.0,253.0,279.0,284.0,False,MEDIUM,3.0,True,Williams,1,19.0,True,Emilia Romagna,2024,False
SAR,81.561,35.0,2.0,25.854,28.42,27.287,215.0,256.0,281.0,289.0,False,MEDIUM,4.0,True,Williams,1,19.0,True,Emilia Romagna,2024,False
SAR,81.629,36.0,2.0,25.825,28.554,27.25,215.0,255.0,281.0,288.0,False,MEDIUM,5.0,True,Williams,1,19.0,True,Emilia Romagna,2024,False
SAR,82.964,37.0,2.0,25.69,29.245,28.029,214.0,195.0,283.0,294.0,False,MEDIUM,6.0,True,Williams,1,19.0,True,Emilia Romagna,2024,False
SAR,83.089,38.0,2.0,25.765,29.975,27.349,213.0,257.0,283.0,292.0,False,MEDIUM,7.0,True,Williams,1,19.0,True,Emilia Romagna,2024,False
SAR,83.085,39.0,2.0,25.623,29.248,28.214,213.0,194.0,283.0,295.0,False,MEDIUM,8.0,True,Williams,1,19.0,True,Emilia Romagna,2024,False
SAR,81.335,40.0,2.0,25.53,28.506,27.299,213.0,253.0,282.0,289.0,True,MEDIUM,9.0,True,Williams,1,19.0,True,Emilia Romagna,2024,False
SAR,81.504,41.0,2.0,25.536,28.551,27.417,213.0,255.0,282.0,290.0,False,MEDIUM,10.0,True,Williams,1,18.0,True,Emilia Romagna,2024,False
SAR,81.496,42.0,2.0,25.647,28.475,27.374,215.0,257.0,283.0,291.0,False,MEDIUM,11.0,True,Williams,1,18.0,True,Emilia Romagna,2024,False
SAR,81.857,43.0,2.0,25.726,28.686,27.445,212.0,255.0,282.0,288.0,False,MEDIUM,12.0,True,Williams,1,18.0,True,Emilia Romagna,2024,False
SAR,83.923,44.0,2.0,27.797,28.649,27.477,213.0,259.0,281.0,280.0,False,MEDIUM,13.0,True,Williams,1,18.0,True,Emilia Romagna,2024,False
SAR,82.435,45.0,2.0,25.893,28.775,27.767,211.0,255.0,282.0,286.0,False,MEDIUM,14.0,True,Williams,1,18.0,True,Emilia Romagna,2024,False
SAR,82.333,46.0,2.0,26.032,28.668,27.633,213.0,255.0,282.0,290.0,False,MEDIUM,15.0,True,Williams,1,18.0,True,Emilia Romagna,2024,False
SAR,82.308,47.0,2.0,26.085,28.813,27.41,211.0,254.0,282.0,290.0,False,MEDIUM,16.0,True,Williams,1,18.0,True,Emilia Romagna,2024,False
SAR,82.186,48.0,2.0,25.971,28.7,27.515,214.0,255.0,282.0,283.0,False,MEDIUM,17.0,True,Williams,1,18.0,True,Emilia Romagna,2024,False
SAR,83.806,49.0,2.0,25.945,28.655,29.206,214.0,256.0,284.0,254.0,False,MEDIUM,18.0,True,Williams,1,18.0,True,Emilia Romagna,2024,False
SAR,82.079,50.0,2.0,25.9,28.836,27.343,212.0,256.0,282.0,291.0,False,MEDIUM,19.0,True,Williams,1,18.0,True,Emilia Romagna,2024,False
SAR,82.157,51.0,2.0,25.943,28.685,27.529,214.0,256.0,281.0,286.0,False,MEDIUM,20.0,True,Williams,1,18.0,True,Emilia Romagna,2024,False
SAR,84.123,52.0,2.0,26.663,29.996,27.464,214.0,259.0,281.0,293.0,False,MEDIUM,21.0,True,Williams,1,19.0,True,Emilia Romagna,2024,False
SAR,81.502,53.0,2.0,25.691,28.533,27.278,214.0,257.0,283.0,290.0,False,MEDIUM,22.0,True,Williams,1,19.0,True,Emilia Romagna,2024,False
SAR,81.41,54.0,2.0,25.773,28.502,27.135,212.0,257.0,284.0,290.0,False,MEDIUM,23.0,True,Williams,1,19.0,True,Emilia Romagna,2024,False
SAR,81.229,55.0,2.0,25.647,28.313,27.269,216.0,259.0,282.0,290.0,True,MEDIUM,24.0,True,Williams,1,19.0,True,Emilia Romagna,2024,False
SAR,81.883,56.0,2.0,25.84,28.593,27.45,213.0,258.0,283.0,292.0,False,MEDIUM,25.0,True,Williams,1,19.0,True,Emilia Romagna,2024,False
SAR,82.671,57.0,2.0,26.016,28.803,27.852,213.0,257.0,282.0,289.0,False,MEDIUM,26.0,True,Williams,1,19.0,True,Emilia Romagna,2024,False
SAR,82.915,58.0,2.0,25.979,28.897,28.039,214.0,259.0,284.0,286.0,False,MEDIUM,27.0,True,Williams,1,19.0,True,Emilia Romagna,2024,False
SAR,83.522,59.0,2.0,25.93,29.127,28.465,215.0,257.0,283.0,294.0,False,MEDIUM,28.0,True,Williams,1,18.0,True,Emilia Romagna,2024,False
SAR,83.767,60.0,2.0,25.975,29.242,28.55,213.0,258.0,262.0,289.0,False,MEDIUM,29.0,True,Williams,1,18.0,True,Emilia Romagna,2024,False
SAR,84.394,61.0,2.0,27.145,29.318,27.931,217.0,260.0,284.0,300.0,False,MEDIUM,30.0,True,Williams,1,17.0,True,Emilia Romagna,2024,False
SAR,81.272,62.0,2.0,25.631,28.402,27.239,217.0,260.0,285.0,301.0,False,MEDIUM,31.0,True,Williams,1,17.0,True,Emilia Romagna,2024,False
BOT,83.624,2.0,1.0,26.73,29.146,27.748,209.0,250.0,280.0,282.0,True,MEDIUM,2.0,True,Kick Sauber,1,17.0,True,Emilia Romagna,2024,False
BOT,82.762,3.0,1.0,25.891,28.98,27.891,211.0,252.0,279.0,285.0,True,MEDIUM,3.0,True,Kick Sauber,1,17.0,True,Emilia Romagna,2024,False
BOT,82.786,4.0,1.0,25.954,29.148,27.684,207.0,247.0,278.0,288.0,False,MEDIUM,4.0,True,Kick Sauber,1,17.0,True,Emilia Romagna,2024,False
BOT,82.794,5.0,1.0,26.095,28.916,27.783,209.0,249.0,278.0,284.0,False,MEDIUM,5.0,True,Kick Sauber,1,17.0,True,Emilia Romagna,2024,False
BOT,82.415,6.0,1.0,26.033,28.796,27.586,212.0,253.0,277.0,286.0,True,MEDIUM,6.0,True,Kick Sauber,1,17.0,True,Emilia Romagna,2024,False
BOT,82.568,7.0,1.0,26.077,28.845,27.646,208.0,250.0,277.0,284.0,False,MEDIUM,7.0,True,Kick Sauber,1,17.0,True,Emilia Romagna,2024,False
BOT,87.265,8.0,1.0,26.265,28.851,32.149,208.0,249.0,279.0,285.0,False,MEDIUM,8.0,True,Kick Sauber,1,19.0,False,Emilia Romagna,2024,True
BOT,105.836,9.0,2.0,50.119,28.439,27.278,212.0,251.0,277.0,281.0,False,HARD,1.0,True,Kick Sauber,1,18.0,False,Emilia Romagna,2024,True
BOT,81.529,10.0,2.0,26.004,28.276,27.249,215.0,252.0,277.0,282.0,True,HARD,2.0,True,Kick Sauber,1,18.0,True,Emilia Romagna,2024,False
BOT,81.455,11.0,2.0,25.989,28.264,27.202,214.0,251.0,277.0,281.0,True,HARD,3.0,True,Kick Sauber,1,18.0,True,Emilia Romagna,2024,False
BOT,81.971,12.0,2.0,26.09,28.606,27.275,212.0,250.0,277.0,283.0,False,HARD,4.0,True,Kick Sauber,1,18.0,True,Emilia Romagna,2024,False
BOT,81.605,13.0,2.0,25.944,28.361,27.3,214.0,253.0,277.0,283.0,False,HARD,5.0,True,Kick Sauber,1,18.0,True,Emilia Romagna,2024,False
BOT,81.732,14.0,2.0,25.899,28.449,27.384,212.0,252.0,279.0,284.0,False,HARD,6.0,True,Kick Sauber,1,18.0,True,Emilia Romagna,2024,False
BOT,81.982,15.0,2.0,25.936,28.578,27.468,212.0,251.0,278.0,282.0,False,HARD,7.0,True,Kick Sauber,1,18.0,True,Emilia Romagna,2024,False
BOT,81.896,16.0,2.0,26.004,28.436,27.456,213.0,253.0,278.0,283.0,False,HARD,8.0,True,Kick Sauber,1,18.0,True,Emilia Romagna,2024,False
BOT,82.468,17.0,2.0,26.239,28.594,27.635,210.0,252.0,278.0,285.0,False,HARD,9.0,True,Kick Sauber,1,18.0,True,Emilia Romagna,2024,False
BOT,82.36,18.0,2.0,26.284,28.588,27.488,211.0,252.0,276.0,284.0,False,HARD,10.0,True,Kick Sauber,1,18.0,True,Emilia Romagna,2024,False
BOT,82.283,19.0,2.0,26.156,28.54,27.587,212.0,250.0,277.0,284.0,False,HARD,11.0,True,Kick Sauber,1,18.0,True,Emilia Romagna,2024,False
BOT,82.239,20.0,2.0,26.131,28.532,27.576,212.0,253.0,279.0,285.0,False,HARD,12.0,True,Kick Sauber,1,18.0,True,Emilia Romagna,2024,False
BOT,82.231,21.0,2.0,26.051,28.609,27.571,213.0,252.0,277.0,285.0,False,HARD,13.0,True,Kick Sauber,1,18.0,True,Emilia Romagna,2024,False
BOT,82.436,22.0,2.0,26.097,28.724,27.615,212.0,253.0,280.0,284.0,False,HARD,14.0,True,Kick Sauber,1,18.0,True,Emilia Romagna,2024,False
BOT,82.334,23.0,2.0,26.097,28.675,27.562,212.0,254.0,278.0,286.0,False,HARD,15.0,True,Kick Sauber,1,18.0,True,Emilia Romagna,2024,False
BOT,82.589,24.0,2.0,26.136,28.795,27.658,211.0,253.0,278.0,284.0,False,HARD,16.0,True,Kick Sauber,1,18.0,True,Emilia Romagna,2024,False
BOT,82.605,25.0,2.0,26.058,28.773,27.774,213.0,253.0,278.0,285.0,False,HARD,17.0,True,Kick Sauber,1,18.0,True,Emilia Romagna,2024,False
BOT,82.655,26.0,2.0,26.235,28.794,27.626,211.0,252.0,278.0,285.0,False,HARD,18.0,True,Kick Sauber,1,17.0,True,Emilia Romagna,2024,False
BOT,82.583,27.0,2.0,26.139,28.658,27.786,210.0,253.0,277.0,283.0,False,HARD,19.0,True,Kick Sauber,1,17.0,True,Emilia Romagna,2024,False
BOT,82.969,28.0,2.0,26.235,28.961,27.773,213.0,253.0,278.0,284.0,False,HARD,20.0,True,Kick Sauber,1,17.0,True,Emilia Romagna,2024,False
BOT,83.139,29.0,2.0,26.33,28.961,27.848,212.0,252.0,278.0,285.0,False,HARD,21.0,True,Kick Sauber,1,17.0,True,Emilia Romagna,2024,False
BOT,83.276,30.0,2.0,26.198,29.045,28.033,212.0,254.0,278.0,286.0,False,HARD,22.0,True,Kick Sauber,1,16.0,True,Emilia Romagna,2024,False
BOT,82.862,31.0,2.0,26.034,29.034,27.794,211.0,254.0,280.0,289.0,False,HARD,23.0,True,Kick Sauber,1,15.0,True,Emilia Romagna,2024,False
BOT,82.673,32.0,2.0,25.98,28.911,27.782,208.0,251.0,279.0,284.0,False,HARD,24.0,True,Kick Sauber,1,15.0,True,Emilia Romagna,2024,False
BOT,83.028,33.0,2.0,26.326,28.91,27.792,209.0,250.0,278.0,284.0,False,HARD,25.0,True,Kick Sauber,1,15.0,True,Emilia Romagna,2024,False
BOT,82.761,34.0,2.0,26.286,28.767,27.708,212.0,250.0,277.0,283.0,False,HARD,26.0,True,Kick Sauber,1,14.0,True,Emilia Romagna,2024,False
BOT,82.683,35.0,2.0,26.154,28.968,27.561,216.0,251.0,279.0,284.0,False,HARD,27.0,True,Kick Sauber,1,14.0,True,Emilia Romagna,2024,False
BOT,82.756,36.0,2.0,26.229,28.885,27.642,212.0,250.0,280.0,283.0,False,HARD,28.0,True,Kick Sauber,1,14.0,True,Emilia Romagna,2024,False
BOT,82.718,37.0,2.0,26.239,28.825,27.654,211.0,250.0,279.0,282.0,False,HARD,29.0,True,Kick Sauber,1,14.0,True,Emilia Romagna,2024,False
BOT,82.62,38.0,2.0,26.276,28.707,27.637,215.0,254.0,279.0,284.0,False,HARD,30.0,True,Kick Sauber,1,12.0,True,Emilia Romagna,2024,False
BOT,82.823,39.0,2.0,26.266,28.888,27.669,214.0,254.0,279.0,289.0,False,HARD,31.0,True,Kick Sauber,1,12.0,True,Emilia Romagna,2024,False
BOT,83.805,40.0,2.0,27.269,28.939,27.597,210.0,252.0,279.0,283.0,False,HARD,32.0,True,Kick Sauber,1,13.0,True,Emilia Romagna,2024,False
BOT,82.798,41.0,2.0,26.324,28.748,27.726,215.0,252.0,278.0,284.0,False,HARD,33.0,True,Kick Sauber,1,13.0,True,Emilia Romagna,2024,False
BOT,82.709,42.0,2.0,26.319,28.79,27.6,212.0,252.0,279.0,282.0,False,HARD,34.0,True,Kick Sauber,1,13.0,True,Emilia Romagna,2024,False
BOT,82.686,43.0,2.0,26.17,28.819,27.697,213.0,252.0,280.0,283.0,False,HARD,35.0,True,Kick Sauber,1,13.0,True,Emilia Romagna,2024,False
BOT,82.681,44.0,2.0,26.105,28.859,27.717,211.0,255.0,278.0,284.0,False,HARD,36.0,True,Kick Sauber,1,13.0,True,Emilia Romagna,2024,False
BOT,84.419,45.0,2.0,26.324,30.422,27.673,211.0,255.0,281.0,284.0,False,HARD,37.0,True,Kick Sauber,1,13.0,True,Emilia Romagna,2024,False
BOT,83.857,46.0,2.0,26.727,29.245,27.885,207.0,251.0,279.0,282.0,False,HARD,38.0,True,Kick Sauber,1,13.0,True,Emilia Romagna,2024,False
BOT,85.739,47.0,2.0,26.41,30.248,29.081,211.0,249.0,281.0,274.0,False,HARD,39.0,True,Kick Sauber,1,13.0,True,Emilia Romagna,2024,False
BOT,82.396,48.0,2.0,25.995,28.815,27.586,216.0,255.0,280.0,297.0,False,HARD,40.0,True,Kick Sauber,1,13.0,True,Emilia Romagna,2024,False
BOT,82.636,49.0,2.0,26.257,28.8,27.579,213.0,253.0,279.0,285.0,False,HARD,41.0,True,Kick Sauber,1,13.0,True,Emilia Romagna,2024,False
BOT,83.889,50.0,2.0,26.193,29.398,28.298,213.0,202.0,282.0,286.0,False,HARD,42.0,True,Kick Sauber,1,13.0,True,Emilia Romagna,2024,False
BOT,83.709,51.0,2.0,26.741,29.078,27.89,210.0,255.0,280.0,286.0,False,HARD,43.0,True,Kick Sauber,1,14.0,True,Emilia Romagna,2024,False
BOT,84.074,52.0,2.0,27.484,29.031,27.559,212.0,256.0,280.0,286.0,False,HARD,44.0,True,Kick Sauber,1,14.0,True,Emilia Romagna,2024,False
BOT,82.947,53.0,2.0,26.187,29.121,27.639,214.0,252.0,280.0,283.0,False,HARD,45.0,True,Kick Sauber,1,14.0,True,Emilia Romagna,2024,False
BOT,83.616,54.0,2.0,26.859,29.127,27.63,207.0,253.0,281.0,283.0,False,HARD,46.0,True,Kick Sauber,1,14.0,True,Emilia Romagna,2024,False
BOT,83.01,55.0,2.0,26.451,29.026,27.533,211.0,253.0,279.0,289.0,False,HARD,47.0,True,Kick Sauber,1,14.0,True,Emilia Romagna,2024,False
BOT,82.917,56.0,2.0,26.465,28.992,27.46,210.0,251.0,279.0,281.0,False,HARD,48.0,True,Kick Sauber,1,14.0,True,Emilia Romagna,2024,False
BOT,84.466,57.0,2.0,26.359,28.91,29.197,214.0,255.0,281.0,283.0,False,HARD,49.0,True,Kick Sauber,1,14.0,True,Emilia Romagna,2024,False
BOT,82.528,58.0,2.0,26.113,28.866,27.549,214.0,255.0,280.0,297.0,False,HARD,50.0,True,Kick Sauber,1,14.0,True,Emilia Romagna,2024,False
BOT,84.53,59.0,2.0,26.541,30.0,27.989,205.0,255.0,280.0,286.0,False,HARD,51.0,True,Kick Sauber,1,15.0,True,Emilia Romagna,2024,False
BOT,84.449,60.0,2.0,27.118,29.267,28.064,210.0,252.0,280.0,283.0,False,HARD,52.0,True,Kick Sauber,1,16.0,True,Emilia Romagna,2024,False
BOT,86.165,61.0,2.0,28.15,29.087,28.928,208.0,253.0,265.0,286.0,False,HARD,53.0,True,Kick Sauber,1,18.0,True,Emilia Romagna,2024,False
BOT,85.985,62.0,2.0,27.201,29.992,28.792,207.0,199.0,282.0,284.0,False,HARD,54.0,True,Kick Sauber,1,18.0,True,Emilia Romagna,2024,False
ALO,84.186,2.0,1.0,26.789,29.291,28.106,213.0,251.0,276.0,285.0,True,SOFT,2.0,True,Aston Martin,1,20.0,True,Emilia Romagna,2024,False
ALO,83.009,3.0,1.0,25.836,29.192,27.981,210.0,250.0,273.0,277.0,True,SOFT,3.0,True,Aston Martin,1,20.0,True,Emilia Romagna,2024,False
ALO,83.071,4.0,1.0,25.836,29.202,28.033,210.0,250.0,275.0,274.0,False,SOFT,4.0,True,Aston Martin,1,20.0,True,Emilia Romagna,2024,False
ALO,82.698,5.0,1.0,25.688,29.097,27.913,212.0,250.0,275.0,280.0,True,SOFT,5.0,True,Aston Martin,1,20.0,True,Emilia Romagna,2024,False
ALO,82.762,6.0,1.0,25.732,29.12,27.91,210.0,252.0,275.0,281.0,False,SOFT,6.0,True,Aston Martin,1,20.0,True,Emilia Romagna,2024,False
ALO,87.448,7.0,1.0,25.784,29.141,32.523,211.0,254.0,279.0,286.0,False,SOFT,7.0,True,Aston Martin,1,20.0,False,Emilia Romagna,2024,False
ALO,105.88,8.0,2.0,50.438,28.329,27.113,213.0,250.0,275.0,278.0,False,HARD,2.0,False,Aston Martin,1,20.0,False,Emilia Romagna,2024,True
ALO,81.716,9.0,2.0,26.001,28.277,27.438,215.0,254.0,276.0,283.0,True,HARD,3.0,False,Aston Martin,1,19.0,True,Emilia Romagna,2024,False
ALO,81.492,10.0,2.0,25.77,28.166,27.556,215.0,251.0,276.0,282.0,True,HARD,4.0,False,Aston Martin,1,19.0,True,Emilia Romagna,2024,False
ALO,81.68,11.0,2.0,25.918,28.38,27.382,213.0,250.0,276.0,282.0,False,HARD,5.0,False,Aston Martin,1,19.0,True,Emilia Romagna,2024,False
ALO,81.728,12.0,2.0,25.915,28.464,27.349,216.0,252.0,276.0,285.0,False,HARD,6.0,False,Aston Martin,1,19.0,True,Emilia Romagna,2024,False
ALO,81.644,13.0,2.0,25.759,28.499,27.386,215.0,252.0,276.0,285.0,False,HARD,7.0,False,Aston Martin,1,19.0,True,Emilia Romagna,2024,False
ALO,81.69,14.0,2.0,25.773,28.466,27.451,216.0,253.0,277.0,284.0,False,HARD,8.0,False,Aston Martin,1,19.0,True,Emilia Romagna,2024,False
ALO,81.93,15.0,2.0,25.759,28.605,27.566,213.0,250.0,277.0,281.0,False,HARD,9.0,False,Aston Martin,1,19.0,True,Emilia Romagna,2024,False
ALO,81.851,16.0,2.0,25.814,28.485,27.552,214.0,254.0,276.0,283.0,False,HARD,10.0,False,Aston Martin,1,19.0,True,Emilia Romagna,2024,False
ALO,82.65,17.0,2.0,26.236,28.645,27.769,212.0,252.0,277.0,283.0,False,HARD,11.0,False,Aston Martin,1,19.0,True,Emilia Romagna,2024,False
ALO,82.39,18.0,2.0,25.951,28.686,27.753,215.0,253.0,275.0,285.0,False,HARD,12.0,False,Aston Martin,1,19.0,True,Emilia Romagna,2024,False
ALO,82.686,19.0,2.0,26.131,28.718,27.837,213.0,254.0,276.0,285.0,False,HARD,13.0,False,Aston Martin,1,19.0,True,Emilia Romagna,2024,False
ALO,82.909,20.0,2.0,26.094,28.739,28.076,214.0,253.0,276.0,283.0,False,HARD,14.0,False,Aston Martin,1,19.0,True,Emilia Romagna,2024,False
ALO,84.339,21.0,2.0,27.376,29.08,27.883,212.0,254.0,276.0,290.0,False,HARD,15.0,False,Aston Martin,1,19.0,True,Emilia Romagna,2024,False
ALO,83.368,22.0,2.0,26.141,29.043,28.184,215.0,255.0,277.0,282.0,False,HARD,16.0,False,Aston Martin,1,19.0,True,Emilia Romagna,2024,False
ALO,82.938,23.0,2.0,26.086,28.975,27.877,214.0,254.0,277.0,285.0,False,HARD,17.0,False,Aston Martin,1,19.0,True,Emilia Romagna,2024,False
ALO,82.961,24.0,2.0,26.121,28.861,27.979,214.0,255.0,276.0,283.0,False,HARD,18.0,False,Aston Martin,1,19.0,True,Emilia Romagna,2024,False
ALO,82.953,25.0,2.0,26.099,29.005,27.849,215.0,252.0,277.0,282.0,False,HARD,19.0,False,Aston Martin,1,19.0,True,Emilia Romagna,2024,False
ALO,82.911,26.0,2.0,26.17,28.992,27.749,214.0,255.0,276.0,283.0,False,HARD,20.0,False,Aston Martin,1,18.0,True,Emilia Romagna,2024,False
ALO,82.757,27.0,2.0,26.106,28.848,27.803,214.0,254.0,276.0,284.0,False,HARD,21.0,False,Aston Martin,1,18.0,True,Emilia Romagna,2024,False
ALO,82.927,28.0,2.0,26.172,28.883,27.872,215.0,255.0,275.0,284.0,False,HARD,22.0,False,Aston Martin,1,18.0,True,Emilia Romagna,2024,False
ALO,82.913,29.0,2.0,26.22,28.886,27.807,214.0,255.0,275.0,284.0,False,HARD,23.0,False,Aston Martin,1,18.0,True,Emilia Romagna,2024,False
ALO,82.896,30.0,2.0,26.138,28.928,27.83,215.0,255.0,275.0,285.0,False,HARD,24.0,False,Aston Martin,1,18.0,True,Emilia Romagna,2024,False
ALO,82.557,31.0,2.0,26.145,28.678,27.734,216.0,255.0,276.0,285.0,False,HARD,25.0,False,Aston Martin,1,17.0,True,Emilia Romagna,2024,False
ALO,82.688,32.0,2.0,26.126,28.914,27.648,213.0,254.0,275.0,283.0,False,HARD,26.0,False,Aston Martin,1,16.0,True,Emilia Romagna,2024,False
ALO,82.576,33.0,2.0,26.152,28.838,27.586,215.0,255.0,277.0,287.0,False,HARD,27.0,False,Aston Martin,1,16.0,True,Emilia Romagna,2024,False
ALO,83.13,34.0,2.0,26.537,28.914,27.679,213.0,253.0,275.0,281.0,False,HARD,28.0,False,Aston Martin,1,15.0,True,Emilia Romagna,2024,False
ALO,82.783,35.0,2.0,26.33,28.864,27.589,215.0,255.0,278.0,284.0,False,HARD,29.0,False,Aston Martin,1,15.0,True,Emilia Romagna,2024,False
ALO,82.708,36.0,2.0,26.152,28.941,27.615,213.0,255.0,279.0,283.0,False,HARD,30.0,False,Aston Martin,1,15.0,True,Emilia Romagna,2024,False
ALO,83.838,37.0,2.0,26.85,29.129,27.859,212.0,255.0,278.0,285.0,False,HARD,31.0,False,Aston Martin,1,16.0,True,Emilia Romagna,2024,False
ALO,82.905,38.0,2.0,26.262,28.874,27.769,214.0,253.0,278.0,285.0,False,HARD,32.0,False,Aston Martin,1,15.0,True,Emilia Romagna,2024,False
ALO,82.903,39.0,2.0,26.219,28.913,27.771,217.0,256.0,277.0,286.0,False,HARD,33.0,False,Aston Martin,1,15.0,True,Emilia Romagna,2024,False
ALO,87.5,40.0,2.0,26.182,28.973,32.345,216.0,256.0,279.0,286.0,False,HARD,34.0,False,Aston Martin,1,15.0,False,Emilia Romagna,2024,False
ALO,105.86,41.0,3.0,49.537,28.603,27.72,216.0,248.0,279.0,279.0,False,MEDIUM,2.0,False,Aston Martin,1,19.0,False,Emilia Romagna,2024,True
ALO,79.851,42.0,3.0,25.392,27.564,26.895,222.0,258.0,280.0,285.0,True,MEDIUM,3.0,False,Aston Martin,1,19.0,True,Emilia Romagna,2024,False
ALO,81.029,43.0,3.0,25.625,28.089,27.315,216.0,256.0,279.0,283.0,False,MEDIUM,4.0,False,Aston Martin,1,19.0,True,Emilia Romagna,2024,False
ALO,80.979,44.0,3.0,25.7,28.151,27.128,215.0,256.0,279.0,284.0,False,MEDIUM,5.0,False,Aston Martin,1,19.0,True,Emilia Romagna,2024,False
ALO,81.053,45.0,3.0,25.72,28.101,27.232,216.0,258.0,279.0,286.0,False,MEDIUM,6.0,False,Aston Martin,1,19.0,True,Emilia Romagna,2024,False
ALO,81.032,46.0,3.0,25.582,28.279,27.171,218.0,256.0,280.0,283.0,False,MEDIUM,7.0,False,Aston Martin,1,19.0,True,Emilia Romagna,2024,False
ALO,81.045,47.0,3.0,25.678,28.261,27.106,217.0,257.0,280.0,285.0,False,MEDIUM,8.0,False,Aston Martin,1,19.0,True,Emilia Romagna,2024,False
ALO,80.925,48.0,3.0,25.566,28.166,27.193,219.0,256.0,280.0,285.0,False,MEDIUM,9.0,False,Aston Martin,1,19.0,True,Emilia Romagna,2024,False
ALO,81.045,49.0,3.0,25.549,28.215,27.281,220.0,258.0,281.0,287.0,False,MEDIUM,10.0,False,Aston Martin,1,19.0,True,Emilia Romagna,2024,False
ALO,81.536,50.0,3.0,25.737,28.487,27.312,217.0,259.0,284.0,289.0,False,MEDIUM,11.0,False,Aston Martin,1,19.0,True,Emilia Romagna,2024,False
ALO,82.027,51.0,3.0,25.826,28.672,27.529,212.0,257.0,284.0,293.0,False,MEDIUM,12.0,False,Aston Martin,1,19.0,True,Emilia Romagna,2024,False
ALO,81.176,52.0,3.0,25.605,28.351,27.22,219.0,257.0,278.0,286.0,False,MEDIUM,13.0,False,Aston Martin,1,18.0,True,Emilia Romagna,2024,False
ALO,80.474,53.0,3.0,25.563,27.913,26.998,221.0,258.0,280.0,288.0,False,MEDIUM,14.0,False,Aston Martin,1,18.0,True,Emilia Romagna,2024,False
ALO,80.988,54.0,3.0,25.549,28.198,27.241,219.0,257.0,283.0,285.0,False,MEDIUM,15.0,False,Aston Martin,1,18.0,True,Emilia Romagna,2024,False
ALO,82.508,55.0,3.0,25.591,28.762,28.155,218.0,258.0,280.0,278.0,False,MEDIUM,16.0,False,Aston Martin,1,18.0,True,Emilia Romagna,2024,False
ALO,83.677,56.0,3.0,27.138,28.79,27.749,218.0,259.0,281.0,295.0,False,MEDIUM,17.0,False,Aston Martin,1,18.0,True,Emilia Romagna,2024,False
ALO,82.852,57.0,3.0,25.763,29.25,27.839,218.0,256.0,283.0,289.0,False,MEDIUM,18.0,False,Aston Martin,1,18.0,True,Emilia Romagna,2024,False
ALO,83.173,58.0,3.0,26.114,29.262,27.797,216.0,256.0,281.0,290.0,False,MEDIUM,19.0,False,Aston Martin,1,18.0,True,Emilia Romagna,2024,False
ALO,88.385,59.0,3.0,25.827,29.259,33.299,215.0,258.0,279.0,292.0,False,MEDIUM,20.0,False,Aston Martin,1,19.0,False,Emilia Romagna,2024,False
ALO,105.749,60.0,4.0,49.108,28.755,27.886,218.0,246.0,279.0,278.0,False,SOFT,1.0,True,Aston Martin,1,19.0,False,Emilia Romagna,2024,False
ALO,84.389,61.0,4.0,26.088,30.871,27.43,215.0,255.0,279.0,284.0,False,SOFT,2.0,True,Aston Martin,1,19.0,True,Emilia Romagna,2024,False
ALO,79.004,62.0,4.0,25.184,27.367,26.453,225.0,260.0,279.0,294.0,True,SOFT,3.0,True,Aston Martin,1,19.0,True,Emilia Romagna,2024,False
ALB,83.115,2.0,1.0,26.3,28.926,27.889,216.0,256.0,280.0,278.0,True,MEDIUM,2.0,True,Williams,1,14.0,True,Emilia Romagna,2024,False
ALB,82.652,3.0,1.0,25.926,28.95,27.776,210.0,253.0,279.0,283.0,True,MEDIUM,3.0,True,Williams,1,14.0,True,Emilia Romagna,2024,False
ALB,82.578,4.0,1.0,25.808,29.055,27.715,206.0,251.0,277.0,281.0,True,MEDIUM,4.0,True,Williams,1,14.0,True,Emilia Romagna,2024,False
ALB,82.357,5.0,1.0,25.971,28.762,27.624,214.0,255.0,277.0,284.0,True,MEDIUM,5.0,True,Williams,1,14.0,True,Emilia Romagna,2024,False
ALB,82.472,6.0,1.0,26.056,28.744,27.672,213.0,254.0,277.0,286.0,False,MEDIUM,6.0,True,Williams,1,14.0,True,Emilia Romagna,2024,False
ALB,82.495,7.0,1.0,25.951,28.798,27.746,211.0,254.0,278.0,286.0,False,MEDIUM,7.0,True,Williams,1,14.0,True,Emilia Romagna,2024,False
ALB,86.643,8.0,1.0,25.937,28.807,31.899,213.0,255.0,279.0,286.0,False,MEDIUM,8.0,True,Williams,1,15.0,False,Emilia Romagna,2024,True
ALB,113.376,10.0,3.0,54.585,30.497,28.294,176.0,245.0,279.0,259.0,False,MEDIUM,1.0,False,Williams,1,20.0,False,Emilia Romagna,2024,True
ALB,81.718,11.0,3.0,25.889,28.545,27.284,214.0,254.0,278.0,281.0,True,MEDIUM,2.0,False,Williams,1,20.0,True,Emilia Romagna,2024,False
ALB,81.558,12.0,3.0,25.749,28.45,27.359,211.0,255.0,278.0,285.0,True,MEDIUM,3.0,False,Williams,1,20.0,True,Emilia Romagna,2024,False
ALB,81.491,13.0,3.0,25.706,28.457,27.328,215.0,255.0,280.0,282.0,True,MEDIUM,4.0,False,Williams,1,20.0,True,Emilia Romagna,2024,False
ALB,81.839,14.0,3.0,25.759,28.592,27.488,216.0,254.0,280.0,282.0,False,MEDIUM,5.0,False,Williams,1,20.0,True,Emilia Romagna,2024,False
ALB,81.773,15.0,3.0,25.75,28.549,27.474,214.0,255.0,279.0,283.0,False,MEDIUM,6.0,False,Williams,1,20.0,True,Emilia Romagna,2024,False
ALB,82.144,16.0,3.0,25.938,28.722,27.484,212.0,256.0,280.0,286.0,False,MEDIUM,7.0,False,Williams,1,20.0,True,Emilia Romagna,2024,False
ALB,82.41,17.0,3.0,25.986,28.823,27.601,213.0,255.0,278.0,284.0,False,MEDIUM,8.0,False,Williams,1,20.0,True,Emilia Romagna,2024,False
ALB,82.247,18.0,3.0,25.874,28.731,27.642,214.0,253.0,280.0,284.0,False,MEDIUM,9.0,False,Williams,1,20.0,True,Emilia Romagna,2024,False
ALB,82.579,19.0,3.0,25.928,28.802,27.849,212.0,255.0,283.0,287.0,False,MEDIUM,10.0,False,Williams,1,20.0,True,Emilia Romagna,2024,False
ALB,81.725,20.0,3.0,25.599,28.665,27.461,216.0,255.0,277.0,284.0,False,MEDIUM,11.0,False,Williams,1,20.0,True,Emilia Romagna,2024,False
ALB,82.335,21.0,3.0,25.866,28.768,27.701,215.0,255.0,279.0,285.0,False,MEDIUM,12.0,False,Williams,1,20.0,True,Emilia Romagna,2024,False
ALB,82.27,22.0,3.0,25.889,28.833,27.548,207.0,256.0,279.0,286.0,False,MEDIUM,13.0,False,Williams,1,20.0,True,Emilia Romagna,2024,False
ALB,86.978,23.0,3.0,26.016,28.792,32.17,211.0,255.0,279.0,282.0,False,MEDIUM,14.0,False,Williams,1,20.0,False,Emilia Romagna,2024,False
ALB,114.335,24.0,4.0,57.719,28.826,27.79,214.0,255.0,277.0,282.0,False,MEDIUM,15.0,False,Williams,1,20.0,False,Emilia Romagna,2024,False
ALB,85.644,25.0,4.0,27.526,30.345,27.773,212.0,253.0,279.0,291.0,False,MEDIUM,16.0,False,Williams,1,20.0,True,Emilia Romagna,2024,False
ALB,82.204,26.0,4.0,25.986,28.65,27.568,213.0,255.0,277.0,285.0,False,MEDIUM,17.0,False,Williams,1,20.0,True,Emilia Romagna,2024,False
ALB,82.127,27.0,4.0,26.008,28.588,27.531,213.0,256.0,279.0,285.0,False,MEDIUM,18.0,False,Williams,1,20.0,True,Emilia Romagna,2024,False
ALB,88.256,28.0,4.0,25.975,30.311,31.97,214.0,256.0,279.0,294.0,False,MEDIUM,19.0,False,Williams,1,20.0,False,Emilia Romagna,2024,False
ALB,107.016,29.0,5.0,50.912,28.713,27.391,211.0,256.0,283.0,296.0,False,MEDIUM,9.0,False,Williams,1,20.0,False,Emilia Romagna,2024,True
ALB,81.354,30.0,5.0,25.384,28.574,27.396,216.0,255.0,278.0,285.0,True,MEDIUM,10.0,False,Williams,1,20.0,True,Emilia Romagna,2024,False
ALB,81.949,31.0,5.0,25.887,28.576,27.486,216.0,257.0,278.0,285.0,False,MEDIUM,11.0,False,Williams,1,20.0,True,Emilia Romagna,2024,False
ALB,81.817,32.0,5.0,25.845,28.54,27.432,216.0,256.0,279.0,286.0,False,MEDIUM,12.0,False,Williams,1,20.0,True,Emilia Romagna,2024,False
ALB,81.849,33.0,5.0,25.923,28.551,27.375,217.0,257.0,280.0,283.0,False,MEDIUM,13.0,False,Williams,1,20.0,True,Emilia Romagna,2024,False
ALB,81.773,34.0,5.0,25.815,28.517,27.441,217.0,257.0,280.0,284.0,False,MEDIUM,14.0,False,Williams,1,20.0,True,Emilia Romagna,2024,False
ALB,81.607,35.0,5.0,25.843,28.509,27.255,215.0,257.0,280.0,286.0,False,MEDIUM,15.0,False,Williams,1,20.0,True,Emilia Romagna,2024,False
ALB,81.759,36.0,5.0,25.831,28.585,27.343,214.0,256.0,280.0,284.0,False,MEDIUM,16.0,False,Williams,1,20.0,True,Emilia Romagna,2024,False
ALB,81.67,37.0,5.0,25.817,28.544,27.309,216.0,257.0,280.0,285.0,False,MEDIUM,17.0,False,Williams,1,20.0,True,Emilia Romagna,2024,False
ALB,81.712,38.0,5.0,25.828,28.591,27.293,218.0,256.0,279.0,283.0,False,MEDIUM,18.0,False,Williams,1,20.0,True,Emilia Romagna,2024,False
ALB,81.694,39.0,5.0,25.79,28.515,27.389,218.0,255.0,278.0,285.0,False,MEDIUM,19.0,False,Williams,1,20.0,True,Emilia Romagna,2024,False
ALB,81.854,40.0,5.0,25.877,28.61,27.367,214.0,257.0,280.0,284.0,False,MEDIUM,20.0,False,Williams,1,20.0,True,Emilia Romagna,2024,False
ALB,81.722,41.0,5.0,25.801,28.505,27.416,219.0,256.0,280.0,284.0,False,MEDIUM,21.0,False,Williams,1,20.0,True,Emilia Romagna,2024,False
ALB,81.808,42.0,5.0,25.799,28.676,27.333,213.0,256.0,279.0,286.0,False,MEDIUM,22.0,False,Williams,1,20.0,True,Emilia Romagna,2024,False
ALB,81.679,43.0,5.0,25.77,28.584,27.325,216.0,257.0,279.0,286.0,False,MEDIUM,23.0,False,Williams,1,20.0,True,Emilia Romagna,2024,False
ALB,81.521,44.0,5.0,25.704,28.471,27.346,215.0,257.0,280.0,287.0,False,MEDIUM,24.0,False,Williams,1,20.0,True,Emilia Romagna,2024,False
ALB,81.597,45.0,5.0,25.719,28.571,27.307,219.0,257.0,280.0,284.0,False,MEDIUM,25.0,False,Williams,1,20.0,True,Emilia Romagna,2024,False
ALB,81.331,46.0,5.0,25.685,28.511,27.135,217.0,257.0,281.0,286.0,True,MEDIUM,26.0,False,Williams,1,20.0,True,Emilia Romagna,2024,False
ALB,81.347,47.0,5.0,25.652,28.493,27.202,217.0,258.0,280.0,286.0,False,MEDIUM,27.0,False,Williams,1,20.0,True,Emilia Romagna,2024,False
ALB,81.274,48.0,5.0,25.553,28.534,27.187,219.0,257.0,281.0,287.0,True,MEDIUM,28.0,False,Williams,1,20.0,True,Emilia Romagna,2024,False
ALB,83.819,49.0,5.0,25.724,28.633,29.462,216.0,258.0,281.0,182.0,False,MEDIUM,29.0,False,Williams,1,20.0,True,Emilia Romagna,2024,False
ALB,82.412,50.0,5.0,26.027,28.903,27.482,200.0,256.0,281.0,286.0,False,MEDIUM,30.0,False,Williams,1,20.0,True,Emilia Romagna,2024,False
ALB,89.784,51.0,5.0,25.664,28.625,35.495,219.0,258.0,279.0,251.0,False,MEDIUM,31.0,False,Williams,1,20.0,False,Emilia Romagna,2024,False
LEC,84.624,3.0,2.0,24.007,38.235,22.382,199.0,167.0,250.0,269.0,True,HARD,2.0,True,Ferrari,1,1.0,True,Monaco,2024,True
LEC,82.625,4.0,2.0,21.892,38.779,21.954,192.0,173.0,252.0,269.0,True,HARD,3.0,True,Ferrari,1,1.0,True,Monaco,2024,True
LEC,81.795,5.0,2.0,21.314,38.513,21.968,196.0,175.0,253.0,271.0,True,HARD,4.0,True,Ferrari,1,1.0,True,Monaco,2024,False
LEC,81.145,6.0,2.0,21.568,38.168,21.409,190.0,179.0,252.0,271.0,True,HARD,5.0,True,Ferrari,1,1.0,True,Monaco,2024,False
LEC,80.98,7.0,2.0,21.37,38.056,21.554,193.0,175.0,253.0,271.0,True,HARD,6.0,True,Ferrari,1,1.0,True,Monaco,2024,False
LEC,81.03,8.0,2.0,21.25,38.171,21.609,190.0,178.0,252.0,270.0,False,HARD,7.0,True,Ferrari,1,1.0,True,Monaco,2024,False
LEC,80.114,9.0,2.0,21.092,37.612,21.41,197.0,177.0,252.0,271.0,True,HARD,8.0,True,Ferrari,1,1.0,True,Monaco,2024,False
LEC,80.775,10.0,2.0,21.036,37.886,21.853,196.0,175.0,252.0,271.0,False,HARD,9.0,True,Ferrari,1,1.0,True,Monaco,2024,False
LEC,81.046,11.0,2.0,21.279,38.236,21.531,192.0,178.0,253.0,271.0,False,HARD,10.0,True,Ferrari,1,1.0,True,Monaco,2024,False
LEC,80.252,12.0,2.0,20.949,37.73,21.573,196.0,176.0,252.0,271.0,False,HARD,11.0,True,Ferrari,1,1.0,True,Monaco,2024,False
LEC,79.017,13.0,2.0,20.818,36.898,21.301,200.0,180.0,253.0,272.0,True,HARD,12.0,True,Ferrari,1,1.0,True,Monaco,2024,False
LEC,79.913,14.0,2.0,20.847,38.003,21.063,198.0,182.0,253.0,270.0,False,HARD,13.0,True,Ferrari,1,1.0,True,Monaco,2024,False
LEC,79.838,15.0,2.0,20.763,37.77,21.305,202.0,180.0,252.0,272.0,False,HARD,14.0,True,Ferrari,1,1.0,True,Monaco,2024,False
LEC,80.156,16.0,2.0,21.139,37.516,21.501,195.0,177.0,253.0,272.0,False,HARD,15.0,True,Ferrari,1,1.0,True,Monaco,2024,False
LEC,80.279,17.0,2.0,20.925,37.498,21.856,202.0,175.0,253.0,273.0,False,HARD,16.0,True,Ferrari,1,1.0,True,Monaco,2024,False
LEC,79.58,18.0,2.0,20.612,37.578,21.39,199.0,181.0,254.0,273.0,False,HARD,17.0,True,Ferrari,1,1.0,True,Monaco,2024,False
LEC,78.842,19.0,2.0,20.806,36.89,21.146,202.0,179.0,253.0,273.0,True,HARD,18.0,True,Ferrari,1,1.0,True,Monaco,2024,False
LEC,78.724,20.0,2.0,20.573,37.018,21.133,197.0,180.0,254.0,272.0,True,HARD,19.0,True,Ferrari,1,1.0,True,Monaco,2024,False
LEC,78.472,21.0,2.0,20.609,36.874,20.989,199.0,184.0,254.0,272.0,True,HARD,20.0,True,Ferrari,1,1.0,True,Monaco,2024,False
LEC,78.62,22.0,2.0,20.591,37.004,21.025,201.0,184.0,255.0,272.0,False,HARD,21.0,True,Ferrari,1,1.0,True,Monaco,2024,False
LEC,78.458,23.0,2.0,20.638,36.755,21.065,202.0,184.0,254.0,273.0,True,HARD,22.0,True,Ferrari,1,1.0,True,Monaco,2024,False
LEC,78.725,24.0,2.0,20.436,37.261,21.028,202.0,182.0,254.0,273.0,False,HARD,23.0,True,Ferrari,1,1.0,True,Monaco,2024,False
LEC,78.973,25.0,2.0,20.408,37.435,21.13,203.0,181.0,254.0,273.0,False,HARD,24.0,True,Ferrari,1,1.0,True,Monaco,2024,False
LEC,78.445,26.0,2.0,20.305,37.048,21.092,204.0,185.0,254.0,273.0,True,HARD,25.0,True,Ferrari,1,1.0,True,Monaco,2024,False
LEC,78.351,27.0,2.0,20.507,36.769,21.075,201.0,182.0,255.0,275.0,True,HARD,26.0,True,Ferrari,1,1.0,True,Monaco,2024,False
LEC,78.71,28.0,2.0,20.535,37.208,20.967,194.0,185.0,255.0,274.0,False,HARD,27.0,True,Ferrari,1,1.0,True,Monaco,2024,False
LEC,79.053,29.0,2.0,20.429,37.312,21.312,200.0,176.0,255.0,275.0,False,HARD,28.0,True,Ferrari,1,1.0,True,Monaco,2024,False
LEC,79.935,30.0,2.0,21.091,37.38,21.464,194.0,180.0,255.0,275.0,False,HARD,29.0,True,Ferrari,1,1.0,True,Monaco,2024,False
LEC,78.393,31.0,2.0,20.706,36.687,21.0,197.0,185.0,256.0,276.0,False,HARD,30.0,True,Ferrari,1,1.0,True,Monaco,2024,False
LEC,79.125,32.0,2.0,20.483,37.216,21.426,196.0,178.0,255.0,275.0,False,HARD,31.0,True,Ferrari,1,1.0,True,Monaco,2024,False
LEC,78.494,33.0,2.0,20.51,36.916,21.068,202.0,185.0,256.0,277.0,False,HARD,32.0,True,Ferrari,1,1.0,True,Monaco,2024,False
LEC,79.319,34.0,2.0,20.412,37.589,21.318,199.0,181.0,255.0,276.0,False,HARD,33.0,True,Ferrari,1,1.0,True,Monaco,2024,False
LEC,78.53,35.0,2.0,20.503,36.672,21.355,202.0,180.0,256.0,278.0,False,HARD,34.0,True,Ferrari,1,1.0,True,Monaco,2024,False
LEC,78.689,36.0,2.0,20.697,36.919,21.073,201.0,184.0,257.0,278.0,False,HARD,35.0,True,Ferrari,1,1.0,True,Monaco,2024,False
LEC,78.925,37.0,2.0,21.082,36.57,21.273,202.0,180.0,257.0,278.0,False,HARD,36.0,True,Ferrari,1,1.0,True,Monaco,2024,False
LEC,78.528,38.0,2.0,20.612,36.704,21.212,198.0,184.0,257.0,279.0,False,HARD,37.0,True,Ferrari,1,1.0,True,Monaco,2024,False
LEC,78.181,39.0,2.0,20.815,36.297,21.069,202.0,183.0,259.0,280.0,True,HARD,38.0,True,Ferrari,1,1.0,True,Monaco,2024,False
LEC,78.733,40.0,2.0,20.538,37.054,21.141,199.0,183.0,258.0,281.0,False,HARD,39.0,True,Ferrari,1,1.0,True,Monaco,2024,False
LEC,78.694,41.0,2.0,20.486,36.988,21.22,195.0,185.0,265.0,280.0,False,HARD,40.0,True,Ferrari,1,1.0,True,Monaco,2024,False
LEC,79.277,42.0,2.0,20.683,37.359,21.235,200.0,184.0,254.0,278.0,False,HARD,41.0,True,Ferrari,1,1.0,True,Monaco,2024,False
LEC,77.865,43.0,2.0,20.293,36.71,20.862,203.0,183.0,255.0,275.0,True,HARD,42.0,True,Ferrari,1,1.0,True,Monaco,2024,False
LEC,78.276,44.0,2.0,20.687,36.752,20.837,199.0,185.0,255.0,275.0,False,HARD,43.0,True,Ferrari,1,1.0,True,Monaco,2024,False
LEC,78.541,45.0,2.0,20.582,36.789,21.17,200.0,182.0,255.0,275.0,False,HARD,44.0,True,Ferrari,1,1.0,True,Monaco,2024,False
LEC,78.567,46.0,2.0,20.6,37.066,20.901,196.0,185.0,256.0,276.0,False,HARD,45.0,True,Ferrari,1,1.0,True,Monaco,2024,False
LEC,79.185,47.0,2.0,20.506,37.404,21.275,195.0,183.0,256.0,276.0,False,HARD,46.0,True,Ferrari,1,1.0,True,Monaco,2024,False
LEC,77.941,48.0,2.0,20.379,36.484,21.078,197.0,188.0,256.0,276.0,False,HARD,47.0,True,Ferrari,1,1.0,True,Monaco,2024,False
LEC,78.506,49.0,2.0,20.674,36.889,20.943,196.0,184.0,256.0,276.0,False,HARD,48.0,True,Ferrari,1,1.0,True,Monaco,2024,False
LEC,78.185,50.0,2.0,20.293,36.878,21.014,202.0,183.0,257.0,276.0,False,HARD,49.0,True,Ferrari,1,1.0,True,Monaco,2024,False
LEC,77.79,51.0,2.0,20.269,36.519,21.002,196.0,186.0,265.0,279.0,True,HARD,50.0,True,Ferrari,1,1.0,True,Monaco,2024,False
LEC,78.311,52.0,2.0,20.381,36.839,21.091,198.0,188.0,256.0,276.0,False,HARD,51.0,True,Ferrari,1,1.0,True,Monaco,2024,False
LEC,77.357,54.0,2.0,20.182,36.412,20.763,202.0,188.0,258.0,278.0,True,HARD,53.0,True,Ferrari,1,1.0,True,Monaco,2024,False
LEC,77.444,55.0,2.0,20.377,36.322,20.745,194.0,188.0,256.0,278.0,False,HARD,54.0,True,Ferrari,1,1.0,True,Monaco,2024,False
LEC,77.266,56.0,2.0,20.173,36.255,20.838,194.0,188.0,256.0,275.0,True,HARD,55.0,True,Ferrari,1,1.0,True,Monaco,2024,False
LEC,77.64,57.0,2.0,20.132,36.818,20.69,206.0,189.0,256.0,274.0,False,HARD,56.0,True,Ferrari,1,1.0,True,Monaco,2024,False
LEC,77.028,58.0,2.0,20.246,36.138,20.644,199.0,191.0,256.0,275.0,True,HARD,57.0,True,Ferrari,1,1.0,True,Monaco,2024,False
LEC,77.034,59.0,2.0,20.42,36.197,20.417,202.0,192.0,257.0,275.0,False,HARD,58.0,True,Ferrari,1,1.0,True,Monaco,2024,False
LEC,76.414,60.0,2.0,19.989,36.033,20.392,200.0,190.0,258.0,278.0,True,HARD,59.0,True,Ferrari,1,1.0,True,Monaco,2024,False
LEC,76.863,61.0,2.0,20.047,36.432,20.384,197.0,189.0,258.0,278.0,False,HARD,60.0,True,Ferrari,1,1.0,True,Monaco,2024,False
LEC,77.454,62.0,2.0,20.116,36.443,20.895,199.0,184.0,258.0,277.0,False,HARD,61.0,True,Ferrari,1,1.0,True,Monaco,2024,False
LEC,76.971,63.0,2.0,20.095,36.187,20.689,201.0,190.0,257.0,278.0,False,HARD,62.0,True,Ferrari,1,1.0,True,Monaco,2024,False
LEC,76.56,64.0,2.0,19.996,35.953,20.611,198.0,189.0,257.0,278.0,False,HARD,63.0,True,Ferrari,1,1.0,True,Monaco,2024,False
LEC,76.607,65.0,2.0,20.094,35.912,20.601,202.0,187.0,258.0,278.0,False,HARD,64.0,True,Ferrari,1,1.0,True,Monaco,2024,False
LEC,76.489,66.0,2.0,20.092,36.05,20.347,201.0,192.0,259.0,279.0,False,HARD,65.0,True,Ferrari,1,1.0,True,Monaco,2024,False
LEC,75.941,67.0,2.0,19.908,35.718,20.315,206.0,190.0,259.0,278.0,True,HARD,66.0,True,Ferrari,1,1.0,True,Monaco,2024,False
LEC,76.082,68.0,2.0,19.824,35.719,20.539,202.0,190.0,259.0,282.0,False,HARD,67.0,True,Ferrari,1,1.0,True,Monaco,2024,False
LEC,76.373,69.0,2.0,20.074,35.848,20.451,207.0,189.0,258.0,279.0,False,HARD,68.0,True,Ferrari,1,1.0,True,Monaco,2024,False
LEC,75.767,70.0,2.0,19.928,35.516,20.323,202.0,192.0,259.0,279.0,True,HARD,69.0,True,Ferrari,1,1.0,True,Monaco,2024,False
LEC,75.162,71.0,2.0,19.719,35.501,19.942,208.0,195.0,259.0,279.0,True,HARD,70.0,True,Ferrari,1,1.0,True,Monaco,2024,False
LEC,75.547,72.0,2.0,19.716,35.511,20.32,207.0,192.0,259.0,280.0,False,HARD,71.0,True,Ferrari,1,1.0,True,Monaco,2024,False
LEC,76.219,73.0,2.0,19.958,35.883,20.378,202.0,189.0,261.0,281.0,False,HARD,72.0,True,Ferrari,1,1.0,True,Monaco,2024,False
LEC,76.105,74.0,2.0,19.924,35.853,20.328,200.0,191.0,262.0,282.0,False,HARD,73.0,True,Ferrari,1,1.0,True,Monaco,2024,False
LEC,76.387,75.0,2.0,19.84,36.038,20.509,203.0,188.0,262.0,282.0,False,HARD,74.0,True,Ferrari,1,1.0,True,Monaco,2024,False
LEC,76.808,76.0,2.0,20.175,36.346,20.287,202.0,187.0,259.0,281.0,False,HARD,75.0,True,Ferrari,1,1.0,True,Monaco,2024,False
LEC,76.933,77.0,2.0,20.067,36.196,20.67,200.0,188.0,259.0,277.0,False,HARD,76.0,True,Ferrari,1,1.0,True,Monaco,2024,False
LEC,78.636,78.0,2.0,20.278,36.319,22.039,196.0,184.0,209.0,277.0,False,HARD,77.0,True,Ferrari,1,1.0,True,Monaco,2024,False
PIA,84.953,3.0,2.0,23.96,38.571,22.422,179.0,171.0,252.0,271.0,True,HARD,3.0,False,McLaren,1,2.0,True,Monaco,2024,True
PIA,82.314,4.0,2.0,21.687,38.788,21.839,170.0,171.0,261.0,275.0,True,HARD,4.0,False,McLaren,1,2.0,True,Monaco,2024,True
PIA,82.019,5.0,2.0,21.435,38.378,22.206,184.0,175.0,260.0,275.0,True,HARD,5.0,False,McLaren,1,2.0,True,Monaco,2024,True
PIA,81.354,6.0,2.0,21.409,38.129,21.816,181.0,179.0,262.0,275.0,True,HARD,6.0,False,McLaren,1,2.0,True,Monaco,2024,False
PIA,80.808,7.0,2.0,21.207,37.68,21.921,185.0,176.0,262.0,276.0,True,HARD,7.0,False,McLaren,1,2.0,True,Monaco,2024,False
PIA,81.058,8.0,2.0,21.425,37.957,21.676,181.0,181.0,262.0,274.0,False,HARD,8.0,False,McLaren,1,2.0,True,Monaco,2024,False
PIA,79.906,9.0,2.0,21.181,37.382,21.343,189.0,181.0,262.0,273.0,True,HARD,9.0,False,McLaren,1,2.0,True,Monaco,2024,False
PIA,80.89,10.0,2.0,21.262,37.97,21.658,179.0,176.0,255.0,275.0,False,HARD,10.0,False,McLaren,1,2.0,True,Monaco,2024,False
PIA,80.898,11.0,2.0,21.439,37.991,21.468,168.0,181.0,261.0,276.0,False,HARD,11.0,False,McLaren,1,2.0,True,Monaco,2024,False
PIA,80.135,12.0,2.0,21.21,37.442,21.483,188.0,180.0,262.0,277.0,False,HARD,12.0,False,McLaren,1,2.0,True,Monaco,2024,False
PIA,78.745,13.0,2.0,20.677,36.996,21.072,189.0,182.0,263.0,276.0,True,HARD,13.0,False,McLaren,1,2.0,True,Monaco,2024,False
PIA,80.014,14.0,2.0,21.241,37.715,21.058,175.0,185.0,264.0,276.0,False,HARD,14.0,False,McLaren,1,2.0,True,Monaco,2024,False
PIA,80.264,15.0,2.0,20.828,38.137,21.299,186.0,178.0,255.0,274.0,False,HARD,15.0,False,McLaren,1,2.0,True,Monaco,2024,False
PIA,79.829,16.0,2.0,20.949,37.351,21.529,190.0,184.0,262.0,278.0,False,HARD,16.0,False,McLaren,1,2.0,True,Monaco,2024,False
PIA,80.028,17.0,2.0,20.967,37.697,21.364,186.0,179.0,263.0,274.0,False,HARD,17.0,False,McLaren,1,2.0,True,Monaco,2024,False
PIA,79.832,18.0,2.0,21.157,37.357,21.318,189.0,188.0,262.0,277.0,False,HARD,18.0,False,McLaren,1,2.0,True,Monaco,2024,False
PIA,79.179,19.0,2.0,20.809,37.085,21.285,195.0,188.0,261.0,277.0,False,HARD,19.0,False,McLaren,1,2.0,True,Monaco,2024,False
PIA,79.055,20.0,2.0,20.712,37.118,21.225,190.0,186.0,256.0,276.0,False,HARD,20.0,False,McLaren,1,2.0,True,Monaco,2024,False
PIA,78.601,21.0,2.0,20.387,36.969,21.245,195.0,185.0,255.0,276.0,True,HARD,21.0,False,McLaren,1,2.0,True,Monaco,2024,False
PIA,78.585,22.0,2.0,20.647,36.89,21.048,194.0,186.0,257.0,276.0,True,HARD,22.0,False,McLaren,1,2.0,True,Monaco,2024,False
PIA,78.658,23.0,2.0,20.334,37.06,21.264,193.0,185.0,256.0,276.0,False,HARD,23.0,False,McLaren,1,2.0,True,Monaco,2024,False
PIA,78.636,24.0,2.0,20.402,36.969,21.265,192.0,183.0,256.0,276.0,False,HARD,24.0,False,McLaren,1,2.0,True,Monaco,2024,False
PIA,78.784,25.0,2.0,20.563,37.104,21.117,194.0,182.0,256.0,277.0,False,HARD,25.0,False,McLaren,1,2.0,True,Monaco,2024,False
PIA,78.44,26.0,2.0,20.567,37.026,20.847,194.0,189.0,258.0,277.0,True,HARD,26.0,False,McLaren,1,2.0,True,Monaco,2024,False
PIA,78.523,27.0,2.0,20.578,36.875,21.07,194.0,187.0,257.0,277.0,False,HARD,27.0,False,McLaren,1,2.0,True,Monaco,2024,False
PIA,78.791,28.0,2.0,20.568,37.127,21.096,192.0,184.0,256.0,278.0,False,HARD,28.0,False,McLaren,1,2.0,True,Monaco,2024,False
PIA,79.01,29.0,2.0,20.396,37.42,21.194,194.0,186.0,255.0,277.0,False,HARD,29.0,False,McLaren,1,2.0,True,Monaco,2024,False
PIA,79.396,30.0,2.0,20.878,37.438,21.08,188.0,186.0,257.0,278.0,False,HARD,30.0,False,McLaren,1,2.0,True,Monaco,2024,False
PIA,78.449,31.0,2.0,20.602,36.817,21.03,192.0,189.0,264.0,279.0,False,HARD,31.0,False,McLaren,1,2.0,True,Monaco,2024,False
PIA,78.969,32.0,2.0,20.636,37.017,21.316,192.0,184.0,264.0,279.0,False,HARD,32.0,False,McLaren,1,2.0,True,Monaco,2024,False
PIA,79.06,33.0,2.0,20.753,37.224,21.083,192.0,186.0,257.0,279.0,False,HARD,33.0,False,McLaren,1,2.0,True,Monaco,2024,False
PIA,78.978,34.0,2.0,20.604,37.316,21.058,194.0,186.0,257.0,279.0,False,HARD,34.0,False,McLaren,1,2.0,True,Monaco,2024,False
PIA,78.605,35.0,2.0,20.611,36.941,21.053,193.0,187.0,258.0,280.0,False,HARD,35.0,False,McLaren,1,2.0,True,Monaco,2024,False
PIA,78.882,36.0,2.0,20.535,37.128,21.219,192.0,186.0,258.0,280.0,False,HARD,36.0,False,McLaren,1,2.0,True,Monaco,2024,False
PIA,78.612,37.0,2.0,20.579,36.889,21.144,191.0,187.0,258.0,282.0,False,HARD,37.0,False,McLaren,1,2.0,True,Monaco,2024,False
PIA,78.731,38.0,2.0,20.572,37.176,20.983,194.0,187.0,258.0,282.0,False,HARD,38.0,False,McLaren,1,2.0,True,Monaco,2024,False
PIA,78.362,39.0,2.0,20.4,36.952,21.01,198.0,188.0,260.0,283.0,True,HARD,39.0,False,McLaren,1,2.0,True,Monaco,2024,False
PIA,78.951,40.0,2.0,20.474,37.163,21.314,192.0,186.0,260.0,283.0,False,HARD,40.0,False,McLaren,1,2.0,True,Monaco,2024,False
PIA,78.846,41.0,2.0,20.64,36.985,21.221,192.0,187.0,267.0,281.0,False,HARD,41.0,False,McLaren,1,2.0,True,Monaco,2024,False
PIA,79.795,42.0,2.0,20.515,37.657,21.623,183.0,183.0,263.0,281.0,False,HARD,42.0,False,McLaren,1,2.0,True,Monaco,2024,False
PIA,78.198,43.0,2.0,20.58,36.779,20.839,196.0,191.0,259.0,278.0,True,HARD,43.0,False,McLaren,1,2.0,True,Monaco,2024,False
PIA,78.277,44.0,2.0,20.56,36.952,20.765,197.0,191.0,257.0,277.0,False,HARD,44.0,False,McLaren,1,2.0,True,Monaco,2024,False
PIA,78.082,45.0,2.0,20.433,36.655,20.994,199.0,188.0,258.0,277.0,True,HARD,45.0,False,McLaren,1,2.0,True,Monaco,2024,False
PIA,78.623,46.0,2.0,20.42,37.147,21.056,197.0,188.0,257.0,278.0,False,HARD,46.0,False,McLaren,1,2.0,True,Monaco,2024,False
PIA,78.399,47.0,2.0,20.48,36.871,21.048,195.0,190.0,257.0,279.0,False,HARD,47.0,False,McLaren,1,2.0,True,Monaco,2024,False
PIA,78.395,48.0,2.0,20.406,37.005,20.984,193.0,189.0,258.0,278.0,False,HARD,48.0,False,McLaren,1,2.0,True,Monaco,2024,False
PIA,78.136,49.0,2.0,20.416,36.774,20.946,196.0,189.0,258.0,279.0,False,HARD,49.0,False,McLaren,1,2.0,True,Monaco,2024,False
PIA,78.35,50.0,2.0,20.434,36.767,21.149,198.0,189.0,259.0,279.0,False,HARD,50.0,False,McLaren,1,2.0,True,Monaco,2024,False
PIA,77.909,51.0,2.0,20.289,36.853,20.767,198.0,190.0,262.0,279.0,True,HARD,51.0,False,McLaren,1,2.0,True,Monaco,2024,False
PIA,78.214,52.0,2.0,20.475,36.918,20.821,188.0,189.0,259.0,279.0,False,HARD,52.0,False,McLaren,1,2.0,True,Monaco,2024,False
PIA,77.362,54.0,2.0,20.138,36.581,20.643,200.0,193.0,261.0,279.0,True,HARD,54.0,False,McLaren,1,2.0,True,Monaco,2024,False
PIA,77.445,55.0,2.0,20.28,36.42,20.745,201.0,191.0,259.0,279.0,False,HARD,55.0,False,McLaren,1,2.0,True,Monaco,2024,False
PIA,77.456,56.0,2.0,20.141,36.593,20.722,203.0,192.0,259.0,278.0,False,HARD,56.0,False,McLaren,1,2.0,True,Monaco,2024,False
PIA,77.3,57.0,2.0,20.171,36.449,20.68,198.0,193.0,259.0,277.0,True,HARD,57.0,False,McLaren,1,2.0,True,Monaco,2024,False
PIA,77.344,58.0,2.0,20.138,36.58,20.626,204.0,193.0,259.0,278.0,False,HARD,58.0,False,McLaren,1,2.0,True,Monaco,2024,False
PIA,77.042,59.0,2.0,20.007,36.462,20.573,204.0,194.0,259.0,278.0,True,HARD,59.0,False,McLaren,1,2.0,True,Monaco,2024,False
PIA,76.617,60.0,2.0,19.928,36.142,20.547,206.0,193.0,260.0,279.0,True,HARD,60.0,False,McLaren,1,2.0,True,Monaco,2024,False
PIA,76.771,61.0,2.0,19.986,36.265,20.52,202.0,193.0,260.0,280.0,False,HARD,61.0,False,McLaren,1,2.0,True,Monaco,2024,False
PIA,77.095,62.0,2.0,19.949,36.525,20.621,201.0,192.0,260.0,280.0,False,HARD,62.0,False,McLaren,1,2.0,True,Monaco,2024,False
PIA,76.921,63.0,2.0,19.929,36.296,20.696,203.0,194.0,259.0,280.0,False,HARD,63.0,False,McLaren,1,2.0,True,Monaco,2024,False
PIA,76.909,64.0,2.0,19.96,36.311,20.638,206.0,192.0,259.0,280.0,False,HARD,64.0,False,McLaren,1,2.0,True,Monaco,2024,False
PIA,76.391,65.0,2.0,19.859,36.103,20.429,208.0,195.0,260.0,280.0,True,HARD,65.0,False,McLaren,1,2.0,True,Monaco,2024,False
PIA,76.64,66.0,2.0,19.873,36.203,20.564,206.0,194.0,261.0,281.0,False,HARD,66.0,False,McLaren,1,2.0,True,Monaco,2024,False
PIA,76.596,67.0,2.0,19.839,36.084,20.673,207.0,195.0,260.0,280.0,False,HARD,67.0,False,McLaren,1,2.0,True,Monaco,2024,False
PIA,76.601,68.0,2.0,19.939,36.158,20.504,204.0,193.0,261.0,280.0,False,HARD,68.0,False,McLaren,1,2.0,True,Monaco,2024,False
PIA,77.371,69.0,2.0,19.897,36.658,20.816,203.0,192.0,267.0,281.0,False,HARD,69.0,False,McLaren,1,2.0,True,Monaco,2024,False
PIA,77.27,70.0,2.0,20.237,36.385,20.648,206.0,193.0,260.0,278.0,False,HARD,70.0,False,McLaren,1,2.0,True,Monaco,2024,False
PIA,77.184,71.0,2.0,20.201,36.419,20.564,202.0,195.0,260.0,278.0,False,HARD,71.0,False,McLaren,1,2.0,True,Monaco,2024,False
PIA,76.652,72.0,2.0,19.997,36.187,20.468,205.0,195.0,260.0,278.0,False,HARD,72.0,False,McLaren,1,2.0,True,Monaco,2024,False
PIA,76.281,73.0,2.0,19.884,36.018,20.379,209.0,196.0,260.0,279.0,True,HARD,73.0,False,McLaren,1,2.0,True,Monaco,2024,False
PIA,76.356,74.0,2.0,19.798,36.132,20.426,209.0,194.0,261.0,279.0,False,HARD,74.0,False,McLaren,1,2.0,True,Monaco,2024,False
PIA,76.644,75.0,2.0,19.912,36.316,20.416,208.0,194.0,261.0,280.0,False,HARD,75.0,False,McLaren,1,2.0,True,Monaco,2024,False
PIA,76.59,76.0,2.0,19.798,36.224,20.568,211.0,194.0,261.0,280.0,False,HARD,76.0,False,McLaren,1,2.0,True,Monaco,2024,False
PIA,76.734,77.0,2.0,19.982,36.267,20.485,209.0,194.0,262.0,283.0,False,HARD,77.0,False,McLaren,1,2.0,True,Monaco,2024,False
PIA,77.126,78.0,2.0,19.954,36.457,20.715,208.0,193.0,263.0,283.0,False,HARD,78.0,False,McLaren,1,2.0,True,Monaco,2024,False
SAI,85.012,3.0,2.0,24.363,38.522,22.127,171.0,179.0,256.0,273.0,True,HARD,2.0,True,Ferrari,1,3.0,True,Monaco,2024,True
SAI,82.358,4.0,2.0,21.84,38.618,21.9,183.0,174.0,264.0,279.0,True,HARD,3.0,True,Ferrari,1,3.0,True,Monaco,2024,True
SAI,81.978,5.0,2.0,21.567,38.328,22.083,189.0,172.0,264.0,278.0,True,HARD,4.0,True,Ferrari,1,3.0,True,Monaco,2024,False
SAI,81.163,6.0,2.0,21.397,38.217,21.549,194.0,177.0,266.0,278.0,True,HARD,5.0,True,Ferrari,1,3.0,True,Monaco,2024,False
SAI,81.466,7.0,2.0,21.283,38.239,21.944,192.0,169.0,256.0,279.0,False,HARD,6.0,True,Ferrari,1,3.0,True,Monaco,2024,False
SAI,80.272,8.0,2.0,21.208,37.732,21.332,191.0,172.0,266.0,276.0,True,HARD,7.0,True,Ferrari,1,3.0,True,Monaco,2024,False
SAI,80.525,9.0,2.0,21.329,37.64,21.556,188.0,175.0,263.0,276.0,False,HARD,8.0,True,Ferrari,1,3.0,True,Monaco,2024,False
SAI,81.259,10.0,2.0,21.237,38.068,21.954,187.0,175.0,256.0,273.0,False,HARD,9.0,True,Ferrari,1,3.0,True,Monaco,2024,False
SAI,80.246,11.0,2.0,21.233,37.563,21.45,190.0,177.0,265.0,279.0,True,HARD,10.0,True,Ferrari,1,3.0,True,Monaco,2024,False
SAI,79.974,12.0,2.0,20.951,37.651,21.372,185.0,173.0,265.0,277.0,True,HARD,11.0,True,Ferrari,1,3.0,True,Monaco,2024,False
SAI,80.017,13.0,2.0,21.101,37.648,21.268,191.0,177.0,255.0,271.0,False,HARD,12.0,True,Ferrari,1,3.0,True,Monaco,2024,False
SAI,79.48,14.0,2.0,20.8,36.99,21.69,195.0,177.0,257.0,280.0,True,HARD,13.0,True,Ferrari,1,3.0,True,Monaco,2024,False
SAI,79.543,15.0,2.0,21.023,37.364,21.156,192.0,180.0,264.0,274.0,False,HARD,14.0,True,Ferrari,1,3.0,True,Monaco,2024,False
SAI,80.579,16.0,2.0,20.922,37.676,21.981,190.0,170.0,256.0,279.0,False,HARD,15.0,True,Ferrari,1,3.0,True,Monaco,2024,False
SAI,80.076,17.0,2.0,21.006,37.77,21.3,191.0,182.0,257.0,274.0,False,HARD,16.0,True,Ferrari,1,3.0,True,Monaco,2024,False
SAI,79.177,18.0,2.0,20.684,37.263,21.23,194.0,181.0,265.0,279.0,True,HARD,17.0,True,Ferrari,1,3.0,True,Monaco,2024,False
SAI,79.445,19.0,2.0,20.957,37.056,21.432,199.0,179.0,264.0,281.0,False,HARD,18.0,True,Ferrari,1,3.0,True,Monaco,2024,False
SAI,79.403,20.0,2.0,20.741,37.525,21.137,197.0,184.0,257.0,277.0,False,HARD,19.0,True,Ferrari,1,3.0,True,Monaco,2024,False
SAI,78.917,21.0,2.0,20.528,36.94,21.449,194.0,185.0,256.0,277.0,True,HARD,20.0,True,Ferrari,1,3.0,True,Monaco,2024,False
SAI,78.889,22.0,2.0,20.713,37.007,21.169,197.0,186.0,256.0,276.0,True,HARD,21.0,True,Ferrari,1,3.0,True,Monaco,2024,False
SAI,78.993,23.0,2.0,20.638,37.196,21.159,196.0,182.0,256.0,276.0,False,HARD,22.0,True,Ferrari,1,3.0,True,Monaco,2024,False
SAI,78.568,24.0,2.0,20.629,36.995,20.944,195.0,186.0,256.0,276.0,True,HARD,23.0,True,Ferrari,1,3.0,True,Monaco,2024,False
SAI,78.537,25.0,2.0,20.608,37.018,20.911,199.0,186.0,257.0,276.0,True,HARD,24.0,True,Ferrari,1,3.0,True,Monaco,2024,False
SAI,78.088,26.0,2.0,20.525,36.807,20.756,198.0,190.0,256.0,277.0,True,HARD,25.0,True,Ferrari,1,3.0,True,Monaco,2024,False
SAI,79.49,27.0,2.0,20.585,37.474,21.431,194.0,180.0,255.0,277.0,False,HARD,26.0,True,Ferrari,1,3.0,True,Monaco,2024,False
SAI,79.281,28.0,2.0,20.863,37.361,21.057,199.0,181.0,257.0,277.0,False,HARD,27.0,True,Ferrari,1,3.0,True,Monaco,2024,False
SAI,78.697,29.0,2.0,20.751,37.079,20.867,198.0,189.0,256.0,276.0,False,HARD,28.0,True,Ferrari,1,3.0,True,Monaco,2024,False
SAI,77.326,30.0,2.0,20.109,36.543,20.674,203.0,190.0,267.0,279.0,True,HARD,29.0,True,Ferrari,1,3.0,True,Monaco,2024,False
SAI,79.784,31.0,2.0,20.766,37.403,21.615,197.0,181.0,256.0,279.0,False,HARD,30.0,True,Ferrari,1,3.0,True,Monaco,2024,False
SAI,80.136,32.0,2.0,20.736,37.729,21.671,190.0,182.0,257.0,278.0,False,HARD,31.0,True,Ferrari,1,3.0,True,Monaco,2024,False
SAI,78.778,33.0,2.0,20.462,37.043,21.273,198.0,187.0,257.0,278.0,False,HARD,32.0,True,Ferrari,1,3.0,True,Monaco,2024,False
SAI,79.013,34.0,2.0,20.661,37.348,21.004,193.0,186.0,256.0,278.0,False,HARD,33.0,True,Ferrari,1,3.0,True,Monaco,2024,False
SAI,78.465,35.0,2.0,20.407,36.937,21.121,198.0,186.0,256.0,278.0,False,HARD,34.0,True,Ferrari,1,3.0,True,Monaco,2024,False
SAI,79.275,36.0,2.0,20.65,37.435,21.19,197.0,183.0,257.0,278.0,False,HARD,35.0,True,Ferrari,1,3.0,True,Monaco,2024,False
SAI,77.577,37.0,2.0,20.308,36.536,20.733,200.0,190.0,259.0,280.0,False,HARD,36.0,True,Ferrari,1,3.0,True,Monaco,2024,False
SAI,78.412,38.0,2.0,20.426,36.946,21.04,194.0,187.0,259.0,281.0,False,HARD,37.0,True,Ferrari,1,3.0,True,Monaco,2024,False
SAI,78.31,39.0,2.0,20.442,36.841,21.027,195.0,188.0,258.0,281.0,False,HARD,38.0,True,Ferrari,1,3.0,True,Monaco,2024,False
SAI,78.653,40.0,2.0,20.481,37.154,21.018,198.0,183.0,259.0,281.0,False,HARD,39.0,True,Ferrari,1,3.0,True,Monaco,2024,False
SAI,78.714,41.0,2.0,20.53,36.995,21.189,197.0,186.0,260.0,282.0,False,HARD,40.0,True,Ferrari,1,3.0,True,Monaco,2024,False
SAI,79.171,42.0,2.0,20.582,37.26,21.329,194.0,191.0,267.0,278.0,False,HARD,41.0,True,Ferrari,1,3.0,True,Monaco,2024,False
SAI,79.594,43.0,2.0,21.039,37.633,20.922,189.0,188.0,257.0,279.0,False,HARD,42.0,True,Ferrari,1,3.0,True,Monaco,2024,False
SAI,78.762,44.0,2.0,20.543,37.239,20.98,189.0,185.0,257.0,279.0,False,HARD,43.0,True,Ferrari,1,3.0,True,Monaco,2024,False
SAI,77.885,45.0,2.0,20.411,36.622,20.852,198.0,189.0,257.0,279.0,False,HARD,44.0,True,Ferrari,1,3.0,True,Monaco,2024,False
SAI,78.731,46.0,2.0,20.497,37.133,21.101,193.0,189.0,256.0,278.0,False,HARD,45.0,True,Ferrari,1,3.0,True,Monaco,2024,False
SAI,78.141,47.0,2.0,20.298,36.975,20.868,198.0,187.0,257.0,279.0,False,HARD,46.0,True,Ferrari,1,3.0,True,Monaco,2024,False
SAI,77.894,48.0,2.0,20.338,36.722,20.834,198.0,191.0,259.0,279.0,False,HARD,47.0,True,Ferrari,1,3.0,True,Monaco,2024,False
SAI,78.259,49.0,2.0,20.341,36.857,21.061,193.0,190.0,258.0,279.0,False,HARD,48.0,True,Ferrari,1,3.0,True,Monaco,2024,False
SAI,78.545,50.0,2.0,20.355,37.013,21.177,199.0,188.0,258.0,280.0,False,HARD,49.0,True,Ferrari,1,3.0,True,Monaco,2024,False
SAI,77.528,51.0,2.0,20.188,36.291,21.049,202.0,192.0,260.0,280.0,False,HARD,50.0,True,Ferrari,1,3.0,True,Monaco,2024,False
SAI,78.094,52.0,2.0,20.201,37.137,20.756,195.0,194.0,259.0,281.0,False,HARD,51.0,True,Ferrari,1,3.0,True,Monaco,2024,False
SAI,77.742,54.0,2.0,20.413,36.564,20.765,195.0,190.0,259.0,281.0,False,HARD,53.0,True,Ferrari,1,3.0,True,Monaco,2024,False
SAI,78.661,55.0,2.0,20.576,36.805,21.28,195.0,187.0,258.0,280.0,False,HARD,54.0,True,Ferrari,1,3.0,True,Monaco,2024,False
SAI,78.119,56.0,2.0,20.216,36.735,21.168,196.0,189.0,258.0,278.0,False,HARD,55.0,True,Ferrari,1,3.0,True,Monaco,2024,False
SAI,77.599,57.0,2.0,20.374,36.747,20.478,196.0,194.0,258.0,278.0,False,HARD,56.0,True,Ferrari,1,3.0,True,Monaco,2024,False
SAI,77.501,58.0,2.0,20.149,36.716,20.636,197.0,184.0,258.0,278.0,False,HARD,57.0,True,Ferrari,1,3.0,True,Monaco,2024,False
SAI,77.134,59.0,2.0,19.939,36.533,20.662,200.0,195.0,258.0,279.0,True,HARD,58.0,True,Ferrari,1,3.0,True,Monaco,2024,False
SAI,75.159,60.0,2.0,19.647,35.514,19.998,208.0,197.0,259.0,280.0,True,HARD,59.0,True,Ferrari,1,3.0,True,Monaco,2024,False
SAI,79.046,61.0,2.0,21.31,37.09,20.646,182.0,189.0,259.0,279.0,False,HARD,60.0,True,Ferrari,1,3.0,True,Monaco,2024,False
SAI,74.726,62.0,2.0,19.553,35.324,19.849,209.0,198.0,262.0,280.0,True,HARD,61.0,True,Ferrari,1,3.0,True,Monaco,2024,True
SAI,78.207,63.0,2.0,21.06,36.742,20.405,183.0,191.0,258.0,280.0,False,HARD,62.0,True,Ferrari,1,3.0,True,Monaco,2024,False
SAI,74.813,64.0,2.0,19.53,35.266,20.017,209.0,197.0,260.0,281.0,False,HARD,63.0,True,Ferrari,1,3.0,True,Monaco,2024,True
SAI,78.137,65.0,2.0,21.154,36.474,20.509,195.0,190.0,260.0,280.0,False,HARD,64.0,True,Ferrari,1,3.0,True,Monaco,2024,False
SAI,75.409,66.0,2.0,19.569,35.402,20.438,211.0,197.0,260.0,282.0,False,HARD,65.0,True,Ferrari,1,3.0,True,Monaco,2024,False
SAI,76.847,67.0,2.0,20.114,36.085,20.648,202.0,190.0,260.0,281.0,False,HARD,66.0,True,Ferrari,1,3.0,True,Monaco,2024,False
SAI,75.595,68.0,2.0,19.608,35.735,20.252,207.0,194.0,261.0,282.0,False,HARD,67.0,True,Ferrari,1,3.0,True,Monaco,2024,False
SAI,76.218,69.0,2.0,19.774,35.973,20.471,205.0,193.0,271.0,283.0,False,HARD,68.0,True,Ferrari,1,3.0,True,Monaco,2024,False
SAI,77.117,70.0,2.0,20.617,36.116,20.384,204.0,192.0,267.0,282.0,False,HARD,69.0,True,Ferrari,1,3.0,True,Monaco,2024,False
SAI,77.214,71.0,2.0,20.273,36.514,20.427,202.0,192.0,269.0,285.0,False,HARD,70.0,True,Ferrari,1,3.0,True,Monaco,2024,False
SAI,76.785,72.0,2.0,20.165,36.227,20.393,202.0,194.0,268.0,283.0,False,HARD,71.0,True,Ferrari,1,3.0,True,Monaco,2024,False
SAI,76.417,73.0,2.0,19.958,36.034,20.425,203.0,194.0,268.0,282.0,False,HARD,72.0,True,Ferrari,1,3.0,True,Monaco,2024,False
SAI,76.063,74.0,2.0,19.809,35.971,20.283,204.0,193.0,270.0,284.0,False,HARD,73.0,True,Ferrari,1,3.0,True,Monaco,2024,False
SAI,76.905,75.0,2.0,20.098,36.302,20.505,206.0,190.0,269.0,286.0,False,HARD,74.0,True,Ferrari,1,3.0,True,Monaco,2024,False
SAI,76.328,76.0,2.0,19.844,36.063,20.421,206.0,194.0,271.0,285.0,False,HARD,75.0,True,Ferrari,1,3.0,True,Monaco,2024,False
SAI,76.701,77.0,2.0,20.059,36.361,20.281,200.0,193.0,271.0,288.0,False,HARD,76.0,True,Ferrari,1,3.0,True,Monaco,2024,False
SAI,77.072,78.0,2.0,20.086,36.43,20.556,203.0,195.0,267.0,288.0,False,HARD,77.0,True,Ferrari,1,3.0,True,Monaco,2024,False
NOR,85.283,3.0,2.0,24.612,38.686,21.985,168.0,165.0,256.0,274.0,True,HARD,3.0,False,McLaren,1,4.0,True,Monaco,2024,True
NOR,82.782,4.0,2.0,21.812,38.792,22.178,181.0,159.0,264.0,276.0,True,HARD,4.0,False,McLaren,1,4.0,True,Monaco,2024,True
NOR,82.147,5.0,2.0,21.499,38.347,22.301,188.0,169.0,261.0,273.0,True,HARD,5.0,False,McLaren,1,4.0,True,Monaco,2024,True
NOR,81.804,6.0,2.0,21.361,38.233,22.21,191.0,184.0,256.0,272.0,True,HARD,6.0,False,McLaren,1,4.0,True,Monaco,2024,False
NOR,80.828,7.0,2.0,21.045,37.917,21.866,189.0,182.0,257.0,275.0,True,HARD,7.0,False,McLaren,1,4.0,True,Monaco,2024,False
NOR,80.82,8.0,2.0,21.342,37.851,21.627,187.0,181.0,256.0,276.0,True,HARD,8.0,False,McLaren,1,4.0,True,Monaco,2024,False
NOR,80.397,9.0,2.0,20.935,37.902,21.56,185.0,177.0,256.0,275.0,True,HARD,9.0,False,McLaren,1,4.0,True,Monaco,2024,False
NOR,80.972,10.0,2.0,21.081,37.96,21.931,191.0,181.0,257.0,272.0,False,HARD,10.0,False,McLaren,1,4.0,True,Monaco,2024,False
NOR,80.87,11.0,2.0,21.308,37.856,21.706,184.0,176.0,257.0,277.0,False,HARD,11.0,False,McLaren,1,4.0,True,Monaco,2024,False
NOR,79.933,12.0,2.0,20.747,37.678,21.508,192.0,181.0,256.0,276.0,True,HARD,12.0,False,McLaren,1,4.0,True,Monaco,2024,False
NOR,79.82,13.0,2.0,20.879,37.484,21.457,190.0,183.0,257.0,277.0,True,HARD,13.0,False,McLaren,1,4.0,True,Monaco,2024,False
NOR,79.385,14.0,2.0,20.774,37.244,21.367,194.0,186.0,256.0,273.0,True,HARD,14.0,False,McLaren,1,4.0,True,Monaco,2024,False
NOR,79.775,15.0,2.0,20.813,37.537,21.425,188.0,184.0,256.0,272.0,False,HARD,15.0,False,McLaren,1,4.0,True,Monaco,2024,False
NOR,79.637,16.0,2.0,20.805,37.435,21.397,191.0,187.0,264.0,275.0,False,HARD,16.0,False,McLaren,1,4.0,True,Monaco,2024,False
NOR,80.337,17.0,2.0,20.956,37.623,21.758,191.0,182.0,263.0,274.0,False,HARD,17.0,False,McLaren,1,4.0,True,Monaco,2024,False
NOR,79.398,18.0,2.0,20.673,37.371,21.354,188.0,183.0,259.0,274.0,False,HARD,18.0,False,McLaren,1,4.0,True,Monaco,2024,False
NOR,79.28,19.0,2.0,21.015,37.162,21.103,191.0,188.0,258.0,277.0,True,HARD,19.0,False,McLaren,1,4.0,True,Monaco,2024,False
NOR,79.043,20.0,2.0,20.623,37.094,21.326,192.0,180.0,264.0,275.0,True,HARD,20.0,False,McLaren,1,4.0,True,Monaco,2024,False
NOR,78.983,21.0,2.0,20.637,37.096,21.25,198.0,186.0,258.0,271.0,True,HARD,21.0,False,McLaren,1,4.0,True,Monaco,2024,False
NOR,78.981,22.0,2.0,20.655,37.155,21.171,191.0,183.0,265.0,276.0,True,HARD,22.0,False,McLaren,1,4.0,True,Monaco,2024,False
NOR,79.194,23.0,2.0,20.562,37.375,21.257,185.0,186.0,264.0,277.0,False,HARD,23.0,False,McLaren,1,4.0,True,Monaco,2024,False
NOR,78.699,24.0,2.0,20.67,37.148,20.881,189.0,188.0,258.0,278.0,True,HARD,24.0,False,McLaren,1,4.0,True,Monaco,2024,False
NOR,78.64,25.0,2.0,20.52,37.044,21.076,185.0,184.0,258.0,279.0,True,HARD,25.0,False,McLaren,1,4.0,True,Monaco,2024,False
NOR,78.396,26.0,2.0,20.574,36.881,20.941,182.0,190.0,258.0,278.0,True,HARD,26.0,False,McLaren,1,4.0,True,Monaco,2024,False
NOR,78.72,27.0,2.0,20.559,37.023,21.138,192.0,184.0,259.0,278.0,False,HARD,27.0,False,McLaren,1,4.0,True,Monaco,2024,False
NOR,79.238,28.0,2.0,20.84,37.076,21.322,184.0,182.0,263.0,280.0,False,HARD,28.0,False,McLaren,1,4.0,True,Monaco,2024,False
NOR,78.766,29.0,2.0,20.681,37.135,20.95,189.0,186.0,265.0,280.0,False,HARD,29.0,False,McLaren,1,4.0,True,Monaco,2024,False
NOR,78.403,30.0,2.0,20.443,36.93,21.03,196.0,184.0,258.0,279.0,False,HARD,30.0,False,McLaren,1,4.0,True,Monaco,2024,False
NOR,78.78,31.0,2.0,20.564,36.989,21.227,198.0,185.0,258.0,279.0,False,HARD,31.0,False,McLaren,1,4.0,True,Monaco,2024,False
NOR,79.538,32.0,2.0,20.794,37.452,21.292,184.0,186.0,266.0,280.0,False,HARD,32.0,False,McLaren,1,4.0,True,Monaco,2024,False
NOR,79.233,33.0,2.0,20.787,37.216,21.23,192.0,183.0,265.0,281.0,False,HARD,33.0,False,McLaren,1,4.0,True,Monaco,2024,False
NOR,79.243,34.0,2.0,20.654,37.46,21.129,187.0,190.0,265.0,281.0,False,HARD,34.0,False,McLaren,1,4.0,True,Monaco,2024,False
NOR,78.714,35.0,2.0,20.645,37.042,21.027,184.0,185.0,259.0,282.0,False,HARD,35.0,False,McLaren,1,4.0,True,Monaco,2024,False
NOR,78.582,36.0,2.0,20.515,36.884,21.183,187.0,184.0,266.0,282.0,False,HARD,36.0,False,McLaren,1,4.0,True,Monaco,2024,False
NOR,77.958,37.0,2.0,20.529,36.582,20.847,195.0,189.0,266.0,282.0,True,HARD,37.0,False,McLaren,1,4.0,True,Monaco,2024,False
NOR,77.994,38.0,2.0,20.448,36.698,20.848,191.0,188.0,267.0,283.0,False,HARD,38.0,False,McLaren,1,4.0,True,Monaco,2024,False
NOR,78.303,39.0,2.0,20.503,36.943,20.857,192.0,192.0,267.0,283.0,False,HARD,39.0,False,McLaren,1,4.0,True,Monaco,2024,False
NOR,78.824,40.0,2.0,20.624,37.212,20.988,188.0,190.0,263.0,283.0,False,HARD,40.0,False,McLaren,1,4.0,True,Monaco,2024,False
NOR,78.519,41.0,2.0,20.62,36.852,21.047,194.0,189.0,266.0,284.0,False,HARD,41.0,False,McLaren,1,4.0,True,Monaco,2024,False
NOR,79.436,42.0,2.0,20.641,37.424,21.371,197.0,186.0,266.0,273.0,False,HARD,42.0,False,McLaren,1,4.0,True,Monaco,2024,False
NOR,79.796,43.0,2.0,21.634,37.118,21.044,195.0,190.0,262.0,281.0,False,HARD,43.0,False,McLaren,1,4.0,True,Monaco,2024,False
NOR,78.906,44.0,2.0,20.681,37.207,21.018,195.0,191.0,259.0,281.0,False,HARD,44.0,False,McLaren,1,4.0,True,Monaco,2024,False
NOR,77.897,45.0,2.0,20.452,36.759,20.686,192.0,191.0,259.0,280.0,True,HARD,45.0,False,McLaren,1,4.0,True,Monaco,2024,False
NOR,78.215,46.0,2.0,20.386,36.887,20.942,196.0,190.0,266.0,281.0,False,HARD,46.0,False,McLaren,1,4.0,True,Monaco,2024,False
NOR,78.141,47.0,2.0,20.326,36.968,20.847,190.0,191.0,267.0,282.0,False,HARD,47.0,False,McLaren,1,4.0,True,Monaco,2024,False
NOR,77.975,48.0,2.0,20.359,36.876,20.74,194.0,192.0,267.0,281.0,False,HARD,48.0,False,McLaren,1,4.0,True,Monaco,2024,False
NOR,78.177,49.0,2.0,20.308,36.873,20.996,199.0,188.0,266.0,282.0,False,HARD,49.0,False,McLaren,1,4.0,True,Monaco,2024,False
NOR,78.218,50.0,2.0,20.358,36.795,21.065,198.0,190.0,266.0,281.0,False,HARD,50.0,False,McLaren,1,4.0,True,Monaco,2024,False
NOR,77.772,51.0,2.0,20.602,36.511,20.659,196.0,191.0,267.0,281.0,True,HARD,51.0,False,McLaren,1,4.0,True,Monaco,2024,False
NOR,78.223,52.0,2.0,20.309,36.901,21.013,194.0,190.0,266.0,279.0,False,HARD,52.0,False,McLaren,1,4.0,True,Monaco,2024,False
NOR,77.838,54.0,2.0,20.436,36.848,20.554,195.0,191.0,268.0,282.0,False,HARD,54.0,False,McLaren,1,4.0,True,Monaco,2024,False
NOR,78.382,55.0,2.0,20.468,36.569,21.345,195.0,188.0,268.0,281.0,False,HARD,55.0,False,McLaren,1,4.0,True,Monaco,2024,False
NOR,78.155,56.0,2.0,20.564,36.639,20.952,195.0,191.0,265.0,280.0,False,HARD,56.0,False,McLaren,1,4.0,True,Monaco,2024,False
NOR,77.815,57.0,2.0,20.436,36.71,20.669,196.0,189.0,266.0,281.0,False,HARD,57.0,False,McLaren,1,4.0,True,Monaco,2024,False
NOR,77.395,58.0,2.0,20.149,36.565,20.681,200.0,192.0,268.0,281.0,True,HARD,58.0,False,McLaren,1,4.0,True,Monaco,2024,False
NOR,77.122,59.0,2.0,20.101,36.446,20.575,198.0,192.0,268.0,280.0,True,HARD,59.0,False,McLaren,1,4.0,True,Monaco,2024,False
NOR,76.695,60.0,2.0,20.115,36.273,20.307,194.0,194.0,260.0,280.0,True,HARD,60.0,False,McLaren,1,4.0,True,Monaco,2024,False
NOR,77.614,61.0,2.0,20.212,36.655,20.747,197.0,191.0,268.0,281.0,False,HARD,61.0,False,McLaren,1,4.0,True,Monaco,2024,False
NOR,76.026,62.0,2.0,20.07,35.877,20.079,202.0,194.0,262.0,281.0,True,HARD,62.0,False,McLaren,1,4.0,True,Monaco,2024,False
NOR,76.876,63.0,2.0,19.861,36.42,20.595,200.0,191.0,267.0,282.0,False,HARD,63.0,False,McLaren,1,4.0,True,Monaco,2024,False
NOR,75.742,64.0,2.0,19.893,35.837,20.012,201.0,195.0,260.0,281.0,True,HARD,64.0,False,McLaren,1,4.0,True,Monaco,2024,False
NOR,77.143,65.0,2.0,20.02,36.521,20.602,193.0,192.0,269.0,283.0,False,HARD,65.0,False,McLaren,1,4.0,True,Monaco,2024,False
NOR,76.214,66.0,2.0,19.996,36.01,20.208,205.0,193.0,261.0,281.0,False,HARD,66.0,False,McLaren,1,4.0,True,Monaco,2024,False
NOR,76.115,67.0,2.0,19.815,35.946,20.354,201.0,194.0,269.0,282.0,False,HARD,67.0,False,McLaren,1,4.0,True,Monaco,2024,False
NOR,76.172,68.0,2.0,19.939,35.981,20.252,205.0,189.0,261.0,282.0,False,HARD,68.0,False,McLaren,1,4.0,True,Monaco,2024,False
NOR,76.314,69.0,2.0,19.811,36.121,20.382,201.0,193.0,262.0,283.0,False,HARD,69.0,False,McLaren,1,4.0,True,Monaco,2024,False
NOR,77.213,70.0,2.0,20.769,36.312,20.132,190.0,195.0,262.0,281.0,False,HARD,70.0,False,McLaren,1,4.0,True,Monaco,2024,False
NOR,76.609,71.0,2.0,19.882,36.249,20.478,202.0,191.0,270.0,283.0,False,HARD,71.0,False,McLaren,1,4.0,True,Monaco,2024,False
NOR,76.801,72.0,2.0,20.136,36.204,20.461,202.0,194.0,269.0,283.0,False,HARD,72.0,False,McLaren,1,4.0,True,Monaco,2024,False
NOR,76.285,73.0,2.0,19.895,35.987,20.403,203.0,193.0,270.0,283.0,False,HARD,73.0,False,McLaren,1,4.0,True,Monaco,2024,False
NOR,76.429,74.0,2.0,19.859,36.285,20.285,205.0,192.0,264.0,284.0,False,HARD,74.0,False,McLaren,1,4.0,True,Monaco,2024,False
NOR,76.517,75.0,2.0,19.886,36.194,20.437,204.0,192.0,269.0,285.0,False,HARD,75.0,False,McLaren,1,4.0,True,Monaco,2024,False
NOR,76.671,76.0,2.0,19.986,36.421,20.264,204.0,196.0,263.0,284.0,False,HARD,76.0,False,McLaren,1,4.0,True,Monaco,2024,False
NOR,76.512,77.0,2.0,19.842,36.153,20.517,204.0,192.0,270.0,285.0,False,HARD,77.0,False,McLaren,1,4.0,True,Monaco,2024,False
NOR,77.296,78.0,2.0,20.08,36.74,20.476,201.0,190.0,264.0,285.0,False,HARD,78.0,False,McLaren,1,4.0,True,Monaco,2024,False
RUS,85.319,3.0,2.0,24.518,38.667,22.134,168.0,178.0,258.0,281.0,True,MEDIUM,2.0,True,Mercedes,1,5.0,True,Monaco,2024,True
RUS,82.868,4.0,2.0,21.853,38.884,22.131,177.0,166.0,268.0,277.0,True,MEDIUM,3.0,True,Mercedes,1,5.0,True,Monaco,2024,True
RUS,83.045,5.0,2.0,22.046,38.571,22.428,179.0,170.0,257.0,264.0,False,MEDIUM,4.0,True,Mercedes,1,5.0,True,Monaco,2024,True
RUS,83.012,6.0,2.0,21.79,39.146,22.076,178.0,164.0,255.0,254.0,False,MEDIUM,5.0,True,Mercedes,1,5.0,True,Monaco,2024,True
RUS,81.415,7.0,2.0,21.818,38.119,21.478,187.0,173.0,256.0,255.0,True,MEDIUM,6.0,True,Mercedes,1,5.0,True,Monaco,2024,False
RUS,81.612,8.0,2.0,21.689,38.104,21.819,188.0,167.0,255.0,253.0,False,MEDIUM,7.0,True,Mercedes,1,5.0,True,Monaco,2024,False
RUS,81.433,9.0,2.0,21.68,38.177,21.576,189.0,170.0,256.0,261.0,False,MEDIUM,8.0,True,Mercedes,1,5.0,True,Monaco,2024,False
RUS,81.531,10.0,2.0,21.973,37.733,21.825,184.0,172.0,257.0,262.0,False,MEDIUM,9.0,True,Mercedes,1,5.0,True,Monaco,2024,False
RUS,81.452,11.0,2.0,21.765,38.04,21.647,182.0,170.0,256.0,257.0,False,MEDIUM,10.0,True,Mercedes,1,5.0,True,Monaco,2024,False
RUS,80.316,12.0,2.0,21.458,37.547,21.311,190.0,177.0,257.0,259.0,True,MEDIUM,11.0,True,Mercedes,1,5.0,True,Monaco,2024,False
RUS,80.525,13.0,2.0,21.414,37.77,21.341,195.0,174.0,257.0,259.0,False,MEDIUM,12.0,True,Mercedes,1,5.0,True,Monaco,2024,False
RUS,80.272,14.0,2.0,21.224,37.519,21.529,193.0,172.0,257.0,266.0,True,MEDIUM,13.0,True,Mercedes,1,5.0,True,Monaco,2024,False
RUS,80.202,15.0,2.0,21.203,37.551,21.448,196.0,176.0,256.0,266.0,True,MEDIUM,14.0,True,Mercedes,1,5.0,True,Monaco,2024,False
RUS,79.913,16.0,2.0,21.301,37.484,21.128,193.0,175.0,257.0,265.0,True,MEDIUM,15.0,True,Mercedes,1,5.0,True,Monaco,2024,False
RUS,80.15,17.0,2.0,21.408,37.437,21.305,195.0,177.0,256.0,266.0,False,MEDIUM,16.0,True,Mercedes,1,5.0,True,Monaco,2024,False
RUS,79.438,18.0,2.0,21.248,36.992,21.198,196.0,178.0,257.0,268.0,True,MEDIUM,17.0,True,Mercedes,1,5.0,True,Monaco,2024,False
RUS,80.157,19.0,2.0,21.402,37.398,21.357,195.0,177.0,257.0,260.0,False,MEDIUM,18.0,True,Mercedes,1,5.0,True,Monaco,2024,False
RUS,80.053,20.0,2.0,21.161,37.471,21.421,195.0,177.0,257.0,267.0,False,MEDIUM,19.0,True,Mercedes,1,5.0,True,Monaco,2024,False
RUS,79.788,21.0,2.0,21.174,37.427,21.187,196.0,177.0,257.0,263.0,False,MEDIUM,20.0,True,Mercedes,1,5.0,True,Monaco,2024,False
RUS,79.691,22.0,2.0,21.336,37.159,21.196,197.0,176.0,257.0,268.0,False,MEDIUM,21.0,True,Mercedes,1,5.0,True,Monaco,2024,False
RUS,79.397,23.0,2.0,21.109,37.08,21.208,196.0,176.0,257.0,270.0,True,MEDIUM,22.0,True,Mercedes,1,5.0,True,Monaco,2024,False
RUS,79.484,24.0,2.0,21.193,37.075,21.216,199.0,176.0,257.0,267.0,False,MEDIUM,23.0,True,Mercedes,1,5.0,True,Monaco,2024,False
RUS,78.651,25.0,2.0,20.91,36.745,20.996,198.0,183.0,257.0,268.0,True,MEDIUM,24.0,True,Mercedes,1,5.0,True,Monaco,2024,False
RUS,79.006,26.0,2.0,21.449,36.653,20.904,193.0,180.0,257.0,270.0,False,MEDIUM,25.0,True,Mercedes,1,5.0,True,Monaco,2024,False
RUS,78.927,27.0,2.0,21.081,36.831,21.015,197.0,183.0,257.0,261.0,False,MEDIUM,26.0,True,Mercedes,1,5.0,True,Monaco,2024,False
RUS,78.679,28.0,2.0,21.106,36.676,20.897,197.0,180.0,257.0,261.0,False,MEDIUM,27.0,True,Mercedes,1,5.0,True,Monaco,2024,False
RUS,78.624,29.0,2.0,21.067,36.636,20.921,196.0,184.0,258.0,273.0,True,MEDIUM,28.0,True,Mercedes,1,5.0,True,Monaco,2024,False
RUS,78.811,30.0,2.0,21.195,36.618,20.998,197.0,182.0,257.0,268.0,False,MEDIUM,29.0,True,Mercedes,1,5.0,True,Monaco,2024,False
RUS,79.101,31.0,2.0,21.076,36.695,21.33,198.0,183.0,257.0,271.0,False,MEDIUM,30.0,True,Mercedes,1,5.0,True,Monaco,2024,False
RUS,79.122,32.0,2.0,20.993,37.092,21.037,199.0,181.0,258.0,268.0,False,MEDIUM,31.0,True,Mercedes,1,5.0,True,Monaco,2024,False
RUS,78.91,33.0,2.0,20.991,36.737,21.182,197.0,178.0,258.0,271.0,False,MEDIUM,32.0,True,Mercedes,1,5.0,True,Monaco,2024,False
RUS,79.379,34.0,2.0,21.252,36.937,21.19,197.0,184.0,257.0,269.0,False,MEDIUM,33.0,True,Mercedes,1,5.0,True,Monaco,2024,False
RUS,80.448,35.0,2.0,21.603,37.625,21.22,190.0,172.0,258.0,271.0,False,MEDIUM,34.0,True,Mercedes,1,5.0,True,Monaco,2024,False
RUS,79.728,36.0,2.0,21.254,37.243,21.231,199.0,176.0,258.0,269.0,False,MEDIUM,35.0,True,Mercedes,1,5.0,True,Monaco,2024,False
RUS,78.757,37.0,2.0,21.135,36.783,20.839,198.0,190.0,259.0,270.0,False,MEDIUM,36.0,True,Mercedes,1,5.0,True,Monaco,2024,False
RUS,78.446,38.0,2.0,21.051,36.54,20.855,196.0,183.0,258.0,272.0,True,MEDIUM,37.0,True,Mercedes,1,5.0,True,Monaco,2024,False
RUS,78.45,39.0,2.0,21.063,36.681,20.706,197.0,184.0,259.0,274.0,False,MEDIUM,38.0,True,Mercedes,1,5.0,True,Monaco,2024,False
RUS,78.139,40.0,2.0,21.011,36.308,20.82,199.0,186.0,258.0,275.0,True,MEDIUM,39.0,True,Mercedes,1,5.0,True,Monaco,2024,False
RUS,78.308,41.0,2.0,20.912,36.558,20.838,202.0,188.0,258.0,272.0,False,MEDIUM,40.0,True,Mercedes,1,5.0,True,Monaco,2024,False
RUS,78.204,42.0,2.0,20.877,36.481,20.846,201.0,186.0,258.0,273.0,False,MEDIUM,41.0,True,Mercedes,1,5.0,True,Monaco,2024,False
RUS,78.684,43.0,2.0,20.878,36.662,21.144,199.0,180.0,259.0,280.0,False,MEDIUM,42.0,True,Mercedes,1,5.0,True,Monaco,2024,False
RUS,78.177,44.0,2.0,20.798,36.462,20.917,200.0,181.0,259.0,276.0,False,MEDIUM,43.0,True,Mercedes,1,5.0,True,Monaco,2024,False
RUS,78.449,45.0,2.0,20.914,36.74,20.795,195.0,185.0,260.0,276.0,False,MEDIUM,44.0,True,Mercedes,1,5.0,True,Monaco,2024,False
RUS,78.387,46.0,2.0,20.904,36.537,20.946,197.0,183.0,260.0,275.0,False,MEDIUM,45.0,True,Mercedes,1,5.0,True,Monaco,2024,False
RUS,78.314,47.0,2.0,20.768,36.519,21.027,196.0,183.0,261.0,281.0,False,MEDIUM,46.0,True,Mercedes,1,5.0,True,Monaco,2024,False
RUS,78.702,48.0,2.0,20.917,36.851,20.934,196.0,186.0,262.0,277.0,False,MEDIUM,47.0,True,Mercedes,1,5.0,True,Monaco,2024,False
RUS,78.985,49.0,2.0,20.975,36.845,21.165,191.0,185.0,261.0,280.0,False,MEDIUM,48.0,True,Mercedes,1,5.0,True,Monaco,2024,False
RUS,78.447,50.0,2.0,21.009,36.565,20.873,194.0,183.0,260.0,280.0,False,MEDIUM,49.0,True,Mercedes,1,5.0,True,Monaco,2024,False
RUS,78.049,51.0,2.0,20.754,36.461,20.834,196.0,188.0,261.0,274.0,True,MEDIUM,50.0,True,Mercedes,1,5.0,True,Monaco,2024,False
RUS,78.201,54.0,2.0,20.753,36.599,20.849,197.0,183.0,260.0,273.0,False,MEDIUM,53.0,True,Mercedes,1,5.0,True,Monaco,2024,False
RUS,77.305,55.0,2.0,20.747,36.05,20.508,202.0,190.0,259.0,275.0,True,MEDIUM,54.0,True,Mercedes,1,5.0,True,Monaco,2024,False
RUS,77.071,56.0,2.0,20.49,36.009,20.572,207.0,193.0,260.0,276.0,True,MEDIUM,55.0,True,Mercedes,1,5.0,True,Monaco,2024,False
RUS,76.91,57.0,2.0,20.542,35.88,20.488,203.0,191.0,261.0,278.0,True,MEDIUM,56.0,True,Mercedes,1,5.0,True,Monaco,2024,False
RUS,77.142,58.0,2.0,20.435,36.079,20.628,206.0,191.0,259.0,278.0,False,MEDIUM,57.0,True,Mercedes,1,5.0,True,Monaco,2024,False
RUS,76.842,59.0,2.0,20.416,35.875,20.551,204.0,193.0,261.0,281.0,True,MEDIUM,58.0,True,Mercedes,1,5.0,True,Monaco,2024,False
RUS,76.604,60.0,2.0,20.034,36.124,20.446,204.0,191.0,260.0,282.0,True,MEDIUM,59.0,True,Mercedes,1,5.0,True,Monaco,2024,False
RUS,76.697,61.0,2.0,20.384,35.786,20.527,204.0,193.0,262.0,280.0,False,MEDIUM,60.0,True,Mercedes,1,5.0,True,Monaco,2024,False
RUS,76.787,62.0,2.0,20.251,36.072,20.464,201.0,189.0,262.0,281.0,False,MEDIUM,61.0,True,Mercedes,1,5.0,True,Monaco,2024,False
RUS,76.581,63.0,2.0,20.073,35.838,20.67,202.0,195.0,263.0,281.0,True,MEDIUM,62.0,True,Mercedes,1,5.0,True,Monaco,2024,False
RUS,76.133,64.0,2.0,20.219,35.53,20.384,206.0,194.0,259.0,279.0,True,MEDIUM,63.0,True,Mercedes,1,5.0,True,Monaco,2024,False
RUS,75.651,65.0,2.0,19.764,35.606,20.281,200.0,191.0,262.0,279.0,True,MEDIUM,64.0,True,Mercedes,1,5.0,True,Monaco,2024,False
RUS,75.848,66.0,2.0,19.709,35.781,20.358,205.0,194.0,260.0,279.0,False,MEDIUM,65.0,True,Mercedes,1,5.0,True,Monaco,2024,False
RUS,76.157,67.0,2.0,20.043,35.724,20.39,204.0,192.0,260.0,279.0,False,MEDIUM,66.0,True,Mercedes,1,5.0,True,Monaco,2024,False
RUS,75.931,68.0,2.0,19.945,35.671,20.315,205.0,192.0,261.0,280.0,False,MEDIUM,67.0,True,Mercedes,1,5.0,True,Monaco,2024,False
RUS,75.869,69.0,2.0,19.91,35.697,20.262,204.0,193.0,260.0,279.0,False,MEDIUM,68.0,True,Mercedes,1,5.0,True,Monaco,2024,False
RUS,75.251,70.0,2.0,19.673,35.416,20.162,209.0,196.0,261.0,281.0,True,MEDIUM,69.0,True,Mercedes,1,5.0,True,Monaco,2024,False
RUS,75.827,71.0,2.0,19.69,35.736,20.401,206.0,193.0,262.0,282.0,False,MEDIUM,70.0,True,Mercedes,1,5.0,True,Monaco,2024,False
RUS,75.839,72.0,2.0,19.735,35.841,20.263,207.0,195.0,260.0,282.0,False,MEDIUM,71.0,True,Mercedes,1,5.0,True,Monaco,2024,False
RUS,75.228,73.0,2.0,19.584,35.408,20.236,210.0,197.0,262.0,281.0,True,MEDIUM,72.0,True,Mercedes,1,5.0,True,Monaco,2024,False
RUS,75.376,74.0,2.0,19.7,35.512,20.164,206.0,195.0,262.0,282.0,False,MEDIUM,73.0,True,Mercedes,1,5.0,True,Monaco,2024,False
RUS,75.525,75.0,2.0,19.694,35.518,20.313,208.0,195.0,262.0,282.0,False,MEDIUM,74.0,True,Mercedes,1,5.0,True,Monaco,2024,False
RUS,75.753,76.0,2.0,19.783,35.639,20.331,207.0,192.0,262.0,283.0,False,MEDIUM,75.0,True,Mercedes,1,5.0,True,Monaco,2024,False
RUS,75.532,77.0,2.0,19.62,35.607,20.305,209.0,194.0,264.0,283.0,False,MEDIUM,76.0,True,Mercedes,1,5.0,True,Monaco,2024,False
RUS,76.303,78.0,2.0,19.846,35.851,20.606,200.0,193.0,263.0,285.0,False,MEDIUM,77.0,True,Mercedes,1,5.0,True,Monaco,2024,False
VER,85.744,3.0,2.0,24.715,38.86,22.169,169.0,179.0,256.0,266.0,True,MEDIUM,2.0,True,Red Bull Racing,1,6.0,True,Monaco,2024,True
VER,83.275,4.0,2.0,21.947,38.888,22.44,166.0,173.0,256.0,262.0,True,MEDIUM,3.0,True,Red Bull Racing,1,6.0,True,Monaco,2024,True
VER,83.4,5.0,2.0,22.318,38.953,22.129,160.0,172.0,256.0,259.0,False,MEDIUM,4.0,True,Red Bull Racing,1,6.0,True,Monaco,2024,True
VER,83.787,6.0,2.0,21.761,39.71,22.316,166.0,172.0,254.0,258.0,False,MEDIUM,5.0,True,Red Bull Racing,1,6.0,True,Monaco,2024,True
VER,81.283,7.0,2.0,21.383,38.2,21.7,168.0,172.0,256.0,263.0,True,MEDIUM,6.0,True,Red Bull Racing,1,6.0,True,Monaco,2024,False
VER,81.657,8.0,2.0,21.194,38.504,21.959,169.0,176.0,254.0,262.0,False,MEDIUM,7.0,True,Red Bull Racing,1,6.0,True,Monaco,2024,False
VER,81.74,9.0,2.0,21.492,38.489,21.759,173.0,177.0,254.0,263.0,False,MEDIUM,8.0,True,Red Bull Racing,1,6.0,True,Monaco,2024,False
VER,81.244,10.0,2.0,21.172,38.177,21.895,168.0,179.0,255.0,263.0,True,MEDIUM,9.0,True,Red Bull Racing,1,6.0,True,Monaco,2024,False
VER,81.492,11.0,2.0,21.223,38.28,21.989,175.0,174.0,254.0,259.0,False,MEDIUM,10.0,True,Red Bull Racing,1,6.0,True,Monaco,2024,False
VER,80.659,12.0,2.0,21.27,37.879,21.51,175.0,181.0,254.0,263.0,True,MEDIUM,11.0,True,Red Bull Racing,1,6.0,True,Monaco,2024,False
VER,79.904,13.0,2.0,20.858,37.533,21.513,176.0,175.0,256.0,261.0,True,MEDIUM,12.0,True,Red Bull Racing,1,6.0,True,Monaco,2024,False
VER,79.723,14.0,2.0,20.849,37.408,21.466,175.0,181.0,255.0,264.0,True,MEDIUM,13.0,True,Red Bull Racing,1,6.0,True,Monaco,2024,False
VER,80.37,15.0,2.0,20.949,37.792,21.629,172.0,182.0,255.0,263.0,False,MEDIUM,14.0,True,Red Bull Racing,1,6.0,True,Monaco,2024,False
VER,80.287,16.0,2.0,21.059,37.755,21.473,166.0,180.0,256.0,260.0,False,MEDIUM,15.0,True,Red Bull Racing,1,6.0,True,Monaco,2024,False
VER,79.898,17.0,2.0,20.952,37.61,21.336,172.0,182.0,255.0,261.0,False,MEDIUM,16.0,True,Red Bull Racing,1,6.0,True,Monaco,2024,False
VER,79.58,18.0,2.0,21.012,37.408,21.16,179.0,185.0,256.0,265.0,True,MEDIUM,17.0,True,Red Bull Racing,1,6.0,True,Monaco,2024,False
VER,80.171,19.0,2.0,21.034,37.869,21.268,172.0,184.0,256.0,264.0,False,MEDIUM,18.0,True,Red Bull Racing,1,6.0,True,Monaco,2024,False
VER,79.886,20.0,2.0,20.908,37.402,21.576,169.0,181.0,256.0,265.0,False,MEDIUM,19.0,True,Red Bull Racing,1,6.0,True,Monaco,2024,False
VER,80.255,21.0,2.0,21.039,37.731,21.485,172.0,180.0,256.0,263.0,False,MEDIUM,20.0,True,Red Bull Racing,1,6.0,True,Monaco,2024,False
VER,79.813,22.0,2.0,21.017,37.631,21.165,170.0,185.0,256.0,264.0,False,MEDIUM,21.0,True,Red Bull Racing,1,6.0,True,Monaco,2024,False
VER,78.979,23.0,2.0,20.825,36.884,21.27,186.0,184.0,256.0,264.0,True,MEDIUM,22.0,True,Red Bull Racing,1,6.0,True,Monaco,2024,False
VER,79.364,24.0,2.0,20.83,37.287,21.247,182.0,185.0,257.0,263.0,False,MEDIUM,23.0,True,Red Bull Racing,1,6.0,True,Monaco,2024,False
VER,79.38,25.0,2.0,20.827,37.328,21.225,177.0,184.0,255.0,263.0,False,MEDIUM,24.0,True,Red Bull Racing,1,6.0,True,Monaco,2024,False
VER,78.818,26.0,2.0,20.646,37.241,20.931,179.0,189.0,256.0,263.0,True,MEDIUM,25.0,True,Red Bull Racing,1,6.0,True,Monaco,2024,False
VER,78.797,27.0,2.0,20.592,37.213,20.992,184.0,186.0,256.0,263.0,True,MEDIUM,26.0,True,Red Bull Racing,1,6.0,True,Monaco,2024,False
VER,78.682,28.0,2.0,21.0,36.851,20.831,194.0,188.0,257.0,263.0,True,MEDIUM,27.0,True,Red Bull Racing,1,6.0,True,Monaco,2024,False
VER,78.795,29.0,2.0,20.96,36.819,21.016,189.0,188.0,256.0,263.0,False,MEDIUM,28.0,True,Red Bull Racing,1,6.0,True,Monaco,2024,False
VER,78.574,30.0,2.0,20.983,36.66,20.931,182.0,189.0,255.0,264.0,True,MEDIUM,29.0,True,Red Bull Racing,1,6.0,True,Monaco,2024,False
VER,78.564,31.0,2.0,20.941,36.674,20.949,194.0,189.0,257.0,264.0,True,MEDIUM,30.0,True,Red Bull Racing,1,6.0,True,Monaco,2024,False
VER,78.983,32.0,2.0,21.108,36.848,21.027,184.0,187.0,258.0,265.0,False,MEDIUM,31.0,True,Red Bull Racing,1,6.0,True,Monaco,2024,False
VER,79.005,33.0,2.0,21.185,36.81,21.01,176.0,188.0,256.0,264.0,False,MEDIUM,32.0,True,Red Bull Racing,1,6.0,True,Monaco,2024,False
VER,79.594,34.0,2.0,21.22,37.043,21.331,184.0,185.0,256.0,264.0,False,MEDIUM,33.0,True,Red Bull Racing,1,6.0,True,Monaco,2024,False
VER,80.207,35.0,2.0,21.369,37.357,21.481,173.0,184.0,257.0,266.0,False,MEDIUM,34.0,True,Red Bull Racing,1,6.0,True,Monaco,2024,False
VER,79.634,36.0,2.0,21.105,37.154,21.375,176.0,186.0,257.0,264.0,False,MEDIUM,35.0,True,Red Bull Racing,1,6.0,True,Monaco,2024,False
VER,79.429,37.0,2.0,21.231,36.992,21.206,187.0,189.0,257.0,263.0,False,MEDIUM,36.0,True,Red Bull Racing,1,6.0,True,Monaco,2024,False
VER,78.844,38.0,2.0,20.966,36.93,20.948,191.0,187.0,257.0,264.0,False,MEDIUM,37.0,True,Red Bull Racing,1,6.0,True,Monaco,2024,False
VER,78.326,39.0,2.0,20.844,36.647,20.835,192.0,187.0,258.0,264.0,True,MEDIUM,38.0,True,Red Bull Racing,1,6.0,True,Monaco,2024,False
VER,78.409,40.0,2.0,20.696,36.874,20.839,190.0,189.0,257.0,264.0,False,MEDIUM,39.0,True,Red Bull Racing,1,6.0,True,Monaco,2024,False
VER,78.083,41.0,2.0,20.776,36.567,20.74,187.0,191.0,258.0,264.0,True,MEDIUM,40.0,True,Red Bull Racing,1,6.0,True,Monaco,2024,False
VER,78.074,42.0,2.0,20.728,36.721,20.625,180.0,188.0,257.0,264.0,True,MEDIUM,41.0,True,Red Bull Racing,1,6.0,True,Monaco,2024,False
VER,78.358,43.0,2.0,20.913,36.517,20.928,187.0,189.0,258.0,266.0,False,MEDIUM,42.0,True,Red Bull Racing,1,6.0,True,Monaco,2024,False
VER,78.405,44.0,2.0,20.976,36.685,20.744,192.0,189.0,257.0,266.0,False,MEDIUM,43.0,True,Red Bull Racing,1,6.0,True,Monaco,2024,False
VER,78.313,45.0,2.0,20.742,36.682,20.889,179.0,187.0,258.0,267.0,False,MEDIUM,44.0,True,Red Bull Racing,1,6.0,True,Monaco,2024,False
VER,78.203,46.0,2.0,20.832,36.559,20.812,179.0,189.0,258.0,268.0,False,MEDIUM,45.0,True,Red Bull Racing,1,6.0,True,Monaco,2024,False
VER,78.537,47.0,2.0,20.799,36.688,21.05,192.0,189.0,258.0,268.0,False,MEDIUM,46.0,True,Red Bull Racing,1,6.0,True,Monaco,2024,False
VER,78.337,48.0,2.0,20.716,36.661,20.96,194.0,187.0,259.0,268.0,False,MEDIUM,47.0,True,Red Bull Racing,1,6.0,True,Monaco,2024,False
VER,78.477,49.0,2.0,20.77,36.778,20.929,184.0,189.0,267.0,268.0,False,MEDIUM,48.0,True,Red Bull Racing,1,6.0,True,Monaco,2024,False
VER,78.88,50.0,2.0,21.141,36.859,20.88,185.0,193.0,259.0,267.0,False,MEDIUM,49.0,True,Red Bull Racing,1,6.0,True,Monaco,2024,False
VER,78.142,51.0,2.0,20.787,36.565,20.79,191.0,188.0,260.0,266.0,False,MEDIUM,50.0,True,Red Bull Racing,1,6.0,True,Monaco,2024,False
VER,78.724,53.0,3.0,22.321,36.244,20.159,201.0,194.0,260.0,266.0,False,HARD,2.0,False,Red Bull Racing,1,6.0,False,Monaco,2024,True
VER,75.815,54.0,3.0,19.57,36.049,20.196,197.0,192.0,259.0,271.0,True,HARD,3.0,False,Red Bull Racing,1,6.0,True,Monaco,2024,False
VER,75.398,55.0,3.0,19.799,35.59,20.009,203.0,197.0,259.0,265.0,True,HARD,4.0,False,Red Bull Racing,1,6.0,True,Monaco,2024,False
VER,75.466,56.0,3.0,19.655,35.529,20.282,205.0,195.0,259.0,267.0,False,HARD,5.0,False,Red Bull Racing,1,6.0,True,Monaco,2024,False
VER,76.181,57.0,3.0,20.012,36.173,19.996,198.0,198.0,259.0,266.0,False,HARD,6.0,False,Red Bull Racing,1,6.0,True,Monaco,2024,False
VER,74.569,58.0,3.0,19.343,35.377,19.849,208.0,198.0,259.0,265.0,True,HARD,7.0,False,Red Bull Racing,1,6.0,True,Monaco,2024,False
VER,74.748,59.0,3.0,19.543,35.369,19.836,208.0,196.0,259.0,266.0,False,HARD,8.0,False,Red Bull Racing,1,6.0,True,Monaco,2024,False
VER,75.238,60.0,3.0,19.399,35.421,20.418,208.0,199.0,266.0,268.0,False,HARD,9.0,False,Red Bull Racing,1,6.0,True,Monaco,2024,False
VER,75.121,61.0,3.0,19.45,35.599,20.072,206.0,198.0,267.0,269.0,False,HARD,10.0,False,Red Bull Racing,1,6.0,True,Monaco,2024,False
VER,76.561,62.0,3.0,20.077,36.108,20.376,197.0,193.0,270.0,283.0,False,HARD,11.0,False,Red Bull Racing,1,6.0,True,Monaco,2024,False
VER,76.547,63.0,3.0,20.125,35.973,20.449,205.0,195.0,269.0,284.0,False,HARD,12.0,False,Red Bull Racing,1,6.0,True,Monaco,2024,False
VER,76.619,64.0,3.0,20.262,36.106,20.251,200.0,193.0,265.0,281.0,False,HARD,13.0,False,Red Bull Racing,1,6.0,True,Monaco,2024,False
VER,75.468,65.0,3.0,19.616,35.717,20.135,204.0,197.0,267.0,282.0,False,HARD,14.0,False,Red Bull Racing,1,6.0,True,Monaco,2024,False
VER,76.121,66.0,3.0,19.696,35.898,20.527,202.0,191.0,266.0,281.0,False,HARD,15.0,False,Red Bull Racing,1,6.0,True,Monaco,2024,False
VER,76.276,67.0,3.0,19.919,35.947,20.41,194.0,194.0,259.0,281.0,False,HARD,16.0,False,Red Bull Racing,1,6.0,True,Monaco,2024,False
VER,75.954,68.0,3.0,19.716,35.912,20.326,194.0,194.0,260.0,281.0,False,HARD,17.0,False,Red Bull Racing,1,6.0,True,Monaco,2024,False
VER,75.463,69.0,3.0,19.676,35.698,20.089,195.0,198.0,268.0,282.0,False,HARD,18.0,False,Red Bull Racing,1,6.0,True,Monaco,2024,False
VER,75.449,70.0,3.0,19.665,35.669,20.115,202.0,198.0,269.0,283.0,False,HARD,19.0,False,Red Bull Racing,1,6.0,True,Monaco,2024,False
VER,75.659,71.0,3.0,19.597,35.787,20.275,204.0,194.0,268.0,284.0,False,HARD,20.0,False,Red Bull Racing,1,6.0,True,Monaco,2024,False
VER,75.733,72.0,3.0,19.687,35.888,20.158,205.0,193.0,268.0,284.0,False,HARD,21.0,False,Red Bull Racing,1,6.0,True,Monaco,2024,False
VER,75.436,73.0,3.0,19.704,35.7,20.032,208.0,193.0,269.0,283.0,False,HARD,22.0,False,Red Bull Racing,1,6.0,True,Monaco,2024,False
VER,75.38,74.0,3.0,19.602,35.636,20.142,205.0,197.0,269.0,283.0,False,HARD,23.0,False,Red Bull Racing,1,6.0,True,Monaco,2024,False
VER,75.396,75.0,3.0,19.556,35.638,20.202,207.0,196.0,270.0,284.0,False,HARD,24.0,False,Red Bull Racing,1,6.0,True,Monaco,2024,False
VER,75.641,76.0,3.0,19.673,35.759,20.209,202.0,195.0,270.0,285.0,False,HARD,25.0,False,Red Bull Racing,1,6.0,True,Monaco,2024,False
VER,75.543,77.0,3.0,19.644,35.818,20.081,208.0,195.0,270.0,286.0,False,HARD,26.0,False,Red Bull Racing,1,6.0,True,Monaco,2024,False
VER,76.248,78.0,3.0,19.697,36.263,20.288,207.0,194.0,267.0,286.0,False,HARD,27.0,False,Red Bull Racing,1,6.0,True,Monaco,2024,False
HAM,87.058,3.0,2.0,24.951,39.492,22.615,160.0,174.0,254.0,271.0,True,MEDIUM,2.0,True,Mercedes,1,7.0,True,Monaco,2024,True
HAM,83.376,4.0,2.0,21.827,38.943,22.606,172.0,178.0,256.0,269.0,True,MEDIUM,3.0,True,Mercedes,1,7.0,True,Monaco,2024,False
HAM,83.64,5.0,2.0,22.289,38.824,22.527,173.0,176.0,254.0,269.0,False,MEDIUM,4.0,True,Mercedes,1,7.0,True,Monaco,2024,False
HAM,83.369,6.0,2.0,21.938,38.711,22.72,189.0,171.0,255.0,276.0,True,MEDIUM,5.0,True,Mercedes,1,7.0,True,Monaco,2024,False
HAM,81.463,7.0,2.0,21.905,37.709,21.849,185.0,184.0,256.0,277.0,True,MEDIUM,6.0,True,Mercedes,1,7.0,True,Monaco,2024,False
HAM,81.612,8.0,2.0,21.571,38.073,21.968,189.0,180.0,255.0,272.0,False,MEDIUM,7.0,True,Mercedes,1,7.0,True,Monaco,2024,False
HAM,81.851,9.0,2.0,21.875,37.949,22.027,182.0,176.0,256.0,276.0,False,MEDIUM,8.0,True,Mercedes,1,7.0,True,Monaco,2024,False
HAM,81.437,10.0,2.0,21.623,37.776,22.038,189.0,178.0,258.0,272.0,True,MEDIUM,9.0,True,Mercedes,1,7.0,True,Monaco,2024,False
HAM,81.325,11.0,2.0,21.667,37.807,21.851,185.0,178.0,257.0,272.0,True,MEDIUM,10.0,True,Mercedes,1,7.0,True,Monaco,2024,False
HAM,81.164,12.0,2.0,21.592,37.746,21.826,184.0,182.0,258.0,273.0,True,MEDIUM,11.0,True,Mercedes,1,7.0,True,Monaco,2024,False
HAM,80.171,13.0,2.0,21.429,37.188,21.554,190.0,185.0,257.0,271.0,True,MEDIUM,12.0,True,Mercedes,1,7.0,True,Monaco,2024,False
HAM,80.126,14.0,2.0,21.116,37.471,21.539,184.0,181.0,258.0,273.0,True,MEDIUM,13.0,True,Mercedes,1,7.0,True,Monaco,2024,False
HAM,79.971,15.0,2.0,21.169,37.268,21.534,189.0,185.0,258.0,272.0,True,MEDIUM,14.0,True,Mercedes,1,7.0,True,Monaco,2024,False
HAM,80.384,16.0,2.0,21.278,37.545,21.561,185.0,183.0,258.0,276.0,False,MEDIUM,15.0,True,Mercedes,1,7.0,True,Monaco,2024,False
HAM,79.738,17.0,2.0,20.869,37.534,21.335,188.0,185.0,258.0,271.0,True,MEDIUM,16.0,True,Mercedes,1,7.0,True,Monaco,2024,False
HAM,80.037,18.0,2.0,21.24,37.431,21.366,190.0,186.0,258.0,272.0,False,MEDIUM,17.0,True,Mercedes,1,7.0,True,Monaco,2024,False
HAM,79.874,19.0,2.0,21.105,37.383,21.386,190.0,176.0,258.0,274.0,False,MEDIUM,18.0,True,Mercedes,1,7.0,True,Monaco,2024,False
HAM,80.504,20.0,2.0,21.334,37.659,21.511,180.0,180.0,258.0,273.0,False,MEDIUM,19.0,True,Mercedes,1,7.0,True,Monaco,2024,False
HAM,79.76,21.0,2.0,21.219,37.123,21.418,193.0,183.0,259.0,272.0,False,MEDIUM,20.0,True,Mercedes,1,7.0,True,Monaco,2024,False
HAM,80.59,22.0,2.0,21.728,37.543,21.319,186.0,186.0,258.0,269.0,False,MEDIUM,21.0,True,Mercedes,1,7.0,True,Monaco,2024,False
HAM,79.089,23.0,2.0,21.281,36.887,20.921,194.0,187.0,259.0,269.0,True,MEDIUM,22.0,True,Mercedes,1,7.0,True,Monaco,2024,False
HAM,78.785,24.0,2.0,20.85,36.635,21.3,196.0,187.0,259.0,272.0,True,MEDIUM,23.0,True,Mercedes,1,7.0,True,Monaco,2024,False
HAM,79.342,25.0,2.0,21.045,36.894,21.403,188.0,181.0,258.0,273.0,False,MEDIUM,24.0,True,Mercedes,1,7.0,True,Monaco,2024,False
HAM,79.862,26.0,2.0,21.531,37.064,21.267,193.0,185.0,258.0,275.0,False,MEDIUM,25.0,True,Mercedes,1,7.0,True,Monaco,2024,False
HAM,78.549,27.0,2.0,20.906,36.554,21.089,197.0,186.0,258.0,273.0,True,MEDIUM,26.0,True,Mercedes,1,7.0,True,Monaco,2024,False
HAM,78.587,28.0,2.0,21.112,36.631,20.844,192.0,188.0,259.0,275.0,False,MEDIUM,27.0,True,Mercedes,1,7.0,True,Monaco,2024,False
HAM,78.94,29.0,2.0,21.157,36.794,20.989,193.0,189.0,259.0,276.0,False,MEDIUM,28.0,True,Mercedes,1,7.0,True,Monaco,2024,False
HAM,78.371,30.0,2.0,20.782,36.586,21.003,192.0,189.0,258.0,276.0,True,MEDIUM,29.0,True,Mercedes,1,7.0,True,Monaco,2024,False
HAM,78.471,31.0,2.0,21.051,36.534,20.886,196.0,191.0,258.0,276.0,False,MEDIUM,30.0,True,Mercedes,1,7.0,True,Monaco,2024,False
HAM,78.618,32.0,2.0,20.974,36.599,21.045,194.0,183.0,259.0,275.0,False,MEDIUM,31.0,True,Mercedes,1,7.0,True,Monaco,2024,False
HAM,78.746,33.0,2.0,20.94,36.588,21.218,190.0,186.0,259.0,274.0,False,MEDIUM,32.0,True,Mercedes,1,7.0,True,Monaco,2024,False
HAM,78.86,34.0,2.0,21.143,36.668,21.049,192.0,191.0,259.0,274.0,False,MEDIUM,33.0,True,Mercedes,1,7.0,True,Monaco,2024,False
HAM,79.518,35.0,2.0,21.181,36.979,21.358,183.0,184.0,260.0,275.0,False,MEDIUM,34.0,True,Mercedes,1,7.0,True,Monaco,2024,False
HAM,80.648,36.0,2.0,21.922,37.249,21.477,189.0,181.0,259.0,275.0,False,MEDIUM,35.0,True,Mercedes,1,7.0,True,Monaco,2024,False
HAM,78.605,37.0,2.0,21.01,36.681,20.914,188.0,189.0,261.0,277.0,False,MEDIUM,36.0,True,Mercedes,1,7.0,True,Monaco,2024,False
HAM,80.514,38.0,2.0,21.508,37.283,21.723,184.0,183.0,259.0,272.0,False,MEDIUM,37.0,True,Mercedes,1,7.0,True,Monaco,2024,False
HAM,78.943,39.0,2.0,20.953,36.947,21.043,191.0,188.0,260.0,275.0,False,MEDIUM,38.0,True,Mercedes,1,7.0,True,Monaco,2024,False
HAM,78.673,40.0,2.0,20.94,36.732,21.001,196.0,187.0,259.0,275.0,False,MEDIUM,39.0,True,Mercedes,1,7.0,True,Monaco,2024,False
HAM,78.946,41.0,2.0,21.003,36.721,21.222,193.0,186.0,259.0,275.0,False,MEDIUM,40.0,True,Mercedes,1,7.0,True,Monaco,2024,False
HAM,77.542,42.0,2.0,20.703,36.11,20.729,201.0,193.0,259.0,276.0,True,MEDIUM,41.0,True,Mercedes,1,7.0,True,Monaco,2024,False
HAM,77.867,43.0,2.0,20.754,36.418,20.695,198.0,193.0,260.0,276.0,False,MEDIUM,42.0,True,Mercedes,1,7.0,True,Monaco,2024,False
HAM,78.225,44.0,2.0,20.803,36.511,20.911,198.0,192.0,259.0,275.0,False,MEDIUM,43.0,True,Mercedes,1,7.0,True,Monaco,2024,False
HAM,78.156,45.0,2.0,20.583,36.597,20.976,196.0,186.0,260.0,275.0,False,MEDIUM,44.0,True,Mercedes,1,7.0,True,Monaco,2024,False
HAM,78.104,46.0,2.0,20.745,36.466,20.893,197.0,192.0,260.0,277.0,False,MEDIUM,45.0,True,Mercedes,1,7.0,True,Monaco,2024,False
HAM,78.331,47.0,2.0,20.748,36.783,20.8,189.0,191.0,259.0,276.0,False,MEDIUM,46.0,True,Mercedes,1,7.0,True,Monaco,2024,False
HAM,77.831,48.0,2.0,20.802,36.424,20.605,196.0,190.0,262.0,280.0,False,MEDIUM,47.0,True,Mercedes,1,7.0,True,Monaco,2024,False
HAM,77.398,49.0,2.0,20.468,36.146,20.784,200.0,190.0,263.0,282.0,True,MEDIUM,48.0,True,Mercedes,1,7.0,True,Monaco,2024,False
HAM,78.461,50.0,2.0,20.737,36.831,20.893,186.0,191.0,261.0,280.0,False,MEDIUM,49.0,True,Mercedes,1,7.0,True,Monaco,2024,False
HAM,95.209,51.0,2.0,21.037,36.5,37.672,194.0,190.0,259.0,279.0,False,MEDIUM,50.0,True,Mercedes,1,7.0,False,Monaco,2024,True
HAM,76.458,53.0,3.0,20.151,35.889,20.418,197.0,192.0,262.0,283.0,True,HARD,3.0,False,Mercedes,1,7.0,True,Monaco,2024,False
HAM,76.388,54.0,3.0,20.026,35.636,20.726,204.0,190.0,262.0,285.0,True,HARD,4.0,False,Mercedes,1,7.0,True,Monaco,2024,False
HAM,76.492,55.0,3.0,20.727,35.648,20.117,195.0,195.0,261.0,281.0,False,HARD,5.0,False,Mercedes,1,7.0,True,Monaco,2024,False
HAM,74.423,56.0,3.0,19.485,35.057,19.881,209.0,195.0,260.0,281.0,True,HARD,6.0,False,Mercedes,1,7.0,True,Monaco,2024,False
HAM,77.857,57.0,3.0,20.896,36.389,20.572,187.0,188.0,262.0,280.0,False,HARD,7.0,False,Mercedes,1,7.0,True,Monaco,2024,True
HAM,76.855,58.0,3.0,20.302,36.102,20.451,198.0,188.0,261.0,282.0,False,HARD,8.0,False,Mercedes,1,7.0,True,Monaco,2024,False
HAM,74.204,59.0,3.0,19.662,34.842,19.7,213.0,199.0,261.0,280.0,True,HARD,9.0,False,Mercedes,1,7.0,True,Monaco,2024,False
HAM,75.848,60.0,3.0,20.036,35.591,20.221,203.0,194.0,263.0,280.0,False,HARD,10.0,False,Mercedes,1,7.0,True,Monaco,2024,False
HAM,75.274,61.0,3.0,19.975,35.321,19.978,206.0,197.0,263.0,282.0,False,HARD,11.0,False,Mercedes,1,7.0,True,Monaco,2024,False
HAM,75.414,62.0,3.0,19.845,35.58,19.989,198.0,196.0,261.0,280.0,False,HARD,12.0,False,Mercedes,1,7.0,True,Monaco,2024,False
HAM,74.165,63.0,3.0,19.548,34.854,19.763,210.0,199.0,261.0,282.0,True,HARD,13.0,False,Mercedes,1,7.0,True,Monaco,2024,False
HAM,76.164,64.0,3.0,20.07,35.964,20.13,198.0,193.0,262.0,284.0,False,HARD,14.0,False,Mercedes,1,7.0,True,Monaco,2024,False
HAM,75.19,65.0,3.0,19.749,35.463,19.978,204.0,193.0,263.0,282.0,False,HARD,15.0,False,Mercedes,1,7.0,True,Monaco,2024,False
HAM,75.342,66.0,3.0,19.79,35.241,20.311,206.0,195.0,263.0,281.0,False,HARD,16.0,False,Mercedes,1,7.0,True,Monaco,2024,False
HAM,76.117,67.0,3.0,20.133,35.744,20.24,196.0,193.0,262.0,283.0,False,HARD,17.0,False,Mercedes,1,7.0,True,Monaco,2024,False
HAM,75.836,68.0,3.0,19.97,35.592,20.274,202.0,194.0,263.0,283.0,False,HARD,18.0,False,Mercedes,1,7.0,True,Monaco,2024,False
HAM,75.648,69.0,3.0,19.914,35.491,20.243,201.0,195.0,262.0,282.0,False,HARD,19.0,False,Mercedes,1,7.0,True,Monaco,2024,False
HAM,75.638,70.0,3.0,19.925,35.469,20.244,204.0,188.0,263.0,283.0,False,HARD,20.0,False,Mercedes,1,7.0,True,Monaco,2024,False
HAM,75.643,71.0,3.0,19.857,35.584,20.202,201.0,191.0,263.0,284.0,False,HARD,21.0,False,Mercedes,1,7.0,True,Monaco,2024,False
HAM,75.468,72.0,3.0,19.801,35.562,20.105,206.0,194.0,262.0,284.0,False,HARD,22.0,False,Mercedes,1,7.0,True,Monaco,2024,False
HAM,75.134,73.0,3.0,19.609,35.432,20.093,210.0,197.0,265.0,284.0,False,HARD,23.0,False,Mercedes,1,7.0,True,Monaco,2024,False
HAM,75.324,74.0,3.0,19.761,35.473,20.09,205.0,195.0,265.0,285.0,False,HARD,24.0,False,Mercedes,1,7.0,True,Monaco,2024,False
HAM,75.324,75.0,3.0,19.645,35.508,20.171,207.0,194.0,265.0,285.0,False,HARD,25.0,False,Mercedes,1,7.0,True,Monaco,2024,False
HAM,75.245,76.0,3.0,19.676,35.493,20.076,207.0,196.0,273.0,286.0,False,HARD,26.0,False,Mercedes,1,7.0,True,Monaco,2024,False
HAM,75.697,77.0,3.0,19.854,35.59,20.253,207.0,189.0,274.0,288.0,False,HARD,27.0,False,Mercedes,1,7.0,True,Monaco,2024,False
HAM,76.355,78.0,3.0,19.818,35.947,20.59,204.0,189.0,234.0,289.0,False,HARD,28.0,False,Mercedes,1,7.0,True,Monaco,2024,False
TSU,87.563,3.0,2.0,25.178,39.894,22.491,158.0,169.0,253.0,271.0,True,HARD,3.0,False,RB,1,8.0,True,Monaco,2024,True
TSU,83.327,4.0,2.0,21.941,39.033,22.353,180.0,172.0,260.0,272.0,True,HARD,4.0,False,RB,1,8.0,True,Monaco,2024,False
TSU,83.493,5.0,2.0,22.196,38.966,22.331,180.0,180.0,260.0,276.0,False,HARD,5.0,False,RB,1,8.0,True,Monaco,2024,False
TSU,83.224,6.0,2.0,21.974,38.856,22.394,186.0,171.0,261.0,266.0,True,HARD,6.0,False,RB,1,8.0,True,Monaco,2024,False
TSU,81.826,7.0,2.0,22.013,38.129,21.684,187.0,181.0,260.0,274.0,True,HARD,7.0,False,RB,1,8.0,True,Monaco,2024,False
TSU,81.651,8.0,2.0,21.607,38.301,21.743,178.0,173.0,261.0,276.0,True,HARD,8.0,False,RB,1,8.0,True,Monaco,2024,False
TSU,81.896,9.0,2.0,21.733,38.258,21.905,180.0,175.0,260.0,274.0,False,HARD,9.0,False,RB,1,8.0,True,Monaco,2024,False
TSU,81.591,10.0,2.0,21.633,38.094,21.864,177.0,176.0,260.0,276.0,True,HARD,10.0,False,RB,1,8.0,True,Monaco,2024,False
TSU,81.289,11.0,2.0,21.487,38.23,21.572,180.0,175.0,255.0,275.0,True,HARD,11.0,False,RB,1,8.0,True,Monaco,2024,False
TSU,81.089,12.0,2.0,21.543,37.878,21.668,185.0,175.0,261.0,276.0,True,HARD,12.0,False,RB,1,8.0,True,Monaco,2024,False
TSU,80.682,13.0,2.0,21.367,37.807,21.508,184.0,176.0,254.0,275.0,True,HARD,13.0,False,RB,1,8.0,True,Monaco,2024,False
TSU,81.249,14.0,2.0,21.513,38.1,21.636,173.0,173.0,253.0,274.0,False,HARD,14.0,False,RB,1,8.0,True,Monaco,2024,False
TSU,80.099,15.0,2.0,20.937,37.501,21.661,184.0,176.0,253.0,275.0,True,HARD,15.0,False,RB,1,8.0,True,Monaco,2024,False
TSU,80.847,16.0,2.0,21.35,38.002,21.495,175.0,176.0,253.0,274.0,False,HARD,16.0,False,RB,1,8.0,True,Monaco,2024,False
TSU,80.335,17.0,2.0,21.282,37.659,21.394,181.0,173.0,252.0,274.0,False,HARD,17.0,False,RB,1,8.0,True,Monaco,2024,False
TSU,80.612,18.0,2.0,21.336,37.629,21.647,181.0,174.0,252.0,273.0,False,HARD,18.0,False,RB,1,8.0,True,Monaco,2024,False
TSU,80.77,19.0,2.0,21.296,37.813,21.661,177.0,173.0,251.0,273.0,False,HARD,19.0,False,RB,1,8.0,True,Monaco,2024,False
TSU,79.991,20.0,2.0,21.29,37.392,21.309,189.0,178.0,254.0,274.0,True,HARD,20.0,False,RB,1,8.0,True,Monaco,2024,False
TSU,80.557,21.0,2.0,21.256,37.782,21.519,185.0,175.0,252.0,273.0,False,HARD,21.0,False,RB,1,8.0,True,Monaco,2024,False
TSU,80.875,22.0,2.0,21.371,37.821,21.683,183.0,174.0,251.0,272.0,False,HARD,22.0,False,RB,1,8.0,True,Monaco,2024,False
TSU,80.45,23.0,2.0,21.248,37.823,21.379,188.0,174.0,252.0,272.0,False,HARD,23.0,False,RB,1,8.0,True,Monaco,2024,False
TSU,80.386,24.0,2.0,21.078,37.672,21.636,187.0,175.0,252.0,271.0,False,HARD,24.0,False,RB,1,8.0,True,Monaco,2024,False
TSU,80.329,25.0,2.0,21.288,37.466,21.575,184.0,172.0,251.0,273.0,False,HARD,25.0,False,RB,1,8.0,True,Monaco,2024,False
TSU,80.448,26.0,2.0,21.082,37.707,21.659,184.0,176.0,249.0,272.0,False,HARD,26.0,False,RB,1,8.0,True,Monaco,2024,False
TSU,80.286,27.0,2.0,21.129,37.549,21.608,181.0,172.0,250.0,270.0,False,HARD,27.0,False,RB,1,8.0,True,Monaco,2024,False
TSU,80.184,28.0,2.0,21.183,37.528,21.473,185.0,177.0,252.0,271.0,False,HARD,28.0,False,RB,1,8.0,True,Monaco,2024,False
TSU,79.837,29.0,2.0,21.149,37.32,21.368,180.0,175.0,253.0,274.0,True,HARD,29.0,False,RB,1,8.0,True,Monaco,2024,False
TSU,80.495,30.0,2.0,21.124,37.673,21.698,181.0,174.0,249.0,271.0,False,HARD,30.0,False,RB,1,8.0,True,Monaco,2024,False
TSU,80.19,31.0,2.0,21.26,37.446,21.484,182.0,180.0,251.0,272.0,False,HARD,31.0,False,RB,1,8.0,True,Monaco,2024,False
TSU,81.023,32.0,2.0,21.281,37.967,21.775,177.0,175.0,251.0,269.0,False,HARD,32.0,False,RB,1,8.0,True,Monaco,2024,False
TSU,80.749,33.0,2.0,21.333,37.827,21.589,178.0,179.0,251.0,270.0,False,HARD,33.0,False,RB,1,8.0,True,Monaco,2024,False
TSU,79.153,34.0,2.0,20.994,37.077,21.082,191.0,181.0,254.0,271.0,True,HARD,34.0,False,RB,1,8.0,True,Monaco,2024,False
TSU,78.973,35.0,2.0,20.721,37.12,21.132,192.0,177.0,254.0,272.0,True,HARD,35.0,False,RB,1,8.0,True,Monaco,2024,False
TSU,79.472,36.0,2.0,20.987,37.275,21.21,192.0,180.0,252.0,272.0,False,HARD,36.0,False,RB,1,8.0,True,Monaco,2024,False
TSU,80.071,37.0,2.0,20.937,37.456,21.678,186.0,178.0,251.0,271.0,False,HARD,37.0,False,RB,1,8.0,True,Monaco,2024,False
TSU,80.117,38.0,2.0,21.072,37.534,21.511,186.0,173.0,252.0,270.0,False,HARD,38.0,False,RB,1,8.0,True,Monaco,2024,False
TSU,79.855,39.0,2.0,20.936,37.401,21.518,186.0,175.0,251.0,271.0,False,HARD,39.0,False,RB,1,8.0,True,Monaco,2024,False
TSU,79.745,40.0,2.0,20.967,37.353,21.425,186.0,174.0,251.0,271.0,False,HARD,40.0,False,RB,1,8.0,True,Monaco,2024,False
TSU,80.772,41.0,2.0,20.821,38.018,21.933,183.0,172.0,249.0,264.0,False,HARD,41.0,False,RB,1,8.0,True,Monaco,2024,False
TSU,80.32,42.0,2.0,21.13,37.58,21.61,182.0,174.0,251.0,269.0,False,HARD,42.0,False,RB,1,8.0,True,Monaco,2024,False
TSU,80.135,43.0,2.0,21.002,37.553,21.58,183.0,175.0,251.0,270.0,False,HARD,43.0,False,RB,1,8.0,True,Monaco,2024,False
TSU,80.394,44.0,2.0,20.771,37.723,21.9,187.0,175.0,250.0,268.0,False,HARD,44.0,False,RB,1,8.0,True,Monaco,2024,False
TSU,80.144,45.0,2.0,20.924,37.506,21.714,187.0,174.0,250.0,269.0,False,HARD,45.0,False,RB,1,8.0,True,Monaco,2024,False
TSU,80.294,46.0,2.0,20.841,37.681,21.772,189.0,174.0,249.0,270.0,False,HARD,46.0,False,RB,1,8.0,True,Monaco,2024,False
TSU,80.426,47.0,2.0,20.968,37.592,21.866,186.0,174.0,249.0,270.0,False,HARD,47.0,False,RB,1,8.0,True,Monaco,2024,False
TSU,80.543,48.0,2.0,20.994,37.876,21.673,187.0,176.0,250.0,268.0,False,HARD,48.0,False,RB,1,8.0,True,Monaco,2024,False
TSU,80.109,49.0,2.0,20.826,37.5,21.783,186.0,175.0,251.0,269.0,False,HARD,49.0,False,RB,1,8.0,True,Monaco,2024,False
TSU,79.553,50.0,2.0,21.074,37.375,21.104,186.0,180.0,253.0,271.0,False,HARD,50.0,False,RB,1,8.0,True,Monaco,2024,False
TSU,78.64,51.0,2.0,20.706,36.933,21.001,187.0,186.0,251.0,272.0,True,HARD,51.0,False,RB,1,8.0,True,Monaco,2024,False
TSU,79.854,53.0,2.0,20.913,37.43,21.511,188.0,181.0,250.0,270.0,False,HARD,53.0,False,RB,1,8.0,True,Monaco,2024,False
TSU,85.77,54.0,2.0,21.185,41.211,23.374,185.0,161.0,202.0,269.0,False,HARD,54.0,False,RB,1,8.0,True,Monaco,2024,True
TSU,79.781,55.0,2.0,21.418,37.189,21.174,185.0,184.0,257.0,278.0,False,HARD,55.0,False,RB,1,8.0,True,Monaco,2024,False
TSU,78.502,56.0,2.0,20.645,36.898,20.959,192.0,189.0,256.0,276.0,True,HARD,56.0,False,RB,1,8.0,True,Monaco,2024,False
TSU,78.499,57.0,2.0,20.624,36.856,21.019,187.0,182.0,255.0,276.0,True,HARD,57.0,False,RB,1,8.0,True,Monaco,2024,False
TSU,78.737,58.0,2.0,20.615,36.951,21.171,193.0,178.0,256.0,276.0,False,HARD,58.0,False,RB,1,8.0,True,Monaco,2024,False
TSU,78.035,59.0,2.0,20.382,36.572,21.081,191.0,181.0,255.0,276.0,True,HARD,59.0,False,RB,1,8.0,True,Monaco,2024,False
TSU,79.659,60.0,2.0,21.295,37.031,21.333,191.0,178.0,256.0,276.0,False,HARD,60.0,False,RB,1,8.0,True,Monaco,2024,False
TSU,80.298,61.0,2.0,21.322,37.502,21.474,194.0,176.0,255.0,274.0,False,HARD,61.0,False,RB,1,8.0,True,Monaco,2024,False
TSU,79.375,62.0,2.0,20.875,37.089,21.411,195.0,172.0,254.0,275.0,False,HARD,62.0,False,RB,1,8.0,True,Monaco,2024,False
TSU,83.218,63.0,2.0,22.87,38.824,21.524,182.0,169.0,255.0,275.0,False,HARD,63.0,False,RB,1,8.0,True,Monaco,2024,False
TSU,77.631,64.0,2.0,20.273,36.546,20.812,199.0,188.0,256.0,276.0,True,HARD,64.0,False,RB,1,8.0,True,Monaco,2024,False
TSU,77.019,65.0,2.0,20.151,36.176,20.692,200.0,189.0,255.0,276.0,True,HARD,65.0,False,RB,1,8.0,True,Monaco,2024,False
TSU,78.197,66.0,2.0,20.092,36.571,21.534,198.0,178.0,254.0,276.0,False,HARD,66.0,False,RB,1,8.0,True,Monaco,2024,False
TSU,78.148,67.0,2.0,20.481,36.615,21.052,196.0,180.0,256.0,275.0,False,HARD,67.0,False,RB,1,8.0,True,Monaco,2024,False
TSU,78.209,68.0,2.0,20.457,36.685,21.067,197.0,181.0,255.0,276.0,False,HARD,68.0,False,RB,1,8.0,True,Monaco,2024,False
TSU,80.032,69.0,2.0,21.076,37.805,21.151,192.0,178.0,257.0,273.0,False,HARD,69.0,False,RB,1,8.0,True,Monaco,2024,False
TSU,79.347,70.0,2.0,20.939,37.082,21.326,187.0,181.0,255.0,273.0,False,HARD,70.0,False,RB,1,8.0,True,Monaco,2024,False
TSU,78.258,71.0,2.0,21.008,36.627,20.623,188.0,194.0,255.0,274.0,False,HARD,71.0,False,RB,1,8.0,True,Monaco,2024,False
TSU,77.079,72.0,2.0,20.332,36.338,20.409,191.0,191.0,255.0,273.0,False,HARD,72.0,False,RB,1,8.0,True,Monaco,2024,False
TSU,75.955,73.0,2.0,19.812,35.754,20.389,210.0,193.0,256.0,273.0,True,HARD,73.0,False,RB,1,8.0,True,Monaco,2024,False
TSU,75.462,74.0,2.0,19.778,35.445,20.239,207.0,195.0,256.0,274.0,True,HARD,74.0,False,RB,1,8.0,True,Monaco,2024,True
TSU,74.992,75.0,2.0,19.571,35.257,20.164,210.0,195.0,257.0,275.0,True,HARD,75.0,False,RB,1,8.0,True,Monaco,2024,True
TSU,75.205,76.0,2.0,19.626,35.387,20.192,213.0,194.0,257.0,275.0,False,HARD,76.0,False,RB,1,8.0,True,Monaco,2024,True
TSU,74.72,77.0,2.0,19.503,35.233,19.984,214.0,195.0,257.0,275.0,True,HARD,77.0,False,RB,1,8.0,True,Monaco,2024,True
ALB,87.834,3.0,2.0,25.399,39.935,22.5,158.0,176.0,255.0,277.0,True,HARD,2.0,True,Williams,1,9.0,True,Monaco,2024,True
ALB,83.286,4.0,2.0,21.826,39.21,22.25,181.0,166.0,263.0,278.0,True,HARD,3.0,True,Williams,1,9.0,True,Monaco,2024,False
ALB,83.369,5.0,2.0,22.133,39.122,22.114,167.0,167.0,265.0,281.0,False,HARD,4.0,True,Williams,1,9.0,True,Monaco,2024,False
ALB,83.416,6.0,2.0,22.168,39.171,22.077,172.0,175.0,261.0,274.0,False,HARD,5.0,True,Williams,1,9.0,True,Monaco,2024,False
ALB,81.913,7.0,2.0,21.895,38.406,21.612,173.0,173.0,260.0,278.0,True,HARD,6.0,True,Williams,1,9.0,True,Monaco,2024,False
ALB,81.536,8.0,2.0,21.711,38.18,21.645,178.0,174.0,250.0,279.0,True,HARD,7.0,True,Williams,1,9.0,True,Monaco,2024,False
ALB,82.004,9.0,2.0,21.83,38.449,21.725,176.0,177.0,253.0,276.0,False,HARD,8.0,True,Williams,1,9.0,True,Monaco,2024,False
ALB,81.562,10.0,2.0,21.79,38.274,21.498,181.0,175.0,264.0,276.0,False,HARD,9.0,True,Williams,1,9.0,True,Monaco,2024,False
ALB,81.514,11.0,2.0,21.533,38.313,21.668,177.0,171.0,264.0,278.0,True,HARD,10.0,True,Williams,1,9.0,True,Monaco,2024,False
ALB,80.821,12.0,2.0,21.144,38.254,21.423,177.0,177.0,264.0,278.0,True,HARD,11.0,True,Williams,1,9.0,True,Monaco,2024,False
ALB,81.42,13.0,2.0,21.388,38.0,22.032,174.0,174.0,256.0,278.0,False,HARD,12.0,True,Williams,1,9.0,True,Monaco,2024,False
ALB,80.591,14.0,2.0,21.387,37.838,21.366,171.0,171.0,262.0,278.0,True,HARD,13.0,True,Williams,1,9.0,True,Monaco,2024,False
ALB,80.591,15.0,2.0,21.041,37.916,21.634,189.0,162.0,256.0,279.0,False,HARD,14.0,True,Williams,1,9.0,True,Monaco,2024,False
ALB,80.793,16.0,2.0,21.381,38.071,21.341,176.0,175.0,256.0,273.0,False,HARD,15.0,True,Williams,1,9.0,True,Monaco,2024,False
ALB,81.137,17.0,2.0,21.234,38.326,21.577,177.0,170.0,255.0,272.0,False,HARD,16.0,True,Williams,1,9.0,True,Monaco,2024,False
ALB,80.042,18.0,2.0,21.154,37.654,21.234,177.0,180.0,256.0,277.0,True,HARD,17.0,True,Williams,1,9.0,True,Monaco,2024,False
ALB,80.245,19.0,2.0,21.25,37.787,21.208,185.0,174.0,257.0,275.0,False,HARD,18.0,True,Williams,1,9.0,True,Monaco,2024,False
ALB,80.36,20.0,2.0,21.177,37.505,21.678,183.0,165.0,261.0,281.0,False,HARD,19.0,True,Williams,1,9.0,True,Monaco,2024,False
ALB,80.937,21.0,2.0,21.465,38.094,21.378,183.0,174.0,257.0,274.0,False,HARD,20.0,True,Williams,1,9.0,True,Monaco,2024,False
ALB,80.542,22.0,2.0,21.096,38.036,21.41,181.0,171.0,256.0,262.0,False,HARD,21.0,True,Williams,1,9.0,True,Monaco,2024,False
ALB,80.143,23.0,2.0,21.17,37.722,21.251,180.0,172.0,262.0,272.0,False,HARD,22.0,True,Williams,1,9.0,True,Monaco,2024,False
ALB,80.517,24.0,2.0,21.307,37.772,21.438,179.0,172.0,257.0,271.0,False,HARD,23.0,True,Williams,1,9.0,True,Monaco,2024,False
ALB,80.323,25.0,2.0,21.153,37.773,21.397,186.0,174.0,256.0,276.0,False,HARD,24.0,True,Williams,1,9.0,True,Monaco,2024,False
ALB,80.463,26.0,2.0,21.302,37.698,21.463,183.0,175.0,256.0,275.0,False,HARD,25.0,True,Williams,1,9.0,True,Monaco,2024,False
ALB,80.509,27.0,2.0,21.314,37.738,21.457,180.0,170.0,256.0,277.0,False,HARD,26.0,True,Williams,1,9.0,True,Monaco,2024,False
ALB,79.51,28.0,2.0,21.281,37.151,21.078,191.0,179.0,263.0,278.0,True,HARD,27.0,True,Williams,1,9.0,True,Monaco,2024,False
ALB,80.271,29.0,2.0,21.124,37.342,21.805,186.0,183.0,253.0,278.0,False,HARD,28.0,True,Williams,1,9.0,True,Monaco,2024,False
ALB,81.439,30.0,2.0,21.906,38.215,21.318,186.0,174.0,255.0,272.0,False,HARD,29.0,True,Williams,1,9.0,True,Monaco,2024,False
ALB,80.941,31.0,2.0,21.376,37.952,21.613,188.0,173.0,255.0,275.0,False,HARD,30.0,True,Williams,1,9.0,True,Monaco,2024,False
ALB,80.148,32.0,2.0,21.103,37.794,21.251,189.0,175.0,257.0,276.0,False,HARD,31.0,True,Williams,1,9.0,True,Monaco,2024,False
ALB,79.491,33.0,2.0,21.117,37.286,21.088,186.0,181.0,264.0,276.0,True,HARD,32.0,True,Williams,1,9.0,True,Monaco,2024,False
ALB,79.134,34.0,2.0,21.073,37.168,20.893,190.0,183.0,265.0,278.0,True,HARD,33.0,True,Williams,1,9.0,True,Monaco,2024,False
ALB,78.816,35.0,2.0,20.981,36.918,20.917,190.0,182.0,266.0,278.0,True,HARD,34.0,True,Williams,1,9.0,True,Monaco,2024,False
ALB,81.628,36.0,2.0,21.372,38.669,21.587,180.0,172.0,255.0,273.0,False,HARD,35.0,True,Williams,1,9.0,True,Monaco,2024,False
ALB,80.775,37.0,2.0,21.591,37.967,21.217,189.0,175.0,256.0,275.0,False,HARD,36.0,True,Williams,1,9.0,True,Monaco,2024,False
ALB,80.314,38.0,2.0,21.152,37.677,21.485,187.0,168.0,256.0,276.0,False,HARD,37.0,True,Williams,1,9.0,True,Monaco,2024,False
ALB,80.389,39.0,2.0,21.367,37.774,21.248,190.0,175.0,256.0,275.0,False,HARD,38.0,True,Williams,1,9.0,True,Monaco,2024,False
ALB,79.812,40.0,2.0,20.846,37.656,21.31,195.0,166.0,257.0,275.0,False,HARD,39.0,True,Williams,1,9.0,True,Monaco,2024,False
ALB,79.329,41.0,2.0,20.972,37.375,20.982,192.0,178.0,256.0,275.0,False,HARD,40.0,True,Williams,1,9.0,True,Monaco,2024,False
ALB,80.084,42.0,2.0,21.403,37.569,21.112,188.0,176.0,256.0,276.0,False,HARD,41.0,True,Williams,1,9.0,True,Monaco,2024,False
ALB,79.496,43.0,2.0,21.022,37.395,21.079,192.0,177.0,256.0,276.0,False,HARD,42.0,True,Williams,1,9.0,True,Monaco,2024,False
ALB,79.683,44.0,2.0,21.013,37.472,21.198,194.0,174.0,257.0,276.0,False,HARD,43.0,True,Williams,1,9.0,True,Monaco,2024,False
ALB,81.748,45.0,2.0,21.867,37.986,21.895,181.0,170.0,255.0,275.0,False,HARD,44.0,True,Williams,1,9.0,True,Monaco,2024,False
ALB,80.594,46.0,2.0,21.38,37.939,21.275,181.0,178.0,256.0,275.0,False,HARD,45.0,True,Williams,1,9.0,True,Monaco,2024,False
ALB,80.462,47.0,2.0,21.142,37.705,21.615,192.0,172.0,256.0,274.0,False,HARD,46.0,True,Williams,1,9.0,True,Monaco,2024,False
ALB,79.321,48.0,2.0,20.659,37.436,21.226,199.0,175.0,256.0,275.0,False,HARD,47.0,True,Williams,1,9.0,True,Monaco,2024,False
ALB,79.378,49.0,2.0,20.802,37.344,21.232,201.0,176.0,257.0,277.0,False,HARD,48.0,True,Williams,1,9.0,True,Monaco,2024,False
ALB,79.268,50.0,2.0,20.949,37.161,21.158,197.0,177.0,266.0,278.0,False,HARD,49.0,True,Williams,1,9.0,True,Monaco,2024,False
ALB,78.863,51.0,2.0,20.82,36.923,21.12,195.0,177.0,263.0,278.0,False,HARD,50.0,True,Williams,1,9.0,True,Monaco,2024,False
ALB,80.7,53.0,2.0,21.025,37.229,22.446,191.0,176.0,162.0,276.0,False,HARD,52.0,True,Williams,1,9.0,True,Monaco,2024,False
ALB,83.647,54.0,2.0,23.983,38.443,21.221,105.0,183.0,260.0,280.0,False,HARD,53.0,True,Williams,1,9.0,True,Monaco,2024,True
ALB,79.085,55.0,2.0,20.976,37.269,20.84,185.0,179.0,268.0,282.0,False,HARD,54.0,True,Williams,1,9.0,True,Monaco,2024,False
ALB,78.796,56.0,2.0,20.794,36.963,21.039,193.0,181.0,266.0,283.0,True,HARD,55.0,True,Williams,1,9.0,True,Monaco,2024,False
ALB,78.271,57.0,2.0,20.807,36.602,20.862,191.0,184.0,267.0,281.0,True,HARD,56.0,True,Williams,1,9.0,True,Monaco,2024,False
ALB,78.69,58.0,2.0,20.834,36.768,21.088,196.0,181.0,266.0,281.0,False,HARD,57.0,True,Williams,1,9.0,True,Monaco,2024,False
ALB,78.201,59.0,2.0,20.67,36.641,20.89,191.0,183.0,265.0,280.0,True,HARD,58.0,True,Williams,1,9.0,True,Monaco,2024,False
ALB,79.533,60.0,2.0,21.272,37.01,21.251,195.0,181.0,265.0,279.0,False,HARD,59.0,True,Williams,1,9.0,True,Monaco,2024,False
ALB,80.222,61.0,2.0,21.459,37.387,21.376,186.0,180.0,266.0,278.0,False,HARD,60.0,True,Williams,1,9.0,True,Monaco,2024,False
ALB,79.506,62.0,2.0,21.112,36.897,21.497,190.0,180.0,189.0,278.0,False,HARD,61.0,True,Williams,1,9.0,True,Monaco,2024,False
ALB,83.085,63.0,2.0,23.087,38.494,21.504,176.0,170.0,266.0,275.0,False,HARD,62.0,True,Williams,1,9.0,True,Monaco,2024,False
ALB,77.911,64.0,2.0,20.612,36.632,20.667,197.0,186.0,265.0,279.0,True,HARD,63.0,True,Williams,1,9.0,True,Monaco,2024,False
ALB,77.261,65.0,2.0,20.443,36.207,20.611,197.0,186.0,265.0,279.0,True,HARD,64.0,True,Williams,1,9.0,True,Monaco,2024,False
ALB,78.003,66.0,2.0,20.553,36.639,20.811,200.0,184.0,258.0,279.0,False,HARD,65.0,True,Williams,1,9.0,True,Monaco,2024,False
ALB,77.874,67.0,2.0,20.674,36.417,20.783,197.0,183.0,268.0,280.0,False,HARD,66.0,True,Williams,1,9.0,True,Monaco,2024,False
ALB,78.385,68.0,2.0,20.686,36.629,21.07,198.0,183.0,264.0,281.0,False,HARD,67.0,True,Williams,1,9.0,True,Monaco,2024,False
ALB,79.921,69.0,2.0,21.155,37.55,21.216,177.0,181.0,267.0,280.0,False,HARD,68.0,True,Williams,1,9.0,True,Monaco,2024,False
ALB,79.37,70.0,2.0,21.093,37.058,21.219,190.0,178.0,267.0,280.0,False,HARD,69.0,True,Williams,1,9.0,True,Monaco,2024,False
ALB,78.957,71.0,2.0,21.071,37.128,20.758,197.0,184.0,259.0,279.0,False,HARD,70.0,True,Williams,1,9.0,True,Monaco,2024,False
ALB,78.165,72.0,2.0,20.554,36.906,20.705,202.0,183.0,258.0,280.0,False,HARD,71.0,True,Williams,1,9.0,True,Monaco,2024,False
ALB,78.432,73.0,2.0,20.689,36.976,20.767,188.0,183.0,258.0,277.0,False,HARD,72.0,True,Williams,1,9.0,True,Monaco,2024,False
ALB,78.014,74.0,2.0,20.638,36.686,20.69,195.0,185.0,258.0,276.0,False,HARD,73.0,True,Williams,1,9.0,True,Monaco,2024,False
ALB,77.85,75.0,2.0,20.713,36.423,20.714,198.0,187.0,258.0,276.0,False,HARD,74.0,True,Williams,1,9.0,True,Monaco,2024,False
ALB,77.279,76.0,2.0,20.521,36.214,20.544,200.0,190.0,258.0,276.0,False,HARD,75.0,True,Williams,1,9.0,True,Monaco,2024,False
ALB,77.06,77.0,2.0,20.364,36.196,20.5,202.0,188.0,258.0,275.0,True,HARD,76.0,True,Williams,1,9.0,True,Monaco,2024,False
GAS,88.269,3.0,2.0,25.566,40.15,22.553,162.0,177.0,255.0,275.0,True,MEDIUM,2.0,True,Alpine,1,10.0,True,Monaco,2024,True
GAS,83.269,4.0,2.0,21.656,39.123,22.49,180.0,179.0,263.0,277.0,True,MEDIUM,3.0,True,Alpine,1,10.0,True,Monaco,2024,False
GAS,83.428,5.0,2.0,21.918,39.228,22.282,181.0,178.0,263.0,278.0,False,MEDIUM,4.0,True,Alpine,1,10.0,True,Monaco,2024,False
GAS,83.106,6.0,2.0,22.068,38.953,22.085,176.0,177.0,265.0,279.0,True,MEDIUM,5.0,True,Alpine,1,10.0,True,Monaco,2024,False
GAS,82.233,7.0,2.0,21.836,38.367,22.03,180.0,185.0,263.0,281.0,True,MEDIUM,6.0,True,Alpine,1,10.0,True,Monaco,2024,False
GAS,81.6,8.0,2.0,21.496,38.116,21.988,178.0,178.0,262.0,279.0,True,MEDIUM,7.0,True,Alpine,1,10.0,True,Monaco,2024,False
GAS,82.071,9.0,2.0,21.526,38.64,21.905,176.0,179.0,263.0,276.0,False,MEDIUM,8.0,True,Alpine,1,10.0,True,Monaco,2024,False
GAS,81.394,10.0,2.0,21.479,38.141,21.774,178.0,176.0,265.0,278.0,True,MEDIUM,9.0,True,Alpine,1,10.0,True,Monaco,2024,False
GAS,81.298,11.0,2.0,21.482,37.922,21.894,181.0,187.0,265.0,280.0,True,MEDIUM,10.0,True,Alpine,1,10.0,True,Monaco,2024,False
GAS,81.289,12.0,2.0,21.12,38.544,21.625,175.0,182.0,264.0,279.0,True,MEDIUM,11.0,True,Alpine,1,10.0,True,Monaco,2024,False
GAS,81.53,13.0,2.0,21.219,38.276,22.035,186.0,178.0,256.0,277.0,False,MEDIUM,12.0,True,Alpine,1,10.0,True,Monaco,2024,False
GAS,79.92,14.0,2.0,21.087,37.364,21.469,191.0,189.0,266.0,280.0,True,MEDIUM,13.0,True,Alpine,1,10.0,True,Monaco,2024,False
GAS,81.066,15.0,2.0,20.915,38.313,21.838,180.0,176.0,262.0,278.0,False,MEDIUM,14.0,True,Alpine,1,10.0,True,Monaco,2024,False
GAS,81.054,16.0,2.0,21.548,37.876,21.63,184.0,185.0,262.0,278.0,False,MEDIUM,15.0,True,Alpine,1,10.0,True,Monaco,2024,False
GAS,81.961,17.0,2.0,21.682,38.296,21.983,187.0,174.0,256.0,277.0,False,MEDIUM,16.0,True,Alpine,1,10.0,True,Monaco,2024,False
GAS,80.797,18.0,2.0,21.255,38.034,21.508,186.0,177.0,255.0,276.0,False,MEDIUM,17.0,True,Alpine,1,10.0,True,Monaco,2024,False
GAS,79.904,19.0,2.0,20.839,37.422,21.643,192.0,176.0,256.0,277.0,True,MEDIUM,18.0,True,Alpine,1,10.0,True,Monaco,2024,False
GAS,80.255,20.0,2.0,21.069,37.547,21.639,194.0,174.0,257.0,278.0,False,MEDIUM,19.0,True,Alpine,1,10.0,True,Monaco,2024,False
GAS,79.876,21.0,2.0,21.238,37.27,21.368,186.0,184.0,264.0,277.0,True,MEDIUM,20.0,True,Alpine,1,10.0,True,Monaco,2024,False
GAS,80.554,22.0,2.0,20.982,37.763,21.809,184.0,177.0,263.0,279.0,False,MEDIUM,21.0,True,Alpine,1,10.0,True,Monaco,2024,False
GAS,81.306,23.0,2.0,21.45,37.844,22.012,177.0,177.0,257.0,277.0,False,MEDIUM,22.0,True,Alpine,1,10.0,True,Monaco,2024,False
GAS,80.949,24.0,2.0,20.925,38.004,22.02,195.0,172.0,257.0,277.0,False,MEDIUM,23.0,True,Alpine,1,10.0,True,Monaco,2024,False
GAS,80.372,25.0,2.0,21.103,37.62,21.649,188.0,178.0,256.0,276.0,False,MEDIUM,24.0,True,Alpine,1,10.0,True,Monaco,2024,False
GAS,80.593,26.0,2.0,21.449,37.447,21.697,176.0,183.0,256.0,276.0,False,MEDIUM,25.0,True,Alpine,1,10.0,True,Monaco,2024,False
GAS,80.521,27.0,2.0,21.045,37.661,21.815,186.0,174.0,256.0,276.0,False,MEDIUM,26.0,True,Alpine,1,10.0,True,Monaco,2024,False
GAS,80.229,28.0,2.0,21.024,37.602,21.603,190.0,179.0,256.0,276.0,False,MEDIUM,27.0,True,Alpine,1,10.0,True,Monaco,2024,False
GAS,79.376,29.0,2.0,20.968,37.002,21.406,194.0,179.0,256.0,276.0,True,MEDIUM,28.0,True,Alpine,1,10.0,True,Monaco,2024,False
GAS,81.764,30.0,2.0,21.791,38.013,21.96,173.0,172.0,255.0,276.0,False,MEDIUM,29.0,True,Alpine,1,10.0,True,Monaco,2024,False
GAS,81.427,31.0,2.0,21.441,38.049,21.937,186.0,171.0,256.0,269.0,False,MEDIUM,30.0,True,Alpine,1,10.0,True,Monaco,2024,False
GAS,81.121,32.0,2.0,21.371,38.018,21.732,190.0,176.0,257.0,276.0,False,MEDIUM,31.0,True,Alpine,1,10.0,True,Monaco,2024,False
GAS,80.965,33.0,2.0,21.201,37.839,21.925,191.0,174.0,256.0,275.0,False,MEDIUM,32.0,True,Alpine,1,10.0,True,Monaco,2024,False
GAS,80.751,34.0,2.0,21.309,37.92,21.522,189.0,177.0,257.0,275.0,False,MEDIUM,33.0,True,Alpine,1,10.0,True,Monaco,2024,False
GAS,79.361,35.0,2.0,20.907,37.118,21.336,190.0,180.0,257.0,275.0,True,MEDIUM,34.0,True,Alpine,1,10.0,True,Monaco,2024,False
GAS,79.576,36.0,2.0,21.082,37.1,21.394,195.0,179.0,256.0,275.0,False,MEDIUM,35.0,True,Alpine,1,10.0,True,Monaco,2024,False
GAS,79.975,37.0,2.0,20.888,37.374,21.713,198.0,178.0,257.0,275.0,False,MEDIUM,36.0,True,Alpine,1,10.0,True,Monaco,2024,False
GAS,79.428,38.0,2.0,21.02,36.956,21.452,199.0,181.0,256.0,275.0,False,MEDIUM,37.0,True,Alpine,1,10.0,True,Monaco,2024,False
GAS,80.32,39.0,2.0,21.342,37.369,21.609,185.0,174.0,258.0,276.0,False,MEDIUM,38.0,True,Alpine,1,10.0,True,Monaco,2024,False
GAS,80.384,40.0,2.0,21.321,37.464,21.599,197.0,175.0,257.0,275.0,False,MEDIUM,39.0,True,Alpine,1,10.0,True,Monaco,2024,False
GAS,80.2,41.0,2.0,21.198,37.359,21.643,197.0,181.0,257.0,275.0,False,MEDIUM,40.0,True,Alpine,1,10.0,True,Monaco,2024,False
GAS,79.977,42.0,2.0,21.083,37.313,21.581,199.0,179.0,256.0,275.0,False,MEDIUM,41.0,True,Alpine,1,10.0,True,Monaco,2024,False
GAS,81.048,43.0,2.0,21.159,37.964,21.925,193.0,175.0,256.0,275.0,False,MEDIUM,42.0,True,Alpine,1,10.0,True,Monaco,2024,False
GAS,80.621,44.0,2.0,21.328,37.58,21.713,189.0,175.0,257.0,275.0,False,MEDIUM,43.0,True,Alpine,1,10.0,True,Monaco,2024,False
GAS,79.382,45.0,2.0,20.902,37.198,21.282,190.0,179.0,257.0,275.0,False,MEDIUM,44.0,True,Alpine,1,10.0,True,Monaco,2024,False
GAS,79.97,46.0,2.0,21.139,37.499,21.332,192.0,177.0,257.0,275.0,False,MEDIUM,45.0,True,Alpine,1,10.0,True,Monaco,2024,False
GAS,79.435,47.0,2.0,20.865,37.294,21.276,198.0,176.0,256.0,275.0,False,MEDIUM,46.0,True,Alpine,1,10.0,True,Monaco,2024,False
GAS,79.865,48.0,2.0,20.925,37.454,21.486,196.0,181.0,257.0,275.0,False,MEDIUM,47.0,True,Alpine,1,10.0,True,Monaco,2024,False
GAS,80.534,49.0,2.0,20.805,37.858,21.871,197.0,173.0,257.0,275.0,False,MEDIUM,48.0,True,Alpine,1,10.0,True,Monaco,2024,False
GAS,81.023,50.0,2.0,21.029,37.509,22.485,189.0,173.0,236.0,275.0,False,MEDIUM,49.0,True,Alpine,1,10.0,True,Monaco,2024,False
GAS,84.473,51.0,2.0,21.93,40.611,21.932,140.0,175.0,257.0,264.0,False,MEDIUM,50.0,True,Alpine,1,10.0,True,Monaco,2024,True
GAS,79.917,53.0,2.0,20.986,37.411,21.52,188.0,178.0,258.0,279.0,False,MEDIUM,52.0,True,Alpine,1,10.0,True,Monaco,2024,False
GAS,79.091,54.0,2.0,20.968,36.845,21.278,189.0,178.0,258.0,279.0,True,MEDIUM,53.0,True,Alpine,1,10.0,True,Monaco,2024,False
GAS,79.407,55.0,2.0,20.714,37.252,21.441,196.0,179.0,258.0,278.0,False,MEDIUM,54.0,True,Alpine,1,10.0,True,Monaco,2024,False
GAS,79.704,56.0,2.0,20.991,37.282,21.431,194.0,178.0,258.0,278.0,False,MEDIUM,55.0,True,Alpine,1,10.0,True,Monaco,2024,False
GAS,79.448,57.0,2.0,20.953,37.124,21.371,197.0,181.0,257.0,278.0,False,MEDIUM,56.0,True,Alpine,1,10.0,True,Monaco,2024,False
GAS,79.097,58.0,2.0,20.943,36.982,21.172,197.0,178.0,257.0,277.0,False,MEDIUM,57.0,True,Alpine,1,10.0,True,Monaco,2024,False
GAS,81.378,59.0,2.0,20.82,38.54,22.018,191.0,171.0,236.0,277.0,False,MEDIUM,58.0,True,Alpine,1,10.0,True,Monaco,2024,False
GAS,80.237,60.0,2.0,21.558,37.268,21.411,189.0,177.0,259.0,279.0,False,MEDIUM,59.0,True,Alpine,1,10.0,True,Monaco,2024,False
GAS,80.407,61.0,2.0,20.827,38.074,21.506,190.0,180.0,259.0,271.0,False,MEDIUM,60.0,True,Alpine,1,10.0,True,Monaco,2024,False
GAS,78.469,62.0,2.0,20.628,36.697,21.144,191.0,180.0,258.0,279.0,True,MEDIUM,61.0,True,Alpine,1,10.0,True,Monaco,2024,False
GAS,79.155,63.0,2.0,21.048,36.832,21.275,192.0,179.0,258.0,279.0,False,MEDIUM,62.0,True,Alpine,1,10.0,True,Monaco,2024,False
GAS,78.868,64.0,2.0,20.752,36.818,21.298,192.0,181.0,259.0,278.0,False,MEDIUM,63.0,True,Alpine,1,10.0,True,Monaco,2024,False
GAS,79.22,65.0,2.0,20.772,37.149,21.299,197.0,180.0,258.0,277.0,False,MEDIUM,64.0,True,Alpine,1,10.0,True,Monaco,2024,False
GAS,78.726,66.0,2.0,20.602,36.831,21.293,200.0,181.0,258.0,276.0,False,MEDIUM,65.0,True,Alpine,1,10.0,True,Monaco,2024,False
GAS,78.624,67.0,2.0,20.646,36.723,21.255,201.0,179.0,258.0,276.0,False,MEDIUM,66.0,True,Alpine,1,10.0,True,Monaco,2024,False
GAS,78.545,68.0,2.0,20.684,36.715,21.146,201.0,182.0,258.0,276.0,False,MEDIUM,67.0,True,Alpine,1,10.0,True,Monaco,2024,False
GAS,78.363,69.0,2.0,20.583,36.63,21.15,200.0,181.0,259.0,276.0,True,MEDIUM,68.0,True,Alpine,1,10.0,True,Monaco,2024,False
GAS,77.799,70.0,2.0,20.552,36.322,20.925,200.0,182.0,259.0,277.0,True,MEDIUM,69.0,True,Alpine,1,10.0,True,Monaco,2024,False
GAS,78.14,71.0,2.0,20.691,36.423,21.026,196.0,186.0,258.0,277.0,False,MEDIUM,70.0,True,Alpine,1,10.0,True,Monaco,2024,False
GAS,78.382,72.0,2.0,20.616,36.713,21.053,199.0,187.0,258.0,277.0,False,MEDIUM,71.0,True,Alpine,1,10.0,True,Monaco,2024,False
GAS,77.992,73.0,2.0,20.63,36.392,20.97,197.0,188.0,259.0,277.0,False,MEDIUM,72.0,True,Alpine,1,10.0,True,Monaco,2024,False
GAS,76.689,74.0,2.0,20.111,35.963,20.615,204.0,189.0,259.0,278.0,True,MEDIUM,73.0,True,Alpine,1,10.0,True,Monaco,2024,True
GAS,78.12,75.0,2.0,20.546,36.425,21.149,201.0,186.0,259.0,278.0,False,MEDIUM,74.0,True,Alpine,1,10.0,True,Monaco,2024,False
GAS,77.516,76.0,2.0,20.297,36.111,21.108,205.0,187.0,259.0,278.0,False,MEDIUM,75.0,True,Alpine,1,10.0,True,Monaco,2024,False
GAS,75.625,77.0,2.0,19.978,35.327,20.32,210.0,193.0,259.0,278.0,True,MEDIUM,76.0,True,Alpine,1,10.0,True,Monaco,2024,True
ALO,89.188,3.0,2.0,26.223,40.567,22.398,161.0,172.0,256.0,281.0,True,MEDIUM,3.0,False,Aston Martin,1,12.0,True,Monaco,2024,True
ALO,83.736,4.0,2.0,21.802,39.405,22.529,177.0,162.0,254.0,281.0,True,MEDIUM,4.0,False,Aston Martin,1,12.0,True,Monaco,2024,False
ALO,83.575,5.0,2.0,22.017,39.329,22.229,184.0,159.0,256.0,278.0,True,MEDIUM,5.0,False,Aston Martin,1,12.0,True,Monaco,2024,False
ALO,82.711,6.0,2.0,21.899,38.932,21.88,183.0,166.0,257.0,268.0,True,MEDIUM,6.0,False,Aston Martin,1,12.0,True,Monaco,2024,False
ALO,82.866,7.0,2.0,22.196,38.682,21.988,182.0,158.0,257.0,281.0,False,MEDIUM,7.0,False,Aston Martin,1,12.0,True,Monaco,2024,False
ALO,82.284,8.0,2.0,21.774,38.297,22.213,189.0,161.0,255.0,281.0,True,MEDIUM,8.0,False,Aston Martin,1,12.0,True,Monaco,2024,False
ALO,81.65,9.0,2.0,21.431,38.194,22.025,191.0,162.0,256.0,277.0,True,MEDIUM,9.0,False,Aston Martin,1,12.0,True,Monaco,2024,False
ALO,81.864,10.0,2.0,21.673,38.362,21.829,201.0,166.0,258.0,273.0,False,MEDIUM,10.0,False,Aston Martin,1,12.0,True,Monaco,2024,False
ALO,81.418,11.0,2.0,21.68,38.074,21.664,200.0,164.0,258.0,275.0,True,MEDIUM,11.0,False,Aston Martin,1,12.0,True,Monaco,2024,False
ALO,81.366,12.0,2.0,21.601,38.025,21.74,198.0,164.0,257.0,280.0,True,MEDIUM,12.0,False,Aston Martin,1,12.0,True,Monaco,2024,False
ALO,81.428,13.0,2.0,21.616,37.967,21.845,201.0,164.0,257.0,278.0,False,MEDIUM,13.0,False,Aston Martin,1,12.0,True,Monaco,2024,False
ALO,81.392,14.0,2.0,21.713,37.752,21.927,199.0,168.0,257.0,281.0,False,MEDIUM,14.0,False,Aston Martin,1,12.0,True,Monaco,2024,False
ALO,81.061,15.0,2.0,21.355,37.933,21.773,196.0,171.0,254.0,279.0,True,MEDIUM,15.0,False,Aston Martin,1,12.0,True,Monaco,2024,False
ALO,81.318,16.0,2.0,21.107,38.215,21.996,193.0,168.0,255.0,277.0,False,MEDIUM,16.0,False,Aston Martin,1,12.0,True,Monaco,2024,False
ALO,80.799,17.0,2.0,21.278,37.763,21.758,189.0,174.0,255.0,279.0,True,MEDIUM,17.0,False,Aston Martin,1,12.0,True,Monaco,2024,False
ALO,81.075,18.0,2.0,21.516,37.919,21.64,193.0,171.0,255.0,277.0,False,MEDIUM,18.0,False,Aston Martin,1,12.0,True,Monaco,2024,False
ALO,80.605,19.0,2.0,21.373,37.682,21.55,192.0,180.0,255.0,278.0,True,MEDIUM,19.0,False,Aston Martin,1,12.0,True,Monaco,2024,False
ALO,81.11,20.0,2.0,21.232,37.966,21.912,187.0,173.0,255.0,274.0,False,MEDIUM,20.0,False,Aston Martin,1,12.0,True,Monaco,2024,False
ALO,80.317,21.0,2.0,20.942,37.709,21.666,191.0,174.0,255.0,278.0,True,MEDIUM,21.0,False,Aston Martin,1,12.0,True,Monaco,2024,False
ALO,81.037,22.0,2.0,21.098,38.045,21.894,196.0,172.0,255.0,271.0,False,MEDIUM,22.0,False,Aston Martin,1,12.0,True,Monaco,2024,False
ALO,80.246,23.0,2.0,21.273,37.462,21.511,196.0,178.0,256.0,278.0,True,MEDIUM,23.0,False,Aston Martin,1,12.0,True,Monaco,2024,False
ALO,81.413,24.0,2.0,20.99,38.131,22.292,196.0,169.0,256.0,276.0,False,MEDIUM,24.0,False,Aston Martin,1,12.0,True,Monaco,2024,False
ALO,81.091,25.0,2.0,21.312,38.033,21.746,192.0,165.0,256.0,278.0,False,MEDIUM,25.0,False,Aston Martin,1,12.0,True,Monaco,2024,False
ALO,80.858,26.0,2.0,21.459,37.846,21.553,207.0,167.0,255.0,272.0,False,MEDIUM,26.0,False,Aston Martin,1,12.0,True,Monaco,2024,False
ALO,81.303,27.0,2.0,21.592,37.89,21.821,208.0,158.0,255.0,274.0,False,MEDIUM,27.0,False,Aston Martin,1,12.0,True,Monaco,2024,False
ALO,81.544,28.0,2.0,21.722,37.884,21.938,201.0,169.0,255.0,274.0,False,MEDIUM,28.0,False,Aston Martin,1,12.0,True,Monaco,2024,False
ALO,81.205,29.0,2.0,21.626,38.024,21.555,205.0,158.0,254.0,275.0,False,MEDIUM,29.0,False,Aston Martin,1,12.0,True,Monaco,2024,False
ALO,81.034,30.0,2.0,21.707,37.404,21.923,204.0,171.0,254.0,275.0,False,MEDIUM,30.0,False,Aston Martin,1,12.0,True,Monaco,2024,False
ALO,80.642,31.0,2.0,21.442,37.792,21.408,206.0,163.0,255.0,277.0,False,MEDIUM,31.0,False,Aston Martin,1,12.0,True,Monaco,2024,False
ALO,81.01,32.0,2.0,21.681,37.433,21.896,203.0,163.0,256.0,277.0,False,MEDIUM,32.0,False,Aston Martin,1,12.0,True,Monaco,2024,False
ALO,80.35,33.0,2.0,21.174,37.679,21.497,205.0,163.0,254.0,276.0,False,MEDIUM,33.0,False,Aston Martin,1,12.0,True,Monaco,2024,False
ALO,80.877,34.0,2.0,21.407,37.844,21.626,205.0,170.0,257.0,274.0,False,MEDIUM,34.0,False,Aston Martin,1,12.0,True,Monaco,2024,False
ALO,80.432,35.0,2.0,21.123,37.814,21.495,202.0,173.0,256.0,276.0,False,MEDIUM,35.0,False,Aston Martin,1,12.0,True,Monaco,2024,False
ALO,81.128,36.0,2.0,21.543,38.239,21.346,204.0,167.0,255.0,274.0,False,MEDIUM,36.0,False,Aston Martin,1,12.0,True,Monaco,2024,False
ALO,81.512,37.0,2.0,21.648,38.268,21.596,208.0,166.0,255.0,276.0,False,MEDIUM,37.0,False,Aston Martin,1,12.0,True,Monaco,2024,False
ALO,81.082,38.0,2.0,21.437,38.207,21.438,203.0,174.0,256.0,276.0,False,MEDIUM,38.0,False,Aston Martin,1,12.0,True,Monaco,2024,False
ALO,81.265,39.0,2.0,21.464,38.197,21.604,208.0,172.0,256.0,275.0,False,MEDIUM,39.0,False,Aston Martin,1,12.0,True,Monaco,2024,False
ALO,80.755,40.0,2.0,21.321,38.087,21.347,208.0,177.0,255.0,276.0,False,MEDIUM,40.0,False,Aston Martin,1,12.0,True,Monaco,2024,False
ALO,83.446,41.0,2.0,21.479,39.423,22.544,199.0,171.0,249.0,269.0,False,MEDIUM,41.0,False,Aston Martin,1,12.0,True,Monaco,2024,False
ALO,83.332,42.0,2.0,23.949,38.112,21.271,192.0,172.0,258.0,281.0,False,MEDIUM,42.0,False,Aston Martin,1,12.0,True,Monaco,2024,False
ALO,80.286,43.0,2.0,20.975,37.871,21.44,197.0,179.0,256.0,280.0,False,MEDIUM,43.0,False,Aston Martin,1,12.0,True,Monaco,2024,False
ALO,78.852,44.0,2.0,20.449,37.16,21.243,205.0,185.0,257.0,279.0,True,MEDIUM,44.0,False,Aston Martin,1,12.0,True,Monaco,2024,False
ALO,79.956,45.0,2.0,20.812,37.559,21.585,200.0,185.0,257.0,279.0,False,MEDIUM,45.0,False,Aston Martin,1,12.0,True,Monaco,2024,False
ALO,78.928,46.0,2.0,20.659,37.129,21.14,202.0,182.0,256.0,279.0,False,MEDIUM,46.0,False,Aston Martin,1,12.0,True,Monaco,2024,False
ALO,79.109,47.0,2.0,20.636,37.285,21.188,198.0,184.0,256.0,279.0,False,MEDIUM,47.0,False,Aston Martin,1,12.0,True,Monaco,2024,False
ALO,80.315,48.0,2.0,20.454,37.439,22.422,204.0,167.0,257.0,279.0,False,MEDIUM,48.0,False,Aston Martin,1,11.0,True,Monaco,2024,False
ALO,79.837,49.0,2.0,21.329,37.218,21.29,204.0,174.0,257.0,278.0,False,MEDIUM,49.0,False,Aston Martin,1,11.0,True,Monaco,2024,False
ALO,79.334,50.0,2.0,21.01,37.161,21.163,205.0,182.0,256.0,278.0,False,MEDIUM,50.0,False,Aston Martin,1,11.0,True,Monaco,2024,False
ALO,80.636,51.0,2.0,20.839,37.908,21.889,197.0,176.0,255.0,276.0,False,MEDIUM,51.0,False,Aston Martin,1,11.0,True,Monaco,2024,False
ALO,79.992,53.0,2.0,20.927,37.618,21.447,206.0,175.0,257.0,279.0,False,MEDIUM,53.0,False,Aston Martin,1,11.0,True,Monaco,2024,False
ALO,79.191,54.0,2.0,20.821,37.085,21.285,203.0,181.0,256.0,279.0,False,MEDIUM,54.0,False,Aston Martin,1,11.0,True,Monaco,2024,False
ALO,79.411,55.0,2.0,20.897,37.211,21.303,201.0,181.0,256.0,278.0,False,MEDIUM,55.0,False,Aston Martin,1,11.0,True,Monaco,2024,False
ALO,80.739,56.0,2.0,20.958,38.563,21.218,197.0,175.0,258.0,275.0,False,MEDIUM,56.0,False,Aston Martin,1,11.0,True,Monaco,2024,False
ALO,80.6,57.0,2.0,20.709,38.543,21.348,190.0,178.0,258.0,241.0,False,MEDIUM,57.0,False,Aston Martin,1,11.0,True,Monaco,2024,False
ALO,79.229,58.0,2.0,20.768,37.325,21.136,198.0,182.0,257.0,279.0,False,MEDIUM,58.0,False,Aston Martin,1,11.0,True,Monaco,2024,False
ALO,79.219,59.0,2.0,20.848,37.175,21.196,199.0,184.0,258.0,279.0,False,MEDIUM,59.0,False,Aston Martin,1,11.0,True,Monaco,2024,False
ALO,79.166,60.0,2.0,20.95,37.12,21.096,203.0,182.0,257.0,278.0,False,MEDIUM,60.0,False,Aston Martin,1,11.0,True,Monaco,2024,False
ALO,78.752,61.0,2.0,20.746,36.978,21.028,202.0,181.0,256.0,278.0,True,MEDIUM,61.0,False,Aston Martin,1,11.0,True,Monaco,2024,False
ALO,78.816,62.0,2.0,20.78,37.033,21.003,206.0,183.0,257.0,277.0,False,MEDIUM,62.0,False,Aston Martin,1,11.0,True,Monaco,2024,False
ALO,78.556,63.0,2.0,20.52,37.03,21.006,206.0,183.0,257.0,278.0,True,MEDIUM,63.0,False,Aston Martin,1,11.0,True,Monaco,2024,False
ALO,78.736,64.0,2.0,20.603,37.073,21.06,203.0,184.0,258.0,278.0,False,MEDIUM,64.0,False,Aston Martin,1,11.0,True,Monaco,2024,False
ALO,78.633,65.0,2.0,20.501,37.104,21.028,203.0,184.0,257.0,277.0,False,MEDIUM,65.0,False,Aston Martin,1,11.0,True,Monaco,2024,False
ALO,78.637,66.0,2.0,20.477,37.185,20.975,204.0,183.0,258.0,277.0,False,MEDIUM,66.0,False,Aston Martin,1,11.0,True,Monaco,2024,False
ALO,78.126,67.0,2.0,20.43,36.803,20.893,205.0,186.0,258.0,277.0,True,MEDIUM,67.0,False,Aston Martin,1,11.0,True,Monaco,2024,False
ALO,77.939,68.0,2.0,20.313,36.659,20.967,206.0,187.0,258.0,277.0,True,MEDIUM,68.0,False,Aston Martin,1,11.0,True,Monaco,2024,False
ALO,78.713,69.0,2.0,20.291,36.863,21.559,206.0,187.0,258.0,277.0,False,MEDIUM,69.0,False,Aston Martin,1,11.0,True,Monaco,2024,False
ALO,78.473,70.0,2.0,20.526,37.059,20.888,206.0,187.0,257.0,277.0,False,MEDIUM,70.0,False,Aston Martin,1,11.0,True,Monaco,2024,False
ALO,78.133,71.0,2.0,20.279,36.942,20.912,206.0,183.0,258.0,277.0,False,MEDIUM,71.0,False,Aston Martin,1,11.0,True,Monaco,2024,False
ALO,78.081,72.0,2.0,20.306,36.945,20.83,208.0,189.0,258.0,277.0,False,MEDIUM,72.0,False,Aston Martin,1,11.0,True,Monaco,2024,False
ALO,78.504,73.0,2.0,20.282,37.265,20.957,206.0,183.0,258.0,278.0,False,MEDIUM,73.0,False,Aston Martin,1,11.0,True,Monaco,2024,False
ALO,80.336,74.0,2.0,20.465,38.628,21.243,201.0,176.0,259.0,277.0,False,MEDIUM,74.0,False,Aston Martin,1,11.0,True,Monaco,2024,False
ALO,78.663,75.0,2.0,20.459,37.336,20.868,203.0,188.0,259.0,280.0,False,MEDIUM,75.0,False,Aston Martin,1,11.0,True,Monaco,2024,False
ALO,79.053,76.0,2.0,20.583,37.332,21.138,205.0,186.0,258.0,280.0,False,MEDIUM,76.0,False,Aston Martin,1,11.0,True,Monaco,2024,False
RIC,89.656,3.0,2.0,26.535,40.832,22.289,167.0,171.0,258.0,283.0,True,HARD,3.0,False,RB,1,13.0,True,Monaco,2024,True
RIC,83.524,4.0,2.0,21.754,39.371,22.399,166.0,164.0,265.0,284.0,True,HARD,4.0,False,RB,1,13.0,True,Monaco,2024,False
RIC,83.744,5.0,2.0,22.171,39.212,22.361,179.0,173.0,262.0,283.0,False,HARD,5.0,False,RB,1,13.0,True,Monaco,2024,False
RIC,82.748,6.0,2.0,21.911,38.8,22.037,192.0,165.0,262.0,273.0,True,HARD,6.0,False,RB,1,13.0,True,Monaco,2024,False
RIC,82.747,7.0,2.0,22.074,38.612,22.061,180.0,164.0,264.0,272.0,True,HARD,7.0,False,RB,1,13.0,True,Monaco,2024,False
RIC,82.433,8.0,2.0,21.868,38.303,22.262,187.0,164.0,262.0,284.0,True,HARD,8.0,False,RB,1,13.0,True,Monaco,2024,False
RIC,81.528,9.0,2.0,21.451,38.022,22.055,194.0,165.0,261.0,272.0,True,HARD,9.0,False,RB,1,13.0,True,Monaco,2024,False
RIC,81.976,10.0,2.0,21.74,38.36,21.876,182.0,163.0,262.0,271.0,False,HARD,10.0,False,RB,1,13.0,True,Monaco,2024,False
RIC,81.53,11.0,2.0,21.7,37.977,21.853,184.0,164.0,262.0,274.0,False,HARD,11.0,False,RB,1,13.0,True,Monaco,2024,False
RIC,81.277,12.0,2.0,21.519,37.996,21.762,187.0,164.0,262.0,270.0,True,HARD,12.0,False,RB,1,13.0,True,Monaco,2024,False
RIC,81.416,13.0,2.0,21.45,38.193,21.773,183.0,167.0,262.0,266.0,False,HARD,13.0,False,RB,1,13.0,True,Monaco,2024,False
RIC,81.391,14.0,2.0,21.668,37.995,21.728,187.0,170.0,262.0,265.0,False,HARD,14.0,False,RB,1,13.0,True,Monaco,2024,False
RIC,81.177,15.0,2.0,21.389,38.171,21.617,191.0,171.0,259.0,274.0,True,HARD,15.0,False,RB,1,13.0,True,Monaco,2024,False
RIC,81.125,16.0,2.0,21.332,38.13,21.663,194.0,171.0,262.0,279.0,True,HARD,16.0,False,RB,1,13.0,True,Monaco,2024,False
RIC,80.862,17.0,2.0,21.334,37.899,21.629,190.0,169.0,261.0,280.0,True,HARD,17.0,False,RB,1,13.0,True,Monaco,2024,False
RIC,81.108,18.0,2.0,21.486,38.035,21.587,198.0,173.0,261.0,274.0,False,HARD,18.0,False,RB,1,13.0,True,Monaco,2024,False
RIC,81.31,19.0,2.0,21.437,38.184,21.689,191.0,175.0,255.0,282.0,False,HARD,19.0,False,RB,1,13.0,True,Monaco,2024,False
RIC,80.942,20.0,2.0,21.16,38.339,21.443,194.0,170.0,255.0,269.0,False,HARD,20.0,False,RB,1,13.0,True,Monaco,2024,False
RIC,80.817,21.0,2.0,21.205,37.822,21.79,199.0,174.0,253.0,278.0,True,HARD,21.0,False,RB,1,13.0,True,Monaco,2024,False
RIC,80.849,22.0,2.0,21.09,38.262,21.497,201.0,167.0,255.0,260.0,False,HARD,22.0,False,RB,1,13.0,True,Monaco,2024,False
RIC,80.662,23.0,2.0,21.236,37.948,21.478,196.0,179.0,254.0,266.0,True,HARD,23.0,False,RB,1,13.0,True,Monaco,2024,False
RIC,80.348,24.0,2.0,20.907,37.885,21.556,195.0,172.0,260.0,269.0,True,HARD,24.0,False,RB,1,13.0,True,Monaco,2024,False
RIC,81.029,25.0,2.0,21.168,37.992,21.869,191.0,173.0,261.0,271.0,False,HARD,25.0,False,RB,1,13.0,True,Monaco,2024,False
RIC,80.691,26.0,2.0,21.346,37.729,21.616,197.0,176.0,261.0,271.0,False,HARD,26.0,False,RB,1,13.0,True,Monaco,2024,False
RIC,81.365,27.0,2.0,21.579,37.917,21.869,194.0,167.0,260.0,272.0,False,HARD,27.0,False,RB,1,13.0,True,Monaco,2024,False
RIC,81.566,28.0,2.0,21.734,38.034,21.798,197.0,173.0,261.0,271.0,False,HARD,28.0,False,RB,1,13.0,True,Monaco,2024,False
RIC,81.265,29.0,2.0,21.618,37.943,21.704,200.0,173.0,262.0,272.0,False,HARD,29.0,False,RB,1,13.0,True,Monaco,2024,False
RIC,80.9,30.0,2.0,21.548,37.756,21.596,199.0,172.0,262.0,269.0,False,HARD,30.0,False,RB,1,13.0,True,Monaco,2024,False
RIC,80.703,31.0,2.0,21.417,37.636,21.65,200.0,177.0,261.0,273.0,False,HARD,31.0,False,RB,1,13.0,True,Monaco,2024,False
RIC,80.94,32.0,2.0,21.516,37.91,21.514,200.0,168.0,263.0,266.0,False,HARD,32.0,False,RB,1,13.0,True,Monaco,2024,False
RIC,80.395,33.0,2.0,21.207,37.445,21.743,199.0,171.0,262.0,277.0,False,HARD,33.0,False,RB,1,13.0,True,Monaco,2024,False
RIC,80.84,34.0,2.0,21.215,37.682,21.943,184.0,183.0,261.0,277.0,False,HARD,34.0,False,RB,1,13.0,True,Monaco,2024,False
RIC,80.54,35.0,2.0,21.105,37.755,21.68,205.0,172.0,262.0,276.0,False,HARD,35.0,False,RB,1,13.0,True,Monaco,2024,False
RIC,81.126,36.0,2.0,21.513,38.035,21.578,196.0,169.0,262.0,272.0,False,HARD,36.0,False,RB,1,13.0,True,Monaco,2024,False
RIC,81.358,37.0,2.0,21.582,38.074,21.702,198.0,171.0,264.0,272.0,False,HARD,37.0,False,RB,1,13.0,True,Monaco,2024,False
RIC,81.099,38.0,2.0,21.613,37.83,21.656,199.0,175.0,264.0,271.0,False,HARD,38.0,False,RB,1,13.0,True,Monaco,2024,False
RIC,81.255,39.0,2.0,21.466,38.163,21.626,197.0,175.0,264.0,270.0,False,HARD,39.0,False,RB,1,13.0,True,Monaco,2024,False
RIC,80.87,40.0,2.0,21.292,38.038,21.54,199.0,183.0,263.0,268.0,False,HARD,40.0,False,RB,1,13.0,True,Monaco,2024,False
RIC,85.218,41.0,2.0,22.294,38.546,24.378,161.0,154.0,262.0,268.0,False,HARD,41.0,False,RB,1,13.0,True,Monaco,2024,True
RIC,81.527,42.0,2.0,21.932,38.194,21.401,175.0,181.0,264.0,273.0,False,HARD,42.0,False,RB,1,13.0,True,Monaco,2024,False
RIC,81.053,43.0,2.0,21.041,38.257,21.755,188.0,175.0,257.0,256.0,False,HARD,43.0,False,RB,1,13.0,True,Monaco,2024,False
RIC,78.003,44.0,2.0,20.37,36.746,20.887,195.0,192.0,265.0,279.0,True,HARD,44.0,False,RB,1,13.0,True,Monaco,2024,False
RIC,81.761,45.0,2.0,21.241,38.59,21.93,192.0,170.0,255.0,266.0,False,HARD,45.0,False,RB,1,13.0,True,Monaco,2024,False
RIC,77.172,46.0,2.0,20.128,36.366,20.678,200.0,191.0,265.0,279.0,True,HARD,46.0,False,RB,1,13.0,True,Monaco,2024,False
RIC,81.071,47.0,2.0,21.023,37.949,22.099,191.0,171.0,255.0,269.0,False,HARD,47.0,False,RB,1,13.0,True,Monaco,2024,False
RIC,78.282,48.0,2.0,20.173,36.242,21.867,204.0,181.0,264.0,278.0,False,HARD,48.0,False,RB,1,12.0,True,Monaco,2024,False
RIC,79.837,49.0,2.0,21.326,37.163,21.348,197.0,183.0,265.0,280.0,False,HARD,49.0,False,RB,1,12.0,True,Monaco,2024,False
RIC,79.796,50.0,2.0,21.024,37.197,21.575,196.0,183.0,262.0,280.0,False,HARD,50.0,False,RB,1,12.0,True,Monaco,2024,False
RIC,80.079,53.0,2.0,21.237,37.601,21.241,187.0,177.0,267.0,280.0,False,HARD,53.0,False,RB,1,12.0,True,Monaco,2024,False
RIC,79.176,54.0,2.0,20.964,37.136,21.076,203.0,183.0,267.0,280.0,False,HARD,54.0,False,RB,1,12.0,True,Monaco,2024,False
RIC,79.457,55.0,2.0,21.059,37.324,21.074,201.0,185.0,266.0,278.0,False,HARD,55.0,False,RB,1,12.0,True,Monaco,2024,False
RIC,82.007,56.0,2.0,21.726,37.908,22.373,154.0,173.0,226.0,271.0,False,HARD,56.0,False,RB,1,12.0,True,Monaco,2024,False
RIC,79.672,57.0,2.0,21.529,37.023,21.12,200.0,182.0,263.0,278.0,False,HARD,57.0,False,RB,1,12.0,True,Monaco,2024,False
RIC,79.119,58.0,2.0,20.707,37.181,21.231,200.0,188.0,264.0,280.0,False,HARD,58.0,False,RB,1,12.0,True,Monaco,2024,False
RIC,78.936,59.0,2.0,20.851,37.117,20.968,197.0,190.0,268.0,279.0,False,HARD,59.0,False,RB,1,12.0,True,Monaco,2024,False
RIC,79.23,60.0,2.0,21.09,37.077,21.063,204.0,184.0,265.0,279.0,False,HARD,60.0,False,RB,1,12.0,True,Monaco,2024,False
RIC,78.771,61.0,2.0,20.756,37.022,20.993,203.0,187.0,265.0,280.0,False,HARD,61.0,False,RB,1,12.0,True,Monaco,2024,False
RIC,78.977,62.0,2.0,20.906,37.002,21.069,204.0,181.0,264.0,280.0,False,HARD,62.0,False,RB,1,12.0,True,Monaco,2024,False
RIC,78.805,63.0,2.0,20.639,36.954,21.212,204.0,182.0,264.0,279.0,False,HARD,63.0,False,RB,1,12.0,True,Monaco,2024,False
RIC,78.637,64.0,2.0,20.598,37.056,20.983,206.0,183.0,265.0,273.0,False,HARD,64.0,False,RB,1,12.0,True,Monaco,2024,False
RIC,78.73,65.0,2.0,20.594,36.983,21.153,201.0,184.0,264.0,273.0,False,HARD,65.0,False,RB,1,12.0,True,Monaco,2024,False
RIC,78.248,66.0,2.0,20.435,36.938,20.875,202.0,185.0,267.0,280.0,False,HARD,66.0,False,RB,1,12.0,True,Monaco,2024,False
RIC,78.219,67.0,2.0,20.633,36.902,20.684,199.0,189.0,266.0,274.0,False,HARD,67.0,False,RB,1,12.0,True,Monaco,2024,False
RIC,78.116,68.0,2.0,20.473,36.811,20.832,202.0,191.0,265.0,275.0,False,HARD,68.0,False,RB,1,12.0,True,Monaco,2024,False
RIC,78.386,69.0,2.0,20.405,36.982,20.999,202.0,189.0,267.0,279.0,False,HARD,69.0,False,RB,1,12.0,True,Monaco,2024,False
RIC,78.706,70.0,2.0,20.715,36.965,21.026,201.0,190.0,264.0,279.0,False,HARD,70.0,False,RB,1,12.0,True,Monaco,2024,False
RIC,78.108,71.0,2.0,20.438,36.822,20.848,203.0,191.0,266.0,279.0,False,HARD,71.0,False,RB,1,12.0,True,Monaco,2024,False
RIC,78.068,72.0,2.0,20.507,36.906,20.655,204.0,188.0,266.0,273.0,False,HARD,72.0,False,RB,1,12.0,True,Monaco,2024,False
RIC,78.512,73.0,2.0,20.501,36.922,21.089,200.0,186.0,266.0,276.0,False,HARD,73.0,False,RB,1,12.0,True,Monaco,2024,False
RIC,80.358,74.0,2.0,21.82,37.37,21.168,143.0,180.0,266.0,280.0,False,HARD,74.0,False,RB,1,12.0,True,Monaco,2024,False
RIC,78.645,75.0,2.0,20.617,37.121,20.907,199.0,186.0,267.0,282.0,False,HARD,75.0,False,RB,1,12.0,True,Monaco,2024,False
RIC,78.93,76.0,2.0,20.56,37.196,21.174,202.0,182.0,265.0,281.0,False,HARD,76.0,False,RB,1,12.0,True,Monaco,2024,False
BOT,89.743,3.0,2.0,26.404,41.019,22.32,170.0,170.0,257.0,282.0,True,MEDIUM,2.0,True,Kick Sauber,1,14.0,True,Monaco,2024,False
BOT,83.386,4.0,2.0,21.552,39.408,22.426,174.0,174.0,266.0,282.0,True,MEDIUM,3.0,True,Kick Sauber,1,14.0,True,Monaco,2024,False
BOT,83.636,5.0,2.0,22.024,39.36,22.252,178.0,176.0,267.0,283.0,False,MEDIUM,4.0,True,Kick Sauber,1,14.0,True,Monaco,2024,False
BOT,82.868,6.0,2.0,22.058,38.681,22.129,179.0,173.0,267.0,284.0,True,MEDIUM,5.0,True,Kick Sauber,1,14.0,True,Monaco,2024,False
BOT,82.832,7.0,2.0,22.041,38.592,22.199,180.0,176.0,267.0,283.0,True,MEDIUM,6.0,True,Kick Sauber,1,14.0,True,Monaco,2024,False
BOT,82.249,8.0,2.0,21.812,38.218,22.219,177.0,174.0,269.0,284.0,True,MEDIUM,7.0,True,Kick Sauber,1,14.0,True,Monaco,2024,False
BOT,81.715,9.0,2.0,21.618,37.945,22.152,194.0,174.0,264.0,281.0,True,MEDIUM,8.0,True,Kick Sauber,1,14.0,True,Monaco,2024,False
BOT,81.947,10.0,2.0,21.679,38.267,22.001,175.0,176.0,265.0,283.0,False,MEDIUM,9.0,True,Kick Sauber,1,14.0,True,Monaco,2024,False
BOT,81.547,11.0,2.0,21.731,37.814,22.002,171.0,175.0,265.0,282.0,True,MEDIUM,10.0,True,Kick Sauber,1,14.0,True,Monaco,2024,False
BOT,81.328,12.0,2.0,21.655,37.769,21.904,185.0,176.0,266.0,281.0,True,MEDIUM,11.0,True,Kick Sauber,1,14.0,True,Monaco,2024,False
BOT,81.54,13.0,2.0,21.584,37.888,22.068,181.0,174.0,264.0,282.0,False,MEDIUM,12.0,True,Kick Sauber,1,14.0,True,Monaco,2024,False
BOT,81.221,14.0,2.0,21.574,37.928,21.719,185.0,178.0,265.0,283.0,True,MEDIUM,13.0,True,Kick Sauber,1,14.0,True,Monaco,2024,False
BOT,97.899,15.0,2.0,21.517,38.162,38.22,191.0,180.0,259.0,281.0,False,MEDIUM,14.0,True,Kick Sauber,1,16.0,False,Monaco,2024,True
BOT,80.012,16.0,3.0,23.131,36.402,20.479,195.0,188.0,254.0,274.0,False,HARD,2.0,False,Kick Sauber,1,16.0,False,Monaco,2024,False
BOT,76.561,17.0,3.0,20.39,35.884,20.287,203.0,188.0,255.0,275.0,True,HARD,3.0,False,Kick Sauber,1,16.0,True,Monaco,2024,True
BOT,76.567,18.0,3.0,20.228,35.938,20.401,203.0,188.0,255.0,277.0,False,HARD,4.0,False,Kick Sauber,1,16.0,True,Monaco,2024,True
BOT,77.829,19.0,3.0,20.158,36.855,20.816,205.0,183.0,256.0,279.0,False,HARD,5.0,False,Kick Sauber,1,16.0,True,Monaco,2024,False
BOT,79.124,20.0,3.0,20.653,37.12,21.351,198.0,179.0,264.0,280.0,False,HARD,6.0,False,Kick Sauber,1,16.0,True,Monaco,2024,False
BOT,80.462,21.0,3.0,20.932,37.656,21.874,187.0,179.0,266.0,282.0,False,HARD,7.0,False,Kick Sauber,1,16.0,True,Monaco,2024,False
BOT,81.022,22.0,3.0,21.302,38.132,21.588,187.0,179.0,266.0,278.0,False,HARD,8.0,False,Kick Sauber,1,16.0,True,Monaco,2024,False
BOT,80.75,23.0,3.0,21.34,37.86,21.55,186.0,178.0,266.0,281.0,False,HARD,9.0,False,Kick Sauber,1,16.0,True,Monaco,2024,False
BOT,80.564,24.0,3.0,21.134,37.742,21.688,184.0,176.0,265.0,279.0,False,HARD,10.0,False,Kick Sauber,1,16.0,True,Monaco,2024,False
BOT,80.783,25.0,3.0,21.287,37.715,21.781,184.0,180.0,265.0,280.0,False,HARD,11.0,False,Kick Sauber,1,16.0,True,Monaco,2024,False
BOT,80.851,26.0,3.0,21.321,38.06,21.47,181.0,179.0,265.0,280.0,False,HARD,12.0,False,Kick Sauber,1,16.0,True,Monaco,2024,False
BOT,81.37,27.0,3.0,21.378,38.235,21.757,181.0,177.0,264.0,275.0,False,HARD,13.0,False,Kick Sauber,1,16.0,True,Monaco,2024,False
BOT,81.765,28.0,3.0,21.32,38.759,21.686,185.0,175.0,258.0,267.0,False,HARD,14.0,False,Kick Sauber,1,16.0,True,Monaco,2024,False
BOT,80.857,29.0,3.0,21.182,38.157,21.518,177.0,178.0,267.0,280.0,False,HARD,15.0,False,Kick Sauber,1,16.0,True,Monaco,2024,False
BOT,81.47,30.0,3.0,21.597,38.18,21.693,181.0,179.0,264.0,276.0,False,HARD,16.0,False,Kick Sauber,1,16.0,True,Monaco,2024,False
BOT,80.752,31.0,3.0,21.297,37.99,21.465,176.0,179.0,259.0,279.0,False,HARD,17.0,False,Kick Sauber,1,16.0,True,Monaco,2024,False
BOT,80.658,32.0,3.0,21.194,38.049,21.415,183.0,181.0,267.0,278.0,False,HARD,18.0,False,Kick Sauber,1,16.0,True,Monaco,2024,False
BOT,80.525,33.0,3.0,21.168,37.732,21.625,183.0,179.0,266.0,279.0,False,HARD,19.0,False,Kick Sauber,1,16.0,True,Monaco,2024,False
BOT,80.903,34.0,3.0,21.158,37.737,22.008,181.0,180.0,264.0,279.0,False,HARD,20.0,False,Kick Sauber,1,16.0,True,Monaco,2024,False
BOT,80.254,35.0,3.0,21.49,37.533,21.231,180.0,181.0,266.0,280.0,False,HARD,21.0,False,Kick Sauber,1,16.0,True,Monaco,2024,False
BOT,81.196,36.0,3.0,21.252,38.201,21.743,176.0,178.0,265.0,278.0,False,HARD,22.0,False,Kick Sauber,1,16.0,True,Monaco,2024,False
BOT,81.386,37.0,3.0,21.278,38.735,21.373,176.0,177.0,260.0,272.0,False,HARD,23.0,False,Kick Sauber,1,16.0,True,Monaco,2024,False
BOT,80.948,38.0,3.0,21.29,38.072,21.586,176.0,179.0,267.0,274.0,False,HARD,24.0,False,Kick Sauber,1,16.0,True,Monaco,2024,False
BOT,83.172,39.0,3.0,21.351,38.707,23.114,178.0,172.0,232.0,278.0,False,HARD,25.0,False,Kick Sauber,1,16.0,True,Monaco,2024,True
BOT,83.591,40.0,3.0,25.699,36.982,20.91,184.0,184.0,261.0,281.0,False,HARD,26.0,False,Kick Sauber,1,16.0,True,Monaco,2024,True
BOT,80.23,41.0,3.0,20.84,37.609,21.781,184.0,176.0,267.0,282.0,False,HARD,27.0,False,Kick Sauber,1,16.0,True,Monaco,2024,False
BOT,82.109,42.0,3.0,21.522,38.992,21.595,166.0,177.0,267.0,280.0,False,HARD,28.0,False,Kick Sauber,1,16.0,True,Monaco,2024,False
BOT,80.912,43.0,3.0,21.295,37.891,21.726,185.0,178.0,266.0,282.0,False,HARD,29.0,False,Kick Sauber,1,16.0,True,Monaco,2024,False
BOT,79.772,44.0,3.0,20.988,37.634,21.15,191.0,182.0,259.0,282.0,False,HARD,30.0,False,Kick Sauber,1,16.0,True,Monaco,2024,False
BOT,80.043,45.0,3.0,20.596,37.595,21.852,199.0,177.0,268.0,283.0,False,HARD,31.0,False,Kick Sauber,1,16.0,True,Monaco,2024,False
BOT,80.417,46.0,3.0,21.056,38.04,21.321,180.0,180.0,267.0,278.0,False,HARD,32.0,False,Kick Sauber,1,16.0,True,Monaco,2024,False
BOT,82.969,47.0,3.0,21.815,40.364,20.79,96.0,186.0,267.0,281.0,False,HARD,33.0,False,Kick Sauber,1,16.0,True,Monaco,2024,True
BOT,80.562,48.0,3.0,20.614,36.907,23.041,189.0,185.0,266.0,282.0,False,HARD,34.0,False,Kick Sauber,1,15.0,True,Monaco,2024,False
BOT,80.818,49.0,3.0,21.0,38.43,21.388,166.0,176.0,268.0,286.0,False,HARD,35.0,False,Kick Sauber,1,15.0,True,Monaco,2024,False
BOT,80.239,50.0,3.0,21.11,37.782,21.347,187.0,181.0,266.0,284.0,False,HARD,36.0,False,Kick Sauber,1,14.0,True,Monaco,2024,False
BOT,77.202,52.0,3.0,20.149,36.375,20.678,203.0,187.0,259.0,278.0,False,HARD,38.0,False,Kick Sauber,1,13.0,True,Monaco,2024,False
BOT,78.456,53.0,3.0,20.365,36.897,21.194,199.0,180.0,269.0,281.0,False,HARD,39.0,False,Kick Sauber,1,13.0,True,Monaco,2024,False
BOT,79.403,54.0,3.0,21.01,37.292,21.101,185.0,183.0,268.0,282.0,False,HARD,40.0,False,Kick Sauber,1,13.0,True,Monaco,2024,False
BOT,80.375,55.0,3.0,20.934,37.504,21.937,189.0,183.0,215.0,281.0,False,HARD,41.0,False,Kick Sauber,1,13.0,True,Monaco,2024,False
BOT,81.657,56.0,3.0,20.934,39.91,20.813,184.0,175.0,261.0,284.0,False,HARD,42.0,False,Kick Sauber,1,13.0,True,Monaco,2024,False
BOT,78.994,57.0,3.0,20.852,37.066,21.076,192.0,184.0,268.0,283.0,False,HARD,43.0,False,Kick Sauber,1,13.0,True,Monaco,2024,False
BOT,79.28,58.0,3.0,20.765,37.415,21.1,194.0,183.0,267.0,282.0,False,HARD,44.0,False,Kick Sauber,1,13.0,True,Monaco,2024,False
BOT,78.999,59.0,3.0,20.786,37.292,20.921,191.0,184.0,268.0,282.0,False,HARD,45.0,False,Kick Sauber,1,13.0,True,Monaco,2024,False
BOT,79.069,60.0,3.0,20.849,37.273,20.947,188.0,184.0,269.0,282.0,False,HARD,46.0,False,Kick Sauber,1,13.0,True,Monaco,2024,False
BOT,78.623,61.0,3.0,20.646,37.139,20.838,195.0,184.0,270.0,283.0,False,HARD,47.0,False,Kick Sauber,1,13.0,True,Monaco,2024,False
BOT,78.964,62.0,3.0,20.844,37.164,20.956,191.0,181.0,269.0,283.0,False,HARD,48.0,False,Kick Sauber,1,13.0,True,Monaco,2024,False
BOT,79.024,63.0,3.0,20.788,36.997,21.239,200.0,183.0,269.0,282.0,False,HARD,49.0,False,Kick Sauber,1,13.0,True,Monaco,2024,False
BOT,78.531,64.0,3.0,20.483,36.993,21.055,203.0,183.0,269.0,281.0,False,HARD,50.0,False,Kick Sauber,1,13.0,True,Monaco,2024,False
BOT,78.642,65.0,3.0,20.564,37.167,20.911,191.0,183.0,270.0,281.0,False,HARD,51.0,False,Kick Sauber,1,13.0,True,Monaco,2024,False
BOT,78.383,66.0,3.0,20.511,36.989,20.883,192.0,182.0,269.0,281.0,False,HARD,52.0,False,Kick Sauber,1,13.0,True,Monaco,2024,False
BOT,78.467,67.0,3.0,20.673,37.024,20.77,189.0,185.0,268.0,280.0,False,HARD,53.0,False,Kick Sauber,1,13.0,True,Monaco,2024,False
BOT,78.052,68.0,3.0,20.418,36.904,20.73,194.0,187.0,269.0,280.0,False,HARD,54.0,False,Kick Sauber,1,13.0,True,Monaco,2024,False
BOT,78.088,69.0,3.0,20.388,36.787,20.913,197.0,183.0,268.0,282.0,False,HARD,55.0,False,Kick Sauber,1,13.0,True,Monaco,2024,False
BOT,78.778,70.0,3.0,20.81,37.145,20.823,193.0,183.0,269.0,281.0,False,HARD,56.0,False,Kick Sauber,1,13.0,True,Monaco,2024,False
BOT,78.104,71.0,3.0,20.559,36.926,20.619,194.0,183.0,270.0,281.0,False,HARD,57.0,False,Kick Sauber,1,13.0,True,Monaco,2024,False
BOT,78.347,72.0,3.0,20.615,36.905,20.827,198.0,182.0,268.0,281.0,False,HARD,58.0,False,Kick Sauber,1,13.0,True,Monaco,2024,False
BOT,80.068,73.0,3.0,20.643,38.66,20.765,196.0,177.0,269.0,280.0,False,HARD,59.0,False,Kick Sauber,1,13.0,True,Monaco,2024,False
BOT,78.318,74.0,3.0,20.309,36.981,21.028,189.0,180.0,271.0,285.0,False,HARD,60.0,False,Kick Sauber,1,13.0,True,Monaco,2024,False
BOT,78.779,75.0,3.0,20.906,37.135,20.738,195.0,180.0,272.0,284.0,False,HARD,61.0,False,Kick Sauber,1,13.0,True,Monaco,2024,False
BOT,78.774,76.0,3.0,20.593,37.242,20.939,193.0,184.0,270.0,283.0,False,HARD,62.0,False,Kick Sauber,1,13.0,True,Monaco,2024,False
STR,88.303,3.0,2.0,25.677,40.557,22.069,165.0,177.0,262.0,270.0,True,MEDIUM,3.0,False,Aston Martin,1,11.0,True,Monaco,2024,True
STR,83.354,4.0,2.0,22.061,39.219,22.074,170.0,178.0,269.0,278.0,True,MEDIUM,4.0,False,Aston Martin,1,11.0,True,Monaco,2024,False
STR,83.731,5.0,2.0,22.635,39.111,21.985,164.0,176.0,266.0,270.0,False,MEDIUM,5.0,False,Aston Martin,1,11.0,True,Monaco,2024,False
STR,82.977,6.0,2.0,22.27,38.549,22.158,167.0,175.0,266.0,285.0,True,MEDIUM,6.0,False,Aston Martin,1,11.0,True,Monaco,2024,False
STR,82.634,7.0,2.0,22.108,38.619,21.907,165.0,180.0,259.0,277.0,True,MEDIUM,7.0,False,Aston Martin,1,11.0,True,Monaco,2024,False
STR,81.653,8.0,2.0,21.713,38.133,21.807,170.0,179.0,259.0,268.0,True,MEDIUM,8.0,False,Aston Martin,1,11.0,True,Monaco,2024,False
STR,82.09,9.0,2.0,21.688,38.358,22.044,168.0,181.0,265.0,268.0,False,MEDIUM,9.0,False,Aston Martin,1,11.0,True,Monaco,2024,False
STR,81.725,10.0,2.0,21.646,38.242,21.837,172.0,176.0,259.0,272.0,False,MEDIUM,10.0,False,Aston Martin,1,11.0,True,Monaco,2024,False
STR,81.517,11.0,2.0,21.36,38.334,21.823,175.0,176.0,257.0,275.0,True,MEDIUM,11.0,False,Aston Martin,1,11.0,True,Monaco,2024,False
STR,81.471,12.0,2.0,21.177,38.425,21.869,169.0,164.0,258.0,268.0,True,MEDIUM,12.0,False,Aston Martin,1,11.0,True,Monaco,2024,False
STR,81.314,13.0,2.0,21.223,38.017,22.074,170.0,172.0,256.0,268.0,True,MEDIUM,13.0,False,Aston Martin,1,11.0,True,Monaco,2024,False
STR,80.427,14.0,2.0,20.801,37.389,22.237,193.0,182.0,256.0,267.0,True,MEDIUM,14.0,False,Aston Martin,1,11.0,True,Monaco,2024,False
STR,80.781,15.0,2.0,21.07,37.758,21.953,181.0,170.0,257.0,275.0,False,MEDIUM,15.0,False,Aston Martin,1,11.0,True,Monaco,2024,False
STR,81.189,16.0,2.0,21.576,37.784,21.829,168.0,182.0,255.0,276.0,False,MEDIUM,16.0,False,Aston Martin,1,11.0,True,Monaco,2024,False
STR,81.97,17.0,2.0,21.68,38.423,21.867,156.0,182.0,255.0,271.0,False,MEDIUM,17.0,False,Aston Martin,1,11.0,True,Monaco,2024,False
STR,80.698,18.0,2.0,21.328,37.86,21.51,177.0,182.0,255.0,273.0,False,MEDIUM,18.0,False,Aston Martin,1,11.0,True,Monaco,2024,False
STR,80.353,19.0,2.0,21.281,37.134,21.938,182.0,181.0,255.0,279.0,True,MEDIUM,19.0,False,Aston Martin,1,11.0,True,Monaco,2024,False
STR,79.398,20.0,2.0,20.88,37.147,21.371,186.0,183.0,257.0,279.0,True,MEDIUM,20.0,False,Aston Martin,1,11.0,True,Monaco,2024,False
STR,79.016,21.0,2.0,20.854,37.059,21.103,186.0,184.0,250.0,281.0,True,MEDIUM,21.0,False,Aston Martin,1,11.0,True,Monaco,2024,False
STR,81.307,22.0,2.0,21.677,37.718,21.912,170.0,181.0,260.0,277.0,False,MEDIUM,22.0,False,Aston Martin,1,11.0,True,Monaco,2024,False
STR,81.188,23.0,2.0,21.372,38.086,21.73,175.0,176.0,259.0,262.0,False,MEDIUM,23.0,False,Aston Martin,1,11.0,True,Monaco,2024,False
STR,81.621,24.0,2.0,21.615,38.073,21.933,184.0,179.0,259.0,274.0,False,MEDIUM,24.0,False,Aston Martin,1,11.0,True,Monaco,2024,False
STR,80.506,25.0,2.0,21.01,37.97,21.526,189.0,181.0,257.0,279.0,False,MEDIUM,25.0,False,Aston Martin,1,11.0,True,Monaco,2024,False
STR,80.589,26.0,2.0,21.064,37.845,21.68,183.0,179.0,258.0,279.0,False,MEDIUM,26.0,False,Aston Martin,1,11.0,True,Monaco,2024,False
STR,80.307,27.0,2.0,20.676,37.768,21.863,189.0,175.0,258.0,276.0,False,MEDIUM,27.0,False,Aston Martin,1,11.0,True,Monaco,2024,False
STR,80.131,28.0,2.0,21.068,37.569,21.494,187.0,174.0,259.0,277.0,False,MEDIUM,28.0,False,Aston Martin,1,11.0,True,Monaco,2024,False
STR,79.464,29.0,2.0,20.986,37.085,21.393,190.0,185.0,257.0,279.0,False,MEDIUM,29.0,False,Aston Martin,1,11.0,True,Monaco,2024,False
STR,81.422,30.0,2.0,21.242,37.987,22.193,167.0,172.0,259.0,278.0,False,MEDIUM,30.0,False,Aston Martin,1,11.0,True,Monaco,2024,False
STR,82.535,31.0,2.0,22.064,38.602,21.869,166.0,177.0,258.0,274.0,False,MEDIUM,31.0,False,Aston Martin,1,11.0,True,Monaco,2024,False
STR,81.252,32.0,2.0,21.475,37.876,21.901,177.0,177.0,258.0,276.0,False,MEDIUM,32.0,False,Aston Martin,1,11.0,True,Monaco,2024,False
STR,80.536,33.0,2.0,21.06,37.742,21.734,179.0,178.0,258.0,276.0,False,MEDIUM,33.0,False,Aston Martin,1,11.0,True,Monaco,2024,False
STR,79.789,34.0,2.0,20.814,37.648,21.327,183.0,185.0,259.0,274.0,False,MEDIUM,34.0,False,Aston Martin,1,11.0,True,Monaco,2024,False
STR,79.497,35.0,2.0,20.895,37.055,21.547,177.0,184.0,260.0,280.0,False,MEDIUM,35.0,False,Aston Martin,1,11.0,True,Monaco,2024,False
STR,79.297,36.0,2.0,20.785,37.112,21.4,191.0,180.0,259.0,280.0,False,MEDIUM,36.0,False,Aston Martin,1,11.0,True,Monaco,2024,False
STR,79.638,37.0,2.0,20.936,37.247,21.455,185.0,185.0,266.0,278.0,False,MEDIUM,37.0,False,Aston Martin,1,11.0,True,Monaco,2024,False
STR,79.706,38.0,2.0,21.191,37.187,21.328,186.0,185.0,258.0,279.0,False,MEDIUM,38.0,False,Aston Martin,1,11.0,True,Monaco,2024,False
STR,79.867,39.0,2.0,21.184,37.236,21.447,182.0,184.0,266.0,279.0,False,MEDIUM,39.0,False,Aston Martin,1,11.0,True,Monaco,2024,False
STR,80.45,40.0,2.0,21.374,37.532,21.544,190.0,184.0,266.0,277.0,False,MEDIUM,40.0,False,Aston Martin,1,11.0,True,Monaco,2024,False
STR,80.2,41.0,2.0,21.21,37.513,21.477,190.0,186.0,266.0,278.0,False,MEDIUM,41.0,False,Aston Martin,1,11.0,True,Monaco,2024,False
STR,97.062,42.0,2.0,21.187,37.289,38.586,191.0,186.0,259.0,280.0,False,MEDIUM,42.0,False,Aston Martin,1,11.0,False,Monaco,2024,True
STR,82.775,43.0,3.0,24.327,37.385,21.063,183.0,183.0,260.0,280.0,False,HARD,3.0,False,Aston Martin,1,11.0,False,Monaco,2024,False
STR,78.551,44.0,3.0,20.552,37.005,20.994,182.0,186.0,260.0,278.0,True,HARD,4.0,False,Aston Martin,1,11.0,True,Monaco,2024,False
STR,78.806,45.0,3.0,20.484,37.023,21.299,187.0,188.0,259.0,279.0,False,HARD,5.0,False,Aston Martin,1,11.0,True,Monaco,2024,False
STR,78.296,46.0,3.0,20.529,36.671,21.096,192.0,184.0,259.0,281.0,True,HARD,6.0,False,Aston Martin,1,11.0,True,Monaco,2024,False
STR,78.062,47.0,3.0,20.222,36.815,21.025,187.0,185.0,260.0,279.0,True,HARD,7.0,False,Aston Martin,1,11.0,True,Monaco,2024,False
STR,109.132,48.0,3.0,20.243,40.645,48.244,187.0,128.0,259.0,280.0,False,HARD,8.0,False,Aston Martin,1,16.0,False,Monaco,2024,True
STR,79.089,49.0,4.0,22.278,35.985,20.826,194.0,189.0,259.0,278.0,False,SOFT,1.0,True,Aston Martin,1,16.0,False,Monaco,2024,False
STR,77.788,50.0,4.0,20.305,36.497,20.986,195.0,184.0,259.0,280.0,True,SOFT,2.0,True,Aston Martin,1,16.0,True,Monaco,2024,False
STR,77.35,52.0,4.0,20.008,36.517,20.825,196.0,189.0,260.0,281.0,False,SOFT,4.0,True,Aston Martin,1,16.0,True,Monaco,2024,False
STR,81.547,53.0,4.0,20.14,38.505,22.902,198.0,181.0,267.0,250.0,False,SOFT,5.0,True,Aston Martin,1,16.0,True,Monaco,2024,True
STR,80.571,54.0,4.0,20.602,38.634,21.335,178.0,179.0,272.0,273.0,False,SOFT,6.0,True,Aston Martin,1,16.0,True,Monaco,2024,False
STR,79.963,55.0,4.0,21.262,37.584,21.117,186.0,185.0,260.0,262.0,False,SOFT,7.0,True,Aston Martin,1,15.0,True,Monaco,2024,False
STR,77.279,56.0,4.0,20.547,35.89,20.842,200.0,188.0,259.0,278.0,False,SOFT,8.0,True,Aston Martin,1,14.0,True,Monaco,2024,False
STR,76.914,57.0,4.0,20.106,35.937,20.871,202.0,188.0,261.0,281.0,True,SOFT,9.0,True,Aston Martin,1,14.0,True,Monaco,2024,False
STR,77.156,58.0,4.0,20.193,36.244,20.719,198.0,191.0,260.0,281.0,False,SOFT,10.0,True,Aston Martin,1,14.0,True,Monaco,2024,False
STR,76.71,59.0,4.0,19.891,35.991,20.828,200.0,189.0,263.0,281.0,True,SOFT,11.0,True,Aston Martin,1,14.0,True,Monaco,2024,False
STR,77.326,60.0,4.0,20.162,36.547,20.617,196.0,189.0,271.0,278.0,False,SOFT,12.0,True,Aston Martin,1,14.0,True,Monaco,2024,False
STR,78.298,61.0,4.0,20.494,36.945,20.859,190.0,185.0,274.0,283.0,False,SOFT,13.0,True,Aston Martin,1,14.0,True,Monaco,2024,False
STR,79.07,62.0,4.0,20.936,37.065,21.069,189.0,186.0,273.0,283.0,False,SOFT,14.0,True,Aston Martin,1,14.0,True,Monaco,2024,False
STR,79.1,63.0,4.0,20.758,36.95,21.392,194.0,184.0,272.0,283.0,False,SOFT,15.0,True,Aston Martin,1,14.0,True,Monaco,2024,False
STR,78.425,64.0,4.0,20.463,36.961,21.001,194.0,187.0,273.0,282.0,False,SOFT,16.0,True,Aston Martin,1,14.0,True,Monaco,2024,False
STR,78.732,65.0,4.0,20.644,37.021,21.067,196.0,187.0,270.0,282.0,False,SOFT,17.0,True,Aston Martin,1,14.0,True,Monaco,2024,False
STR,78.748,66.0,4.0,20.611,37.007,21.13,199.0,189.0,271.0,281.0,False,SOFT,18.0,True,Aston Martin,1,14.0,True,Monaco,2024,False
STR,78.636,67.0,4.0,20.703,36.929,21.004,196.0,186.0,270.0,281.0,False,SOFT,19.0,True,Aston Martin,1,14.0,True,Monaco,2024,False
STR,78.057,68.0,4.0,20.359,36.667,21.031,198.0,187.0,270.0,281.0,False,SOFT,20.0,True,Aston Martin,1,14.0,True,Monaco,2024,False
STR,78.275,69.0,4.0,20.38,36.796,21.099,197.0,186.0,264.0,281.0,False,SOFT,21.0,True,Aston Martin,1,14.0,True,Monaco,2024,False
STR,78.557,70.0,4.0,20.529,37.064,20.964,194.0,191.0,271.0,281.0,False,SOFT,22.0,True,Aston Martin,1,14.0,True,Monaco,2024,False
STR,78.464,71.0,4.0,20.412,36.958,21.094,200.0,189.0,263.0,281.0,False,SOFT,23.0,True,Aston Martin,1,14.0,True,Monaco,2024,False
STR,78.332,72.0,4.0,20.367,37.025,20.94,197.0,189.0,262.0,280.0,False,SOFT,24.0,True,Aston Martin,1,14.0,True,Monaco,2024,False
STR,80.709,73.0,4.0,20.332,39.233,21.144,199.0,189.0,262.0,281.0,False,SOFT,25.0,True,Aston Martin,1,14.0,True,Monaco,2024,False
STR,78.23,74.0,4.0,20.371,36.747,21.112,195.0,189.0,263.0,280.0,False,SOFT,26.0,True,Aston Martin,1,14.0,True,Monaco,2024,False
STR,78.511,75.0,4.0,20.386,37.011,21.114,197.0,187.0,264.0,282.0,False,SOFT,27.0,True,Aston Martin,1,14.0,True,Monaco,2024,False
STR,78.623,76.0,4.0,20.405,37.002,21.216,194.0,188.0,243.0,281.0,False,SOFT,28.0,True,Aston Martin,1,14.0,True,Monaco,2024,False
SAR,90.077,3.0,2.0,26.856,40.929,22.292,168.0,172.0,258.0,281.0,True,HARD,3.0,False,Williams,1,15.0,True,Monaco,2024,True
SAR,83.682,4.0,2.0,21.741,39.183,22.758,180.0,169.0,265.0,277.0,True,HARD,4.0,False,Williams,1,15.0,True,Monaco,2024,False
SAR,83.674,5.0,2.0,21.831,39.228,22.615,177.0,172.0,266.0,279.0,True,HARD,5.0,False,Williams,1,15.0,True,Monaco,2024,False
SAR,82.739,6.0,2.0,21.755,38.678,22.306,177.0,165.0,264.0,276.0,True,HARD,6.0,False,Williams,1,15.0,True,Monaco,2024,False
SAR,82.899,7.0,2.0,21.942,38.54,22.417,182.0,167.0,266.0,275.0,False,HARD,7.0,False,Williams,1,15.0,True,Monaco,2024,False
SAR,82.221,8.0,2.0,21.582,38.156,22.483,178.0,170.0,265.0,277.0,True,HARD,8.0,False,Williams,1,15.0,True,Monaco,2024,False
SAR,81.679,9.0,2.0,21.538,37.874,22.267,188.0,168.0,266.0,281.0,True,HARD,9.0,False,Williams,1,15.0,True,Monaco,2024,False
SAR,81.944,10.0,2.0,21.541,38.354,22.049,172.0,172.0,267.0,282.0,False,HARD,10.0,False,Williams,1,15.0,True,Monaco,2024,False
SAR,81.492,11.0,2.0,21.574,37.832,22.086,175.0,170.0,267.0,283.0,True,HARD,11.0,False,Williams,1,15.0,True,Monaco,2024,False
SAR,81.404,12.0,2.0,21.621,37.875,21.908,182.0,174.0,267.0,284.0,True,HARD,12.0,False,Williams,1,15.0,True,Monaco,2024,False
SAR,81.499,13.0,2.0,21.43,37.879,22.19,189.0,171.0,267.0,279.0,False,HARD,13.0,False,Williams,1,15.0,True,Monaco,2024,False
SAR,81.219,14.0,2.0,21.48,37.897,21.842,187.0,173.0,266.0,285.0,True,HARD,14.0,False,Williams,1,15.0,True,Monaco,2024,False
SAR,81.34,15.0,2.0,21.472,38.159,21.709,188.0,171.0,263.0,280.0,False,HARD,15.0,False,Williams,1,14.0,True,Monaco,2024,False
SAR,80.646,16.0,2.0,20.927,37.89,21.829,197.0,173.0,264.0,280.0,True,HARD,16.0,False,Williams,1,14.0,True,Monaco,2024,False
SAR,81.016,17.0,2.0,21.263,37.825,21.928,191.0,175.0,263.0,280.0,False,HARD,17.0,False,Williams,1,14.0,True,Monaco,2024,False
SAR,81.031,18.0,2.0,21.234,37.936,21.861,193.0,173.0,263.0,281.0,False,HARD,18.0,False,Williams,1,14.0,True,Monaco,2024,False
SAR,81.221,19.0,2.0,21.335,38.02,21.866,194.0,167.0,263.0,281.0,False,HARD,19.0,False,Williams,1,14.0,True,Monaco,2024,False
SAR,80.853,20.0,2.0,21.147,38.153,21.553,191.0,167.0,264.0,280.0,False,HARD,20.0,False,Williams,1,14.0,True,Monaco,2024,False
SAR,80.849,21.0,2.0,21.285,37.812,21.752,193.0,169.0,264.0,281.0,False,HARD,21.0,False,Williams,1,14.0,True,Monaco,2024,False
SAR,80.897,22.0,2.0,21.237,38.089,21.571,193.0,167.0,263.0,281.0,False,HARD,22.0,False,Williams,1,14.0,True,Monaco,2024,False
SAR,80.593,23.0,2.0,21.24,37.907,21.446,193.0,171.0,264.0,280.0,True,HARD,23.0,False,Williams,1,14.0,True,Monaco,2024,False
SAR,80.395,24.0,2.0,21.011,37.72,21.664,199.0,172.0,264.0,281.0,True,HARD,24.0,False,Williams,1,14.0,True,Monaco,2024,False
SAR,80.903,25.0,2.0,21.186,37.918,21.799,192.0,169.0,265.0,281.0,False,HARD,25.0,False,Williams,1,14.0,True,Monaco,2024,False
SAR,80.929,26.0,2.0,21.388,37.795,21.746,190.0,172.0,265.0,282.0,False,HARD,26.0,False,Williams,1,14.0,True,Monaco,2024,False
SAR,81.231,27.0,2.0,21.389,37.969,21.873,192.0,173.0,265.0,280.0,False,HARD,27.0,False,Williams,1,14.0,True,Monaco,2024,False
SAR,81.604,28.0,2.0,21.725,38.047,21.832,187.0,169.0,265.0,281.0,False,HARD,28.0,False,Williams,1,14.0,True,Monaco,2024,False
SAR,81.334,29.0,2.0,21.525,37.905,21.904,197.0,172.0,265.0,280.0,False,HARD,29.0,False,Williams,1,14.0,True,Monaco,2024,False
SAR,80.84,30.0,2.0,21.438,37.701,21.701,190.0,178.0,264.0,280.0,False,HARD,30.0,False,Williams,1,14.0,True,Monaco,2024,False
SAR,80.775,31.0,2.0,21.304,37.708,21.763,193.0,175.0,265.0,280.0,False,HARD,31.0,False,Williams,1,14.0,True,Monaco,2024,False
SAR,80.797,32.0,2.0,21.346,37.737,21.714,193.0,175.0,265.0,281.0,False,HARD,32.0,False,Williams,1,14.0,True,Monaco,2024,False
SAR,80.53,33.0,2.0,21.295,37.569,21.666,193.0,176.0,265.0,280.0,False,HARD,33.0,False,Williams,1,14.0,True,Monaco,2024,False
SAR,80.738,34.0,2.0,21.107,37.635,21.996,197.0,174.0,268.0,282.0,False,HARD,34.0,False,Williams,1,14.0,True,Monaco,2024,False
SAR,80.584,35.0,2.0,21.221,37.6,21.763,196.0,170.0,267.0,282.0,False,HARD,35.0,False,Williams,1,14.0,True,Monaco,2024,False
SAR,81.134,36.0,2.0,21.506,37.834,21.794,196.0,172.0,267.0,282.0,False,HARD,36.0,False,Williams,1,14.0,True,Monaco,2024,False
SAR,81.404,37.0,2.0,21.501,38.001,21.902,197.0,169.0,266.0,282.0,False,HARD,37.0,False,Williams,1,14.0,True,Monaco,2024,False
SAR,81.131,38.0,2.0,21.462,37.841,21.828,200.0,170.0,267.0,281.0,False,HARD,38.0,False,Williams,1,14.0,True,Monaco,2024,False
SAR,81.273,39.0,2.0,21.384,38.043,21.846,197.0,171.0,266.0,281.0,False,HARD,39.0,False,Williams,1,14.0,True,Monaco,2024,False
SAR,81.78,40.0,2.0,21.227,37.878,22.675,194.0,173.0,233.0,280.0,False,HARD,40.0,False,Williams,1,14.0,True,Monaco,2024,False
SAR,84.378,41.0,2.0,21.524,40.94,21.914,189.0,175.0,260.0,249.0,False,HARD,41.0,False,Williams,1,14.0,True,Monaco,2024,False
SAR,81.87,42.0,2.0,21.73,38.385,21.755,192.0,174.0,265.0,281.0,False,HARD,42.0,False,Williams,1,14.0,True,Monaco,2024,False
SAR,80.552,43.0,2.0,21.033,37.794,21.725,197.0,173.0,266.0,282.0,False,HARD,43.0,False,Williams,1,14.0,True,Monaco,2024,False
SAR,79.511,44.0,2.0,20.889,37.323,21.299,199.0,182.0,258.0,282.0,True,HARD,44.0,False,Williams,1,14.0,True,Monaco,2024,False
SAR,80.72,45.0,2.0,20.922,38.046,21.752,194.0,175.0,258.0,282.0,False,HARD,45.0,False,Williams,1,14.0,True,Monaco,2024,False
SAR,80.124,46.0,2.0,20.964,37.598,21.562,201.0,178.0,253.0,279.0,False,HARD,46.0,False,Williams,1,14.0,True,Monaco,2024,False
SAR,79.888,47.0,2.0,20.969,37.668,21.251,200.0,179.0,256.0,278.0,False,HARD,47.0,False,Williams,1,14.0,True,Monaco,2024,False
SAR,80.97,48.0,2.0,20.941,37.593,22.436,201.0,178.0,184.0,278.0,False,HARD,48.0,False,Williams,1,13.0,True,Monaco,2024,False
SAR,83.966,49.0,2.0,23.115,39.299,21.552,186.0,176.0,255.0,280.0,False,HARD,49.0,False,Williams,1,13.0,True,Monaco,2024,False
SAR,80.292,50.0,2.0,21.048,37.75,21.494,198.0,178.0,256.0,278.0,False,HARD,50.0,False,Williams,1,13.0,True,Monaco,2024,False
SAR,80.78,52.0,2.0,21.105,38.055,21.62,200.0,177.0,255.0,277.0,False,HARD,52.0,False,Williams,1,14.0,True,Monaco,2024,False
SAR,81.318,53.0,2.0,20.956,37.797,22.565,201.0,179.0,263.0,277.0,False,HARD,53.0,False,Williams,1,14.0,True,Monaco,2024,False
SAR,82.289,54.0,2.0,21.983,38.675,21.631,167.0,177.0,256.0,279.0,False,HARD,54.0,False,Williams,1,14.0,True,Monaco,2024,False
SAR,80.342,55.0,2.0,21.022,37.718,21.602,205.0,178.0,258.0,279.0,False,HARD,55.0,False,Williams,1,14.0,True,Monaco,2024,False
SAR,81.474,56.0,2.0,21.793,38.053,21.628,198.0,176.0,256.0,281.0,False,HARD,56.0,False,Williams,1,15.0,True,Monaco,2024,False
SAR,97.746,57.0,2.0,21.14,38.317,38.289,204.0,176.0,259.0,280.0,False,HARD,57.0,False,Williams,1,16.0,False,Monaco,2024,True
SAR,79.809,58.0,3.0,23.376,36.212,20.221,203.0,187.0,258.0,276.0,False,MEDIUM,1.0,True,Williams,1,16.0,False,Monaco,2024,False
SAR,75.594,59.0,3.0,19.801,35.692,20.101,212.0,190.0,259.0,278.0,True,MEDIUM,2.0,True,Williams,1,16.0,True,Monaco,2024,False
SAR,75.58,60.0,3.0,19.777,35.627,20.176,210.0,190.0,259.0,278.0,True,MEDIUM,3.0,True,Williams,1,16.0,True,Monaco,2024,False
SAR,75.558,61.0,3.0,19.89,35.556,20.112,212.0,191.0,258.0,278.0,True,MEDIUM,4.0,True,Williams,1,16.0,True,Monaco,2024,False
SAR,75.525,62.0,3.0,19.733,35.631,20.161,212.0,191.0,259.0,278.0,True,MEDIUM,5.0,True,Williams,1,16.0,True,Monaco,2024,False
SAR,75.688,63.0,3.0,19.671,35.794,20.223,212.0,190.0,259.0,278.0,False,MEDIUM,6.0,True,Williams,1,16.0,True,Monaco,2024,False
SAR,76.895,64.0,3.0,19.927,35.952,21.016,206.0,183.0,269.0,280.0,False,MEDIUM,7.0,True,Williams,1,16.0,True,Monaco,2024,False
SAR,79.869,65.0,3.0,20.922,37.545,21.402,198.0,179.0,267.0,285.0,False,MEDIUM,8.0,True,Williams,1,16.0,True,Monaco,2024,False
SAR,80.799,66.0,3.0,20.93,37.695,22.174,192.0,178.0,215.0,288.0,False,MEDIUM,9.0,True,Williams,1,16.0,True,Monaco,2024,False
SAR,80.347,67.0,3.0,20.519,37.497,22.331,184.0,180.0,213.0,285.0,False,MEDIUM,10.0,True,Williams,1,16.0,True,Monaco,2024,False
SAR,80.004,68.0,3.0,22.775,36.827,20.402,175.0,187.0,261.0,282.0,False,MEDIUM,11.0,True,Williams,1,15.0,True,Monaco,2024,False
SAR,76.077,69.0,3.0,19.786,35.869,20.422,212.0,187.0,268.0,283.0,False,MEDIUM,12.0,True,Williams,1,15.0,True,Monaco,2024,False
SAR,76.866,70.0,3.0,20.177,36.262,20.427,203.0,190.0,269.0,284.0,False,MEDIUM,13.0,True,Williams,1,15.0,True,Monaco,2024,False
SAR,76.326,71.0,3.0,19.937,35.991,20.398,207.0,188.0,269.0,284.0,False,MEDIUM,14.0,True,Williams,1,15.0,True,Monaco,2024,False
SAR,76.402,72.0,3.0,19.872,36.122,20.408,205.0,186.0,268.0,284.0,False,MEDIUM,15.0,True,Williams,1,15.0,True,Monaco,2024,False
SAR,76.37,73.0,3.0,19.871,36.033,20.466,209.0,186.0,271.0,286.0,False,MEDIUM,16.0,True,Williams,1,15.0,True,Monaco,2024,False
SAR,76.863,74.0,3.0,20.047,36.521,20.295,204.0,181.0,268.0,285.0,False,MEDIUM,17.0,True,Williams,1,15.0,True,Monaco,2024,False
SAR,76.324,75.0,3.0,19.872,35.946,20.506,209.0,187.0,269.0,286.0,False,MEDIUM,18.0,True,Williams,1,15.0,True,Monaco,2024,False
SAR,77.197,76.0,3.0,20.107,36.716,20.374,206.0,182.0,260.0,286.0,False,MEDIUM,19.0,True,Williams,1,15.0,True,Monaco,2024,False
ZHO,90.396,3.0,2.0,26.896,41.393,22.107,158.0,178.0,255.0,277.0,True,HARD,2.0,True,Kick Sauber,1,16.0,True,Monaco,2024,True
ZHO,83.698,4.0,2.0,21.765,39.055,22.878,177.0,175.0,264.0,278.0,True,HARD,3.0,True,Kick Sauber,1,16.0,True,Monaco,2024,False
ZHO,83.494,5.0,2.0,21.829,39.045,22.62,167.0,178.0,268.0,277.0,True,HARD,4.0,True,Kick Sauber,1,16.0,True,Monaco,2024,False
ZHO,82.649,6.0,2.0,21.728,38.731,22.19,168.0,180.0,266.0,281.0,True,HARD,5.0,True,Kick Sauber,1,16.0,True,Monaco,2024,False
ZHO,82.934,7.0,2.0,22.206,38.439,22.289,161.0,178.0,268.0,282.0,False,HARD,6.0,True,Kick Sauber,1,16.0,True,Monaco,2024,False
ZHO,82.182,8.0,2.0,21.642,38.286,22.254,175.0,179.0,267.0,279.0,True,HARD,7.0,True,Kick Sauber,1,16.0,True,Monaco,2024,False
ZHO,81.81,9.0,2.0,21.629,37.916,22.265,167.0,175.0,263.0,279.0,True,HARD,8.0,True,Kick Sauber,1,16.0,True,Monaco,2024,False
ZHO,81.944,10.0,2.0,21.518,38.27,22.156,162.0,177.0,266.0,280.0,False,HARD,9.0,True,Kick Sauber,1,16.0,True,Monaco,2024,False
ZHO,81.563,11.0,2.0,21.747,37.966,21.85,179.0,169.0,265.0,278.0,True,HARD,10.0,True,Kick Sauber,1,16.0,True,Monaco,2024,False
ZHO,81.193,12.0,2.0,21.595,37.756,21.842,174.0,183.0,266.0,282.0,True,HARD,11.0,True,Kick Sauber,1,16.0,True,Monaco,2024,False
ZHO,81.529,13.0,2.0,21.767,37.831,21.931,187.0,183.0,266.0,281.0,False,HARD,12.0,True,Kick Sauber,1,16.0,True,Monaco,2024,False
ZHO,81.264,14.0,2.0,21.602,37.891,21.771,174.0,180.0,266.0,280.0,False,HARD,13.0,True,Kick Sauber,1,16.0,True,Monaco,2024,False
ZHO,81.447,15.0,2.0,21.425,38.247,21.775,170.0,181.0,264.0,280.0,False,HARD,14.0,True,Kick Sauber,1,15.0,True,Monaco,2024,False
ZHO,80.481,16.0,2.0,21.128,37.569,21.784,193.0,176.0,267.0,283.0,True,HARD,15.0,True,Kick Sauber,1,15.0,True,Monaco,2024,False
ZHO,80.979,17.0,2.0,21.477,37.6,21.902,176.0,182.0,266.0,282.0,False,HARD,16.0,True,Kick Sauber,1,15.0,True,Monaco,2024,False
ZHO,80.911,18.0,2.0,21.373,37.878,21.66,183.0,183.0,269.0,282.0,False,HARD,17.0,True,Kick Sauber,1,15.0,True,Monaco,2024,False
ZHO,81.42,19.0,2.0,21.577,37.827,22.016,182.0,172.0,266.0,282.0,False,HARD,18.0,True,Kick Sauber,1,15.0,True,Monaco,2024,False
ZHO,80.904,20.0,2.0,21.275,37.894,21.735,184.0,181.0,267.0,282.0,False,HARD,19.0,True,Kick Sauber,1,15.0,True,Monaco,2024,False
ZHO,80.669,21.0,2.0,21.235,37.764,21.67,181.0,177.0,268.0,283.0,False,HARD,20.0,True,Kick Sauber,1,15.0,True,Monaco,2024,False
ZHO,81.083,22.0,2.0,21.441,37.938,21.704,185.0,175.0,266.0,282.0,False,HARD,21.0,True,Kick Sauber,1,15.0,True,Monaco,2024,False
ZHO,80.792,23.0,2.0,21.275,37.842,21.675,187.0,175.0,264.0,282.0,False,HARD,22.0,True,Kick Sauber,1,15.0,True,Monaco,2024,False
ZHO,80.347,24.0,2.0,21.064,37.587,21.696,186.0,175.0,266.0,281.0,True,HARD,23.0,True,Kick Sauber,1,15.0,True,Monaco,2024,False
ZHO,80.763,25.0,2.0,21.13,37.799,21.834,190.0,179.0,267.0,283.0,False,HARD,24.0,True,Kick Sauber,1,15.0,True,Monaco,2024,False
ZHO,80.869,26.0,2.0,21.433,37.643,21.793,176.0,180.0,265.0,281.0,False,HARD,25.0,True,Kick Sauber,1,15.0,True,Monaco,2024,False
ZHO,81.293,27.0,2.0,21.425,37.959,21.909,179.0,178.0,266.0,281.0,False,HARD,26.0,True,Kick Sauber,1,15.0,True,Monaco,2024,False
ZHO,81.516,28.0,2.0,21.616,38.121,21.779,168.0,180.0,266.0,281.0,False,HARD,27.0,True,Kick Sauber,1,15.0,True,Monaco,2024,False
ZHO,81.338,29.0,2.0,21.519,37.991,21.828,165.0,180.0,266.0,279.0,False,HARD,28.0,True,Kick Sauber,1,15.0,True,Monaco,2024,False
ZHO,81.044,30.0,2.0,21.481,37.892,21.671,172.0,180.0,265.0,280.0,False,HARD,29.0,True,Kick Sauber,1,15.0,True,Monaco,2024,False
ZHO,80.806,31.0,2.0,21.3,37.787,21.719,189.0,180.0,264.0,270.0,False,HARD,30.0,True,Kick Sauber,1,15.0,True,Monaco,2024,False
ZHO,80.782,32.0,2.0,21.184,37.828,21.77,179.0,180.0,265.0,281.0,False,HARD,31.0,True,Kick Sauber,1,15.0,True,Monaco,2024,False
ZHO,80.677,33.0,2.0,21.2,37.618,21.859,175.0,182.0,264.0,280.0,False,HARD,32.0,True,Kick Sauber,1,15.0,True,Monaco,2024,False
ZHO,80.736,34.0,2.0,21.114,37.666,21.956,182.0,183.0,265.0,278.0,False,HARD,33.0,True,Kick Sauber,1,15.0,True,Monaco,2024,False
ZHO,80.372,35.0,2.0,21.313,37.346,21.713,190.0,182.0,266.0,280.0,False,HARD,34.0,True,Kick Sauber,1,15.0,True,Monaco,2024,False
ZHO,80.986,36.0,2.0,21.386,37.814,21.786,177.0,182.0,267.0,278.0,False,HARD,35.0,True,Kick Sauber,1,15.0,True,Monaco,2024,False
ZHO,81.449,37.0,2.0,21.447,38.116,21.886,177.0,176.0,268.0,281.0,False,HARD,36.0,True,Kick Sauber,1,15.0,True,Monaco,2024,False
ZHO,81.09,38.0,2.0,21.375,37.829,21.886,181.0,181.0,267.0,282.0,False,HARD,37.0,True,Kick Sauber,1,15.0,True,Monaco,2024,False
ZHO,81.233,39.0,2.0,21.442,37.886,21.905,175.0,171.0,267.0,282.0,False,HARD,38.0,True,Kick Sauber,1,15.0,True,Monaco,2024,False
ZHO,84.969,40.0,2.0,21.459,39.432,24.078,185.0,183.0,193.0,279.0,False,HARD,39.0,True,Kick Sauber,1,15.0,True,Monaco,2024,False
ZHO,81.127,41.0,2.0,21.806,37.565,21.756,187.0,182.0,268.0,280.0,False,HARD,40.0,True,Kick Sauber,1,15.0,True,Monaco,2024,False
ZHO,81.957,42.0,2.0,21.693,38.58,21.684,165.0,181.0,267.0,277.0,False,HARD,41.0,True,Kick Sauber,1,15.0,True,Monaco,2024,False
ZHO,80.578,43.0,2.0,21.195,37.699,21.684,188.0,175.0,268.0,283.0,False,HARD,42.0,True,Kick Sauber,1,15.0,True,Monaco,2024,False
ZHO,79.61,44.0,2.0,21.049,37.22,21.341,188.0,181.0,266.0,282.0,True,HARD,43.0,True,Kick Sauber,1,15.0,True,Monaco,2024,False
ZHO,80.686,45.0,2.0,20.876,38.074,21.736,191.0,171.0,265.0,287.0,False,HARD,44.0,True,Kick Sauber,1,15.0,True,Monaco,2024,False
ZHO,80.146,46.0,2.0,21.067,37.671,21.408,185.0,182.0,263.0,275.0,False,HARD,45.0,True,Kick Sauber,1,15.0,True,Monaco,2024,False
ZHO,80.075,47.0,2.0,21.026,37.569,21.48,194.0,176.0,264.0,281.0,False,HARD,46.0,True,Kick Sauber,1,15.0,True,Monaco,2024,False
ZHO,82.481,48.0,2.0,20.79,39.009,22.682,190.0,179.0,260.0,283.0,False,HARD,47.0,True,Kick Sauber,1,14.0,True,Monaco,2024,False
ZHO,82.134,49.0,2.0,22.503,38.311,21.32,191.0,179.0,266.0,283.0,False,HARD,48.0,True,Kick Sauber,1,14.0,True,Monaco,2024,False
ZHO,80.946,50.0,2.0,21.094,37.718,22.134,185.0,182.0,244.0,282.0,False,HARD,49.0,True,Kick Sauber,1,15.0,True,Monaco,2024,False
ZHO,80.97,52.0,2.0,21.347,38.108,21.515,183.0,180.0,264.0,285.0,False,HARD,51.0,True,Kick Sauber,1,15.0,True,Monaco,2024,False
ZHO,81.375,53.0,2.0,21.048,38.84,21.487,190.0,178.0,261.0,278.0,False,HARD,52.0,True,Kick Sauber,1,15.0,True,Monaco,2024,False
ZHO,82.153,54.0,2.0,22.0,38.781,21.372,175.0,179.0,266.0,284.0,False,HARD,53.0,True,Kick Sauber,1,15.0,True,Monaco,2024,False
ZHO,81.399,55.0,2.0,21.11,38.647,21.642,191.0,181.0,266.0,256.0,False,HARD,54.0,True,Kick Sauber,1,16.0,True,Monaco,2024,False
ZHO,80.315,56.0,2.0,21.051,37.87,21.394,183.0,182.0,267.0,284.0,False,HARD,55.0,True,Kick Sauber,1,16.0,True,Monaco,2024,False
ZHO,81.119,57.0,2.0,21.3,38.386,21.433,182.0,179.0,263.0,281.0,False,HARD,56.0,True,Kick Sauber,1,15.0,True,Monaco,2024,False
ZHO,78.795,58.0,2.0,20.885,36.909,21.001,190.0,187.0,256.0,276.0,True,HARD,57.0,True,Kick Sauber,1,15.0,True,Monaco,2024,False
ZHO,77.936,59.0,2.0,20.562,36.428,20.946,195.0,188.0,257.0,275.0,True,HARD,58.0,True,Kick Sauber,1,15.0,True,Monaco,2024,False
ZHO,78.545,60.0,2.0,20.685,36.745,21.115,203.0,185.0,256.0,276.0,False,HARD,59.0,True,Kick Sauber,1,15.0,True,Monaco,2024,False
ZHO,78.707,61.0,2.0,20.763,36.697,21.247,197.0,185.0,255.0,276.0,False,HARD,60.0,True,Kick Sauber,1,15.0,True,Monaco,2024,False
ZHO,78.817,62.0,2.0,20.796,36.763,21.258,204.0,185.0,256.0,276.0,False,HARD,61.0,True,Kick Sauber,1,15.0,True,Monaco,2024,False
ZHO,78.789,63.0,2.0,20.657,36.919,21.213,198.0,186.0,256.0,276.0,False,HARD,62.0,True,Kick Sauber,1,15.0,True,Monaco,2024,False
ZHO,79.295,64.0,2.0,20.765,37.309,21.221,194.0,182.0,258.0,275.0,False,HARD,63.0,True,Kick Sauber,1,15.0,True,Monaco,2024,False
ZHO,79.719,65.0,2.0,20.799,37.532,21.388,196.0,180.0,257.0,277.0,False,HARD,64.0,True,Kick Sauber,1,15.0,True,Monaco,2024,False
ZHO,79.749,66.0,2.0,20.941,37.572,21.236,198.0,184.0,256.0,277.0,False,HARD,65.0,True,Kick Sauber,1,15.0,True,Monaco,2024,False
ZHO,80.357,67.0,2.0,21.547,37.546,21.264,174.0,179.0,256.0,278.0,False,HARD,66.0,True,Kick Sauber,1,15.0,True,Monaco,2024,False
ZHO,85.217,68.0,2.0,23.989,39.102,22.126,175.0,180.0,256.0,277.0,False,HARD,67.0,True,Kick Sauber,1,16.0,True,Monaco,2024,False
ZHO,80.484,69.0,2.0,21.261,37.817,21.406,193.0,182.0,257.0,277.0,False,HARD,68.0,True,Kick Sauber,1,16.0,True,Monaco,2024,False
ZHO,100.898,70.0,2.0,21.033,40.932,38.933,195.0,172.0,259.0,205.0,False,HARD,69.0,True,Kick Sauber,1,16.0,False,Monaco,2024,True
ZHO,85.295,71.0,3.0,23.767,39.983,21.545,199.0,177.0,258.0,273.0,False,SOFT,1.0,True,Kick Sauber,1,16.0,False,Monaco,2024,False
ZHO,80.585,72.0,3.0,20.37,36.805,23.41,199.0,164.0,258.0,278.0,False,SOFT,2.0,True,Kick Sauber,1,16.0,True,Monaco,2024,False
ZHO,75.233,73.0,3.0,19.94,35.135,20.158,212.0,194.0,260.0,277.0,True,SOFT,3.0,True,Kick Sauber,1,16.0,True,Monaco,2024,False
ZHO,80.473,74.0,3.0,21.051,37.048,22.374,196.0,177.0,258.0,275.0,False,SOFT,4.0,True,Kick Sauber,1,16.0,True,Monaco,2024,False
ZHO,74.718,75.0,3.0,19.751,34.99,19.977,214.0,197.0,260.0,276.0,True,SOFT,5.0,True,Kick Sauber,1,16.0,True,Monaco,2024,False
ZHO,77.173,76.0,3.0,20.46,35.927,20.786,205.0,188.0,258.0,278.0,False,SOFT,6.0,True,Kick Sauber,1,16.0,True,Monaco,2024,False
