TyreLife,Stint,LapNumber,SpeedI1,SpeedI2,SpeedFL,SpeedST,Compound_MEDIUM,Compound_SOFT,RaceName_Bahrain,RaceName_China,RaceName_Emilia Romagna,RaceName_Japan,RaceName_Miami,RaceName_Monaco,RaceName_Saudi Arabia
12.0,2.0,48.0,213.0,258.0,281.0,288.0,False,False,False,False,True,False,False,False,False
21.0,1.0,21.0,215.0,254.0,278.0,288.0,True,False,False,False,True,False,False,False,False
22.0,2.0,29.0,290.0,300.0,293.0,304.0,False,False,False,False,False,False,False,False,True
10.0,1.0,7.0,233.0,246.0,283.0,294.0,False,True,True,False,False,False,False,False,False
7.0,1.0,6.0,271.0,320.0,304.0,308.0,True,False,False,False,False,False,False,False,False
14.0,2.0,21.0,288.0,307.0,296.0,307.0,False,False,False,False,False,False,False,False,True
8.0,1.0,5.0,225.0,250.0,277.0,287.0,False,True,True,False,False,False,False,False,False
3.0,2.0,19.0,273.0,293.0,288.0,288.0,False,False,False,False,False,False,False,False,False
39.0,2.0,40.0,199.0,183.0,258.0,281.0,False,False,False,False,False,False,False,True,False
12.0,1.0,9.0,234.0,247.0,285.0,323.0,False,True,True,False,False,False,False,False,False
5.0,1.0,2.0,234.0,257.0,285.0,302.0,False,True,True,False,False,False,False,False,False
37.0,2.0,44.0,290.0,305.0,296.0,312.0,False,False,False,False,False,False,False,False,True
12.0,3.0,39.0,277.0,269.0,257.0,316.0,True,False,False,True,False,False,False,False,False
3.0,1.0,3.0,281.0,320.0,307.0,328.0,True,False,False,False,False,False,False,False,True
7.0,2.0,15.0,275.0,267.0,255.0,316.0,False,False,False,True,False,False,False,False,False
6.0,2.0,7.0,187.0,173.0,256.0,255.0,True,False,False,False,False,False,False,True,False
9.0,1.0,9.0,273.0,302.0,289.0,311.0,True,False,False,False,False,False,False,False,False
6.0,1.0,6.0,216.0,251.0,279.0,290.0,True,False,False,False,True,False,False,False,False
22.0,2.0,41.0,212.0,185.0,275.0,315.0,False,False,False,False,False,False,True,False,False
34.0,2.0,34.0,184.0,183.0,261.0,277.0,False,False,False,False,False,False,False,True,False
19.0,1.0,19.0,212.0,249.0,273.0,280.0,True,False,False,False,True,False,False,False,False
11.0,3.0,46.0,281.0,308.0,295.0,301.0,False,False,False,False,False,False,False,False,False
6.0,2.0,7.0,180.0,176.0,267.0,283.0,True,False,False,False,False,False,False,True,False
2.0,1.0,2.0,275.0,267.0,256.0,340.0,True,False,False,True,False,False,False,False,False
25.0,2.0,37.0,213.0,185.0,279.0,320.0,False,False,False,False,False,False,True,False,False
32.0,2.0,39.0,290.0,311.0,296.0,314.0,False,False,False,False,False,False,False,False,True
17.0,3.0,51.0,213.0,185.0,288.0,334.0,True,False,False,False,False,False,True,False,False
19.0,1.0,19.0,214.0,253.0,277.0,284.0,True,False,False,False,True,False,False,False,False
35.0,2.0,48.0,213.0,255.0,281.0,286.0,False,False,False,False,True,False,False,False,False
6.0,1.0,6.0,212.0,253.0,277.0,286.0,True,False,False,False,True,False,False,False,False
32.0,2.0,33.0,197.0,178.0,258.0,271.0,True,False,False,False,False,False,False,True,False
24.0,2.0,45.0,210.0,257.0,279.0,286.0,False,False,False,False,True,False,False,False,False
7.0,2.0,8.0,275.0,303.0,258.0,303.0,False,False,False,False,False,True,False,False,False
23.0,3.0,45.0,276.0,301.0,258.0,302.0,False,False,False,False,False,True,False,False,False
5.0,1.0,5.0,275.0,325.0,306.0,308.0,True,False,False,False,False,False,False,False,False
5.0,3.0,39.0,234.0,258.0,280.0,304.0,False,False,True,False,False,False,False,False,False
25.0,2.0,32.0,293.0,312.0,300.0,318.0,False,False,False,False,False,False,False,False,True
7.0,1.0,7.0,275.0,267.0,258.0,328.0,True,False,False,True,False,False,False,False,False
15.0,3.0,38.0,214.0,186.0,278.0,318.0,True,False,False,False,False,False,True,False,False
11.0,1.0,8.0,232.0,261.0,278.0,302.0,False,True,True,False,False,False,False,False,False
14.0,2.0,36.0,273.0,269.0,259.0,309.0,False,False,False,True,False,False,False,False,False
24.0,1.0,24.0,213.0,253.0,279.0,289.0,False,False,False,False,True,False,False,False,False
3.0,2.0,12.0,232.0,243.0,278.0,301.0,False,False,True,False,False,False,False,False,False
22.0,2.0,22.0,193.0,167.0,263.0,281.0,False,False,False,False,False,False,False,True,False
2.0,2.0,14.0,213.0,250.0,277.0,281.0,False,False,False,False,True,False,False,False,False
24.0,3.0,52.0,235.0,251.0,280.0,298.0,False,False,True,False,False,False,False,False,False
17.0,3.0,52.0,279.0,305.0,293.0,298.0,False,False,False,False,False,False,False,False,False
18.0,2.0,30.0,214.0,248.0,277.0,288.0,False,False,False,False,True,False,False,False,False
11.0,2.0,24.0,235.0,249.0,279.0,301.0,False,False,True,False,False,False,False,False,False
16.0,3.0,49.0,279.0,304.0,293.0,297.0,False,False,False,False,False,False,False,False,False
2.0,2.0,13.0,211.0,185.0,274.0,315.0,False,False,False,False,False,False,True,False,False
9.0,1.0,9.0,232.0,244.0,279.0,298.0,False,True,True,False,False,False,False,False,False
54.0,2.0,55.0,185.0,179.0,268.0,282.0,False,False,False,False,False,False,False,True,False
8.0,2.0,36.0,215.0,184.0,277.0,312.0,False,False,False,False,False,False,True,False,False
3.0,3.0,25.0,279.0,296.0,255.0,294.0,False,False,False,False,False,True,False,False,False
10.0,3.0,49.0,282.0,304.0,293.0,293.0,False,False,False,False,False,False,False,False,False
7.0,2.0,19.0,232.0,252.0,279.0,292.0,False,False,True,False,False,False,False,False,False
9.0,1.0,9.0,275.0,305.0,290.0,297.0,False,False,False,False,False,False,False,False,False
4.0,3.0,37.0,237.0,250.0,280.0,304.0,False,False,True,False,False,False,False,False,False
5.0,3.0,45.0,273.0,294.0,290.0,284.0,False,False,False,False,False,False,False,False,False
23.0,2.0,31.0,211.0,254.0,280.0,289.0,False,False,False,False,True,False,False,False,False
30.0,4.0,52.0,278.0,300.0,255.0,302.0,False,False,False,False,False,True,False,False,False
4.0,1.0,4.0,209.0,180.0,280.0,309.0,True,False,False,False,False,False,True,False,False
13.0,2.0,13.0,170.0,172.0,256.0,268.0,True,False,False,False,False,False,False,True,False
34.0,2.0,35.0,190.0,172.0,258.0,271.0,True,False,False,False,False,False,False,True,False
22.0,2.0,44.0,271.0,269.0,260.0,307.0,False,False,False,True,False,False,False,False,False
26.0,2.0,27.0,186.0,174.0,256.0,276.0,True,False,False,False,False,False,False,True,False
9.0,2.0,23.0,276.0,303.0,291.0,296.0,False,False,False,False,False,False,False,False,False
17.0,1.0,17.0,214.0,253.0,276.0,285.0,True,False,False,False,True,False,False,False,False
30.0,2.0,42.0,212.0,186.0,279.0,319.0,False,False,False,False,False,False,True,False,False
15.0,3.0,45.0,232.0,257.0,279.0,290.0,False,False,True,False,False,False,False,False,False
38.0,2.0,49.0,216.0,256.0,280.0,288.0,False,False,False,False,True,False,False,False,False
25.0,5.0,45.0,219.0,257.0,280.0,284.0,True,False,False,False,True,False,False,False,False
31.0,2.0,39.0,214.0,254.0,279.0,289.0,False,False,False,False,True,False,False,False,False
18.0,1.0,18.0,209.0,184.0,275.0,310.0,True,False,False,False,False,False,True,False,False
16.0,2.0,17.0,202.0,175.0,253.0,273.0,False,False,False,False,False,False,False,True,False
32.0,2.0,56.0,213.0,184.0,276.0,322.0,False,False,False,False,False,False,True,False,False
14.0,1.0,11.0,233.0,259.0,278.0,303.0,False,True,True,False,False,False,False,False,False
6.0,4.0,34.0,213.0,185.0,277.0,316.0,True,False,False,False,False,False,True,False,False
5.0,2.0,5.0,278.0,295.0,253.0,298.0,True,False,False,False,False,True,False,False,False
14.0,3.0,50.0,275.0,296.0,290.0,289.0,False,False,False,False,False,False,False,False,False
21.0,2.0,22.0,185.0,175.0,266.0,282.0,False,False,False,False,False,False,False,True,False
15.0,2.0,26.0,213.0,254.0,281.0,286.0,False,False,False,False,True,False,False,False,False
53.0,2.0,53.0,188.0,181.0,250.0,270.0,False,False,False,False,False,False,False,True,False
26.0,2.0,27.0,180.0,170.0,256.0,277.0,False,False,False,False,False,False,False,True,False
42.0,2.0,49.0,287.0,302.0,293.0,309.0,False,False,False,False,False,False,False,False,True
11.0,2.0,38.0,215.0,254.0,279.0,286.0,False,False,False,False,True,False,False,False,False
45.0,2.0,57.0,216.0,251.0,278.0,289.0,False,False,False,False,True,False,False,False,False
14.0,3.0,48.0,213.0,186.0,280.0,317.0,True,False,False,False,False,False,True,False,False
21.0,2.0,28.0,290.0,326.0,310.0,331.0,False,False,False,False,False,False,False,False,True
10.0,3.0,41.0,234.0,256.0,278.0,293.0,False,False,True,False,False,False,False,False,False
8.0,2.0,9.0,182.0,176.0,256.0,276.0,True,False,False,False,False,False,False,True,False
6.0,4.0,39.0,281.0,300.0,256.0,296.0,False,False,False,False,False,True,False,False,False
20.0,2.0,31.0,211.0,249.0,277.0,289.0,False,False,False,False,True,False,False,False,False
16.0,4.0,54.0,270.0,263.0,256.0,304.0,True,False,False,True,False,False,False,False,False
39.0,3.0,53.0,199.0,180.0,269.0,281.0,False,False,False,False,False,False,False,True,False
8.0,2.0,9.0,176.0,179.0,263.0,276.0,True,False,False,False,False,False,False,True,False
21.0,3.0,48.0,282.0,307.0,293.0,307.0,False,False,False,False,False,False,False,False,False
15.0,3.0,43.0,216.0,186.0,281.0,319.0,True,False,False,False,False,False,True,False,False
8.0,2.0,49.0,290.0,306.0,294.0,308.0,False,True,False,False,False,False,False,False,True
10.0,2.0,24.0,236.0,251.0,280.0,301.0,False,False,True,False,False,False,False,False,False
7.0,2.0,16.0,226.0,249.0,278.0,296.0,False,False,True,False,False,False,False,False,False
9.0,2.0,21.0,214.0,182.0,277.0,318.0,False,False,False,False,False,False,True,False,False
20.0,2.0,47.0,214.0,186.0,277.0,312.0,False,False,False,False,False,False,True,False,False
7.0,3.0,40.0,237.0,258.0,277.0,303.0,False,False,True,False,False,False,False,False,False
65.0,2.0,66.0,200.0,181.0,258.0,276.0,True,False,False,False,False,False,False,True,False
3.0,4.0,35.0,277.0,301.0,257.0,301.0,False,False,False,False,False,True,False,False,False
33.0,2.0,55.0,215.0,185.0,278.0,315.0,False,False,False,False,False,False,True,False,False
7.0,2.0,19.0,232.0,252.0,285.0,315.0,False,False,True,False,False,False,False,False,False
33.0,1.0,33.0,291.0,311.0,298.0,315.0,True,False,False,False,False,False,False,False,True
21.0,2.0,32.0,214.0,253.0,277.0,286.0,False,False,False,False,True,False,False,False,False
14.0,2.0,29.0,233.0,232.0,277.0,297.0,False,False,True,False,False,False,False,False,False
40.0,2.0,47.0,290.0,305.0,295.0,309.0,False,False,False,False,False,False,False,False,True
17.0,2.0,27.0,230.0,251.0,275.0,289.0,False,False,True,False,False,False,False,False,False
24.0,1.0,24.0,210.0,183.0,274.0,318.0,True,False,False,False,False,False,True,False,False
34.0,2.0,51.0,275.0,267.0,258.0,307.0,False,False,False,True,False,False,False,False,False
66.0,2.0,66.0,205.0,193.0,261.0,281.0,False,False,False,False,False,False,False,True,False
27.0,1.0,27.0,285.0,300.0,294.0,306.0,True,False,False,False,False,False,False,False,True
15.0,1.0,15.0,274.0,267.0,254.0,317.0,False,False,False,True,False,False,False,False,False
11.0,2.0,18.0,288.0,312.0,306.0,319.0,False,False,False,False,False,False,False,False,True
12.0,2.0,19.0,285.0,300.0,293.0,307.0,False,False,False,False,False,False,False,False,True
32.0,3.0,56.0,276.0,269.0,258.0,304.0,False,False,False,True,False,False,False,False,False
23.0,2.0,24.0,273.0,294.0,253.0,295.0,True,False,False,False,False,True,False,False,False
4.0,3.0,39.0,276.0,307.0,295.0,298.0,False,False,False,False,False,False,False,False,False
8.0,3.0,15.0,277.0,302.0,259.0,307.0,False,False,False,False,False,True,False,False,False
27.0,2.0,63.0,216.0,258.0,280.0,288.0,False,False,False,False,True,False,False,False,False
23.0,4.0,45.0,268.0,297.0,255.0,297.0,False,False,False,False,False,True,False,False,False
2.0,2.0,26.0,218.0,255.0,280.0,288.0,False,False,False,False,True,False,False,False,False
12.0,2.0,25.0,235.0,257.0,279.0,302.0,False,False,True,False,False,False,False,False,False
7.0,2.0,12.0,271.0,302.0,289.0,295.0,False,False,False,False,False,False,False,False,False
20.0,1.0,20.0,210.0,184.0,274.0,313.0,True,False,False,False,False,False,True,False,False
31.0,2.0,50.0,213.0,184.0,276.0,314.0,False,False,False,False,False,False,True,False,False
13.0,2.0,42.0,211.0,186.0,275.0,316.0,False,False,False,False,False,False,True,False,False
21.0,2.0,22.0,181.0,171.0,256.0,262.0,False,False,False,False,False,False,False,True,False
55.0,2.0,55.0,201.0,191.0,259.0,279.0,False,False,False,False,False,False,False,True,False
32.0,2.0,44.0,214.0,187.0,279.0,315.0,False,False,False,False,False,False,True,False,False
19.0,4.0,45.0,281.0,300.0,256.0,298.0,False,False,False,False,False,True,False,False,False
14.0,3.0,42.0,213.0,188.0,286.0,340.0,True,False,False,False,False,False,True,False,False
29.0,2.0,36.0,287.0,303.0,296.0,312.0,False,False,False,False,False,False,False,False,True
9.0,3.0,32.0,280.0,300.0,255.0,299.0,False,False,False,False,False,True,False,False,False
15.0,3.0,41.0,277.0,298.0,256.0,298.0,False,False,False,False,False,True,False,False,False
12.0,3.0,39.0,277.0,303.0,291.0,304.0,False,False,False,False,False,False,False,False,False
12.0,1.0,12.0,268.0,262.0,255.0,307.0,True,False,False,True,False,False,False,False,False
18.0,2.0,55.0,214.0,258.0,281.0,285.0,False,False,False,False,True,False,False,False,False
13.0,3.0,36.0,271.0,269.0,259.0,312.0,False,False,False,True,False,False,False,False,False
9.0,1.0,9.0,228.0,253.0,279.0,292.0,False,True,True,False,False,False,False,False,False
14.0,1.0,11.0,233.0,258.0,282.0,300.0,False,True,True,False,False,False,False,False,False
19.0,4.0,51.0,277.0,302.0,257.0,301.0,False,False,False,False,False,True,False,False,False
17.0,2.0,18.0,233.0,249.0,279.0,304.0,False,False,True,False,False,False,False,False,False
18.0,2.0,18.0,177.0,182.0,255.0,273.0,True,False,False,False,False,False,False,True,False
50.0,2.0,51.0,196.0,186.0,265.0,279.0,False,False,False,False,False,False,False,True,False
12.0,4.0,55.0,276.0,271.0,260.0,308.0,True,False,False,True,False,False,False,False,False
2.0,2.0,3.0,170.0,170.0,257.0,282.0,True,False,False,False,False,False,False,True,False
4.0,3.0,31.0,278.0,303.0,290.0,295.0,False,False,False,False,False,False,False,False,False
31.0,2.0,53.0,215.0,185.0,280.0,320.0,False,False,False,False,False,False,True,False,False
14.0,2.0,47.0,294.0,314.0,301.0,318.0,False,True,False,False,False,False,False,False,True
6.0,2.0,13.0,286.0,321.0,307.0,329.0,False,False,False,False,False,False,False,False,True
2.0,4.0,36.0,280.0,301.0,258.0,295.0,True,False,False,False,False,True,False,False,False
16.0,2.0,17.0,278.0,301.0,255.0,301.0,False,False,False,False,False,True,False,False,False
22.0,2.0,29.0,283.0,295.0,291.0,302.0,False,False,False,False,False,False,False,False,True
7.0,1.0,7.0,212.0,184.0,272.0,312.0,True,False,False,False,False,False,True,False,False
38.0,2.0,39.0,190.0,175.0,256.0,275.0,False,False,False,False,False,False,False,True,False
9.0,5.0,39.0,275.0,270.0,258.0,309.0,False,False,False,True,False,False,False,False,False
20.0,3.0,32.0,280.0,296.0,256.0,297.0,False,False,False,False,False,True,False,False,False
19.0,3.0,46.0,280.0,308.0,293.0,307.0,False,False,False,False,False,False,False,False,False
12.0,3.0,35.0,273.0,266.0,258.0,308.0,False,False,False,True,False,False,False,False,False
11.0,2.0,12.0,196.0,176.0,252.0,271.0,False,False,False,False,False,False,False,True,False
23.0,2.0,34.0,237.0,260.0,281.0,296.0,False,False,True,False,False,False,False,False,False
32.0,2.0,54.0,220.0,259.0,283.0,289.0,False,False,False,False,True,False,False,False,False
26.0,2.0,38.0,214.0,251.0,278.0,286.0,False,False,False,False,True,False,False,False,False
4.0,2.0,10.0,271.0,299.0,290.0,287.0,False,False,False,False,False,False,False,False,False
10.0,1.0,7.0,228.0,249.0,282.0,315.0,False,True,True,False,False,False,False,False,False
9.0,1.0,9.0,214.0,253.0,278.0,287.0,True,False,False,False,True,False,False,False,False
12.0,3.0,40.0,235.0,245.0,281.0,301.0,False,False,True,False,False,False,False,False,False
22.0,1.0,22.0,284.0,302.0,293.0,303.0,True,False,False,False,False,False,False,False,True
65.0,2.0,66.0,205.0,194.0,260.0,279.0,True,False,False,False,False,False,False,True,False
10.0,1.0,10.0,213.0,250.0,278.0,283.0,True,False,False,False,True,False,False,False,False
16.0,3.0,39.0,270.0,269.0,259.0,314.0,False,False,False,True,False,False,False,False,False
17.0,2.0,17.0,190.0,169.0,261.0,280.0,False,False,False,False,False,False,False,True,False
10.0,1.0,10.0,273.0,264.0,254.0,312.0,True,False,False,True,False,False,False,False,False
18.0,2.0,33.0,233.0,247.0,278.0,299.0,False,False,True,False,False,False,False,False,False
23.0,1.0,23.0,213.0,254.0,278.0,287.0,True,False,False,False,True,False,False,False,False
27.0,3.0,56.0,214.0,187.0,284.0,332.0,True,False,False,False,False,False,True,False,False
20.0,2.0,36.0,274.0,300.0,287.0,320.0,True,False,False,False,False,False,False,False,False
14.0,3.0,36.0,279.0,300.0,258.0,298.0,False,False,False,False,False,True,False,False,False
14.0,2.0,47.0,215.0,251.0,281.0,284.0,True,False,False,False,True,False,False,False,False
12.0,2.0,26.0,230.0,255.0,285.0,321.0,False,False,True,False,False,False,False,False,False
11.0,1.0,10.0,270.0,296.0,288.0,319.0,False,False,False,False,False,False,False,False,False
18.0,1.0,18.0,216.0,251.0,278.0,285.0,False,False,False,False,True,False,False,False,False
11.0,3.0,45.0,277.0,300.0,291.0,293.0,False,False,False,False,False,False,False,False,False
20.0,2.0,31.0,236.0,260.0,279.0,300.0,False,False,True,False,False,False,False,False,False
6.0,2.0,15.0,267.0,260.0,254.0,306.0,False,False,False,True,False,False,False,False,False
6.0,3.0,26.0,235.0,247.0,280.0,301.0,False,False,True,False,False,False,False,False,False
6.0,2.0,13.0,285.0,322.0,298.0,314.0,False,False,False,False,False,False,False,False,True
28.0,2.0,34.0,291.0,320.0,311.0,328.0,False,False,False,False,False,False,False,False,True
13.0,3.0,18.0,274.0,303.0,257.0,300.0,False,False,False,False,False,True,False,False,False
32.0,2.0,53.0,208.0,185.0,279.0,317.0,True,False,False,False,False,False,True,False,False
7.0,1.0,7.0,269.0,261.0,254.0,324.0,True,False,False,True,False,False,False,False,False
10.0,1.0,10.0,208.0,182.0,275.0,317.0,True,False,False,False,False,False,True,False,False
15.0,1.0,15.0,209.0,182.0,274.0,316.0,True,False,False,False,False,False,True,False,False
13.0,1.0,13.0,274.0,265.0,257.0,313.0,False,False,False,True,False,False,False,False,False
4.0,1.0,4.0,209.0,185.0,274.0,328.0,True,False,False,False,False,False,True,False,False
12.0,1.0,12.0,210.0,247.0,277.0,282.0,True,False,False,False,True,False,False,False,False
6.0,2.0,15.0,231.0,242.0,280.0,298.0,False,False,True,False,False,False,False,False,False
21.0,2.0,34.0,211.0,252.0,280.0,284.0,False,False,False,False,True,False,False,False,False
3.0,1.0,3.0,272.0,316.0,303.0,310.0,True,False,False,False,False,False,False,False,False
33.0,2.0,58.0,215.0,256.0,280.0,287.0,False,False,False,False,True,False,False,False,False
10.0,3.0,44.0,234.0,262.0,281.0,300.0,False,False,True,False,False,False,False,False,False
12.0,3.0,26.0,277.0,298.0,254.0,300.0,True,False,False,False,False,True,False,False,False
40.0,2.0,47.0,295.0,320.0,296.0,318.0,False,False,False,False,False,False,False,False,True
17.0,3.0,45.0,236.0,254.0,281.0,302.0,False,False,True,False,False,False,False,False,False
6.0,1.0,6.0,213.0,254.0,277.0,286.0,True,False,False,False,True,False,False,False,False
7.0,3.0,20.0,277.0,298.0,255.0,288.0,True,False,False,False,False,True,False,False,False
32.0,2.0,39.0,289.0,311.0,295.0,312.0,False,False,False,False,False,False,False,False,True
51.0,2.0,52.0,198.0,188.0,256.0,276.0,False,False,False,False,False,False,False,True,False
60.0,2.0,61.0,190.0,180.0,259.0,271.0,True,False,False,False,False,False,False,True,False
6.0,3.0,37.0,232.0,255.0,277.0,291.0,False,False,True,False,False,False,False,False,False
41.0,2.0,42.0,199.0,179.0,256.0,275.0,True,False,False,False,False,False,False,True,False
17.0,1.0,17.0,284.0,302.0,295.0,308.0,True,False,False,False,False,False,False,False,True
8.0,4.0,41.0,279.0,298.0,257.0,296.0,False,False,False,False,False,True,False,False,False
8.0,2.0,9.0,197.0,177.0,252.0,271.0,False,False,False,False,False,False,False,True,False
9.0,1.0,9.0,273.0,264.0,259.0,331.0,True,False,False,True,False,False,False,False,False
8.0,2.0,25.0,276.0,325.0,304.0,299.0,True,False,False,False,False,False,False,False,False
23.0,2.0,44.0,214.0,256.0,279.0,286.0,False,False,False,False,True,False,False,False,False
12.0,1.0,12.0,205.0,183.0,272.0,307.0,False,False,False,False,False,False,True,False,False
20.0,2.0,28.0,213.0,253.0,278.0,284.0,False,False,False,False,True,False,False,False,False
9.0,1.0,9.0,267.0,263.0,255.0,309.0,True,False,False,True,False,False,False,False,False
2.0,1.0,2.0,232.0,247.0,287.0,299.0,False,True,True,False,False,False,False,False,False
12.0,4.0,45.0,282.0,298.0,257.0,295.0,False,False,False,False,False,True,False,False,False
11.0,4.0,46.0,276.0,301.0,304.0,294.0,False,False,False,False,False,False,False,False,False
6.0,4.0,49.0,279.0,271.0,260.0,333.0,True,False,False,True,False,False,False,False,False
4.0,2.0,21.0,235.0,251.0,278.0,293.0,False,False,True,False,False,False,False,False,False
22.0,3.0,73.0,208.0,193.0,269.0,283.0,False,False,False,False,False,False,False,True,False
9.0,1.0,6.0,230.0,247.0,286.0,301.0,False,True,True,False,False,False,False,False,False
3.0,4.0,37.0,282.0,298.0,258.0,298.0,False,False,False,False,False,True,False,False,False
19.0,2.0,44.0,215.0,253.0,282.0,286.0,False,False,False,False,True,False,False,False,False
3.0,1.0,3.0,283.0,293.0,291.0,303.0,True,False,False,False,False,False,False,False,True
23.0,2.0,40.0,277.0,308.0,301.0,291.0,False,False,False,False,False,False,False,False,False
4.0,1.0,4.0,273.0,322.0,299.0,312.0,True,False,False,False,False,False,False,False,False
10.0,2.0,38.0,214.0,184.0,283.0,328.0,False,True,False,False,False,False,True,False,False
60.0,3.0,74.0,189.0,180.0,271.0,285.0,False,False,False,False,False,False,False,True,False
23.0,2.0,30.0,289.0,324.0,312.0,338.0,False,False,False,False,False,False,False,False,True
23.0,3.0,57.0,238.0,271.0,281.0,303.0,False,False,True,False,False,False,False,False,False
5.0,1.0,5.0,286.0,321.0,309.0,329.0,True,False,False,False,False,False,False,False,True
10.0,3.0,22.0,272.0,298.0,256.0,298.0,True,False,False,False,False,True,False,False,False
19.0,2.0,41.0,221.0,256.0,283.0,291.0,False,False,False,False,True,False,False,False,False
67.0,2.0,68.0,201.0,182.0,258.0,276.0,True,False,False,False,False,False,False,True,False
39.0,2.0,52.0,216.0,256.0,284.0,274.0,False,False,False,False,True,False,False,False,False
38.0,2.0,46.0,207.0,251.0,279.0,282.0,False,False,False,False,True,False,False,False,False
24.0,1.0,24.0,210.0,253.0,279.0,284.0,False,False,False,False,True,False,False,False,False
9.0,2.0,16.0,282.0,296.0,292.0,304.0,False,False,False,False,False,False,False,False,True
4.0,2.0,12.0,269.0,260.0,253.0,307.0,False,False,False,True,False,False,False,False,False
12.0,5.0,42.0,276.0,271.0,260.0,308.0,False,False,False,True,False,False,False,False,False
4.0,3.0,33.0,275.0,298.0,289.0,293.0,False,False,False,False,False,False,False,False,False
23.0,2.0,29.0,288.0,315.0,305.0,317.0,False,False,False,False,False,False,False,False,True
22.0,4.0,48.0,281.0,300.0,257.0,300.0,False,False,False,False,False,True,False,False,False
5.0,2.0,42.0,218.0,257.0,282.0,285.0,True,False,False,False,True,False,False,False,False
27.0,2.0,34.0,288.0,323.0,309.0,338.0,False,False,False,False,False,False,False,False,True
14.0,1.0,14.0,214.0,254.0,275.0,287.0,True,False,False,False,True,False,False,False,False
29.0,3.0,52.0,278.0,268.0,257.0,309.0,False,False,False,True,False,False,False,False,False
30.0,2.0,30.0,181.0,174.0,249.0,271.0,False,False,False,False,False,False,False,True,False
35.0,2.0,52.0,276.0,267.0,258.0,308.0,False,False,False,True,False,False,False,False,False
2.0,3.0,24.0,277.0,301.0,258.0,301.0,False,False,False,False,False,True,False,False,False
2.0,3.0,29.0,277.0,301.0,289.0,295.0,False,False,False,False,False,False,False,False,False
33.0,2.0,57.0,216.0,253.0,281.0,296.0,False,False,False,False,True,False,False,False,False
6.0,3.0,13.0,277.0,298.0,254.0,301.0,False,False,False,False,False,True,False,False,False
17.0,2.0,29.0,235.0,265.0,279.0,303.0,False,False,True,False,False,False,False,False,False
35.0,2.0,36.0,195.0,179.0,256.0,275.0,True,False,False,False,False,False,False,True,False
5.0,2.0,12.0,288.0,318.0,306.0,328.0,False,False,False,False,False,False,False,False,True
26.0,2.0,49.0,210.0,185.0,283.0,327.0,True,False,False,False,False,False,True,False,False
3.0,1.0,3.0,202.0,184.0,279.0,316.0,False,True,False,False,False,False,True,False,False
11.0,1.0,11.0,212.0,251.0,278.0,283.0,True,False,False,False,True,False,False,False,False
32.0,2.0,57.0,210.0,253.0,281.0,288.0,False,False,False,False,True,False,False,False,False
56.0,2.0,57.0,197.0,181.0,257.0,278.0,True,False,False,False,False,False,False,True,False
2.0,1.0,2.0,277.0,269.0,260.0,338.0,True,False,False,True,False,False,False,False,False
22.0,3.0,45.0,215.0,185.0,277.0,319.0,True,False,False,False,False,False,True,False,False
11.0,3.0,39.0,231.0,261.0,281.0,296.0,False,False,True,False,False,False,False,False,False
20.0,3.0,55.0,278.0,302.0,293.0,300.0,False,False,False,False,False,False,False,False,False
7.0,1.0,7.0,231.0,247.0,284.0,318.0,False,True,True,False,False,False,False,False,False
9.0,1.0,9.0,208.0,251.0,278.0,286.0,True,False,False,False,True,False,False,False,False
10.0,2.0,24.0,229.0,257.0,284.0,302.0,False,False,True,False,False,False,False,False,False
9.0,2.0,18.0,233.0,244.0,284.0,312.0,False,False,True,False,False,False,False,False,False
5.0,3.0,21.0,280.0,293.0,254.0,286.0,True,False,False,False,False,True,False,False,False
2.0,4.0,24.0,271.0,302.0,262.0,301.0,False,False,False,False,False,True,False,False,False
2.0,2.0,35.0,286.0,298.0,295.0,305.0,False,False,False,False,False,False,False,False,True
2.0,3.0,37.0,232.0,251.0,280.0,302.0,False,True,True,False,False,False,False,False,False
3.0,3.0,40.0,234.0,245.0,281.0,275.0,False,True,True,False,False,False,False,False,False
30.0,2.0,30.0,196.0,184.0,258.0,279.0,False,False,False,False,False,False,False,True,False
14.0,3.0,51.0,236.0,267.0,282.0,314.0,False,True,True,False,False,False,False,False,False
5.0,1.0,5.0,271.0,263.0,255.0,334.0,False,True,False,True,False,False,False,False,False
3.0,1.0,3.0,268.0,317.0,303.0,304.0,True,False,False,False,False,False,False,False,False
14.0,3.0,44.0,235.0,255.0,280.0,295.0,False,False,True,False,False,False,False,False,False
2.0,1.0,2.0,273.0,319.0,301.0,291.0,True,False,False,False,False,False,False,False,False
21.0,2.0,22.0,186.0,186.0,258.0,269.0,True,False,False,False,False,False,False,True,False
42.0,2.0,42.0,197.0,186.0,266.0,273.0,False,False,False,False,False,False,False,True,False
17.0,3.0,46.0,211.0,186.0,280.0,320.0,True,False,False,False,False,False,True,False,False
20.0,2.0,27.0,275.0,308.0,292.0,299.0,False,False,False,False,False,False,False,False,False
21.0,2.0,45.0,205.0,255.0,283.0,296.0,False,False,False,False,True,False,False,False,False
15.0,4.0,53.0,282.0,304.0,251.0,303.0,True,False,False,False,False,True,False,False,False
7.0,2.0,7.0,185.0,176.0,262.0,276.0,False,False,False,False,False,False,False,True,False
4.0,1.0,4.0,290.0,316.0,302.0,328.0,True,False,False,False,False,False,False,False,True
5.0,3.0,55.0,223.0,257.0,281.0,283.0,True,False,False,False,True,False,False,False,False
3.0,2.0,12.0,268.0,264.0,258.0,334.0,True,False,False,True,False,False,False,False,False
24.0,2.0,48.0,216.0,184.0,278.0,319.0,False,False,False,False,False,False,True,False,False
15.0,2.0,32.0,234.0,260.0,279.0,296.0,False,False,True,False,False,False,False,False,False
8.0,2.0,17.0,269.0,266.0,253.0,310.0,True,False,False,True,False,False,False,False,False
5.0,2.0,17.0,228.0,258.0,278.0,294.0,False,False,True,False,False,False,False,False,False
17.0,2.0,24.0,289.0,299.0,292.0,304.0,False,False,False,False,False,False,False,False,True
3.0,4.0,39.0,281.0,299.0,258.0,296.0,True,False,False,False,False,True,False,False,False
39.0,2.0,40.0,198.0,183.0,259.0,281.0,False,False,False,False,False,False,False,True,False
24.0,1.0,24.0,212.0,185.0,274.0,311.0,True,False,False,False,False,False,True,False,False
6.0,2.0,39.0,288.0,302.0,294.0,308.0,False,False,False,False,False,False,False,False,True
14.0,2.0,25.0,231.0,250.0,280.0,295.0,False,False,True,False,False,False,False,False,False
10.0,3.0,46.0,273.0,297.0,290.0,291.0,False,False,False,False,False,False,False,False,False
9.0,2.0,30.0,219.0,254.0,279.0,288.0,False,False,False,False,True,False,False,False,False
10.0,5.0,30.0,216.0,255.0,278.0,285.0,True,False,False,False,True,False,False,False,False
41.0,2.0,51.0,213.0,184.0,283.0,331.0,False,False,False,False,False,False,True,False,False
7.0,2.0,20.0,211.0,252.0,280.0,286.0,False,False,False,False,True,False,False,False,False
42.0,2.0,49.0,290.0,303.0,294.0,312.0,False,False,False,False,False,False,False,False,True
25.0,2.0,50.0,217.0,255.0,280.0,286.0,False,False,False,False,True,False,False,False,False
19.0,3.0,49.0,236.0,261.0,280.0,299.0,False,False,True,False,False,False,False,False,False
9.0,2.0,38.0,213.0,187.0,276.0,316.0,False,False,False,False,False,False,True,False,False
46.0,2.0,47.0,192.0,172.0,256.0,274.0,False,False,False,False,False,False,False,True,False
26.0,2.0,47.0,219.0,258.0,283.0,298.0,False,False,False,False,True,False,False,False,False
5.0,1.0,5.0,270.0,267.0,255.0,325.0,True,False,False,True,False,False,False,False,False
13.0,2.0,30.0,277.0,315.0,300.0,307.0,False,False,False,False,False,False,False,False,False
5.0,2.0,5.0,279.0,293.0,253.0,286.0,True,False,False,False,False,True,False,False,False
23.0,2.0,23.0,193.0,171.0,264.0,280.0,False,False,False,False,False,False,False,True,False
74.0,2.0,75.0,201.0,186.0,259.0,278.0,True,False,False,False,False,False,False,True,False
16.0,2.0,24.0,276.0,304.0,290.0,294.0,False,False,False,False,False,False,False,False,False
4.0,1.0,4.0,211.0,247.0,277.0,283.0,False,False,False,False,True,False,False,False,False
20.0,2.0,20.0,187.0,173.0,255.0,274.0,True,False,False,False,False,False,False,True,False
12.0,1.0,12.0,211.0,184.0,273.0,315.0,True,False,False,False,False,False,True,False,False
3.0,1.0,3.0,208.0,181.0,272.0,308.0,True,False,False,False,False,False,True,False,False
58.0,2.0,59.0,200.0,195.0,258.0,279.0,False,False,False,False,False,False,False,True,False
34.0,2.0,44.0,211.0,184.0,282.0,330.0,False,False,False,False,False,False,True,False,False
20.0,3.0,51.0,236.0,261.0,282.0,305.0,False,False,True,False,False,False,False,False,False
10.0,2.0,15.0,272.0,299.0,288.0,292.0,False,False,False,False,False,False,False,False,False
37.0,2.0,48.0,218.0,256.0,280.0,291.0,False,False,False,False,True,False,False,False,False
27.0,2.0,34.0,286.0,302.0,292.0,309.0,False,False,False,False,False,False,False,False,True
22.0,2.0,28.0,290.0,320.0,296.0,333.0,False,False,False,False,False,False,False,False,True
12.0,1.0,11.0,209.0,251.0,276.0,283.0,True,False,False,False,True,False,False,False,False
4.0,2.0,31.0,214.0,256.0,276.0,284.0,False,False,False,False,True,False,False,False,False
26.0,2.0,53.0,211.0,258.0,280.0,286.0,False,False,False,False,True,False,False,False,False
27.0,4.0,49.0,281.0,296.0,256.0,296.0,False,False,False,False,False,True,False,False,False
8.0,2.0,19.0,211.0,182.0,280.0,322.0,False,False,False,False,False,False,True,False,False
14.0,2.0,42.0,214.0,186.0,284.0,321.0,False,True,False,False,False,False,True,False,False
9.0,1.0,9.0,209.0,183.0,272.0,317.0,True,False,False,False,False,False,True,False,False
3.0,2.0,12.0,273.0,307.0,290.0,296.0,False,False,False,False,False,False,False,False,False
23.0,2.0,50.0,216.0,255.0,281.0,284.0,False,False,False,False,True,False,False,False,False
9.0,1.0,8.0,210.0,183.0,281.0,327.0,True,False,False,False,False,False,True,False,False
3.0,1.0,3.0,276.0,327.0,303.0,305.0,False,True,False,False,False,False,False,False,False
4.0,2.0,16.0,216.0,251.0,277.0,285.0,False,False,False,False,True,False,False,False,False
12.0,2.0,25.0,235.0,255.0,280.0,306.0,False,False,True,False,False,False,False,False,False
49.0,2.0,50.0,194.0,183.0,260.0,280.0,True,False,False,False,False,False,False,True,False
56.0,3.0,70.0,193.0,183.0,269.0,281.0,False,False,False,False,False,False,False,True,False
19.0,2.0,42.0,214.0,187.0,277.0,313.0,False,False,False,False,False,False,True,False,False
4.0,2.0,17.0,211.0,253.0,279.0,284.0,False,False,False,False,True,False,False,False,False
31.0,2.0,31.0,166.0,177.0,258.0,274.0,True,False,False,False,False,False,False,True,False
11.0,3.0,44.0,236.0,257.0,280.0,304.0,False,False,True,False,False,False,False,False,False
17.0,3.0,50.0,236.0,264.0,281.0,303.0,False,False,True,False,False,False,False,False,False
3.0,1.0,3.0,210.0,183.0,277.0,307.0,True,False,False,False,False,False,True,False,False
30.0,2.0,41.0,214.0,256.0,278.0,289.0,False,False,False,False,True,False,False,False,False
15.0,2.0,16.0,190.0,170.0,256.0,279.0,False,False,False,False,False,False,False,True,False
18.0,2.0,18.0,188.0,183.0,259.0,274.0,False,False,False,False,False,False,False,True,False
7.0,1.0,7.0,279.0,299.0,290.0,293.0,True,False,False,False,False,False,False,False,False
40.0,2.0,53.0,213.0,256.0,284.0,263.0,False,False,False,False,True,False,False,False,False
5.0,3.0,40.0,238.0,249.0,281.0,303.0,False,True,True,False,False,False,False,False,False
14.0,3.0,41.0,277.0,269.0,263.0,314.0,True,False,False,True,False,False,False,False,False
19.0,1.0,19.0,206.0,184.0,275.0,314.0,True,False,False,False,False,False,True,False,False
9.0,2.0,20.0,208.0,183.0,276.0,310.0,False,False,False,False,False,False,True,False,False
6.0,1.0,5.0,270.0,306.0,303.0,305.0,False,False,False,False,False,False,False,False,False
4.0,3.0,57.0,216.0,188.0,281.0,328.0,False,True,False,False,False,False,True,False,False
8.0,3.0,39.0,235.0,260.0,282.0,299.0,False,False,True,False,False,False,False,False,False
13.0,2.0,14.0,235.0,251.0,280.0,302.0,False,False,True,False,False,False,False,False,False
15.0,2.0,22.0,287.0,311.0,297.0,309.0,False,False,False,False,False,False,False,False,True
8.0,4.0,48.0,231.0,257.0,281.0,325.0,False,True,True,False,False,False,False,False,False
18.0,4.0,50.0,205.0,303.0,257.0,302.0,False,False,False,False,False,True,False,False,False
3.0,1.0,3.0,229.0,245.0,285.0,308.0,False,True,True,False,False,False,False,False,False
21.0,3.0,41.0,236.0,259.0,281.0,304.0,False,False,True,False,False,False,False,False,False
14.0,3.0,19.0,274.0,305.0,258.0,303.0,False,False,False,False,False,True,False,False,False
29.0,2.0,30.0,173.0,172.0,255.0,276.0,True,False,False,False,False,False,False,True,False
25.0,3.0,56.0,236.0,263.0,282.0,298.0,False,False,True,False,False,False,False,False,False
10.0,1.0,10.0,284.0,294.0,289.0,298.0,True,False,False,False,False,False,False,False,True
10.0,2.0,22.0,230.0,254.0,282.0,308.0,False,False,True,False,False,False,False,False,False
20.0,3.0,56.0,277.0,296.0,290.0,290.0,False,False,False,False,False,False,False,False,False
19.0,2.0,26.0,283.0,302.0,295.0,307.0,False,False,False,False,False,False,False,False,True
6.0,4.0,54.0,178.0,179.0,272.0,273.0,False,True,False,False,False,False,False,True,False
15.0,3.0,38.0,271.0,265.0,256.0,308.0,False,False,False,True,False,False,False,False,False
12.0,3.0,28.0,280.0,297.0,255.0,287.0,True,False,False,False,False,True,False,False,False
13.0,3.0,34.0,276.0,270.0,259.0,332.0,False,False,False,True,False,False,False,False,False
23.0,3.0,37.0,176.0,177.0,260.0,272.0,False,False,False,False,False,False,False,True,False
31.0,1.0,31.0,288.0,301.0,291.0,301.0,True,False,False,False,False,False,False,False,True
15.0,2.0,28.0,277.0,306.0,303.0,297.0,False,False,False,False,False,False,False,False,False
3.0,2.0,40.0,205.0,253.0,282.0,285.0,False,False,False,False,True,False,False,False,False
62.0,2.0,62.0,206.0,183.0,257.0,277.0,True,False,False,False,False,False,False,True,False
34.0,2.0,40.0,288.0,300.0,291.0,302.0,False,False,False,False,False,False,False,False,True
43.0,2.0,44.0,199.0,185.0,255.0,275.0,False,False,False,False,False,False,False,True,False
4.0,3.0,42.0,274.0,299.0,290.0,287.0,False,False,False,False,False,False,False,False,False
14.0,4.0,47.0,276.0,300.0,257.0,299.0,True,False,False,False,False,True,False,False,False
11.0,5.0,45.0,276.0,293.0,264.0,297.0,False,True,False,False,False,True,False,False,False
18.0,2.0,25.0,290.0,310.0,313.0,333.0,False,False,False,False,False,False,False,False,True
2.0,3.0,37.0,277.0,303.0,293.0,294.0,False,False,False,False,False,False,False,False,False
26.0,2.0,26.0,194.0,189.0,258.0,277.0,False,False,False,False,False,False,False,True,False
70.0,2.0,71.0,196.0,186.0,258.0,277.0,True,False,False,False,False,False,False,True,False
21.0,3.0,54.0,275.0,302.0,289.0,297.0,False,False,False,False,False,False,False,False,False
16.0,2.0,17.0,274.0,299.0,253.0,299.0,True,False,False,False,False,True,False,False,False
9.0,1.0,9.0,212.0,250.0,277.0,286.0,True,False,False,False,True,False,False,False,False
22.0,1.0,22.0,212.0,253.0,277.0,282.0,True,False,False,False,True,False,False,False,False
5.0,2.0,12.0,284.0,326.0,307.0,330.0,False,False,False,False,False,False,False,False,True
21.0,2.0,38.0,276.0,267.0,257.0,310.0,False,False,False,True,False,False,False,False,False
31.0,2.0,54.0,209.0,186.0,284.0,334.0,True,False,False,False,False,False,True,False,False
17.0,1.0,17.0,209.0,183.0,273.0,313.0,False,False,False,False,False,False,True,False,False
16.0,2.0,26.0,211.0,181.0,283.0,341.0,False,False,False,False,False,False,True,False,False
9.0,1.0,6.0,233.0,254.0,278.0,290.0,False,True,True,False,False,False,False,False,False
39.0,2.0,40.0,196.0,187.0,259.0,275.0,True,False,False,False,False,False,False,True,False
12.0,2.0,21.0,276.0,311.0,291.0,296.0,False,False,False,False,False,False,False,False,False
23.0,2.0,42.0,212.0,185.0,276.0,313.0,False,False,False,False,False,False,True,False,False
13.0,2.0,14.0,185.0,178.0,265.0,283.0,True,False,False,False,False,False,False,True,False
18.0,2.0,35.0,234.0,260.0,279.0,295.0,False,False,True,False,False,False,False,False,False
25.0,2.0,48.0,213.0,185.0,284.0,331.0,True,False,False,False,False,False,True,False,False
15.0,3.0,53.0,280.0,302.0,292.0,300.0,False,False,False,False,False,False,False,False,False
3.0,2.0,4.0,275.0,297.0,254.0,301.0,True,False,False,False,False,True,False,False,False
19.0,4.0,52.0,283.0,298.0,258.0,283.0,False,False,False,False,False,True,False,False,False
20.0,2.0,27.0,286.0,302.0,295.0,310.0,False,False,False,False,False,False,False,False,True
15.0,1.0,15.0,216.0,253.0,279.0,287.0,True,False,False,False,True,False,False,False,False
12.0,2.0,26.0,237.0,252.0,280.0,302.0,False,False,True,False,False,False,False,False,False
31.0,2.0,55.0,213.0,186.0,278.0,320.0,False,False,False,False,False,False,True,False,False
30.0,2.0,57.0,216.0,256.0,280.0,288.0,False,False,False,False,True,False,False,False,False
15.0,1.0,15.0,209.0,183.0,273.0,311.0,True,False,False,False,False,False,True,False,False
9.0,4.0,37.0,213.0,185.0,279.0,316.0,True,False,False,False,False,False,True,False,False
5.0,3.0,46.0,275.0,295.0,291.0,291.0,False,False,False,False,False,False,False,False,False
9.0,3.0,24.0,278.0,298.0,259.0,300.0,True,False,False,False,False,True,False,False,False
15.0,2.0,15.0,191.0,171.0,259.0,274.0,False,False,False,False,False,False,False,True,False
4.0,1.0,4.0,283.0,313.0,306.0,326.0,False,True,False,False,False,False,False,False,True
12.0,3.0,35.0,279.0,271.0,263.0,330.0,False,False,False,True,False,False,False,False,False
6.0,2.0,30.0,216.0,254.0,278.0,293.0,False,False,False,False,True,False,False,False,False
2.0,3.0,34.0,233.0,256.0,282.0,297.0,False,False,True,False,False,False,False,False,False
17.0,2.0,29.0,228.0,263.0,279.0,298.0,False,False,True,False,False,False,False,False,False
2.0,1.0,2.0,286.0,313.0,310.0,326.0,True,False,False,False,False,False,False,False,True
41.0,1.0,41.0,284.0,300.0,296.0,303.0,True,False,False,False,False,False,False,False,True
17.0,3.0,38.0,271.0,269.0,263.0,330.0,False,False,False,True,False,False,False,False,False
35.0,2.0,60.0,213.0,253.0,277.0,281.0,False,False,False,False,True,False,False,False,False
6.0,3.0,19.0,276.0,298.0,255.0,298.0,True,False,False,False,False,True,False,False,False
20.0,3.0,43.0,275.0,268.0,259.0,310.0,False,False,False,True,False,False,False,False,False
7.0,1.0,7.0,211.0,181.0,275.0,313.0,True,False,False,False,False,False,True,False,False
7.0,2.0,34.0,216.0,254.0,279.0,286.0,False,False,False,False,True,False,False,False,False
29.0,2.0,39.0,208.0,182.0,279.0,333.0,False,False,False,False,False,False,True,False,False
17.0,3.0,52.0,237.0,258.0,281.0,303.0,False,False,True,False,False,False,False,False,False
6.0,3.0,25.0,273.0,300.0,256.0,298.0,False,False,False,False,False,True,False,False,False
6.0,2.0,13.0,284.0,316.0,308.0,327.0,False,False,False,False,False,False,False,False,True
25.0,2.0,31.0,216.0,255.0,276.0,285.0,False,False,False,False,True,False,False,False,False
3.0,3.0,44.0,239.0,248.0,281.0,309.0,False,False,True,False,False,False,False,False,False
3.0,1.0,3.0,272.0,266.0,258.0,328.0,True,False,False,True,False,False,False,False,False
68.0,2.0,69.0,193.0,182.0,257.0,277.0,False,False,False,False,False,False,False,True,False
5.0,1.0,2.0,231.0,236.0,276.0,293.0,False,True,True,False,False,False,False,False,False
13.0,3.0,20.0,277.0,301.0,260.0,304.0,False,False,False,False,False,True,False,False,False
10.0,3.0,39.0,276.0,302.0,290.0,294.0,False,False,False,False,False,False,False,False,False
20.0,3.0,40.0,235.0,257.0,281.0,304.0,False,False,True,False,False,False,False,False,False
16.0,2.0,23.0,273.0,302.0,302.0,295.0,False,False,False,False,False,False,False,False,False
25.0,3.0,49.0,272.0,268.0,258.0,309.0,False,False,False,True,False,False,False,False,False
8.0,3.0,38.0,238.0,255.0,281.0,259.0,False,False,True,False,False,False,False,False,False
2.0,2.0,9.0,268.0,293.0,289.0,229.0,False,False,False,False,False,False,False,False,False
6.0,1.0,5.0,284.0,316.0,301.0,324.0,True,False,False,False,False,False,False,False,True
10.0,2.0,19.0,272.0,266.0,252.0,309.0,True,False,False,True,False,False,False,False,False
3.0,4.0,43.0,237.0,243.0,282.0,303.0,False,True,True,False,False,False,False,False,False
29.0,2.0,50.0,213.0,185.0,277.0,313.0,True,False,False,False,False,False,True,False,False
14.0,2.0,20.0,287.0,305.0,294.0,309.0,False,False,False,False,False,False,False,False,True
4.0,2.0,14.0,230.0,255.0,276.0,292.0,False,False,True,False,False,False,False,False,False
27.0,2.0,52.0,218.0,255.0,281.0,288.0,False,False,False,False,True,False,False,False,False
55.0,2.0,55.0,205.0,178.0,258.0,279.0,False,False,False,False,False,False,False,True,False
44.0,2.0,56.0,218.0,154.0,281.0,290.0,False,False,False,False,True,False,False,False,False
25.0,2.0,25.0,191.0,173.0,261.0,271.0,False,False,False,False,False,False,False,True,False
15.0,1.0,12.0,207.0,182.0,273.0,316.0,True,False,False,False,False,False,True,False,False
26.0,2.0,33.0,290.0,323.0,311.0,331.0,False,False,False,False,False,False,False,False,True
16.0,2.0,23.0,289.0,313.0,297.0,314.0,False,False,False,False,False,False,False,False,True
4.0,1.0,4.0,208.0,249.0,274.0,280.0,True,False,False,False,True,False,False,False,False
16.0,3.0,39.0,282.0,268.0,257.0,310.0,False,False,False,True,False,False,False,False,False
15.0,2.0,16.0,195.0,177.0,253.0,272.0,False,False,False,False,False,False,False,True,False
15.0,2.0,21.0,212.0,254.0,276.0,290.0,False,False,False,False,True,False,False,False,False
18.0,1.0,17.0,211.0,253.0,277.0,283.0,True,False,False,False,True,False,False,False,False
6.0,3.0,18.0,280.0,298.0,252.0,298.0,False,False,False,False,False,True,False,False,False
2.0,1.0,2.0,209.0,185.0,281.0,339.0,True,False,False,False,False,False,True,False,False
12.0,4.0,40.0,211.0,185.0,278.0,316.0,True,False,False,False,False,False,True,False,False
9.0,2.0,10.0,272.0,299.0,257.0,301.0,True,False,False,False,False,True,False,False,False
14.0,1.0,14.0,269.0,263.0,260.0,309.0,True,False,False,True,False,False,False,False,False
11.0,2.0,32.0,215.0,256.0,279.0,291.0,False,False,False,False,True,False,False,False,False
15.0,2.0,38.0,211.0,186.0,276.0,313.0,False,False,False,False,False,False,True,False,False
3.0,1.0,3.0,285.0,296.0,292.0,302.0,True,False,False,False,False,False,False,False,True
2.0,3.0,24.0,278.0,303.0,258.0,303.0,False,False,False,False,False,True,False,False,False
16.0,2.0,29.0,275.0,302.0,290.0,307.0,False,False,False,False,False,False,False,False,False
25.0,1.0,25.0,290.0,308.0,298.0,312.0,True,False,False,False,False,False,False,False,True
21.0,2.0,29.0,281.0,327.0,300.0,296.0,False,False,False,False,False,False,False,False,False
11.0,3.0,44.0,235.0,262.0,282.0,297.0,False,False,True,False,False,False,False,False,False
2.0,3.0,43.0,237.0,250.0,288.0,293.0,False,False,True,False,False,False,False,False,False
12.0,3.0,47.0,237.0,257.0,282.0,302.0,False,True,True,False,False,False,False,False,False
11.0,2.0,22.0,234.0,257.0,280.0,299.0,False,False,True,False,False,False,False,False,False
30.0,1.0,30.0,284.0,301.0,292.0,302.0,True,False,False,False,False,False,False,False,True
25.0,2.0,32.0,271.0,294.0,287.0,288.0,False,False,False,False,False,False,False,False,False
5.0,2.0,16.0,209.0,181.0,279.0,323.0,False,False,False,False,False,False,True,False,False
21.0,1.0,21.0,210.0,182.0,274.0,315.0,True,False,False,False,False,False,True,False,False
12.0,1.0,9.0,227.0,241.0,277.0,303.0,False,True,True,False,False,False,False,False,False
4.0,3.0,39.0,274.0,299.0,290.0,292.0,False,False,False,False,False,False,False,False,False
10.0,3.0,49.0,220.0,258.0,281.0,287.0,True,False,False,False,True,False,False,False,False
11.0,2.0,18.0,288.0,310.0,296.0,312.0,False,False,False,False,False,False,False,False,True
7.0,1.0,7.0,227.0,240.0,283.0,297.0,False,True,True,False,False,False,False,False,False
16.0,3.0,52.0,272.0,291.0,290.0,288.0,False,False,False,False,False,False,False,False,False
3.0,1.0,3.0,281.0,317.0,308.0,326.0,True,False,False,False,False,False,False,False,True
39.0,2.0,63.0,220.0,259.0,281.0,299.0,False,False,False,False,True,False,False,False,False
50.0,2.0,50.0,198.0,190.0,266.0,281.0,False,False,False,False,False,False,False,True,False
9.0,2.0,10.0,196.0,175.0,252.0,271.0,False,False,False,False,False,False,False,True,False
4.0,2.0,25.0,215.0,183.0,272.0,301.0,True,False,False,False,False,False,True,False,False
63.0,2.0,64.0,197.0,186.0,265.0,279.0,False,False,False,False,False,False,False,True,False
15.0,3.0,26.0,280.0,300.0,256.0,300.0,False,False,False,False,False,True,False,False,False
21.0,3.0,57.0,236.0,267.0,282.0,306.0,False,True,True,False,False,False,False,False,False
19.0,2.0,20.0,184.0,181.0,267.0,282.0,False,False,False,False,False,False,False,True,False
25.0,4.0,53.0,211.0,183.0,286.0,339.0,True,False,False,False,False,False,True,False,False
40.0,2.0,40.0,208.0,177.0,255.0,276.0,True,False,False,False,False,False,False,True,False
24.0,2.0,32.0,279.0,305.0,291.0,298.0,False,False,False,False,False,False,False,False,False
18.0,3.0,57.0,218.0,256.0,283.0,289.0,True,False,False,False,True,False,False,False,False
15.0,4.0,49.0,282.0,300.0,263.0,302.0,False,False,False,False,False,True,False,False,False
29.0,2.0,36.0,288.0,300.0,293.0,308.0,False,False,False,False,False,False,False,False,True
5.0,2.0,17.0,211.0,181.0,278.0,342.0,False,False,False,False,False,False,True,False,False
3.0,2.0,11.0,276.0,267.0,255.0,315.0,False,False,False,True,False,False,False,False,False
12.0,3.0,42.0,216.0,253.0,280.0,283.0,True,False,False,False,True,False,False,False,False
17.0,2.0,38.0,218.0,256.0,279.0,288.0,False,False,False,False,True,False,False,False,False
4.0,1.0,4.0,263.0,264.0,258.0,329.0,True,False,False,True,False,False,False,False,False
24.0,2.0,24.0,199.0,172.0,264.0,281.0,False,False,False,False,False,False,False,True,False
3.0,3.0,38.0,237.0,251.0,282.0,300.0,False,False,True,False,False,False,False,False,False
17.0,4.0,39.0,272.0,299.0,259.0,300.0,False,False,False,False,False,True,False,False,False
19.0,3.0,43.0,272.0,268.0,257.0,305.0,False,False,False,True,False,False,False,False,False
14.0,2.0,21.0,286.0,321.0,308.0,339.0,False,False,False,False,False,False,False,False,True
35.0,2.0,36.0,176.0,186.0,257.0,264.0,True,False,False,False,False,False,False,True,False
13.0,2.0,40.0,213.0,184.0,276.0,311.0,False,False,False,False,False,False,True,False,False
48.0,3.0,62.0,191.0,181.0,269.0,283.0,False,False,False,False,False,False,False,True,False
10.0,1.0,10.0,208.0,180.0,278.0,334.0,True,False,False,False,False,False,True,False,False
9.0,3.0,60.0,208.0,199.0,266.0,268.0,False,False,False,False,False,False,False,True,False
13.0,2.0,20.0,276.0,302.0,291.0,297.0,False,False,False,False,False,False,False,False,False
12.0,2.0,13.0,187.0,183.0,266.0,281.0,False,False,False,False,False,False,False,True,False
34.0,2.0,57.0,215.0,188.0,275.0,313.0,False,False,False,False,False,False,True,False,False
10.0,2.0,26.0,270.0,293.0,288.0,282.0,True,False,False,False,False,False,False,False,False
13.0,3.0,41.0,213.0,187.0,285.0,316.0,True,False,False,False,False,False,True,False,False
17.0,2.0,40.0,212.0,186.0,281.0,320.0,True,False,False,False,False,False,True,False,False
9.0,2.0,18.0,268.0,261.0,254.0,308.0,False,False,False,True,False,False,False,False,False
19.0,3.0,39.0,234.0,256.0,283.0,325.0,False,False,True,False,False,False,False,False,False
10.0,3.0,51.0,278.0,296.0,291.0,292.0,False,False,False,False,False,False,False,False,False
15.0,3.0,38.0,281.0,300.0,256.0,299.0,False,False,False,False,False,True,False,False,False
12.0,3.0,53.0,237.0,264.0,282.0,296.0,False,False,True,False,False,False,False,False,False
5.0,1.0,5.0,227.0,247.0,285.0,301.0,False,True,True,False,False,False,False,False,False
9.0,3.0,49.0,278.0,294.0,290.0,286.0,False,False,False,False,False,False,False,False,False
2.0,2.0,29.0,214.0,253.0,282.0,289.0,False,False,False,False,True,False,False,False,False
3.0,1.0,3.0,207.0,183.0,280.0,303.0,True,False,False,False,False,False,True,False,False
17.0,2.0,54.0,218.0,256.0,283.0,287.0,True,False,False,False,True,False,False,False,False
27.0,2.0,49.0,221.0,258.0,283.0,294.0,False,False,False,False,True,False,False,False,False
77.0,2.0,78.0,196.0,184.0,209.0,277.0,False,False,False,False,False,False,False,True,False
10.0,3.0,23.0,278.0,296.0,255.0,295.0,True,False,False,False,False,True,False,False,False
11.0,3.0,31.0,235.0,256.0,282.0,304.0,False,False,True,False,False,False,False,False,False
16.0,3.0,49.0,236.0,261.0,282.0,297.0,False,False,True,False,False,False,False,False,False
9.0,3.0,21.0,279.0,298.0,254.0,300.0,False,False,False,False,False,True,False,False,False
4.0,1.0,4.0,286.0,302.0,294.0,306.0,True,False,False,False,False,False,False,False,True
17.0,4.0,43.0,282.0,300.0,256.0,298.0,False,False,False,False,False,True,False,False,False
13.0,2.0,14.0,174.0,180.0,266.0,280.0,False,False,False,False,False,False,False,True,False
12.0,3.0,47.0,237.0,255.0,281.0,303.0,False,False,True,False,False,False,False,False,False
10.0,2.0,22.0,236.0,266.0,280.0,302.0,False,False,True,False,False,False,False,False,False
3.0,1.0,3.0,286.0,318.0,309.0,327.0,True,False,False,False,False,False,False,False,True
9.0,2.0,21.0,211.0,182.0,281.0,326.0,False,False,False,False,False,False,True,False,False
19.0,2.0,20.0,195.0,177.0,257.0,267.0,True,False,False,False,False,False,False,True,False
6.0,1.0,6.0,204.0,181.0,280.0,327.0,True,False,False,False,False,False,True,False,False
25.0,2.0,25.0,192.0,169.0,265.0,281.0,False,False,False,False,False,False,False,True,False
5.0,1.0,5.0,273.0,264.0,258.0,328.0,True,False,False,True,False,False,False,False,False
17.0,2.0,41.0,209.0,184.0,277.0,323.0,False,False,False,False,False,False,True,False,False
17.0,2.0,30.0,274.0,302.0,290.0,292.0,False,False,False,False,False,False,False,False,False
6.0,1.0,6.0,272.0,264.0,258.0,332.0,True,False,False,True,False,False,False,False,False
29.0,2.0,48.0,215.0,184.0,276.0,312.0,False,False,False,False,False,False,True,False,False
21.0,1.0,21.0,212.0,250.0,277.0,284.0,False,False,False,False,True,False,False,False,False
14.0,3.0,42.0,235.0,245.0,281.0,301.0,False,False,True,False,False,False,False,False,False
19.0,2.0,26.0,289.0,308.0,297.0,316.0,False,False,False,False,False,False,False,False,True
34.0,2.0,59.0,217.0,255.0,280.0,286.0,False,False,False,False,True,False,False,False,False
20.0,2.0,27.0,281.0,297.0,295.0,308.0,False,False,False,False,False,False,False,False,True
36.0,1.0,36.0,283.0,300.0,292.0,303.0,True,False,False,False,False,False,False,False,True
19.0,3.0,69.0,201.0,195.0,262.0,282.0,False,False,False,False,False,False,False,True,False
5.0,2.0,12.0,284.0,313.0,298.0,316.0,False,False,False,False,False,False,False,False,True
29.0,1.0,29.0,210.0,251.0,277.0,283.0,True,False,False,False,True,False,False,False,False
28.0,2.0,33.0,269.0,293.0,286.0,288.0,False,False,False,False,False,False,False,False,False
9.0,1.0,9.0,205.0,180.0,278.0,329.0,True,False,False,False,False,False,True,False,False
22.0,2.0,51.0,210.0,186.0,278.0,312.0,False,False,False,False,False,False,True,False,False
8.0,2.0,33.0,211.0,256.0,278.0,295.0,False,False,False,False,True,False,False,False,False
7.0,1.0,7.0,227.0,251.0,281.0,313.0,False,True,True,False,False,False,False,False,False
27.0,2.0,27.0,194.0,167.0,260.0,272.0,False,False,False,False,False,False,False,True,False
42.0,2.0,42.0,192.0,174.0,265.0,281.0,False,False,False,False,False,False,False,True,False
47.0,2.0,47.0,190.0,191.0,267.0,282.0,False,False,False,False,False,False,False,True,False
16.0,2.0,23.0,282.0,316.0,296.0,310.0,False,False,False,False,False,False,False,False,True
64.0,2.0,64.0,199.0,188.0,256.0,276.0,False,False,False,False,False,False,False,True,False
15.0,1.0,12.0,229.0,251.0,277.0,300.0,False,True,True,False,False,False,False,False,False
4.0,3.0,39.0,236.0,252.0,281.0,301.0,False,True,True,False,False,False,False,False,False
37.0,2.0,38.0,198.0,184.0,257.0,279.0,False,False,False,False,False,False,False,True,False
16.0,3.0,55.0,281.0,304.0,293.0,291.0,False,False,False,False,False,False,False,False,False
13.0,3.0,36.0,271.0,263.0,257.0,307.0,False,False,False,True,False,False,False,False,False
4.0,2.0,12.0,214.0,249.0,272.0,281.0,False,False,False,False,True,False,False,False,False
13.0,2.0,24.0,234.0,254.0,281.0,307.0,False,False,True,False,False,False,False,False,False
2.0,3.0,9.0,273.0,293.0,252.0,292.0,False,False,False,False,False,True,False,False,False
26.0,2.0,48.0,214.0,184.0,280.0,326.0,False,False,False,False,False,False,True,False,False
10.0,4.0,45.0,274.0,297.0,292.0,293.0,False,False,False,False,False,False,False,False,False
2.0,2.0,11.0,269.0,265.0,259.0,313.0,True,False,False,True,False,False,False,False,False
5.0,3.0,21.0,273.0,298.0,255.0,294.0,True,False,False,False,False,True,False,False,False
12.0,2.0,35.0,209.0,184.0,282.0,341.0,True,False,False,False,False,False,True,False,False
9.0,2.0,26.0,209.0,183.0,275.0,315.0,False,False,False,False,False,False,True,False,False
3.0,1.0,3.0,266.0,267.0,259.0,335.0,False,True,False,True,False,False,False,False,False
33.0,2.0,33.0,192.0,186.0,257.0,279.0,False,False,False,False,False,False,False,True,False
3.0,1.0,3.0,214.0,251.0,278.0,293.0,True,False,False,False,True,False,False,False,False
16.0,4.0,52.0,283.0,305.0,267.0,304.0,True,False,False,False,False,True,False,False,False
7.0,1.0,7.0,229.0,244.0,278.0,305.0,False,True,True,False,False,False,False,False,False
21.0,4.0,53.0,282.0,302.0,256.0,303.0,False,False,False,False,False,True,False,False,False
12.0,1.0,9.0,209.0,183.0,279.0,332.0,True,False,False,False,False,False,True,False,False
18.0,2.0,19.0,182.0,172.0,266.0,282.0,False,False,False,False,False,False,False,True,False
23.0,4.0,49.0,281.0,300.0,257.0,300.0,False,False,False,False,False,True,False,False,False
24.0,3.0,47.0,212.0,186.0,279.0,320.0,True,False,False,False,False,False,True,False,False
6.0,2.0,7.0,192.0,169.0,256.0,279.0,False,False,False,False,False,False,False,True,False
7.0,4.0,39.0,244.0,303.0,259.0,298.0,False,False,False,False,False,True,False,False,False
25.0,3.0,48.0,275.0,268.0,259.0,308.0,False,False,False,True,False,False,False,False,False
17.0,2.0,48.0,214.0,255.0,282.0,283.0,True,False,False,False,True,False,False,False,False
3.0,2.0,4.0,276.0,299.0,257.0,302.0,False,True,False,False,False,True,False,False,False
10.0,1.0,10.0,271.0,263.0,253.0,309.0,True,False,False,True,False,False,False,False,False
22.0,1.0,22.0,287.0,297.0,291.0,298.0,True,False,False,False,False,False,False,False,True
10.0,2.0,18.0,273.0,264.0,254.0,312.0,True,False,False,True,False,False,False,False,False
10.0,1.0,10.0,274.0,295.0,289.0,291.0,True,False,False,False,False,False,False,False,False
38.0,2.0,38.0,186.0,185.0,258.0,279.0,True,False,False,False,False,False,False,True,False
14.0,1.0,14.0,208.0,251.0,275.0,283.0,True,False,False,False,True,False,False,False,False
21.0,2.0,46.0,213.0,254.0,282.0,296.0,False,False,False,False,True,False,False,False,False
9.0,4.0,31.0,276.0,301.0,261.0,302.0,False,False,False,False,False,True,False,False,False
9.0,3.0,41.0,234.0,259.0,283.0,302.0,False,False,True,False,False,False,False,False,False
5.0,2.0,6.0,176.0,177.0,265.0,279.0,True,False,False,False,False,False,False,True,False
6.0,3.0,35.0,212.0,186.0,280.0,323.0,True,False,False,False,False,False,True,False,False
4.0,1.0,4.0,285.0,309.0,297.0,318.0,True,False,False,False,False,False,False,False,True
19.0,2.0,46.0,211.0,258.0,280.0,287.0,False,False,False,False,True,False,False,False,False
5.0,2.0,18.0,271.0,265.0,257.0,311.0,False,False,False,True,False,False,False,False,False
23.0,2.0,24.0,195.0,172.0,257.0,277.0,True,False,False,False,False,False,False,True,False
21.0,4.0,43.0,280.0,298.0,256.0,296.0,False,False,False,False,False,True,False,False,False
17.0,4.0,55.0,274.0,268.0,256.0,304.0,True,False,False,True,False,False,False,False,False
6.0,3.0,28.0,276.0,302.0,257.0,303.0,False,False,False,False,False,True,False,False,False
19.0,2.0,52.0,217.0,256.0,284.0,288.0,True,False,False,False,True,False,False,False,False
37.0,2.0,37.0,198.0,171.0,264.0,272.0,False,False,False,False,False,False,False,True,False
9.0,2.0,16.0,274.0,303.0,290.0,299.0,False,False,False,False,False,False,False,False,False
67.0,2.0,67.0,201.0,194.0,269.0,282.0,False,False,False,False,False,False,False,True,False
11.0,2.0,38.0,212.0,184.0,284.0,330.0,False,False,False,False,False,False,True,False,False
7.0,2.0,24.0,209.0,184.0,276.0,317.0,False,False,False,False,False,False,True,False,False
3.0,4.0,41.0,266.0,258.0,257.0,295.0,True,False,False,True,False,False,False,False,False
8.0,2.0,19.0,232.0,254.0,282.0,321.0,False,False,True,False,False,False,False,False,False
29.0,5.0,49.0,216.0,258.0,281.0,182.0,True,False,False,False,True,False,False,False,False
3.0,2.0,11.0,214.0,250.0,272.0,278.0,False,False,False,False,True,False,False,False,False
19.0,3.0,42.0,275.0,268.0,259.0,309.0,False,False,False,True,False,False,False,False,False
9.0,1.0,9.0,273.0,299.0,289.0,289.0,True,False,False,False,False,False,False,False,False
60.0,2.0,61.0,186.0,180.0,266.0,278.0,False,False,False,False,False,False,False,True,False
73.0,2.0,73.0,206.0,183.0,258.0,278.0,True,False,False,False,False,False,False,True,False
12.0,3.0,38.0,277.0,299.0,256.0,300.0,False,False,False,False,False,True,False,False,False
22.0,3.0,45.0,274.0,268.0,259.0,308.0,False,False,False,True,False,False,False,False,False
9.0,2.0,18.0,271.0,266.0,253.0,307.0,True,False,False,True,False,False,False,False,False
7.0,3.0,19.0,275.0,299.0,259.0,300.0,True,False,False,False,False,True,False,False,False
7.0,2.0,8.0,177.0,174.0,269.0,284.0,True,False,False,False,False,False,False,True,False
25.0,2.0,46.0,218.0,257.0,282.0,298.0,False,False,False,False,True,False,False,False,False
6.0,3.0,39.0,233.0,258.0,282.0,313.0,False,False,True,False,False,False,False,False,False
5.0,1.0,5.0,208.0,181.0,276.0,319.0,False,False,False,False,False,False,True,False,False
29.0,1.0,28.0,214.0,255.0,277.0,283.0,True,False,False,False,True,False,False,False,False
32.0,2.0,33.0,191.0,174.0,256.0,275.0,True,False,False,False,False,False,False,True,False
7.0,3.0,47.0,187.0,185.0,260.0,279.0,False,False,False,False,False,False,False,True,False
30.0,2.0,30.0,199.0,172.0,262.0,269.0,False,False,False,False,False,False,False,True,False
60.0,2.0,60.0,194.0,194.0,260.0,280.0,False,False,False,False,False,False,False,True,False
34.0,2.0,46.0,212.0,184.0,279.0,319.0,False,False,False,False,False,False,True,False,False
9.0,3.0,45.0,234.0,263.0,281.0,298.0,False,True,True,False,False,False,False,False,False
6.0,2.0,14.0,274.0,265.0,253.0,314.0,True,False,False,True,False,False,False,False,False
9.0,3.0,33.0,275.0,273.0,257.0,326.0,False,False,False,True,False,False,False,False,False
14.0,3.0,42.0,215.0,186.0,284.0,321.0,True,False,False,False,False,False,True,False,False
12.0,3.0,23.0,278.0,297.0,254.0,297.0,False,False,False,False,False,True,False,False,False
4.0,1.0,4.0,273.0,329.0,301.0,308.0,True,False,False,False,False,False,False,False,False
6.0,1.0,6.0,276.0,267.0,253.0,318.0,True,False,False,True,False,False,False,False,False
21.0,2.0,46.0,204.0,251.0,273.0,283.0,False,False,False,False,True,False,False,False,False
2.0,1.0,2.0,210.0,182.0,271.0,308.0,True,False,False,False,False,False,True,False,False
9.0,3.0,21.0,275.0,297.0,260.0,296.0,True,False,False,False,False,True,False,False,False
14.0,2.0,26.0,234.0,254.0,280.0,303.0,False,False,True,False,False,False,False,False,False
5.0,3.0,43.0,276.0,300.0,291.0,295.0,False,False,False,False,False,False,False,False,False
20.0,2.0,41.0,220.0,257.0,282.0,293.0,False,False,False,False,True,False,False,False,False
2.0,2.0,26.0,213.0,185.0,276.0,320.0,False,False,False,False,False,False,True,False,False
43.0,2.0,55.0,209.0,186.0,280.0,318.0,False,False,False,False,False,False,True,False,False
5.0,1.0,5.0,209.0,182.0,277.0,312.0,True,False,False,False,False,False,True,False,False
2.0,2.0,9.0,272.0,313.0,301.0,300.0,False,False,False,False,False,False,False,False,False
24.0,2.0,47.0,212.0,187.0,277.0,313.0,False,False,False,False,False,False,True,False,False
17.0,2.0,17.0,181.0,173.0,252.0,274.0,False,False,False,False,False,False,False,True,False
27.0,2.0,54.0,216.0,259.0,281.0,286.0,False,False,False,False,True,False,False,False,False
25.0,1.0,25.0,210.0,186.0,274.0,313.0,True,False,False,False,False,False,True,False,False
19.0,4.0,28.0,214.0,256.0,279.0,294.0,True,False,False,False,True,False,False,False,False
11.0,1.0,11.0,208.0,182.0,280.0,332.0,True,False,False,False,False,False,True,False,False
33.0,1.0,32.0,209.0,253.0,277.0,284.0,True,False,False,False,True,False,False,False,False
21.0,1.0,21.0,216.0,253.0,279.0,289.0,True,False,False,False,True,False,False,False,False
28.0,1.0,27.0,210.0,254.0,277.0,283.0,True,False,False,False,True,False,False,False,False
3.0,4.0,62.0,225.0,260.0,279.0,294.0,False,True,False,False,True,False,False,False,False
28.0,3.0,55.0,278.0,270.0,258.0,311.0,True,False,False,True,False,False,False,False,False
22.0,2.0,43.0,216.0,255.0,280.0,286.0,False,False,False,False,True,False,False,False,False
6.0,2.0,22.0,277.0,300.0,288.0,293.0,False,False,False,False,False,False,False,False,False
19.0,3.0,42.0,271.0,264.0,256.0,306.0,False,False,False,True,False,False,False,False,False
9.0,3.0,28.0,274.0,300.0,254.0,298.0,False,False,False,False,False,True,False,False,False
25.0,2.0,54.0,210.0,187.0,278.0,316.0,False,False,False,False,False,False,True,False,False
25.0,2.0,32.0,287.0,294.0,291.0,304.0,False,False,False,False,False,False,False,False,True
69.0,2.0,70.0,204.0,192.0,267.0,282.0,False,False,False,False,False,False,False,True,False
13.0,2.0,35.0,217.0,258.0,281.0,291.0,False,False,False,False,True,False,False,False,False
13.0,2.0,49.0,214.0,257.0,285.0,288.0,False,False,False,False,True,False,False,False,False
7.0,4.0,55.0,186.0,185.0,260.0,262.0,False,True,False,False,False,False,False,True,False
19.0,3.0,54.0,237.0,257.0,284.0,306.0,False,False,True,False,False,False,False,False,False
3.0,4.0,46.0,234.0,255.0,278.0,289.0,False,True,True,False,False,False,False,False,False
9.0,2.0,16.0,287.0,322.0,307.0,336.0,False,False,False,False,False,False,False,False,True
9.0,3.0,48.0,281.0,304.0,293.0,290.0,False,False,False,False,False,False,False,False,False
22.0,1.0,22.0,213.0,254.0,282.0,287.0,True,False,False,False,True,False,False,False,False
6.0,2.0,27.0,208.0,183.0,277.0,313.0,True,False,False,False,False,False,True,False,False
26.0,2.0,59.0,216.0,252.0,283.0,301.0,True,False,False,False,True,False,False,False,False
23.0,1.0,23.0,283.0,301.0,292.0,303.0,True,False,False,False,False,False,False,False,True
22.0,2.0,33.0,237.0,261.0,279.0,298.0,False,False,True,False,False,False,False,False,False
3.0,2.0,25.0,210.0,184.0,286.0,325.0,True,False,False,False,False,False,True,False,False
8.0,2.0,30.0,219.0,257.0,281.0,293.0,False,False,False,False,True,False,False,False,False
46.0,2.0,47.0,196.0,183.0,261.0,281.0,True,False,False,False,False,False,False,True,False
6.0,1.0,6.0,223.0,246.0,278.0,297.0,False,True,True,False,False,False,False,False,False
17.0,3.0,47.0,236.0,259.0,280.0,296.0,False,False,True,False,False,False,False,False,False
7.0,1.0,4.0,223.0,247.0,269.0,296.0,False,True,True,False,False,False,False,False,False
14.0,3.0,54.0,276.0,300.0,289.0,287.0,False,False,False,False,False,False,False,False,False
13.0,2.0,25.0,231.0,255.0,281.0,308.0,False,False,True,False,False,False,False,False,False
26.0,1.0,25.0,213.0,253.0,278.0,283.0,True,False,False,False,True,False,False,False,False
19.0,3.0,43.0,274.0,268.0,257.0,312.0,False,False,False,True,False,False,False,False,False
8.0,4.0,36.0,213.0,185.0,278.0,315.0,True,False,False,False,False,False,True,False,False
6.0,2.0,12.0,286.0,322.0,295.0,326.0,False,False,False,False,False,False,False,False,True
8.0,5.0,38.0,274.0,270.0,258.0,308.0,False,False,False,True,False,False,False,False,False
2.0,1.0,2.0,286.0,318.0,310.0,341.0,True,False,False,False,False,False,False,False,True
57.0,2.0,58.0,197.0,178.0,257.0,277.0,True,False,False,False,False,False,False,True,False
14.0,2.0,37.0,213.0,186.0,283.0,314.0,True,False,False,False,False,False,True,False,False
23.0,1.0,23.0,209.0,255.0,280.0,288.0,False,False,False,False,True,False,False,False,False
49.0,2.0,50.0,199.0,188.0,258.0,280.0,False,False,False,False,False,False,False,True,False
6.0,5.0,40.0,277.0,297.0,256.0,295.0,False,True,False,False,False,True,False,False,False
11.0,2.0,19.0,281.0,303.0,289.0,306.0,False,False,False,False,False,False,False,False,False
4.0,4.0,37.0,276.0,300.0,257.0,298.0,False,False,False,False,False,True,False,False,False
31.0,2.0,44.0,211.0,255.0,281.0,286.0,False,False,False,False,True,False,False,False,False
6.0,3.0,39.0,236.0,256.0,280.0,301.0,False,False,True,False,False,False,False,False,False
3.0,1.0,2.0,264.0,321.0,305.0,271.0,True,False,False,False,False,False,False,False,False
19.0,2.0,40.0,271.0,266.0,263.0,325.0,False,False,False,True,False,False,False,False,False
5.0,1.0,5.0,214.0,253.0,276.0,275.0,True,False,False,False,True,False,False,False,False
5.0,2.0,18.0,232.0,251.0,277.0,296.0,False,False,True,False,False,False,False,False,False
26.0,2.0,33.0,272.0,294.0,287.0,294.0,False,False,False,False,False,False,False,False,False
27.0,2.0,49.0,213.0,185.0,279.0,317.0,False,False,False,False,False,False,True,False,False
5.0,2.0,22.0,276.0,307.0,292.0,299.0,True,False,False,False,False,False,False,False,False
17.0,1.0,17.0,208.0,182.0,272.0,314.0,True,False,False,False,False,False,True,False,False
3.0,2.0,10.0,263.0,290.0,286.0,287.0,False,False,False,False,False,False,False,False,False
14.0,2.0,21.0,285.0,301.0,294.0,309.0,False,False,False,False,False,False,False,False,True
11.0,3.0,33.0,280.0,302.0,255.0,302.0,False,False,False,False,False,True,False,False,False
16.0,3.0,31.0,279.0,296.0,255.0,295.0,True,False,False,False,False,True,False,False,False
25.0,2.0,52.0,210.0,253.0,281.0,290.0,False,False,False,False,True,False,False,False,False
8.0,2.0,9.0,173.0,177.0,254.0,263.0,True,False,False,False,False,False,False,True,False
40.0,2.0,41.0,195.0,185.0,265.0,280.0,False,False,False,False,False,False,False,True,False
29.0,2.0,46.0,275.0,267.0,258.0,308.0,False,False,False,True,False,False,False,False,False
60.0,2.0,60.0,206.0,193.0,260.0,279.0,False,False,False,False,False,False,False,True,False
22.0,1.0,19.0,209.0,183.0,275.0,319.0,True,False,False,False,False,False,True,False,False
10.0,1.0,10.0,208.0,182.0,279.0,322.0,True,False,False,False,False,False,True,False,False
15.0,2.0,42.0,215.0,186.0,277.0,311.0,False,False,False,False,False,False,True,False,False
4.0,1.0,4.0,272.0,315.0,288.0,301.0,True,False,False,False,False,False,False,False,False
5.0,4.0,12.0,265.0,287.0,256.0,285.0,False,False,False,False,False,True,False,False,False
17.0,3.0,49.0,236.0,264.0,284.0,307.0,False,False,True,False,False,False,False,False,False
4.0,2.0,5.0,275.0,296.0,254.0,299.0,True,False,False,False,False,True,False,False,False
34.0,2.0,34.0,191.0,181.0,254.0,271.0,False,False,False,False,False,False,False,True,False
4.0,2.0,4.0,279.0,297.0,258.0,299.0,False,True,False,False,False,True,False,False,False
36.0,1.0,35.0,215.0,254.0,278.0,285.0,True,False,False,False,True,False,False,False,False
31.0,3.0,54.0,216.0,187.0,280.0,319.0,True,False,False,False,False,False,True,False,False
23.0,2.0,30.0,286.0,308.0,297.0,313.0,False,False,False,False,False,False,False,False,True
50.0,2.0,51.0,191.0,188.0,260.0,266.0,True,False,False,False,False,False,False,True,False
15.0,3.0,50.0,276.0,303.0,291.0,294.0,False,False,False,False,False,False,False,False,False
37.0,2.0,38.0,199.0,181.0,256.0,275.0,True,False,False,False,False,False,False,True,False
37.0,2.0,58.0,211.0,259.0,281.0,293.0,False,False,False,False,True,False,False,False,False
10.0,3.0,46.0,277.0,306.0,292.0,298.0,False,False,False,False,False,False,False,False,False
5.0,2.0,12.0,286.0,314.0,308.0,326.0,False,False,False,False,False,False,False,False,True
27.0,3.0,41.0,184.0,176.0,267.0,282.0,False,False,False,False,False,False,False,True,False
33.0,1.0,33.0,212.0,254.0,279.0,289.0,False,False,False,False,True,False,False,False,False
8.0,2.0,13.0,272.0,302.0,289.0,291.0,False,False,False,False,False,False,False,False,False
2.0,3.0,32.0,233.0,252.0,281.0,295.0,False,False,True,False,False,False,False,False,False
44.0,2.0,55.0,217.0,257.0,281.0,287.0,False,False,False,False,True,False,False,False,False
38.0,2.0,45.0,289.0,309.0,297.0,315.0,False,False,False,False,False,False,False,False,True
17.0,2.0,28.0,213.0,256.0,280.0,290.0,False,False,False,False,True,False,False,False,False
33.0,2.0,34.0,182.0,183.0,265.0,278.0,False,False,False,False,False,False,False,True,False
23.0,2.0,31.0,277.0,305.0,291.0,296.0,False,False,False,False,False,False,False,False,False
6.0,2.0,12.0,286.0,301.0,293.0,308.0,False,False,False,False,False,False,False,False,True
23.0,3.0,47.0,273.0,268.0,258.0,305.0,False,False,False,True,False,False,False,False,False
6.0,1.0,6.0,273.0,265.0,261.0,330.0,True,False,False,True,False,False,False,False,False
21.0,2.0,44.0,213.0,185.0,284.0,319.0,True,False,False,False,False,False,True,False,False
12.0,3.0,25.0,279.0,296.0,255.0,295.0,True,False,False,False,False,True,False,False,False
13.0,2.0,14.0,175.0,181.0,255.0,264.0,True,False,False,False,False,False,False,True,False
6.0,1.0,3.0,228.0,249.0,282.0,290.0,False,True,True,False,False,False,False,False,False
36.0,2.0,57.0,211.0,186.0,244.0,286.0,True,False,False,False,False,False,True,False,False
23.0,3.0,51.0,236.0,255.0,281.0,298.0,False,False,True,False,False,False,False,False,False
15.0,2.0,22.0,287.0,304.0,295.0,306.0,False,False,False,False,False,False,False,False,True
10.0,3.0,45.0,237.0,256.0,282.0,301.0,False,False,True,False,False,False,False,False,False
24.0,2.0,31.0,288.0,311.0,308.0,332.0,False,False,False,False,False,False,False,False,True
4.0,3.0,45.0,276.0,297.0,291.0,292.0,False,False,False,False,False,False,False,False,False
15.0,4.0,51.0,279.0,299.0,258.0,298.0,False,False,False,False,False,True,False,False,False
13.0,3.0,47.0,281.0,303.0,291.0,295.0,False,False,False,False,False,False,False,False,False
33.0,2.0,40.0,289.0,303.0,291.0,309.0,False,False,False,False,False,False,False,False,True
8.0,1.0,8.0,274.0,296.0,287.0,291.0,True,False,False,False,False,False,False,False,False
4.0,3.0,39.0,286.0,301.0,292.0,304.0,False,True,False,False,False,False,False,False,True
9.0,3.0,36.0,230.0,255.0,278.0,299.0,False,False,True,False,False,False,False,False,False
11.0,4.0,33.0,272.0,296.0,256.0,291.0,False,False,False,False,False,True,False,False,False
1.0,4.0,49.0,194.0,189.0,259.0,278.0,False,True,False,False,False,False,False,True,False
16.0,5.0,46.0,276.0,270.0,258.0,308.0,False,False,False,True,False,False,False,False,False
21.0,3.0,55.0,235.0,263.0,289.0,326.0,False,False,True,False,False,False,False,False,False
14.0,2.0,41.0,216.0,253.0,278.0,286.0,False,False,False,False,True,False,False,False,False
18.0,2.0,32.0,273.0,269.0,253.0,316.0,True,False,False,True,False,False,False,False,False
30.0,2.0,37.0,289.0,312.0,299.0,318.0,False,False,False,False,False,False,False,False,True
29.0,2.0,30.0,192.0,189.0,258.0,276.0,True,False,False,False,False,False,False,True,False
12.0,2.0,19.0,286.0,320.0,307.0,331.0,False,False,False,False,False,False,False,False,True
24.0,2.0,46.0,215.0,185.0,275.0,314.0,False,False,False,False,False,False,True,False,False
4.0,2.0,5.0,275.0,298.0,255.0,298.0,False,False,False,False,False,True,False,False,False
10.0,2.0,31.0,214.0,251.0,277.0,285.0,False,False,False,False,True,False,False,False,False
10.0,4.0,58.0,198.0,191.0,260.0,281.0,False,True,False,False,False,False,False,True,False
31.0,1.0,31.0,213.0,249.0,276.0,284.0,False,False,False,False,True,False,False,False,False
10.0,1.0,7.0,234.0,242.0,286.0,326.0,False,True,True,False,False,False,False,False,False
2.0,3.0,37.0,284.0,300.0,293.0,302.0,False,True,False,False,False,False,False,False,True
60.0,2.0,60.0,191.0,178.0,256.0,276.0,False,False,False,False,False,False,False,True,False
12.0,2.0,19.0,288.0,327.0,309.0,339.0,False,False,False,False,False,False,False,False,True
24.0,2.0,52.0,216.0,186.0,283.0,331.0,False,True,False,False,False,False,True,False,False
8.0,1.0,8.0,276.0,266.0,253.0,312.0,True,False,False,True,False,False,False,False,False
18.0,3.0,30.0,280.0,298.0,249.0,297.0,False,False,False,False,False,True,False,False,False
3.0,2.0,12.0,272.0,294.0,288.0,291.0,False,False,False,False,False,False,False,False,False
18.0,2.0,30.0,232.0,259.0,281.0,296.0,False,False,True,False,False,False,False,False,False
32.0,2.0,59.0,217.0,255.0,281.0,288.0,False,False,False,False,True,False,False,False,False
29.0,3.0,56.0,278.0,269.0,258.0,311.0,True,False,False,True,False,False,False,False,False
15.0,1.0,15.0,208.0,182.0,276.0,318.0,False,False,False,False,False,False,True,False,False
26.0,3.0,52.0,281.0,299.0,256.0,299.0,False,False,False,False,False,True,False,False,False
3.0,1.0,3.0,229.0,244.0,286.0,312.0,False,True,True,False,False,False,False,False,False
12.0,3.0,48.0,234.0,261.0,281.0,297.0,False,False,True,False,False,False,False,False,False
18.0,2.0,19.0,271.0,300.0,256.0,297.0,False,False,False,False,False,True,False,False,False
18.0,2.0,19.0,199.0,179.0,264.0,281.0,False,False,False,False,False,False,False,True,False
21.0,3.0,54.0,233.0,268.0,282.0,304.0,False,False,True,False,False,False,False,False,False
26.0,2.0,33.0,281.0,297.0,294.0,308.0,False,False,False,False,False,False,False,False,True
25.0,2.0,52.0,215.0,257.0,282.0,287.0,False,False,False,False,True,False,False,False,False
15.0,5.0,49.0,277.0,296.0,256.0,294.0,False,True,False,False,False,True,False,False,False
21.0,5.0,41.0,219.0,256.0,280.0,284.0,True,False,False,False,True,False,False,False,False
24.0,2.0,25.0,275.0,295.0,254.0,295.0,True,False,False,False,False,True,False,False,False
11.0,2.0,12.0,184.0,182.0,258.0,273.0,True,False,False,False,False,False,False,True,False
24.0,2.0,30.0,288.0,319.0,304.0,323.0,False,False,False,False,False,False,False,False,True
7.0,4.0,50.0,276.0,270.0,260.0,307.0,True,False,False,True,False,False,False,False,False
24.0,3.0,29.0,275.0,300.0,255.0,301.0,False,False,False,False,False,True,False,False,False
27.0,1.0,27.0,212.0,254.0,277.0,284.0,True,False,False,False,True,False,False,False,False
10.0,3.0,46.0,275.0,299.0,291.0,291.0,False,False,False,False,False,False,False,False,False
11.0,3.0,33.0,278.0,301.0,256.0,299.0,False,False,False,False,False,True,False,False,False
9.0,3.0,25.0,274.0,299.0,254.0,297.0,True,False,False,False,False,True,False,False,False
13.0,2.0,25.0,233.0,260.0,279.0,297.0,False,False,True,False,False,False,False,False,False
37.0,2.0,38.0,184.0,183.0,259.0,272.0,True,False,False,False,False,False,False,True,False
6.0,2.0,19.0,266.0,262.0,257.0,333.0,False,False,False,True,False,False,False,False,False
24.0,3.0,47.0,276.0,268.0,258.0,309.0,False,False,False,True,False,False,False,False,False
8.0,2.0,15.0,285.0,319.0,312.0,325.0,False,False,False,False,False,False,False,False,True
34.0,1.0,34.0,291.0,309.0,297.0,312.0,True,False,False,False,False,False,False,False,True
4.0,3.0,49.0,282.0,305.0,294.0,301.0,False,False,False,False,False,False,False,False,False
7.0,1.0,7.0,272.0,265.0,255.0,309.0,True,False,False,True,False,False,False,False,False
21.0,3.0,44.0,215.0,185.0,278.0,316.0,True,False,False,False,False,False,True,False,False
39.0,2.0,40.0,190.0,189.0,257.0,264.0,True,False,False,False,False,False,False,True,False
4.0,1.0,4.0,272.0,322.0,304.0,312.0,True,False,False,False,False,False,False,False,False
69.0,2.0,69.0,206.0,187.0,258.0,277.0,True,False,False,False,False,False,False,True,False
14.0,2.0,21.0,291.0,320.0,300.0,316.0,False,False,False,False,False,False,False,False,True
23.0,2.0,30.0,288.0,302.0,294.0,309.0,False,False,False,False,False,False,False,False,True
43.0,2.0,51.0,210.0,255.0,280.0,286.0,False,False,False,False,True,False,False,False,False
9.0,1.0,9.0,216.0,254.0,277.0,286.0,True,False,False,False,True,False,False,False,False
8.0,3.0,24.0,272.0,300.0,255.0,298.0,True,False,False,False,False,True,False,False,False
12.0,2.0,43.0,290.0,298.0,293.0,299.0,False,True,False,False,False,False,False,False,True
18.0,4.0,46.0,212.0,183.0,282.0,317.0,True,False,False,False,False,False,True,False,False
8.0,2.0,22.0,276.0,301.0,291.0,297.0,False,False,False,False,False,False,False,False,False
27.0,2.0,27.0,192.0,173.0,265.0,280.0,False,False,False,False,False,False,False,True,False
27.0,2.0,54.0,212.0,186.0,279.0,315.0,False,False,False,False,False,False,True,False,False
23.0,1.0,23.0,287.0,298.0,290.0,299.0,True,False,False,False,False,False,False,False,True
4.0,1.0,4.0,228.0,249.0,283.0,309.0,False,True,True,False,False,False,False,False,False
3.0,1.0,3.0,211.0,251.0,278.0,283.0,True,False,False,False,True,False,False,False,False
18.0,2.0,18.0,193.0,173.0,263.0,281.0,False,False,False,False,False,False,False,True,False
41.0,2.0,41.0,199.0,171.0,249.0,269.0,True,False,False,False,False,False,False,True,False
18.0,2.0,28.0,232.0,254.0,276.0,290.0,False,False,True,False,False,False,False,False,False
17.0,2.0,30.0,210.0,250.0,280.0,285.0,False,False,False,False,True,False,False,False,False
7.0,1.0,7.0,272.0,308.0,292.0,303.0,False,False,False,False,False,False,False,False,False
17.0,4.0,49.0,276.0,267.0,246.0,284.0,False,False,False,False,False,True,False,False,False
3.0,2.0,20.0,271.0,297.0,288.0,292.0,False,False,False,False,False,False,False,False,False
7.0,2.0,7.0,277.0,295.0,254.0,286.0,True,False,False,False,False,True,False,False,False
17.0,3.0,54.0,236.0,270.0,283.0,301.0,False,True,True,False,False,False,False,False,False
11.0,1.0,11.0,210.0,182.0,274.0,309.0,False,False,False,False,False,False,True,False,False
11.0,2.0,18.0,288.0,322.0,306.0,328.0,False,False,False,False,False,False,False,False,True
9.0,1.0,9.0,269.0,260.0,253.0,310.0,True,False,False,True,False,False,False,False,False
21.0,2.0,36.0,234.0,256.0,285.0,294.0,False,False,True,False,False,False,False,False,False
3.0,3.0,38.0,269.0,297.0,289.0,290.0,False,False,False,False,False,False,False,False,False
18.0,2.0,25.0,281.0,301.0,295.0,304.0,False,False,False,False,False,False,False,False,True
14.0,2.0,24.0,230.0,254.0,275.0,288.0,False,False,True,False,False,False,False,False,False
9.0,4.0,42.0,278.0,300.0,256.0,299.0,True,False,False,False,False,True,False,False,False
10.0,2.0,10.0,277.0,292.0,252.0,286.0,True,False,False,False,False,True,False,False,False
8.0,1.0,8.0,228.0,249.0,278.0,303.0,False,True,True,False,False,False,False,False,False
75.0,2.0,75.0,199.0,186.0,267.0,282.0,False,False,False,False,False,False,False,True,False
20.0,1.0,20.0,213.0,253.0,275.0,286.0,True,False,False,False,True,False,False,False,False
42.0,2.0,49.0,289.0,304.0,295.0,309.0,False,False,False,False,False,False,False,False,True
5.0,1.0,5.0,205.0,180.0,282.0,317.0,True,False,False,False,False,False,True,False,False
15.0,3.0,39.0,274.0,267.0,257.0,309.0,False,False,False,True,False,False,False,False,False
3.0,1.0,3.0,211.0,183.0,272.0,309.0,True,False,False,False,False,False,True,False,False
4.0,2.0,5.0,181.0,178.0,263.0,278.0,True,False,False,False,False,False,False,True,False
7.0,1.0,7.0,216.0,253.0,284.0,289.0,True,False,False,False,True,False,False,False,False
38.0,2.0,57.0,212.0,185.0,277.0,318.0,False,False,False,False,False,False,True,False,False
40.0,2.0,47.0,289.0,306.0,298.0,314.0,False,False,False,False,False,False,False,False,True
4.0,2.0,5.0,232.0,241.0,277.0,295.0,False,False,True,False,False,False,False,False,False
16.0,2.0,16.0,193.0,168.0,255.0,277.0,True,False,False,False,False,False,False,True,False
2.0,1.0,2.0,273.0,266.0,266.0,338.0,True,False,False,True,False,False,False,False,False
9.0,2.0,14.0,268.0,298.0,287.0,291.0,False,False,False,False,False,False,False,False,False
9.0,3.0,45.0,276.0,305.0,291.0,297.0,False,False,False,False,False,False,False,False,False
14.0,2.0,25.0,210.0,185.0,277.0,313.0,False,False,False,False,False,False,True,False,False
69.0,2.0,69.0,203.0,192.0,267.0,281.0,False,False,False,False,False,False,False,True,False
25.0,2.0,47.0,217.0,259.0,283.0,292.0,False,False,False,False,True,False,False,False,False
27.0,2.0,34.0,288.0,326.0,309.0,328.0,False,False,False,False,False,False,False,False,True
24.0,3.0,47.0,270.0,264.0,258.0,303.0,False,False,False,True,False,False,False,False,False
2.0,3.0,43.0,276.0,299.0,289.0,289.0,False,False,False,False,False,False,False,False,False
16.0,3.0,56.0,280.0,291.0,290.0,287.0,False,False,False,False,False,False,False,False,False
6.0,1.0,6.0,271.0,296.0,290.0,299.0,True,False,False,False,False,False,False,False,False
4.0,1.0,4.0,214.0,249.0,278.0,274.0,True,False,False,False,True,False,False,False,False
25.0,2.0,26.0,176.0,180.0,265.0,281.0,False,False,False,False,False,False,False,True,False
5.0,2.0,6.0,172.0,175.0,261.0,274.0,False,False,False,False,False,False,False,True,False
13.0,2.0,22.0,228.0,247.0,278.0,301.0,False,False,True,False,False,False,False,False,False
22.0,2.0,27.0,270.0,295.0,287.0,289.0,False,False,False,False,False,False,False,False,False
18.0,3.0,56.0,275.0,296.0,291.0,299.0,False,False,False,False,False,False,False,False,False
23.0,3.0,46.0,273.0,271.0,261.0,309.0,False,False,False,True,False,False,False,False,False
24.0,2.0,36.0,214.0,251.0,279.0,288.0,False,False,False,False,True,False,False,False,False
19.0,2.0,36.0,234.0,263.0,280.0,297.0,False,False,True,False,False,False,False,False,False
6.0,2.0,20.0,287.0,322.0,303.0,299.0,False,False,False,False,False,False,False,False,False
12.0,3.0,24.0,280.0,296.0,254.0,297.0,False,False,False,False,False,True,False,False,False
30.0,2.0,30.0,190.0,178.0,264.0,280.0,False,False,False,False,False,False,False,True,False
14.0,3.0,27.0,278.0,297.0,255.0,295.0,True,False,False,False,False,True,False,False,False
59.0,2.0,59.0,204.0,194.0,259.0,278.0,False,False,False,False,False,False,False,True,False
3.0,1.0,3.0,210.0,185.0,279.0,323.0,True,False,False,False,False,False,True,False,False
11.0,1.0,10.0,206.0,180.0,281.0,317.0,False,False,False,False,False,False,True,False,False
7.0,2.0,20.0,234.0,254.0,284.0,299.0,False,False,True,False,False,False,False,False,False
12.0,2.0,24.0,213.0,182.0,284.0,335.0,False,False,False,False,False,False,True,False,False
28.0,2.0,52.0,215.0,256.0,282.0,298.0,False,False,False,False,True,False,False,False,False
11.0,2.0,18.0,286.0,303.0,294.0,310.0,False,False,False,False,False,False,False,False,True
12.0,3.0,42.0,232.0,255.0,277.0,290.0,False,False,True,False,False,False,False,False,False
42.0,2.0,43.0,198.0,193.0,260.0,276.0,True,False,False,False,False,False,False,True,False
2.0,3.0,33.0,236.0,253.0,276.0,290.0,False,False,True,False,False,False,False,False,False
28.0,3.0,33.0,277.0,305.0,256.0,306.0,False,False,False,False,False,True,False,False,False
11.0,1.0,8.0,232.0,246.0,287.0,316.0,False,True,True,False,False,False,False,False,False
72.0,2.0,72.0,204.0,188.0,266.0,273.0,False,False,False,False,False,False,False,True,False
38.0,2.0,38.0,194.0,187.0,258.0,282.0,False,False,False,False,False,False,False,True,False
36.0,2.0,37.0,198.0,190.0,259.0,270.0,True,False,False,False,False,False,False,True,False
7.0,2.0,14.0,264.0,293.0,286.0,286.0,False,False,False,False,False,False,False,False,False
13.0,3.0,52.0,219.0,257.0,278.0,286.0,True,False,False,False,True,False,False,False,False
14.0,2.0,37.0,214.0,185.0,282.0,331.0,True,False,False,False,False,False,True,False,False
25.0,1.0,25.0,215.0,255.0,278.0,285.0,True,False,False,False,True,False,False,False,False
4.0,2.0,21.0,272.0,299.0,288.0,293.0,False,False,False,False,False,False,False,False,False
15.0,4.0,48.0,283.0,299.0,257.0,287.0,False,False,False,False,False,True,False,False,False
12.0,2.0,13.0,232.0,250.0,278.0,300.0,False,False,True,False,False,False,False,False,False
37.0,2.0,37.0,185.0,185.0,266.0,278.0,True,False,False,False,False,False,False,True,False
10.0,2.0,34.0,212.0,184.0,283.0,338.0,False,False,False,False,False,False,True,False,False
56.0,2.0,56.0,195.0,191.0,265.0,280.0,False,False,False,False,False,False,False,True,False
23.0,2.0,36.0,275.0,302.0,290.0,289.0,False,False,False,False,False,False,False,False,False
15.0,4.0,37.0,276.0,298.0,259.0,295.0,False,False,False,False,False,True,False,False,False
14.0,1.0,14.0,279.0,318.0,298.0,302.0,True,False,False,False,False,False,False,False,False
16.0,3.0,50.0,214.0,186.0,286.0,328.0,True,False,False,False,False,False,True,False,False
22.0,2.0,29.0,287.0,303.0,295.0,311.0,False,False,False,False,False,False,False,False,True
8.0,2.0,29.0,218.0,255.0,280.0,290.0,False,False,False,False,True,False,False,False,False
32.0,3.0,53.0,273.0,270.0,259.0,313.0,False,False,False,True,False,False,False,False,False
21.0,2.0,29.0,212.0,252.0,278.0,285.0,False,False,False,False,True,False,False,False,False
7.0,1.0,7.0,209.0,180.0,277.0,321.0,False,False,False,False,False,False,True,False,False
54.0,2.0,54.0,203.0,181.0,256.0,279.0,True,False,False,False,False,False,False,True,False
4.0,3.0,10.0,269.0,294.0,252.0,291.0,False,False,False,False,False,True,False,False,False
22.0,1.0,22.0,289.0,309.0,298.0,312.0,True,False,False,False,False,False,False,False,True
10.0,1.0,10.0,206.0,253.0,279.0,284.0,False,False,False,False,True,False,False,False,False
13.0,2.0,13.0,184.0,176.0,254.0,275.0,False,False,False,False,False,False,False,True,False
3.0,2.0,8.0,271.0,297.0,288.0,284.0,False,False,False,False,False,False,False,False,False
18.0,4.0,53.0,276.0,301.0,291.0,295.0,False,False,False,False,False,False,False,False,False
19.0,2.0,31.0,215.0,249.0,278.0,288.0,False,False,False,False,True,False,False,False,False
2.0,3.0,38.0,268.0,296.0,287.0,288.0,False,False,False,False,False,False,False,False,False
6.0,1.0,6.0,209.0,183.0,273.0,308.0,True,False,False,False,False,False,True,False,False
32.0,2.0,54.0,213.0,184.0,278.0,318.0,False,False,False,False,False,False,True,False,False
8.0,2.0,9.0,176.0,177.0,253.0,276.0,False,False,False,False,False,False,False,True,False
36.0,2.0,46.0,208.0,184.0,285.0,343.0,False,False,False,False,False,False,True,False,False
59.0,2.0,59.0,199.0,184.0,258.0,279.0,True,False,False,False,False,False,False,True,False
17.0,2.0,28.0,234.0,261.0,280.0,300.0,False,False,True,False,False,False,False,False,False
13.0,2.0,13.0,271.0,294.0,253.0,295.0,True,False,False,False,False,True,False,False,False
4.0,3.0,26.0,279.0,303.0,258.0,304.0,False,False,False,False,False,True,False,False,False
10.0,3.0,21.0,279.0,296.0,254.0,296.0,False,False,False,False,False,True,False,False,False
43.0,2.0,50.0,291.0,325.0,285.0,312.0,False,False,False,False,False,False,False,False,True
15.0,3.0,42.0,281.0,309.0,292.0,305.0,False,False,False,False,False,False,False,False,False
11.0,4.0,44.0,281.0,299.0,258.0,296.0,False,False,False,False,False,True,False,False,False
26.0,2.0,27.0,197.0,186.0,258.0,273.0,True,False,False,False,False,False,False,True,False
7.0,1.0,7.0,211.0,250.0,278.0,285.0,True,False,False,False,True,False,False,False,False
8.0,2.0,9.0,270.0,296.0,252.0,294.0,False,False,False,False,False,True,False,False,False
34.0,2.0,35.0,190.0,182.0,266.0,280.0,False,False,False,False,False,False,False,True,False
5.0,1.0,5.0,284.0,297.0,291.0,300.0,True,False,False,False,False,False,False,False,True
7.0,1.0,7.0,229.0,245.0,284.0,304.0,False,True,True,False,False,False,False,False,False
13.0,4.0,53.0,277.0,271.0,258.0,331.0,False,True,False,True,False,False,False,False,False
32.0,2.0,32.0,203.0,163.0,256.0,277.0,True,False,False,False,False,False,False,True,False
11.0,1.0,8.0,232.0,250.0,284.0,312.0,False,True,True,False,False,False,False,False,False
23.0,2.0,30.0,270.0,292.0,288.0,285.0,False,False,False,False,False,False,False,False,False
14.0,2.0,35.0,213.0,185.0,281.0,331.0,True,False,False,False,False,False,True,False,False
13.0,4.0,56.0,234.0,263.0,282.0,295.0,False,True,True,False,False,False,False,False,False
9.0,3.0,42.0,237.0,259.0,281.0,302.0,False,False,True,False,False,False,False,False,False
25.0,2.0,32.0,291.0,303.0,294.0,306.0,False,False,False,False,False,False,False,False,True
7.0,3.0,12.0,275.0,303.0,256.0,304.0,False,False,False,False,False,True,False,False,False
7.0,1.0,7.0,269.0,268.0,254.0,331.0,True,False,False,True,False,False,False,False,False
23.0,2.0,52.0,213.0,187.0,277.0,317.0,False,False,False,False,False,False,True,False,False
11.0,2.0,23.0,234.0,251.0,279.0,299.0,False,False,True,False,False,False,False,False,False
13.0,1.0,13.0,210.0,249.0,274.0,282.0,True,False,False,False,True,False,False,False,False
25.0,2.0,33.0,209.0,250.0,278.0,284.0,False,False,False,False,True,False,False,False,False
19.0,1.0,16.0,233.0,260.0,277.0,292.0,False,True,True,False,False,False,False,False,False
4.0,1.0,3.0,282.0,318.0,304.0,324.0,True,False,False,False,False,False,False,False,True
32.0,2.0,59.0,217.0,258.0,279.0,285.0,False,False,False,False,True,False,False,False,False
3.0,2.0,4.0,276.0,298.0,258.0,299.0,False,False,False,False,False,True,False,False,False
14.0,3.0,37.0,279.0,269.0,258.0,316.0,False,False,False,True,False,False,False,False,False
6.0,1.0,6.0,273.0,265.0,257.0,334.0,True,False,False,True,False,False,False,False,False
23.0,2.0,30.0,286.0,322.0,310.0,338.0,False,False,False,False,False,False,False,False,True
7.0,2.0,8.0,232.0,246.0,278.0,296.0,False,False,True,False,False,False,False,False,False
5.0,3.0,45.0,187.0,188.0,259.0,279.0,False,False,False,False,False,False,False,True,False
27.0,3.0,77.0,207.0,189.0,274.0,288.0,False,False,False,False,False,False,False,True,False
10.0,3.0,33.0,269.0,263.0,255.0,305.0,False,False,False,True,False,False,False,False,False
62.0,2.0,63.0,201.0,190.0,257.0,278.0,False,False,False,False,False,False,False,True,False
10.0,4.0,48.0,273.0,262.0,255.0,325.0,True,False,False,True,False,False,False,False,False
3.0,3.0,38.0,236.0,253.0,281.0,300.0,False,True,True,False,False,False,False,False,False
8.0,2.0,15.0,273.0,319.0,294.0,307.0,False,False,False,False,False,False,False,False,False
21.0,3.0,48.0,276.0,266.0,258.0,309.0,True,False,False,True,False,False,False,False,False
19.0,2.0,36.0,274.0,266.0,256.0,310.0,False,False,False,True,False,False,False,False,False
29.0,2.0,41.0,214.0,186.0,277.0,318.0,False,False,False,False,False,False,True,False,False
6.0,2.0,14.0,275.0,304.0,290.0,292.0,False,False,False,False,False,False,False,False,False
29.0,2.0,29.0,190.0,185.0,257.0,279.0,True,False,False,False,False,False,False,True,False
4.0,2.0,4.0,273.0,304.0,259.0,306.0,False,True,False,False,False,True,False,False,False
6.0,2.0,39.0,215.0,250.0,280.0,281.0,True,False,False,False,True,False,False,False,False
15.0,2.0,15.0,278.0,292.0,253.0,285.0,True,False,False,False,False,True,False,False,False
10.0,2.0,23.0,209.0,253.0,283.0,286.0,False,False,False,False,True,False,False,False,False
5.0,3.0,50.0,278.0,297.0,294.0,308.0,False,False,False,False,False,False,False,False,False
5.0,1.0,4.0,264.0,317.0,299.0,310.0,True,False,False,False,False,False,False,False,False
16.0,2.0,40.0,214.0,254.0,280.0,294.0,False,False,False,False,True,False,False,False,False
2.0,1.0,2.0,229.0,245.0,288.0,287.0,False,True,True,False,False,False,False,False,False
32.0,1.0,32.0,287.0,301.0,295.0,306.0,True,False,False,False,False,False,False,False,True
20.0,4.0,68.0,198.0,187.0,270.0,281.0,False,True,False,False,False,False,False,True,False
9.0,3.0,32.0,275.0,268.0,257.0,309.0,False,False,False,True,False,False,False,False,False
17.0,3.0,44.0,274.0,266.0,258.0,308.0,True,False,False,True,False,False,False,False,False
20.0,2.0,27.0,281.0,304.0,295.0,307.0,False,False,False,False,False,False,False,False,True
21.0,3.0,71.0,201.0,191.0,263.0,284.0,False,False,False,False,False,False,False,True,False
38.0,2.0,39.0,197.0,184.0,259.0,274.0,True,False,False,False,False,False,False,True,False
20.0,2.0,33.0,234.0,261.0,281.0,301.0,False,False,True,False,False,False,False,False,False
13.0,2.0,20.0,281.0,302.0,296.0,305.0,False,False,False,False,False,False,False,False,True
6.0,1.0,6.0,208.0,183.0,280.0,309.0,True,False,False,False,False,False,True,False,False
54.0,2.0,54.0,195.0,191.0,268.0,282.0,False,False,False,False,False,False,False,True,False
17.0,2.0,18.0,276.0,291.0,258.0,276.0,False,False,False,False,False,True,False,False,False
27.0,2.0,55.0,216.0,186.0,277.0,314.0,False,False,False,False,False,False,True,False,False
15.0,2.0,23.0,212.0,252.0,274.0,282.0,False,False,False,False,True,False,False,False,False
8.0,3.0,13.0,274.0,306.0,257.0,289.0,False,False,False,False,False,True,False,False,False
6.0,1.0,6.0,210.0,183.0,276.0,316.0,True,False,False,False,False,False,True,False,False
5.0,1.0,5.0,288.0,315.0,299.0,313.0,True,False,False,False,False,False,False,False,True
4.0,1.0,4.0,212.0,252.0,278.0,282.0,False,False,False,False,True,False,False,False,False
42.0,2.0,49.0,290.0,310.0,298.0,321.0,False,False,False,False,False,False,False,False,True
9.0,3.0,15.0,272.0,298.0,256.0,300.0,False,False,False,False,False,True,False,False,False
22.0,1.0,22.0,211.0,255.0,280.0,287.0,False,False,False,False,True,False,False,False,False
14.0,2.0,15.0,272.0,300.0,254.0,301.0,False,False,False,False,False,True,False,False,False
42.0,2.0,43.0,192.0,177.0,256.0,276.0,False,False,False,False,False,False,False,True,False
13.0,3.0,48.0,276.0,297.0,291.0,294.0,False,False,False,False,False,False,False,False,False
2.0,1.0,2.0,209.0,183.0,275.0,310.0,True,False,False,False,False,False,True,False,False
9.0,2.0,20.0,208.0,182.0,280.0,318.0,False,False,False,False,False,False,True,False,False
64.0,2.0,64.0,206.0,183.0,265.0,273.0,False,False,False,False,False,False,False,True,False
12.0,2.0,13.0,275.0,293.0,253.0,295.0,True,False,False,False,False,True,False,False,False
32.0,2.0,32.0,200.0,168.0,263.0,266.0,False,False,False,False,False,False,False,True,False
13.0,2.0,20.0,283.0,314.0,311.0,324.0,False,False,False,False,False,False,False,False,True
10.0,1.0,10.0,211.0,248.0,276.0,285.0,True,False,False,False,True,False,False,False,False
27.0,2.0,44.0,274.0,268.0,257.0,307.0,False,False,False,True,False,False,False,False,False
44.0,2.0,45.0,200.0,182.0,255.0,275.0,False,False,False,False,False,False,False,True,False
17.0,2.0,23.0,277.0,304.0,288.0,301.0,False,False,False,False,False,False,False,False,False
6.0,2.0,43.0,219.0,256.0,282.0,286.0,True,False,False,False,True,False,False,False,False
22.0,2.0,29.0,288.0,321.0,310.0,332.0,False,False,False,False,False,False,False,False,True
28.0,2.0,29.0,165.0,180.0,266.0,279.0,False,False,False,False,False,False,False,True,False
6.0,2.0,13.0,285.0,319.0,308.0,336.0,False,False,False,False,False,False,False,False,True
9.0,3.0,44.0,276.0,306.0,291.0,296.0,False,False,False,False,False,False,False,False,False
4.0,3.0,44.0,273.0,292.0,289.0,286.0,False,False,False,False,False,False,False,False,False
40.0,2.0,41.0,192.0,178.0,256.0,275.0,False,False,False,False,False,False,False,True,False
16.0,1.0,13.0,233.0,250.0,277.0,298.0,False,True,True,False,False,False,False,False,False
14.0,2.0,15.0,202.0,180.0,252.0,272.0,False,False,False,False,False,False,False,True,False
20.0,2.0,36.0,275.0,306.0,292.0,294.0,False,False,False,False,False,False,False,False,False
12.0,1.0,12.0,213.0,252.0,277.0,284.0,True,False,False,False,True,False,False,False,False
17.0,2.0,25.0,275.0,304.0,289.0,298.0,False,False,False,False,False,False,False,False,False
17.0,3.0,30.0,279.0,296.0,255.0,295.0,True,False,False,False,False,True,False,False,False
19.0,3.0,46.0,232.0,252.0,279.0,298.0,False,False,True,False,False,False,False,False,False
14.0,1.0,14.0,207.0,181.0,277.0,317.0,False,False,False,False,False,False,True,False,False
6.0,1.0,6.0,266.0,259.0,256.0,323.0,True,False,False,True,False,False,False,False,False
12.0,4.0,44.0,283.0,303.0,260.0,303.0,False,False,False,False,False,True,False,False,False
18.0,3.0,32.0,277.0,297.0,255.0,297.0,True,False,False,False,False,True,False,False,False
19.0,3.0,42.0,275.0,268.0,259.0,308.0,False,False,False,True,False,False,False,False,False
4.0,2.0,12.0,264.0,263.0,252.0,313.0,True,False,False,True,False,False,False,False,False
33.0,3.0,56.0,215.0,186.0,280.0,322.0,True,False,False,False,False,False,True,False,False
54.0,2.0,55.0,196.0,179.0,258.0,278.0,True,False,False,False,False,False,False,True,False
12.0,3.0,45.0,236.0,261.0,282.0,298.0,False,False,True,False,False,False,False,False,False
13.0,3.0,43.0,215.0,252.0,277.0,284.0,True,False,False,False,True,False,False,False,False
14.0,3.0,37.0,271.0,263.0,257.0,307.0,False,False,False,True,False,False,False,False,False
6.0,2.0,15.0,267.0,262.0,253.0,308.0,False,False,False,True,False,False,False,False,False
16.0,2.0,32.0,278.0,300.0,289.0,293.0,False,False,False,False,False,False,False,False,False
25.0,2.0,26.0,193.0,180.0,257.0,270.0,True,False,False,False,False,False,False,True,False
42.0,2.0,49.0,292.0,307.0,298.0,308.0,False,False,False,False,False,False,False,False,True
39.0,2.0,60.0,219.0,257.0,283.0,300.0,False,False,False,False,True,False,False,False,False
12.0,3.0,45.0,236.0,261.0,280.0,302.0,False,False,True,False,False,False,False,False,False
7.0,1.0,7.0,212.0,249.0,277.0,285.0,False,False,False,False,True,False,False,False,False
22.0,1.0,22.0,212.0,250.0,275.0,279.0,True,False,False,False,True,False,False,False,False
2.0,3.0,14.0,261.0,293.0,252.0,294.0,False,False,False,False,False,True,False,False,False
26.0,2.0,62.0,214.0,258.0,279.0,248.0,False,False,False,False,True,False,False,False,False
22.0,3.0,52.0,215.0,253.0,277.0,282.0,True,False,False,False,True,False,False,False,False
14.0,3.0,21.0,277.0,301.0,260.0,302.0,False,False,False,False,False,True,False,False,False
14.0,3.0,36.0,277.0,301.0,258.0,301.0,False,False,False,False,False,True,False,False,False
16.0,2.0,27.0,232.0,253.0,280.0,294.0,False,False,True,False,False,False,False,False,False
37.0,2.0,54.0,276.0,269.0,259.0,310.0,False,False,False,True,False,False,False,False,False
4.0,2.0,26.0,212.0,183.0,272.0,318.0,False,False,False,False,False,False,True,False,False
10.0,2.0,34.0,212.0,255.0,280.0,295.0,False,False,False,False,True,False,False,False,False
3.0,3.0,12.0,211.0,255.0,278.0,285.0,True,False,False,False,True,False,False,False,False
21.0,2.0,44.0,213.0,184.0,283.0,331.0,True,False,False,False,False,False,True,False,False
12.0,3.0,45.0,277.0,302.0,293.0,296.0,False,False,False,False,False,False,False,False,False
5.0,1.0,5.0,214.0,253.0,277.0,284.0,True,False,False,False,True,False,False,False,False
26.0,2.0,26.0,182.0,190.0,258.0,278.0,False,False,False,False,False,False,False,True,False
7.0,3.0,33.0,276.0,298.0,254.0,298.0,False,False,False,False,False,True,False,False,False
25.0,3.0,76.0,202.0,195.0,270.0,285.0,False,False,False,False,False,False,False,True,False
25.0,1.0,25.0,287.0,298.0,290.0,298.0,True,False,False,False,False,False,False,False,True
11.0,3.0,43.0,234.0,258.0,283.0,301.0,False,False,True,False,False,False,False,False,False
26.0,4.0,48.0,277.0,298.0,256.0,297.0,False,False,False,False,False,True,False,False,False
21.0,2.0,28.0,286.0,302.0,294.0,310.0,False,False,False,False,False,False,False,False,True
2.0,4.0,36.0,281.0,300.0,258.0,296.0,False,False,False,False,False,True,False,False,False
2.0,1.0,2.0,212.0,250.0,276.0,282.0,False,True,False,False,True,False,False,False,False
15.0,2.0,15.0,188.0,171.0,263.0,280.0,False,False,False,False,False,False,False,True,False
47.0,2.0,47.0,198.0,184.0,256.0,279.0,True,False,False,False,False,False,False,True,False
20.0,3.0,54.0,238.0,266.0,281.0,301.0,False,False,True,False,False,False,False,False,False
9.0,3.0,25.0,274.0,298.0,290.0,292.0,False,False,False,False,False,False,False,False,False
21.0,2.0,33.0,213.0,248.0,276.0,287.0,False,False,False,False,True,False,False,False,False
15.0,2.0,15.0,196.0,171.0,254.0,279.0,True,False,False,False,False,False,False,True,False
7.0,2.0,17.0,232.0,253.0,282.0,301.0,False,False,True,False,False,False,False,False,False
5.0,3.0,33.0,212.0,188.0,280.0,312.0,True,False,False,False,False,False,True,False,False
15.0,2.0,16.0,193.0,176.0,267.0,283.0,False,False,False,False,False,False,False,True,False
21.0,2.0,28.0,289.0,324.0,313.0,337.0,False,False,False,False,False,False,False,False,True
17.0,2.0,17.0,191.0,175.0,263.0,280.0,False,False,False,False,False,False,False,True,False
20.0,1.0,20.0,287.0,299.0,291.0,301.0,True,False,False,False,False,False,False,False,True
17.0,1.0,17.0,210.0,183.0,273.0,316.0,True,False,False,False,False,False,True,False,False
25.0,2.0,44.0,211.0,185.0,276.0,314.0,False,False,False,False,False,False,True,False,False
15.0,3.0,38.0,275.0,266.0,255.0,331.0,False,False,False,True,False,False,False,False,False
8.0,2.0,8.0,187.0,181.0,256.0,276.0,False,False,False,False,False,False,False,True,False
32.0,2.0,44.0,213.0,252.0,278.0,286.0,False,False,False,False,True,False,False,False,False
12.0,1.0,12.0,273.0,263.0,255.0,309.0,True,False,False,True,False,False,False,False,False
16.0,4.0,49.0,280.0,299.0,257.0,295.0,False,False,False,False,False,True,False,False,False
3.0,5.0,37.0,278.0,297.0,256.0,294.0,False,True,False,False,False,True,False,False,False
5.0,1.0,5.0,213.0,249.0,278.0,286.0,True,False,False,False,True,False,False,False,False
33.0,2.0,34.0,199.0,181.0,255.0,276.0,False,False,False,False,False,False,False,True,False
26.0,4.0,52.0,282.0,301.0,256.0,301.0,False,False,False,False,False,True,False,False,False
7.0,3.0,42.0,237.0,255.0,280.0,302.0,False,True,True,False,False,False,False,False,False
2.0,3.0,22.0,232.0,242.0,279.0,295.0,False,False,True,False,False,False,False,False,False
17.0,2.0,25.0,278.0,305.0,289.0,298.0,False,False,False,False,False,False,False,False,False
6.0,2.0,6.0,192.0,165.0,262.0,273.0,False,False,False,False,False,False,False,True,False
26.0,2.0,57.0,213.0,257.0,282.0,289.0,True,False,False,False,True,False,False,False,False
30.0,2.0,38.0,277.0,304.0,290.0,298.0,False,False,False,False,False,False,False,False,False
20.0,2.0,27.0,289.0,327.0,314.0,334.0,False,False,False,False,False,False,False,False,True
20.0,2.0,32.0,210.0,248.0,281.0,287.0,False,False,False,False,True,False,False,False,False
6.0,3.0,35.0,273.0,324.0,302.0,300.0,False,False,False,False,False,False,False,False,False
7.0,1.0,7.0,211.0,183.0,279.0,319.0,False,True,False,False,False,False,True,False,False
27.0,3.0,50.0,278.0,268.0,258.0,309.0,False,False,False,True,False,False,False,False,False
16.0,2.0,16.0,190.0,184.0,262.0,278.0,False,False,False,False,False,False,False,True,False
4.0,2.0,40.0,213.0,253.0,279.0,283.0,False,False,False,False,True,False,False,False,False
56.0,2.0,57.0,196.0,194.0,258.0,278.0,False,False,False,False,False,False,False,True,False
13.0,3.0,25.0,279.0,297.0,253.0,297.0,False,False,False,False,False,True,False,False,False
3.0,1.0,3.0,269.0,268.0,261.0,334.0,True,False,False,True,False,False,False,False,False
9.0,3.0,54.0,277.0,314.0,301.0,324.0,False,False,False,False,False,False,False,False,False
7.0,2.0,19.0,213.0,248.0,278.0,289.0,False,False,False,False,True,False,False,False,False
26.0,2.0,27.0,201.0,182.0,255.0,275.0,False,False,False,False,False,False,False,True,False
2.0,2.0,13.0,278.0,255.0,255.0,335.0,False,False,False,True,False,False,False,False,False
25.0,2.0,26.0,198.0,190.0,256.0,277.0,False,False,False,False,False,False,False,True,False
13.0,2.0,19.0,288.0,316.0,304.0,324.0,False,False,False,False,False,False,False,False,True
3.0,1.0,3.0,269.0,270.0,259.0,331.0,True,False,False,True,False,False,False,False,False
15.0,3.0,35.0,235.0,258.0,281.0,303.0,False,False,True,False,False,False,False,False,False
8.0,3.0,38.0,232.0,256.0,277.0,293.0,False,False,True,False,False,False,False,False,False
25.0,2.0,48.0,216.0,187.0,277.0,313.0,False,False,False,False,False,False,True,False,False
11.0,3.0,38.0,275.0,266.0,257.0,312.0,True,False,False,True,False,False,False,False,False
12.0,3.0,36.0,270.0,267.0,258.0,311.0,False,False,False,True,False,False,False,False,False
3.0,3.0,73.0,212.0,194.0,260.0,277.0,False,True,False,False,False,False,False,True,False
6.0,2.0,17.0,228.0,256.0,278.0,298.0,False,False,True,False,False,False,False,False,False
36.0,2.0,43.0,289.0,301.0,296.0,304.0,False,False,False,False,False,False,False,False,True
6.0,2.0,17.0,232.0,253.0,287.0,315.0,False,False,True,False,False,False,False,False,False
11.0,3.0,47.0,272.0,298.0,289.0,290.0,False,False,False,False,False,False,False,False,False
13.0,3.0,50.0,236.0,265.0,289.0,298.0,False,True,True,False,False,False,False,False,False
25.0,2.0,32.0,289.0,323.0,310.0,336.0,False,False,False,False,False,False,False,False,True
28.0,2.0,49.0,215.0,257.0,281.0,298.0,False,False,False,False,True,False,False,False,False
3.0,2.0,4.0,277.0,301.0,263.0,305.0,False,False,False,False,False,True,False,False,False
31.0,3.0,45.0,199.0,177.0,268.0,283.0,False,False,False,False,False,False,False,True,False
19.0,2.0,33.0,276.0,299.0,290.0,293.0,False,False,False,False,False,False,False,False,False
12.0,1.0,12.0,208.0,181.0,275.0,317.0,False,False,False,False,False,False,True,False,False
71.0,2.0,72.0,202.0,194.0,268.0,283.0,False,False,False,False,False,False,False,True,False
26.0,1.0,26.0,209.0,256.0,278.0,284.0,True,False,False,False,True,False,False,False,False
6.0,2.0,14.0,212.0,252.0,279.0,284.0,False,False,False,False,True,False,False,False,False
2.0,1.0,2.0,285.0,303.0,304.0,309.0,True,False,False,False,False,False,False,False,True
18.0,3.0,52.0,194.0,259.0,290.0,324.0,False,False,True,False,False,False,False,False,False
23.0,3.0,52.0,279.0,299.0,290.0,296.0,False,False,False,False,False,False,False,False,False
39.0,2.0,46.0,291.0,312.0,297.0,319.0,False,False,False,False,False,False,False,False,True
20.0,3.0,55.0,238.0,262.0,288.0,326.0,False,True,True,False,False,False,False,False,False
23.0,2.0,35.0,210.0,183.0,284.0,330.0,False,False,False,False,False,False,True,False,False
45.0,2.0,45.0,192.0,191.0,259.0,280.0,False,False,False,False,False,False,False,True,False
25.0,2.0,50.0,213.0,255.0,279.0,286.0,False,False,False,False,True,False,False,False,False
11.0,1.0,11.0,210.0,182.0,275.0,305.0,True,False,False,False,False,False,True,False,False
14.0,2.0,26.0,230.0,254.0,283.0,309.0,False,False,True,False,False,False,False,False,False
25.0,1.0,25.0,210.0,250.0,277.0,282.0,False,False,False,False,True,False,False,False,False
8.0,3.0,46.0,279.0,306.0,292.0,302.0,False,False,False,False,False,False,False,False,False
33.0,1.0,33.0,209.0,253.0,278.0,284.0,True,False,False,False,True,False,False,False,False
22.0,2.0,29.0,285.0,318.0,307.0,324.0,False,False,False,False,False,False,False,False,True
7.0,4.0,29.0,271.0,298.0,259.0,301.0,False,False,False,False,False,True,False,False,False
4.0,2.0,4.0,166.0,164.0,265.0,284.0,False,False,False,False,False,False,False,True,False
13.0,2.0,38.0,212.0,249.0,277.0,280.0,False,False,False,False,True,False,False,False,False
13.0,3.0,19.0,269.0,297.0,257.0,291.0,False,False,False,False,False,True,False,False,False
3.0,4.0,36.0,275.0,299.0,258.0,297.0,True,False,False,False,False,True,False,False,False
11.0,2.0,11.0,175.0,176.0,257.0,275.0,True,False,False,False,False,False,False,True,False
40.0,2.0,41.0,187.0,182.0,268.0,280.0,False,False,False,False,False,False,False,True,False
4.0,1.0,4.0,215.0,252.0,277.0,286.0,True,False,False,False,True,False,False,False,False
12.0,1.0,12.0,273.0,304.0,288.0,300.0,True,False,False,False,False,False,False,False,False
4.0,1.0,4.0,269.0,321.0,302.0,310.0,True,False,False,False,False,False,False,False,False
4.0,1.0,4.0,286.0,298.0,293.0,299.0,True,False,False,False,False,False,False,False,True
10.0,2.0,37.0,217.0,255.0,280.0,286.0,False,False,False,False,True,False,False,False,False
18.0,3.0,41.0,272.0,270.0,260.0,310.0,False,False,False,True,False,False,False,False,False
15.0,2.0,24.0,275.0,300.0,289.0,291.0,False,False,False,False,False,False,False,False,False
7.0,2.0,16.0,231.0,241.0,278.0,301.0,False,False,True,False,False,False,False,False,False
19.0,1.0,19.0,214.0,255.0,281.0,289.0,True,False,False,False,True,False,False,False,False
26.0,2.0,63.0,218.0,259.0,283.0,291.0,True,False,False,False,True,False,False,False,False
6.0,2.0,7.0,268.0,299.0,256.0,301.0,False,True,False,False,False,True,False,False,False
7.0,1.0,7.0,217.0,252.0,276.0,286.0,True,False,False,False,True,False,False,False,False
15.0,4.0,48.0,275.0,300.0,257.0,298.0,True,False,False,False,False,True,False,False,False
19.0,3.0,55.0,276.0,303.0,291.0,297.0,False,False,False,False,False,False,False,False,False
11.0,1.0,11.0,230.0,244.0,278.0,297.0,False,True,True,False,False,False,False,False,False
20.0,2.0,25.0,275.0,300.0,288.0,293.0,False,False,False,False,False,False,False,False,False
12.0,2.0,39.0,217.0,255.0,280.0,287.0,False,False,False,False,True,False,False,False,False
15.0,2.0,20.0,272.0,297.0,287.0,291.0,False,False,False,False,False,False,False,False,False
69.0,2.0,70.0,200.0,182.0,259.0,277.0,True,False,False,False,False,False,False,True,False
5.0,1.0,5.0,212.0,183.0,278.0,311.0,True,False,False,False,False,False,True,False,False
13.0,1.0,13.0,208.0,181.0,275.0,315.0,False,False,False,False,False,False,True,False,False
24.0,5.0,44.0,215.0,257.0,280.0,287.0,True,False,False,False,True,False,False,False,False
3.0,4.0,46.0,277.0,271.0,259.0,310.0,True,False,False,True,False,False,False,False,False
9.0,2.0,10.0,187.0,175.0,256.0,273.0,False,False,False,False,False,False,False,True,False
18.0,3.0,34.0,278.0,296.0,256.0,293.0,True,False,False,False,False,True,False,False,False
5.0,1.0,5.0,284.0,317.0,308.0,330.0,True,False,False,False,False,False,False,False,True
13.0,3.0,46.0,279.0,304.0,293.0,297.0,False,False,False,False,False,False,False,False,False
24.0,2.0,47.0,208.0,185.0,279.0,322.0,True,False,False,False,False,False,True,False,False
27.0,2.0,28.0,190.0,179.0,256.0,276.0,True,False,False,False,False,False,False,True,False
15.0,2.0,27.0,230.0,253.0,282.0,308.0,False,False,True,False,False,False,False,False,False
3.0,2.0,18.0,232.0,234.0,277.0,291.0,False,False,True,False,False,False,False,False,False
14.0,1.0,14.0,217.0,253.0,277.0,288.0,True,False,False,False,True,False,False,False,False
23.0,4.0,45.0,280.0,296.0,256.0,295.0,False,False,False,False,False,True,False,False,False
28.0,2.0,28.0,197.0,173.0,261.0,271.0,False,False,False,False,False,False,False,True,False
27.0,3.0,78.0,207.0,194.0,267.0,286.0,False,False,False,False,False,False,False,True,False
13.0,2.0,20.0,285.0,312.0,296.0,309.0,False,False,False,False,False,False,False,False,True
14.0,2.0,15.0,273.0,294.0,252.0,294.0,True,False,False,False,False,True,False,False,False
7.0,2.0,29.0,220.0,257.0,283.0,290.0,False,False,False,False,True,False,False,False,False
11.0,3.0,39.0,215.0,188.0,285.0,319.0,True,False,False,False,False,False,True,False,False
15.0,2.0,16.0,275.0,292.0,252.0,293.0,True,False,False,False,False,True,False,False,False
13.0,1.0,13.0,210.0,254.0,279.0,288.0,False,False,False,False,True,False,False,False,False
32.0,1.0,32.0,289.0,300.0,292.0,301.0,True,False,False,False,False,False,False,False,True
47.0,2.0,47.0,186.0,174.0,249.0,270.0,False,False,False,False,False,False,False,True,False
13.0,4.0,51.0,268.0,260.0,257.0,301.0,True,False,False,True,False,False,False,False,False
4.0,2.0,16.0,268.0,266.0,256.0,311.0,True,False,False,True,False,False,False,False,False
24.0,2.0,31.0,287.0,302.0,295.0,310.0,False,False,False,False,False,False,False,False,True
12.0,4.0,46.0,282.0,299.0,258.0,301.0,False,False,False,False,False,True,False,False,False
4.0,2.0,11.0,273.0,325.0,303.0,315.0,False,False,False,False,False,False,False,False,False
14.0,3.0,65.0,204.0,197.0,267.0,282.0,False,False,False,False,False,False,False,True,False
4.0,2.0,33.0,218.0,187.0,274.0,315.0,False,False,False,False,False,False,True,False,False
19.0,3.0,33.0,279.0,297.0,254.0,298.0,True,False,False,False,False,True,False,False,False
14.0,3.0,23.0,211.0,255.0,279.0,282.0,True,False,False,False,True,False,False,False,False
6.0,2.0,13.0,266.0,296.0,286.0,290.0,False,False,False,False,False,False,False,False,False
21.0,2.0,27.0,286.0,314.0,303.0,321.0,False,False,False,False,False,False,False,False,True
22.0,1.0,22.0,212.0,254.0,276.0,285.0,True,False,False,False,True,False,False,False,False
4.0,4.0,36.0,276.0,299.0,257.0,300.0,False,False,False,False,False,True,False,False,False
4.0,2.0,13.0,232.0,246.0,278.0,298.0,False,False,True,False,False,False,False,False,False
4.0,1.0,4.0,209.0,248.0,275.0,279.0,False,True,False,False,True,False,False,False,False
9.0,3.0,43.0,236.0,261.0,287.0,315.0,False,False,True,False,False,False,False,False,False
16.0,1.0,16.0,205.0,182.0,278.0,317.0,False,False,False,False,False,False,True,False,False
11.0,2.0,17.0,286.0,304.0,293.0,306.0,False,False,False,False,False,False,False,False,True
18.0,3.0,41.0,213.0,185.0,277.0,313.0,True,False,False,False,False,False,True,False,False
10.0,2.0,33.0,213.0,185.0,277.0,313.0,False,False,False,False,False,False,True,False,False
10.0,4.0,46.0,280.0,302.0,259.0,301.0,True,False,False,False,False,True,False,False,False
18.0,3.0,51.0,236.0,265.0,282.0,303.0,False,False,True,False,False,False,False,False,False
7.0,4.0,29.0,278.0,297.0,255.0,297.0,False,False,False,False,False,True,False,False,False
40.0,2.0,47.0,290.0,303.0,295.0,308.0,False,False,False,False,False,False,False,False,True
12.0,2.0,24.0,235.0,261.0,278.0,299.0,False,False,True,False,False,False,False,False,False
4.0,1.0,4.0,215.0,252.0,276.0,282.0,True,False,False,False,True,False,False,False,False
26.0,2.0,49.0,215.0,185.0,278.0,313.0,False,False,False,False,False,False,True,False,False
14.0,2.0,14.0,278.0,291.0,253.0,286.0,True,False,False,False,False,True,False,False,False
27.0,4.0,53.0,281.0,301.0,257.0,302.0,False,False,False,False,False,True,False,False,False
9.0,1.0,9.0,230.0,249.0,284.0,303.0,False,True,True,False,False,False,False,False,False
12.0,3.0,36.0,275.0,268.0,255.0,309.0,False,False,False,True,False,False,False,False,False
8.0,2.0,41.0,289.0,303.0,294.0,309.0,False,False,False,False,False,False,False,False,True
36.0,2.0,37.0,202.0,180.0,257.0,278.0,False,False,False,False,False,False,False,True,False
11.0,4.0,39.0,213.0,184.0,277.0,315.0,True,False,False,False,False,False,True,False,False
6.0,3.0,37.0,234.0,251.0,281.0,298.0,False,False,True,False,False,False,False,False,False
11.0,3.0,47.0,235.0,262.0,281.0,299.0,False,True,True,False,False,False,False,False,False
9.0,2.0,18.0,267.0,259.0,253.0,305.0,False,False,False,True,False,False,False,False,False
8.0,2.0,16.0,277.0,267.0,259.0,316.0,False,False,False,True,False,False,False,False,False
10.0,2.0,11.0,271.0,298.0,252.0,298.0,False,False,False,False,False,True,False,False,False
25.0,2.0,26.0,193.0,185.0,258.0,275.0,True,False,False,False,False,False,False,True,False
5.0,4.0,38.0,279.0,300.0,257.0,298.0,False,False,False,False,False,True,False,False,False
7.0,2.0,19.0,269.0,267.0,261.0,329.0,True,False,False,True,False,False,False,False,False
26.0,1.0,26.0,212.0,184.0,274.0,313.0,True,False,False,False,False,False,True,False,False
2.0,3.0,30.0,234.0,263.0,283.0,298.0,False,False,True,False,False,False,False,False,False
9.0,1.0,9.0,268.0,266.0,254.0,311.0,True,False,False,True,False,False,False,False,False
44.0,2.0,44.0,195.0,192.0,265.0,279.0,False,False,False,False,False,False,False,True,False
4.0,2.0,13.0,273.0,319.0,301.0,310.0,False,False,False,False,False,False,False,False,False
5.0,2.0,14.0,263.0,259.0,254.0,304.0,False,False,False,True,False,False,False,False,False
6.0,3.0,36.0,215.0,252.0,277.0,283.0,True,False,False,False,True,False,False,False,False
9.0,4.0,52.0,274.0,270.0,259.0,307.0,True,False,False,True,False,False,False,False,False
24.0,2.0,31.0,284.0,317.0,304.0,322.0,False,False,False,False,False,False,False,False,True
15.0,4.0,50.0,275.0,302.0,291.0,294.0,False,False,False,False,False,False,False,False,False
29.0,2.0,54.0,204.0,254.0,281.0,284.0,False,False,False,False,True,False,False,False,False
20.0,3.0,54.0,238.0,271.0,280.0,298.0,False,False,True,False,False,False,False,False,False
18.0,3.0,47.0,209.0,186.0,281.0,319.0,True,False,False,False,False,False,True,False,False
53.0,2.0,53.0,187.0,177.0,267.0,280.0,False,False,False,False,False,False,False,True,False
70.0,2.0,70.0,187.0,181.0,255.0,273.0,False,False,False,False,False,False,False,True,False
12.0,2.0,39.0,217.0,256.0,280.0,285.0,False,False,False,False,True,False,False,False,False
28.0,2.0,51.0,212.0,185.0,284.0,318.0,True,False,False,False,False,False,True,False,False
14.0,3.0,37.0,273.0,269.0,260.0,310.0,False,False,False,True,False,False,False,False,False
48.0,2.0,49.0,200.0,190.0,263.0,282.0,True,False,False,False,False,False,False,True,False
9.0,3.0,59.0,213.0,199.0,261.0,280.0,False,False,False,False,False,False,False,True,False
25.0,2.0,61.0,215.0,257.0,281.0,287.0,False,False,False,False,True,False,False,False,False
6.0,1.0,6.0,211.0,253.0,281.0,289.0,True,False,False,False,True,False,False,False,False
4.0,2.0,17.0,235.0,252.0,279.0,302.0,False,False,True,False,False,False,False,False,False
10.0,3.0,37.0,232.0,248.0,278.0,298.0,False,False,True,False,False,False,False,False,False
15.0,3.0,54.0,280.0,303.0,293.0,290.0,False,False,False,False,False,False,False,False,False
4.0,2.0,19.0,267.0,263.0,258.0,302.0,True,False,False,True,False,False,False,False,False
8.0,2.0,21.0,235.0,254.0,278.0,312.0,False,False,True,False,False,False,False,False,False
20.0,3.0,54.0,236.0,261.0,288.0,319.0,False,False,True,False,False,False,False,False,False
2.0,3.0,35.0,238.0,267.0,287.0,301.0,False,False,True,False,False,False,False,False,False
4.0,3.0,40.0,236.0,260.0,281.0,305.0,False,False,True,False,False,False,False,False,False
18.0,2.0,43.0,214.0,256.0,283.0,297.0,False,False,False,False,True,False,False,False,False
39.0,2.0,40.0,199.0,186.0,258.0,275.0,True,False,False,False,False,False,False,True,False
17.0,1.0,17.0,269.0,265.0,255.0,306.0,True,False,False,True,False,False,False,False,False
17.0,1.0,17.0,208.0,180.0,279.0,329.0,True,False,False,False,False,False,True,False,False
7.0,2.0,17.0,212.0,184.0,272.0,322.0,False,False,False,False,False,False,True,False,False
19.0,1.0,19.0,206.0,182.0,278.0,327.0,False,False,False,False,False,False,True,False,False
20.0,2.0,31.0,233.0,259.0,281.0,299.0,False,False,True,False,False,False,False,False,False
11.0,3.0,18.0,277.0,304.0,259.0,306.0,False,False,False,False,False,True,False,False,False
41.0,2.0,48.0,292.0,305.0,296.0,310.0,False,False,False,False,False,False,False,False,True
17.0,2.0,33.0,277.0,311.0,301.0,302.0,True,False,False,False,False,False,False,False,False
15.0,1.0,15.0,289.0,314.0,305.0,330.0,True,False,False,False,False,False,False,False,True
6.0,2.0,17.0,265.0,257.0,254.0,298.0,False,False,False,True,False,False,False,False,False
2.0,1.0,2.0,207.0,182.0,278.0,314.0,False,False,False,False,False,False,True,False,False
13.0,3.0,29.0,280.0,296.0,254.0,289.0,True,False,False,False,False,True,False,False,False
19.0,2.0,26.0,291.0,320.0,300.0,315.0,False,False,False,False,False,False,False,False,True
3.0,1.0,3.0,209.0,250.0,278.0,283.0,False,False,False,False,True,False,False,False,False
14.0,1.0,14.0,208.0,182.0,279.0,329.0,True,False,False,False,False,False,True,False,False
28.0,2.0,50.0,273.0,268.0,259.0,306.0,False,False,False,True,False,False,False,False,False
20.0,3.0,34.0,181.0,180.0,264.0,279.0,False,False,False,False,False,False,False,True,False
6.0,1.0,6.0,270.0,259.0,255.0,309.0,True,False,False,True,False,False,False,False,False
2.0,2.0,11.0,273.0,306.0,289.0,296.0,False,False,False,False,False,False,False,False,False
9.0,2.0,15.0,213.0,250.0,277.0,281.0,False,False,False,False,True,False,False,False,False
5.0,3.0,41.0,239.0,258.0,281.0,301.0,False,True,True,False,False,False,False,False,False
13.0,3.0,48.0,281.0,311.0,295.0,302.0,False,False,False,False,False,False,False,False,False
4.0,2.0,4.0,278.0,292.0,252.0,284.0,True,False,False,False,False,True,False,False,False
14.0,2.0,38.0,210.0,184.0,278.0,323.0,False,False,False,False,False,False,True,False,False
6.0,4.0,39.0,277.0,300.0,257.0,299.0,True,False,False,False,False,True,False,False,False
14.0,2.0,21.0,269.0,291.0,287.0,285.0,False,False,False,False,False,False,False,False,False
3.0,4.0,36.0,280.0,303.0,261.0,303.0,False,False,False,False,False,True,False,False,False
5.0,1.0,5.0,284.0,296.0,292.0,302.0,True,False,False,False,False,False,False,False,True
11.0,4.0,43.0,275.0,301.0,255.0,298.0,False,False,False,False,False,True,False,False,False
15.0,1.0,15.0,269.0,267.0,256.0,310.0,True,False,False,True,False,False,False,False,False
25.0,2.0,34.0,274.0,305.0,289.0,297.0,False,False,False,False,False,False,False,False,False
10.0,1.0,10.0,210.0,183.0,280.0,332.0,True,False,False,False,False,False,True,False,False
39.0,2.0,46.0,288.0,298.0,292.0,306.0,False,False,False,False,False,False,False,False,True
7.0,2.0,14.0,273.0,303.0,291.0,289.0,False,False,False,False,False,False,False,False,False
5.0,1.0,2.0,231.0,243.0,284.0,300.0,False,True,True,False,False,False,False,False,False
34.0,2.0,35.0,183.0,184.0,260.0,275.0,True,False,False,False,False,False,False,True,False
25.0,3.0,53.0,239.0,261.0,281.0,301.0,False,False,True,False,False,False,False,False,False
7.0,1.0,7.0,266.0,267.0,256.0,332.0,True,False,False,True,False,False,False,False,False
10.0,2.0,27.0,277.0,300.0,289.0,294.0,False,False,False,False,False,False,False,False,False
38.0,2.0,45.0,289.0,311.0,298.0,320.0,False,False,False,False,False,False,False,False,True
2.0,3.0,21.0,273.0,296.0,256.0,292.0,False,False,False,False,False,True,False,False,False
61.0,2.0,61.0,202.0,181.0,256.0,278.0,True,False,False,False,False,False,False,True,False
8.0,3.0,41.0,245.0,324.0,305.0,318.0,False,False,False,False,False,False,False,False,False
26.0,2.0,36.0,211.0,183.0,285.0,335.0,False,False,False,False,False,False,True,False,False
25.0,2.0,46.0,208.0,186.0,280.0,336.0,True,False,False,False,False,False,True,False,False
4.0,1.0,3.0,207.0,180.0,279.0,312.0,False,False,False,False,False,False,True,False,False
7.0,2.0,14.0,289.0,314.0,296.0,315.0,False,False,False,False,False,False,False,False,True
12.0,2.0,27.0,231.0,252.0,286.0,328.0,False,False,True,False,False,False,False,False,False
6.0,1.0,6.0,208.0,184.0,274.0,310.0,True,False,False,False,False,False,True,False,False
29.0,4.0,51.0,281.0,298.0,258.0,298.0,False,False,False,False,False,True,False,False,False
19.0,2.0,25.0,275.0,302.0,288.0,298.0,False,False,False,False,False,False,False,False,False
12.0,3.0,46.0,240.0,267.0,282.0,320.0,False,False,True,False,False,False,False,False,False
37.0,2.0,43.0,290.0,301.0,293.0,308.0,False,False,False,False,False,False,False,False,True
2.0,2.0,19.0,270.0,264.0,257.0,308.0,False,False,False,True,False,False,False,False,False
14.0,1.0,14.0,209.0,183.0,275.0,312.0,False,False,False,False,False,False,True,False,False
14.0,3.0,34.0,235.0,257.0,282.0,304.0,False,False,True,False,False,False,False,False,False
27.0,4.0,55.0,213.0,183.0,283.0,321.0,True,False,False,False,False,False,True,False,False
9.0,3.0,38.0,277.0,320.0,289.0,295.0,False,False,False,False,False,False,False,False,False
30.0,2.0,51.0,276.0,269.0,259.0,309.0,False,False,False,True,False,False,False,False,False
4.0,2.0,5.0,173.0,176.0,254.0,269.0,True,False,False,False,False,False,False,True,False
36.0,2.0,36.0,187.0,184.0,266.0,282.0,False,False,False,False,False,False,False,True,False
6.0,1.0,6.0,273.0,307.0,292.0,317.0,True,False,False,False,False,False,False,False,False
9.0,3.0,66.0,192.0,178.0,215.0,288.0,True,False,False,False,False,False,False,True,False
5.0,2.0,18.0,212.0,252.0,279.0,285.0,False,False,False,False,True,False,False,False,False
15.0,2.0,28.0,235.0,259.0,280.0,306.0,False,False,True,False,False,False,False,False,False
63.0,2.0,63.0,200.0,191.0,267.0,282.0,False,False,False,False,False,False,False,True,False
25.0,1.0,25.0,213.0,255.0,279.0,289.0,False,False,False,False,True,False,False,False,False
9.0,1.0,9.0,207.0,181.0,277.0,327.0,True,False,False,False,False,False,True,False,False
19.0,2.0,43.0,215.0,255.0,282.0,294.0,False,False,False,False,True,False,False,False,False
8.0,2.0,22.0,235.0,253.0,280.0,299.0,False,False,True,False,False,False,False,False,False
10.0,2.0,16.0,288.0,318.0,308.0,325.0,False,False,False,False,False,False,False,False,True
24.0,3.0,47.0,271.0,269.0,260.0,310.0,False,False,False,True,False,False,False,False,False
31.0,2.0,37.0,212.0,255.0,278.0,285.0,False,False,False,False,True,False,False,False,False
16.0,2.0,25.0,276.0,309.0,289.0,296.0,False,False,False,False,False,False,False,False,False
13.0,2.0,34.0,276.0,268.0,257.0,310.0,False,False,False,True,False,False,False,False,False
5.0,4.0,33.0,215.0,186.0,277.0,316.0,True,False,False,False,False,False,True,False,False
2.0,3.0,37.0,237.0,250.0,282.0,296.0,False,False,True,False,False,False,False,False,False
1.0,3.0,58.0,203.0,187.0,258.0,276.0,True,False,False,False,False,False,False,True,False
28.0,3.0,57.0,210.0,187.0,283.0,333.0,True,False,False,False,False,False,True,False,False
2.0,1.0,2.0,276.0,266.0,260.0,337.0,False,True,False,True,False,False,False,False,False
22.0,3.0,45.0,278.0,269.0,258.0,312.0,False,False,False,True,False,False,False,False,False
28.0,2.0,36.0,274.0,301.0,289.0,301.0,False,False,False,False,False,False,False,False,False
4.0,2.0,16.0,228.0,256.0,277.0,316.0,False,False,True,False,False,False,False,False,False
16.0,1.0,16.0,209.0,183.0,280.0,318.0,True,False,False,False,False,False,True,False,False
34.0,2.0,35.0,198.0,186.0,256.0,278.0,False,False,False,False,False,False,False,True,False
7.0,2.0,17.0,209.0,181.0,277.0,325.0,False,False,False,False,False,False,True,False,False
24.0,2.0,24.0,192.0,183.0,256.0,276.0,False,False,False,False,False,False,False,True,False
3.0,1.0,3.0,264.0,317.0,304.0,298.0,False,True,False,False,False,False,False,False,False
9.0,1.0,9.0,229.0,246.0,278.0,297.0,False,True,True,False,False,False,False,False,False
39.0,2.0,40.0,195.0,166.0,257.0,275.0,False,False,False,False,False,False,False,True,False
8.0,2.0,23.0,232.0,259.0,288.0,296.0,False,False,True,False,False,False,False,False,False
4.0,1.0,4.0,285.0,319.0,310.0,331.0,True,False,False,False,False,False,False,False,True
1.0,2.0,7.0,272.0,298.0,288.0,229.0,False,False,False,False,False,False,False,False,False
3.0,1.0,2.0,210.0,249.0,276.0,281.0,True,False,False,False,True,False,False,False,False
13.0,2.0,14.0,193.0,172.0,257.0,266.0,True,False,False,False,False,False,False,True,False
8.0,1.0,8.0,208.0,181.0,279.0,333.0,True,False,False,False,False,False,True,False,False
26.0,3.0,54.0,237.0,261.0,282.0,298.0,False,False,True,False,False,False,False,False,False
11.0,1.0,11.0,273.0,302.0,289.0,296.0,True,False,False,False,False,False,False,False,False
5.0,1.0,5.0,271.0,266.0,253.0,310.0,False,True,False,True,False,False,False,False,False
16.0,2.0,23.0,269.0,293.0,286.0,284.0,False,False,False,False,False,False,False,False,False
36.0,2.0,43.0,295.0,311.0,302.0,317.0,False,False,False,False,False,False,False,False,True
8.0,3.0,34.0,277.0,296.0,255.0,297.0,False,False,False,False,False,True,False,False,False
17.0,1.0,17.0,282.0,301.0,293.0,303.0,True,False,False,False,False,False,False,False,True
2.0,2.0,39.0,217.0,256.0,285.0,296.0,True,False,False,False,True,False,False,False,False
28.0,4.0,50.0,281.0,297.0,257.0,297.0,False,False,False,False,False,True,False,False,False
19.0,3.0,40.0,272.0,270.0,260.0,334.0,False,False,False,True,False,False,False,False,False
21.0,1.0,21.0,212.0,252.0,278.0,287.0,True,False,False,False,True,False,False,False,False
17.0,2.0,26.0,229.0,252.0,277.0,301.0,False,False,True,False,False,False,False,False,False
5.0,3.0,32.0,229.0,255.0,288.0,326.0,False,False,True,False,False,False,False,False,False
9.0,2.0,23.0,230.0,257.0,280.0,301.0,False,False,True,False,False,False,False,False,False
28.0,3.0,78.0,204.0,189.0,234.0,289.0,False,False,False,False,False,False,False,True,False
6.0,3.0,38.0,234.0,260.0,282.0,301.0,False,False,True,False,False,False,False,False,False
19.0,3.0,54.0,276.0,301.0,293.0,297.0,False,False,False,False,False,False,False,False,False
11.0,3.0,45.0,213.0,186.0,277.0,321.0,True,False,False,False,False,False,True,False,False
20.0,4.0,52.0,276.0,301.0,256.0,301.0,False,False,False,False,False,True,False,False,False
8.0,3.0,30.0,278.0,301.0,255.0,299.0,False,False,False,False,False,True,False,False,False
20.0,1.0,20.0,215.0,253.0,277.0,287.0,True,False,False,False,True,False,False,False,False
11.0,2.0,12.0,275.0,296.0,254.0,298.0,False,False,False,False,False,True,False,False,False
22.0,2.0,45.0,213.0,186.0,281.0,320.0,True,False,False,False,False,False,True,False,False
14.0,1.0,14.0,208.0,184.0,274.0,316.0,True,False,False,False,False,False,True,False,False
25.0,3.0,54.0,280.0,303.0,292.0,296.0,False,False,False,False,False,False,False,False,False
26.0,2.0,33.0,286.0,293.0,291.0,302.0,False,False,False,False,False,False,False,False,True
7.0,2.0,20.0,233.0,250.0,278.0,295.0,False,False,True,False,False,False,False,False,False
68.0,2.0,68.0,206.0,187.0,258.0,277.0,True,False,False,False,False,False,False,True,False
28.0,2.0,40.0,211.0,185.0,277.0,317.0,False,False,False,False,False,False,True,False,False
22.0,2.0,29.0,290.0,317.0,312.0,337.0,False,False,False,False,False,False,False,False,True
64.0,2.0,65.0,197.0,186.0,265.0,279.0,False,False,False,False,False,False,False,True,False
18.0,2.0,25.0,289.0,323.0,308.0,327.0,False,False,False,False,False,False,False,False,True
13.0,5.0,43.0,275.0,270.0,258.0,308.0,False,False,False,True,False,False,False,False,False
19.0,4.0,52.0,275.0,300.0,257.0,300.0,True,False,False,False,False,True,False,False,False
40.0,2.0,40.0,194.0,173.0,233.0,280.0,False,False,False,False,False,False,False,True,False
34.0,2.0,57.0,211.0,185.0,273.0,328.0,True,False,False,False,False,False,True,False,False
19.0,2.0,33.0,276.0,268.0,258.0,210.0,True,False,False,True,False,False,False,False,False
48.0,2.0,49.0,197.0,173.0,257.0,275.0,True,False,False,False,False,False,False,True,False
41.0,2.0,48.0,289.0,308.0,297.0,319.0,False,False,False,False,False,False,False,False,True
12.0,2.0,24.0,234.0,250.0,279.0,299.0,False,False,True,False,False,False,False,False,False
4.0,1.0,4.0,215.0,250.0,276.0,286.0,True,False,False,False,True,False,False,False,False
5.0,3.0,40.0,274.0,298.0,289.0,292.0,False,False,False,False,False,False,False,False,False
8.0,1.0,8.0,212.0,254.0,277.0,288.0,True,False,False,False,True,False,False,False,False
14.0,4.0,54.0,276.0,271.0,258.0,312.0,False,True,False,True,False,False,False,False,False
12.0,3.0,28.0,274.0,300.0,253.0,299.0,True,False,False,False,False,True,False,False,False
5.0,3.0,34.0,277.0,303.0,305.0,291.0,False,False,False,False,False,False,False,False,False
10.0,2.0,22.0,232.0,263.0,278.0,295.0,False,False,True,False,False,False,False,False,False
15.0,1.0,15.0,214.0,255.0,278.0,286.0,True,False,False,False,True,False,False,False,False
13.0,2.0,38.0,218.0,255.0,281.0,288.0,False,False,False,False,True,False,False,False,False
5.0,2.0,14.0,266.0,259.0,254.0,306.0,False,False,False,True,False,False,False,False,False
5.0,1.0,5.0,286.0,301.0,292.0,304.0,True,False,False,False,False,False,False,False,True
10.0,5.0,40.0,275.0,270.0,259.0,308.0,False,False,False,True,False,False,False,False,False
65.0,2.0,66.0,211.0,197.0,260.0,282.0,False,False,False,False,False,False,False,True,False
17.0,2.0,39.0,213.0,184.0,278.0,318.0,False,False,False,False,False,False,True,False,False
37.0,2.0,44.0,289.0,311.0,297.0,317.0,False,False,False,False,False,False,False,False,True
10.0,4.0,32.0,278.0,300.0,262.0,301.0,False,False,False,False,False,True,False,False,False
18.0,3.0,53.0,237.0,258.0,283.0,301.0,False,False,True,False,False,False,False,False,False
7.0,4.0,43.0,285.0,304.0,264.0,306.0,False,False,False,False,False,True,False,False,False
10.0,1.0,10.0,216.0,253.0,276.0,285.0,True,False,False,False,True,False,False,False,False
19.0,2.0,26.0,275.0,305.0,293.0,299.0,False,False,False,False,False,False,False,False,False
49.0,2.0,50.0,186.0,191.0,261.0,280.0,True,False,False,False,False,False,False,True,False
14.0,3.0,49.0,284.0,307.0,290.0,302.0,False,False,False,False,False,False,False,False,False
34.0,2.0,40.0,216.0,256.0,279.0,286.0,False,False,False,False,True,False,False,False,False
10.0,3.0,29.0,274.0,299.0,255.0,297.0,False,False,False,False,False,True,False,False,False
6.0,1.0,6.0,210.0,250.0,277.0,285.0,True,False,False,False,True,False,False,False,False
18.0,3.0,23.0,279.0,300.0,253.0,300.0,False,False,False,False,False,True,False,False,False
10.0,3.0,40.0,233.0,254.0,277.0,291.0,False,False,True,False,False,False,False,False,False
8.0,2.0,8.0,277.0,298.0,251.0,300.0,True,False,False,False,False,True,False,False,False
8.0,2.0,18.0,208.0,180.0,278.0,322.0,False,False,False,False,False,False,True,False,False
19.0,3.0,31.0,279.0,297.0,254.0,296.0,False,False,False,False,False,True,False,False,False
17.0,2.0,27.0,211.0,185.0,277.0,323.0,False,False,False,False,False,False,True,False,False
22.0,2.0,23.0,187.0,175.0,264.0,282.0,False,False,False,False,False,False,False,True,False
8.0,1.0,5.0,229.0,257.0,278.0,323.0,False,True,True,False,False,False,False,False,False
16.0,1.0,16.0,286.0,304.0,296.0,310.0,True,False,False,False,False,False,False,False,True
3.0,2.0,24.0,217.0,256.0,279.0,289.0,False,False,False,False,True,False,False,False,False
12.0,2.0,18.0,289.0,317.0,308.0,320.0,False,False,False,False,False,False,False,False,True
5.0,2.0,27.0,205.0,185.0,287.0,334.0,True,False,False,False,False,False,True,False,False
17.0,2.0,40.0,213.0,186.0,276.0,315.0,False,False,False,False,False,False,True,False,False
6.0,1.0,6.0,272.0,320.0,301.0,308.0,True,False,False,False,False,False,False,False,False
4.0,1.0,4.0,205.0,180.0,276.0,309.0,False,False,False,False,False,False,True,False,False
11.0,2.0,21.0,234.0,255.0,277.0,290.0,False,False,True,False,False,False,False,False,False
17.0,3.0,33.0,279.0,297.0,254.0,292.0,True,False,False,False,False,True,False,False,False
28.0,2.0,35.0,286.0,294.0,292.0,303.0,False,False,False,False,False,False,False,False,True
14.0,2.0,25.0,234.0,259.0,280.0,299.0,False,False,True,False,False,False,False,False,False
9.0,1.0,9.0,274.0,266.0,253.0,312.0,True,False,False,True,False,False,False,False,False
52.0,2.0,53.0,188.0,178.0,258.0,279.0,True,False,False,False,False,False,False,True,False
21.0,3.0,53.0,234.0,262.0,290.0,302.0,False,False,True,False,False,False,False,False,False
2.0,3.0,35.0,276.0,299.0,290.0,294.0,False,False,False,False,False,False,False,False,False
16.0,3.0,22.0,269.0,296.0,256.0,299.0,False,False,False,False,False,True,False,False,False
24.0,2.0,36.0,234.0,264.0,281.0,299.0,False,False,True,False,False,False,False,False,False
9.0,4.0,49.0,239.0,258.0,292.0,307.0,False,True,True,False,False,False,False,False,False
6.0,1.0,6.0,286.0,297.0,291.0,303.0,True,False,False,False,False,False,False,False,True
10.0,1.0,10.0,264.0,256.0,251.0,300.0,True,False,False,True,False,False,False,False,False
14.0,3.0,47.0,236.0,261.0,281.0,299.0,False,False,True,False,False,False,False,False,False
21.0,2.0,21.0,195.0,185.0,255.0,276.0,False,False,False,False,False,False,False,True,False
6.0,2.0,13.0,286.0,310.0,297.0,314.0,False,False,False,False,False,False,False,False,True
16.0,2.0,29.0,234.0,260.0,279.0,300.0,False,False,True,False,False,False,False,False,False
12.0,2.0,19.0,271.0,302.0,288.0,308.0,False,False,False,False,False,False,False,False,False
10.0,3.0,33.0,278.0,270.0,257.0,315.0,False,False,False,True,False,False,False,False,False
24.0,4.0,52.0,211.0,186.0,287.0,341.0,True,False,False,False,False,False,True,False,False
45.0,2.0,56.0,216.0,257.0,278.0,289.0,False,False,False,False,True,False,False,False,False
5.0,1.0,2.0,211.0,184.0,280.0,315.0,True,False,False,False,False,False,True,False,False
3.0,1.0,3.0,275.0,314.0,295.0,305.0,True,False,False,False,False,False,False,False,False
19.0,2.0,26.0,281.0,298.0,296.0,302.0,False,False,False,False,False,False,False,False,True
22.0,3.0,51.0,213.0,186.0,283.0,321.0,True,False,False,False,False,False,True,False,False
7.0,4.0,29.0,275.0,297.0,255.0,295.0,False,False,False,False,False,True,False,False,False
23.0,3.0,57.0,215.0,188.0,279.0,335.0,True,False,False,False,False,False,True,False,False
20.0,2.0,41.0,215.0,254.0,278.0,283.0,False,False,False,False,True,False,False,False,False
8.0,1.0,8.0,211.0,182.0,275.0,318.0,True,False,False,False,False,False,True,False,False
18.0,2.0,35.0,275.0,268.0,256.0,312.0,False,False,False,True,False,False,False,False,False
18.0,3.0,53.0,281.0,308.0,294.0,301.0,False,False,False,False,False,False,False,False,False
17.0,3.0,51.0,278.0,300.0,291.0,293.0,False,False,False,False,False,False,False,False,False
22.0,3.0,50.0,212.0,188.0,287.0,334.0,True,False,False,False,False,False,True,False,False
12.0,2.0,20.0,277.0,304.0,289.0,299.0,False,False,False,False,False,False,False,False,False
13.0,1.0,13.0,209.0,182.0,275.0,331.0,True,False,False,False,False,False,True,False,False
47.0,2.0,48.0,196.0,190.0,262.0,280.0,True,False,False,False,False,False,False,True,False
10.0,3.0,45.0,280.0,307.0,295.0,299.0,False,False,False,False,False,False,False,False,False
10.0,1.0,10.0,266.0,264.0,255.0,308.0,True,False,False,True,False,False,False,False,False
5.0,2.0,30.0,218.0,253.0,278.0,295.0,False,False,False,False,True,False,False,False,False
18.0,3.0,54.0,234.0,265.0,282.0,302.0,False,True,True,False,False,False,False,False,False
24.0,2.0,25.0,188.0,178.0,256.0,276.0,True,False,False,False,False,False,False,True,False
11.0,2.0,26.0,231.0,255.0,288.0,328.0,False,False,True,False,False,False,False,False,False
9.0,2.0,10.0,181.0,175.0,264.0,276.0,False,False,False,False,False,False,False,True,False
8.0,2.0,17.0,227.0,245.0,283.0,291.0,False,False,True,False,False,False,False,False,False
16.0,2.0,39.0,211.0,185.0,284.0,322.0,True,False,False,False,False,False,True,False,False
57.0,3.0,71.0,194.0,183.0,270.0,281.0,False,False,False,False,False,False,False,True,False
2.0,1.0,2.0,216.0,252.0,279.0,292.0,True,False,False,False,True,False,False,False,False
42.0,2.0,48.0,289.0,299.0,294.0,302.0,False,False,False,False,False,False,False,False,True
33.0,2.0,39.0,217.0,256.0,277.0,286.0,False,False,False,False,True,False,False,False,False
34.0,2.0,34.0,187.0,190.0,265.0,281.0,False,False,False,False,False,False,False,True,False
21.0,1.0,21.0,285.0,303.0,297.0,308.0,True,False,False,False,False,False,False,False,True
19.0,4.0,54.0,276.0,300.0,291.0,294.0,False,False,False,False,False,False,False,False,False
34.0,3.0,57.0,214.0,187.0,279.0,323.0,True,False,False,False,False,False,True,False,False
11.0,3.0,45.0,237.0,271.0,282.0,300.0,False,False,True,False,False,False,False,False,False
8.0,3.0,35.0,278.0,304.0,289.0,297.0,False,False,False,False,False,False,False,False,False
16.0,2.0,28.0,234.0,250.0,280.0,302.0,False,False,True,False,False,False,False,False,False
44.0,2.0,45.0,179.0,187.0,258.0,267.0,True,False,False,False,False,False,False,True,False
5.0,1.0,5.0,271.0,321.0,303.0,311.0,True,False,False,False,False,False,False,False,False
11.0,3.0,34.0,276.0,272.0,266.0,329.0,False,True,False,True,False,False,False,False,False
18.0,2.0,26.0,214.0,251.0,275.0,281.0,False,False,False,False,True,False,False,False,False
18.0,3.0,53.0,237.0,263.0,289.0,294.0,False,True,True,False,False,False,False,False,False
5.0,2.0,16.0,227.0,257.0,278.0,295.0,False,False,True,False,False,False,False,False,False
15.0,3.0,55.0,277.0,288.0,289.0,285.0,False,False,False,False,False,False,False,False,False
2.0,4.0,35.0,274.0,300.0,258.0,295.0,True,False,False,False,False,True,False,False,False
1.0,2.0,15.0,272.0,268.0,260.0,336.0,True,False,False,True,False,False,False,False,False
26.0,3.0,53.0,280.0,303.0,291.0,305.0,False,False,False,False,False,False,False,False,False
8.0,1.0,8.0,275.0,323.0,299.0,312.0,True,False,False,False,False,False,False,False,False
27.0,1.0,27.0,289.0,306.0,297.0,309.0,True,False,False,False,False,False,False,False,True
15.0,4.0,37.0,280.0,297.0,256.0,296.0,False,False,False,False,False,True,False,False,False
25.0,2.0,52.0,213.0,186.0,278.0,312.0,False,False,False,False,False,False,True,False,False
23.0,2.0,46.0,212.0,185.0,283.0,320.0,True,False,False,False,False,False,True,False,False
26.0,2.0,35.0,275.0,305.0,289.0,299.0,False,False,False,False,False,False,False,False,False
5.0,2.0,6.0,231.0,236.0,277.0,295.0,False,False,True,False,False,False,False,False,False
10.0,2.0,23.0,277.0,305.0,290.0,294.0,False,False,False,False,False,False,False,False,False
4.0,2.0,26.0,220.0,257.0,285.0,291.0,False,False,False,False,True,False,False,False,False
30.0,2.0,53.0,213.0,186.0,279.0,313.0,False,False,False,False,False,False,True,False,False
35.0,2.0,35.0,202.0,173.0,256.0,276.0,True,False,False,False,False,False,False,True,False
25.0,2.0,32.0,289.0,317.0,307.0,328.0,False,False,False,False,False,False,False,False,True
28.0,2.0,28.0,187.0,174.0,259.0,277.0,True,False,False,False,False,False,False,True,False
26.0,2.0,51.0,210.0,253.0,280.0,288.0,False,False,False,False,True,False,False,False,False
3.0,3.0,10.0,277.0,299.0,253.0,300.0,False,False,False,False,False,True,False,False,False
15.0,1.0,15.0,213.0,253.0,278.0,287.0,False,False,False,False,True,False,False,False,False
3.0,1.0,3.0,207.0,182.0,275.0,302.0,True,False,False,False,False,False,True,False,False
29.0,3.0,56.0,239.0,254.0,279.0,300.0,False,False,True,False,False,False,False,False,False
14.0,3.0,30.0,274.0,298.0,254.0,298.0,True,False,False,False,False,True,False,False,False
4.0,4.0,47.0,271.0,269.0,260.0,335.0,True,False,False,True,False,False,False,False,False
10.0,1.0,10.0,204.0,182.0,273.0,311.0,False,False,False,False,False,False,True,False,False
19.0,1.0,19.0,211.0,184.0,275.0,316.0,True,False,False,False,False,False,True,False,False
16.0,2.0,16.0,168.0,182.0,255.0,276.0,True,False,False,False,False,False,False,True,False
20.0,1.0,20.0,207.0,182.0,279.0,324.0,False,False,False,False,False,False,True,False,False
40.0,1.0,40.0,287.0,303.0,291.0,306.0,True,False,False,False,False,False,False,False,True
27.0,3.0,55.0,239.0,258.0,281.0,304.0,False,False,True,False,False,False,False,False,False
22.0,3.0,55.0,238.0,263.0,283.0,304.0,False,False,True,False,False,False,False,False,False
11.0,1.0,11.0,271.0,263.0,255.0,308.0,True,False,False,True,False,False,False,False,False
39.0,2.0,39.0,198.0,188.0,260.0,283.0,False,False,False,False,False,False,False,True,False
3.0,1.0,3.0,209.0,254.0,280.0,280.0,True,False,False,False,True,False,False,False,False
13.0,4.0,56.0,278.0,271.0,260.0,307.0,True,False,False,True,False,False,False,False,False
2.0,1.0,2.0,218.0,251.0,276.0,281.0,True,False,False,False,True,False,False,False,False
6.0,3.0,42.0,234.0,262.0,281.0,301.0,False,False,True,False,False,False,False,False,False
31.0,2.0,53.0,273.0,270.0,261.0,307.0,False,False,False,True,False,False,False,False,False
45.0,2.0,46.0,192.0,177.0,257.0,275.0,True,False,False,False,False,False,False,True,False
10.0,2.0,18.0,211.0,249.0,273.0,281.0,False,False,False,False,True,False,False,False,False
14.0,1.0,14.0,208.0,183.0,279.0,310.0,True,False,False,False,False,False,True,False,False
12.0,1.0,9.0,231.0,246.0,278.0,292.0,False,True,True,False,False,False,False,False,False
26.0,4.0,74.0,195.0,189.0,263.0,280.0,False,True,False,False,False,False,False,True,False
24.0,1.0,24.0,208.0,256.0,278.0,287.0,True,False,False,False,True,False,False,False,False
15.0,4.0,48.0,277.0,305.0,261.0,301.0,False,False,False,False,False,True,False,False,False
12.0,2.0,13.0,190.0,185.0,257.0,271.0,True,False,False,False,False,False,False,True,False
17.0,4.0,39.0,280.0,296.0,255.0,296.0,False,False,False,False,False,True,False,False,False
29.0,3.0,52.0,276.0,267.0,259.0,308.0,False,False,False,True,False,False,False,False,False
7.0,2.0,14.0,287.0,308.0,297.0,314.0,False,False,False,False,False,False,False,False,True
27.0,2.0,32.0,265.0,296.0,287.0,286.0,False,False,False,False,False,False,False,False,False
4.0,1.0,4.0,226.0,244.0,284.0,319.0,False,True,True,False,False,False,False,False,False
23.0,3.0,46.0,278.0,269.0,257.0,314.0,False,False,False,True,False,False,False,False,False
19.0,3.0,56.0,236.0,267.0,281.0,297.0,False,True,True,False,False,False,False,False,False
4.0,2.0,41.0,211.0,253.0,283.0,286.0,False,False,False,False,True,False,False,False,False
4.0,2.0,16.0,228.0,255.0,282.0,309.0,False,False,True,False,False,False,False,False,False
68.0,2.0,69.0,205.0,193.0,271.0,283.0,False,False,False,False,False,False,False,True,False
12.0,4.0,38.0,281.0,301.0,255.0,300.0,False,False,False,False,False,True,False,False,False
7.0,1.0,7.0,214.0,250.0,276.0,284.0,True,False,False,False,True,False,False,False,False
13.0,3.0,64.0,200.0,193.0,265.0,281.0,False,False,False,False,False,False,False,True,False
28.0,3.0,55.0,232.0,255.0,280.0,300.0,False,False,True,False,False,False,False,False,False
16.0,4.0,49.0,282.0,300.0,259.0,286.0,False,False,False,False,False,True,False,False,False
14.0,1.0,14.0,209.0,254.0,277.0,284.0,True,False,False,False,True,False,False,False,False
7.0,3.0,42.0,237.0,255.0,282.0,301.0,False,False,True,False,False,False,False,False,False
3.0,2.0,26.0,210.0,185.0,275.0,310.0,False,False,False,False,False,False,True,False,False
1.0,3.0,8.0,270.0,292.0,251.0,291.0,False,False,False,False,False,True,False,False,False
55.0,2.0,55.0,201.0,181.0,256.0,278.0,True,False,False,False,False,False,False,True,False
58.0,2.0,58.0,204.0,193.0,259.0,278.0,False,False,False,False,False,False,False,True,False
13.0,3.0,54.0,237.0,260.0,280.0,298.0,False,False,True,False,False,False,False,False,False
7.0,2.0,35.0,213.0,184.0,276.0,312.0,False,False,False,False,False,False,True,False,False
24.0,2.0,31.0,288.0,321.0,312.0,336.0,False,False,False,False,False,False,False,False,True
18.0,2.0,29.0,233.0,259.0,281.0,301.0,False,False,True,False,False,False,False,False,False
44.0,2.0,44.0,205.0,185.0,257.0,279.0,True,False,False,False,False,False,False,True,False
25.0,2.0,40.0,235.0,254.0,279.0,296.0,False,False,True,False,False,False,False,False,False
6.0,1.0,6.0,267.0,264.0,255.0,306.0,True,False,False,True,False,False,False,False,False
21.0,2.0,22.0,197.0,186.0,256.0,276.0,False,False,False,False,False,False,False,True,False
3.0,2.0,12.0,270.0,261.0,254.0,307.0,False,False,False,True,False,False,False,False,False
6.0,1.0,3.0,231.0,246.0,286.0,311.0,False,True,True,False,False,False,False,False,False
64.0,2.0,65.0,202.0,187.0,258.0,278.0,False,False,False,False,False,False,False,True,False
20.0,1.0,20.0,213.0,251.0,276.0,286.0,True,False,False,False,True,False,False,False,False
8.0,1.0,8.0,204.0,180.0,279.0,326.0,True,False,False,False,False,False,True,False,False
3.0,2.0,27.0,208.0,184.0,276.0,325.0,False,False,False,False,False,False,True,False,False
26.0,2.0,41.0,234.0,255.0,281.0,302.0,False,False,True,False,False,False,False,False,False
15.0,2.0,48.0,213.0,252.0,282.0,287.0,True,False,False,False,True,False,False,False,False
7.0,2.0,19.0,230.0,255.0,284.0,311.0,False,False,True,False,False,False,False,False,False
15.0,4.0,48.0,282.0,298.0,256.0,290.0,False,False,False,False,False,True,False,False,False
8.0,3.0,43.0,237.0,255.0,280.0,302.0,False,True,True,False,False,False,False,False,False
40.0,2.0,47.0,290.0,311.0,297.0,318.0,False,False,False,False,False,False,False,False,True
28.0,2.0,28.0,201.0,169.0,255.0,274.0,True,False,False,False,False,False,False,True,False
15.0,2.0,16.0,184.0,185.0,262.0,278.0,True,False,False,False,False,False,False,True,False
17.0,2.0,27.0,230.0,256.0,278.0,294.0,False,False,True,False,False,False,False,False,False
19.0,2.0,31.0,235.0,264.0,280.0,301.0,False,False,True,False,False,False,False,False,False
10.0,2.0,15.0,275.0,302.0,288.0,294.0,False,False,False,False,False,False,False,False,False
10.0,2.0,17.0,285.0,324.0,305.0,333.0,False,False,False,False,False,False,False,False,True
23.0,2.0,28.0,274.0,297.0,288.0,292.0,False,False,False,False,False,False,False,False,False
30.0,2.0,31.0,194.0,189.0,257.0,264.0,True,False,False,False,False,False,False,True,False
40.0,2.0,41.0,187.0,191.0,258.0,264.0,True,False,False,False,False,False,False,True,False
3.0,2.0,9.0,215.0,254.0,276.0,283.0,False,False,False,False,True,False,False,False,False
7.0,3.0,23.0,271.0,299.0,255.0,298.0,True,False,False,False,False,True,False,False,False
12.0,3.0,21.0,215.0,255.0,279.0,285.0,True,False,False,False,True,False,False,False,False
2.0,3.0,24.0,277.0,295.0,255.0,292.0,False,False,False,False,False,True,False,False,False
9.0,2.0,10.0,273.0,297.0,253.0,298.0,True,False,False,False,False,True,False,False,False
13.0,1.0,12.0,270.0,296.0,286.0,296.0,False,False,False,False,False,False,False,False,False
5.0,3.0,41.0,236.0,259.0,282.0,300.0,False,False,True,False,False,False,False,False,False
19.0,2.0,33.0,232.0,256.0,278.0,300.0,False,False,True,False,False,False,False,False,False
70.0,2.0,71.0,202.0,192.0,269.0,285.0,False,False,False,False,False,False,False,True,False
41.0,2.0,48.0,289.0,305.0,295.0,308.0,False,False,False,False,False,False,False,False,True
46.0,2.0,46.0,196.0,190.0,266.0,281.0,False,False,False,False,False,False,False,True,False
6.0,3.0,17.0,278.0,294.0,260.0,290.0,False,False,False,False,False,True,False,False,False
21.0,2.0,27.0,214.0,254.0,276.0,284.0,False,False,False,False,True,False,False,False,False
23.0,2.0,46.0,214.0,187.0,277.0,314.0,False,False,False,False,False,False,True,False,False
15.0,3.0,50.0,277.0,300.0,293.0,293.0,False,False,False,False,False,False,False,False,False
20.0,3.0,54.0,210.0,187.0,281.0,351.0,True,False,False,False,False,False,True,False,False
6.0,2.0,12.0,216.0,252.0,276.0,285.0,False,False,False,False,True,False,False,False,False
10.0,1.0,7.0,230.0,253.0,278.0,300.0,False,True,True,False,False,False,False,False,False
12.0,2.0,28.0,279.0,320.0,302.0,313.0,True,False,False,False,False,False,False,False,False
36.0,2.0,42.0,289.0,303.0,293.0,306.0,False,False,False,False,False,False,False,False,True
49.0,2.0,49.0,197.0,183.0,265.0,280.0,False,False,False,False,False,False,False,True,False
13.0,1.0,13.0,213.0,252.0,277.0,289.0,True,False,False,False,True,False,False,False,False
4.0,1.0,4.0,272.0,264.0,259.0,335.0,True,False,False,True,False,False,False,False,False
5.0,3.0,17.0,279.0,297.0,253.0,299.0,False,False,False,False,False,True,False,False,False
26.0,2.0,26.0,190.0,172.0,265.0,282.0,False,False,False,False,False,False,False,True,False
8.0,3.0,42.0,235.0,262.0,288.0,305.0,False,False,True,False,False,False,False,False,False
16.0,3.0,44.0,214.0,186.0,286.0,319.0,True,False,False,False,False,False,True,False,False
27.0,3.0,50.0,215.0,188.0,279.0,318.0,True,False,False,False,False,False,True,False,False
13.0,2.0,24.0,234.0,258.0,280.0,298.0,False,False,True,False,False,False,False,False,False
11.0,3.0,46.0,278.0,300.0,293.0,297.0,False,False,False,False,False,False,False,False,False
27.0,2.0,34.0,286.0,303.0,295.0,310.0,False,False,False,False,False,False,False,False,True
42.0,2.0,42.0,192.0,172.0,258.0,281.0,True,False,False,False,False,False,False,True,False
12.0,3.0,34.0,274.0,303.0,258.0,303.0,False,False,False,False,False,True,False,False,False
13.0,2.0,30.0,276.0,304.0,290.0,297.0,True,False,False,False,False,False,False,False,False
61.0,2.0,62.0,190.0,180.0,189.0,278.0,False,False,False,False,False,False,False,True,False
9.0,2.0,9.0,168.0,181.0,265.0,268.0,True,False,False,False,False,False,False,True,False
2.0,1.0,2.0,209.0,184.0,280.0,325.0,True,False,False,False,False,False,True,False,False
13.0,1.0,13.0,269.0,265.0,256.0,310.0,True,False,False,True,False,False,False,False,False
6.0,1.0,6.0,283.0,296.0,292.0,305.0,True,False,False,False,False,False,False,False,True
64.0,2.0,64.0,206.0,192.0,259.0,280.0,False,False,False,False,False,False,False,True,False
53.0,2.0,53.0,201.0,179.0,263.0,277.0,False,False,False,False,False,False,False,True,False
6.0,2.0,7.0,168.0,172.0,256.0,263.0,True,False,False,False,False,False,False,True,False
30.0,2.0,51.0,215.0,257.0,281.0,285.0,False,False,False,False,True,False,False,False,False
10.0,2.0,11.0,171.0,175.0,265.0,282.0,True,False,False,False,False,False,False,True,False
29.0,1.0,29.0,289.0,308.0,298.0,313.0,True,False,False,False,False,False,False,False,True
20.0,3.0,47.0,233.0,250.0,279.0,298.0,False,False,True,False,False,False,False,False,False
5.0,2.0,16.0,236.0,259.0,285.0,320.0,False,False,True,False,False,False,False,False,False
9.0,1.0,9.0,272.0,264.0,253.0,318.0,True,False,False,True,False,False,False,False,False
12.0,3.0,46.0,217.0,186.0,279.0,345.0,True,False,False,False,False,False,True,False,False
12.0,3.0,35.0,272.0,265.0,261.0,325.0,False,False,False,True,False,False,False,False,False
2.0,1.0,2.0,216.0,252.0,279.0,284.0,True,False,False,False,True,False,False,False,False
15.0,2.0,39.0,213.0,184.0,276.0,325.0,False,False,False,False,False,False,True,False,False
2.0,2.0,19.0,272.0,265.0,255.0,310.0,False,False,False,True,False,False,False,False,False
5.0,1.0,2.0,235.0,244.0,279.0,297.0,False,True,True,False,False,False,False,False,False
21.0,2.0,49.0,213.0,185.0,280.0,316.0,False,True,False,False,False,False,True,False,False
6.0,2.0,7.0,180.0,185.0,263.0,281.0,True,False,False,False,False,False,False,True,False
27.0,3.0,50.0,276.0,266.0,259.0,308.0,False,False,False,True,False,False,False,False,False
32.0,2.0,39.0,289.0,304.0,295.0,310.0,False,False,False,False,False,False,False,False,True
18.0,1.0,18.0,211.0,184.0,274.0,311.0,True,False,False,False,False,False,True,False,False
27.0,2.0,34.0,284.0,307.0,297.0,309.0,False,False,False,False,False,False,False,False,True
36.0,2.0,36.0,196.0,169.0,262.0,272.0,False,False,False,False,False,False,False,True,False
3.0,2.0,18.0,271.0,269.0,258.0,329.0,True,False,False,True,False,False,False,False,False
14.0,3.0,71.0,207.0,188.0,269.0,284.0,True,False,False,False,False,False,False,True,False
2.0,1.0,2.0,270.0,264.0,259.0,334.0,True,False,False,True,False,False,False,False,False
12.0,2.0,12.0,277.0,294.0,253.0,295.0,False,True,False,False,False,True,False,False,False
8.0,2.0,35.0,213.0,184.0,278.0,317.0,False,False,False,False,False,False,True,False,False
26.0,1.0,26.0,290.0,309.0,298.0,316.0,True,False,False,False,False,False,False,False,True
20.0,3.0,55.0,237.0,263.0,282.0,306.0,False,False,True,False,False,False,False,False,False
24.0,3.0,45.0,270.0,269.0,258.0,312.0,False,False,False,True,False,False,False,False,False
7.0,1.0,7.0,272.0,295.0,287.0,290.0,True,False,False,False,False,False,False,False,False
32.0,2.0,39.0,288.0,299.0,291.0,306.0,False,False,False,False,False,False,False,False,True
11.0,5.0,31.0,216.0,257.0,278.0,285.0,True,False,False,False,True,False,False,False,False
21.0,2.0,29.0,277.0,302.0,289.0,297.0,False,False,False,False,False,False,False,False,False
14.0,2.0,25.0,216.0,254.0,278.0,284.0,False,False,False,False,True,False,False,False,False
3.0,3.0,19.0,272.0,298.0,254.0,294.0,True,False,False,False,False,True,False,False,False
20.0,2.0,42.0,271.0,269.0,260.0,307.0,False,False,False,True,False,False,False,False,False
6.0,2.0,33.0,216.0,257.0,279.0,285.0,False,False,False,False,True,False,False,False,False
29.0,3.0,51.0,257.0,305.0,259.0,302.0,False,False,False,False,False,True,False,False,False
54.0,2.0,55.0,195.0,187.0,258.0,280.0,False,False,False,False,False,False,False,True,False
22.0,3.0,49.0,283.0,307.0,293.0,307.0,False,False,False,False,False,False,False,False,False
6.0,2.0,17.0,272.0,267.0,256.0,312.0,True,False,False,True,False,False,False,False,False
9.0,2.0,10.0,184.0,172.0,257.0,262.0,True,False,False,False,False,False,False,True,False
15.0,3.0,37.0,280.0,299.0,256.0,298.0,False,False,False,False,False,True,False,False,False
10.0,1.0,10.0,273.0,317.0,300.0,298.0,True,False,False,False,False,False,False,False,False
10.0,1.0,10.0,212.0,252.0,276.0,283.0,True,False,False,False,True,False,False,False,False
14.0,2.0,43.0,211.0,186.0,276.0,316.0,False,False,False,False,False,False,True,False,False
29.0,1.0,29.0,214.0,253.0,278.0,288.0,False,False,False,False,True,False,False,False,False
4.0,2.0,16.0,212.0,184.0,277.0,317.0,False,False,False,False,False,False,True,False,False
23.0,3.0,56.0,233.0,270.0,282.0,305.0,False,False,True,False,False,False,False,False,False
10.0,1.0,7.0,226.0,251.0,278.0,286.0,False,True,True,False,False,False,False,False,False
6.0,1.0,6.0,272.0,263.0,255.0,334.0,False,True,False,True,False,False,False,False,False
15.0,2.0,25.0,211.0,185.0,277.0,324.0,False,False,False,False,False,False,True,False,False
25.0,2.0,26.0,183.0,175.0,256.0,275.0,False,False,False,False,False,False,False,True,False
59.0,2.0,59.0,191.0,181.0,255.0,276.0,False,False,False,False,False,False,False,True,False
7.0,3.0,34.0,231.0,255.0,279.0,296.0,False,False,True,False,False,False,False,False,False
22.0,3.0,56.0,238.0,266.0,281.0,299.0,False,False,True,False,False,False,False,False,False
18.0,1.0,18.0,285.0,302.0,311.0,308.0,True,False,False,False,False,False,False,False,True
20.0,2.0,26.0,287.0,304.0,294.0,306.0,False,False,False,False,False,False,False,False,True
2.0,2.0,9.0,261.0,287.0,286.0,227.0,False,False,False,False,False,False,False,False,False
19.0,3.0,49.0,235.0,257.0,279.0,292.0,False,False,True,False,False,False,False,False,False
17.0,3.0,32.0,279.0,296.0,254.0,297.0,True,False,False,False,False,True,False,False,False
19.0,3.0,52.0,238.0,268.0,282.0,300.0,False,False,True,False,False,False,False,False,False
22.0,2.0,39.0,276.0,297.0,289.0,307.0,False,False,False,False,False,False,False,False,False
15.0,4.0,43.0,213.0,183.0,279.0,317.0,True,False,False,False,False,False,True,False,False
20.0,2.0,29.0,277.0,301.0,288.0,294.0,False,False,False,False,False,False,False,False,False
18.0,2.0,19.0,274.0,300.0,254.0,298.0,True,False,False,False,False,True,False,False,False
21.0,3.0,35.0,280.0,298.0,247.0,299.0,True,False,False,False,False,True,False,False,False
8.0,1.0,8.0,211.0,183.0,272.0,311.0,True,False,False,False,False,False,True,False,False
26.0,2.0,33.0,287.0,319.0,305.0,326.0,False,False,False,False,False,False,False,False,True
3.0,4.0,25.0,279.0,295.0,256.0,295.0,False,False,False,False,False,True,False,False,False
13.0,2.0,23.0,231.0,251.0,275.0,289.0,False,False,True,False,False,False,False,False,False
19.0,2.0,28.0,276.0,299.0,288.0,293.0,False,False,False,False,False,False,False,False,False
65.0,2.0,65.0,200.0,189.0,255.0,276.0,False,False,False,False,False,False,False,True,False
15.0,2.0,15.0,186.0,178.0,255.0,274.0,False,False,False,False,False,False,False,True,False
18.0,1.0,18.0,208.0,183.0,277.0,316.0,True,False,False,False,False,False,True,False,False
13.0,2.0,25.0,234.0,263.0,280.0,304.0,False,False,True,False,False,False,False,False,False
30.0,2.0,37.0,285.0,304.0,305.0,324.0,False,False,False,False,False,False,False,False,True
9.0,1.0,6.0,225.0,252.0,277.0,289.0,False,True,True,False,False,False,False,False,False
9.0,1.0,9.0,212.0,248.0,276.0,282.0,False,False,False,False,True,False,False,False,False
10.0,3.0,50.0,278.0,293.0,290.0,285.0,False,False,False,False,False,False,False,False,False
23.0,3.0,53.0,215.0,253.0,277.0,281.0,True,False,False,False,True,False,False,False,False
14.0,2.0,27.0,274.0,305.0,291.0,298.0,False,False,False,False,False,False,False,False,False
8.0,2.0,8.0,278.0,295.0,253.0,295.0,True,False,False,False,False,True,False,False,False
16.0,2.0,39.0,213.0,185.0,276.0,313.0,False,False,False,False,False,False,True,False,False
20.0,2.0,56.0,217.0,259.0,279.0,285.0,False,False,False,False,True,False,False,False,False
10.0,2.0,17.0,286.0,326.0,309.0,328.0,False,False,False,False,False,False,False,False,True
7.0,2.0,7.0,182.0,158.0,257.0,281.0,True,False,False,False,False,False,False,True,False
21.0,1.0,20.0,209.0,184.0,275.0,303.0,False,False,False,False,False,False,True,False,False
14.0,2.0,26.0,212.0,253.0,278.0,287.0,False,False,False,False,True,False,False,False,False
11.0,1.0,11.0,229.0,249.0,278.0,302.0,False,True,True,False,False,False,False,False,False
19.0,2.0,30.0,235.0,260.0,281.0,301.0,False,False,True,False,False,False,False,False,False
66.0,2.0,66.0,204.0,183.0,258.0,277.0,True,False,False,False,False,False,False,True,False
12.0,4.0,52.0,271.0,265.0,258.0,308.0,False,True,False,True,False,False,False,False,False
71.0,2.0,71.0,188.0,194.0,255.0,274.0,False,False,False,False,False,False,False,True,False
11.0,1.0,10.0,207.0,185.0,284.0,322.0,True,False,False,False,False,False,True,False,False
11.0,2.0,24.0,236.0,254.0,278.0,296.0,False,False,True,False,False,False,False,False,False
9.0,2.0,21.0,216.0,249.0,280.0,290.0,False,False,False,False,True,False,False,False,False
10.0,3.0,32.0,274.0,300.0,257.0,299.0,False,False,False,False,False,True,False,False,False
3.0,1.0,3.0,273.0,267.0,260.0,329.0,True,False,False,True,False,False,False,False,False
4.0,1.0,4.0,270.0,291.0,286.0,287.0,True,False,False,False,False,False,False,False,False
3.0,3.0,36.0,234.0,254.0,281.0,316.0,False,False,True,False,False,False,False,False,False
13.0,3.0,36.0,280.0,300.0,257.0,299.0,False,False,False,False,False,True,False,False,False
15.0,2.0,25.0,209.0,180.0,283.0,332.0,False,False,False,False,False,False,True,False,False
4.0,2.0,41.0,216.0,256.0,284.0,284.0,True,False,False,False,True,False,False,False,False
11.0,2.0,21.0,229.0,254.0,278.0,293.0,False,False,True,False,False,False,False,False,False
13.0,2.0,14.0,271.0,300.0,257.0,298.0,True,False,False,False,False,True,False,False,False
19.0,2.0,24.0,268.0,295.0,285.0,288.0,False,False,False,False,False,False,False,False,False
30.0,3.0,51.0,271.0,269.0,259.0,312.0,False,False,False,True,False,False,False,False,False
9.0,3.0,46.0,235.0,264.0,281.0,297.0,False,True,True,False,False,False,False,False,False
3.0,1.0,3.0,210.0,251.0,277.0,283.0,True,False,False,False,True,False,False,False,False
5.0,4.0,38.0,279.0,299.0,257.0,298.0,False,False,False,False,False,True,False,False,False
36.0,2.0,61.0,215.0,253.0,277.0,284.0,False,False,False,False,True,False,False,False,False
16.0,3.0,39.0,278.0,269.0,257.0,317.0,False,False,False,True,False,False,False,False,False
3.0,2.0,16.0,233.0,249.0,280.0,298.0,False,False,True,False,False,False,False,False,False
13.0,2.0,13.0,189.0,182.0,263.0,276.0,False,False,False,False,False,False,False,True,False
2.0,4.0,28.0,277.0,300.0,254.0,294.0,False,False,False,False,False,True,False,False,False
30.0,3.0,60.0,216.0,256.0,281.0,289.0,True,False,False,False,True,False,False,False,False
21.0,2.0,43.0,220.0,258.0,284.0,293.0,False,False,False,False,True,False,False,False,False
7.0,2.0,20.0,267.0,264.0,256.0,309.0,False,False,False,True,False,False,False,False,False
41.0,2.0,54.0,211.0,255.0,284.0,288.0,False,False,False,False,True,False,False,False,False
14.0,1.0,11.0,232.0,252.0,280.0,324.0,False,True,True,False,False,False,False,False,False
12.0,5.0,46.0,274.0,295.0,255.0,291.0,False,True,False,False,False,True,False,False,False
16.0,1.0,16.0,285.0,304.0,294.0,307.0,True,False,False,False,False,False,False,False,True
20.0,2.0,27.0,268.0,290.0,286.0,286.0,False,False,False,False,False,False,False,False,False
7.0,2.0,18.0,232.0,257.0,274.0,290.0,False,False,True,False,False,False,False,False,False
48.0,2.0,48.0,204.0,167.0,257.0,279.0,True,False,False,False,False,False,False,True,False
18.0,3.0,46.0,211.0,185.0,285.0,310.0,True,False,False,False,False,False,True,False,False
16.0,4.0,48.0,275.0,300.0,257.0,300.0,False,False,False,False,False,True,False,False,False
2.0,2.0,24.0,210.0,181.0,283.0,334.0,True,False,False,False,False,False,True,False,False
2.0,3.0,38.0,233.0,256.0,281.0,295.0,False,True,True,False,False,False,False,False,False
24.0,3.0,54.0,234.0,258.0,279.0,294.0,False,False,True,False,False,False,False,False,False
20.0,2.0,21.0,183.0,174.0,257.0,274.0,False,False,False,False,False,False,False,True,False
42.0,2.0,52.0,211.0,183.0,286.0,345.0,False,False,False,False,False,False,True,False,False
11.0,3.0,52.0,236.0,264.0,281.0,295.0,False,False,True,False,False,False,False,False,False
27.0,2.0,27.0,192.0,184.0,259.0,278.0,False,False,False,False,False,False,False,True,False
10.0,3.0,38.0,235.0,245.0,281.0,302.0,False,False,True,False,False,False,False,False,False
42.0,2.0,43.0,203.0,183.0,255.0,275.0,False,False,False,False,False,False,False,True,False
8.0,1.0,8.0,273.0,301.0,288.0,310.0,True,False,False,False,False,False,False,False,False
19.0,3.0,58.0,216.0,256.0,281.0,290.0,True,False,False,False,True,False,False,False,False
29.0,2.0,34.0,270.0,294.0,287.0,289.0,False,False,False,False,False,False,False,False,False
58.0,2.0,59.0,191.0,171.0,236.0,277.0,True,False,False,False,False,False,False,True,False
9.0,1.0,9.0,214.0,253.0,281.0,286.0,True,False,False,False,True,False,False,False,False
26.0,2.0,39.0,274.0,303.0,291.0,290.0,False,False,False,False,False,False,False,False,False
9.0,2.0,14.0,273.0,301.0,289.0,295.0,False,False,False,False,False,False,False,False,False
6.0,3.0,45.0,216.0,258.0,279.0,286.0,True,False,False,False,True,False,False,False,False
2.0,3.0,38.0,275.0,310.0,292.0,294.0,False,False,False,False,False,False,False,False,False
27.0,2.0,60.0,215.0,253.0,280.0,283.0,True,False,False,False,True,False,False,False,False
15.0,2.0,32.0,276.0,267.0,256.0,311.0,False,False,False,True,False,False,False,False,False
51.0,2.0,51.0,196.0,191.0,267.0,281.0,False,False,False,False,False,False,False,True,False
21.0,2.0,34.0,235.0,258.0,280.0,303.0,False,False,True,False,False,False,False,False,False
47.0,2.0,48.0,196.0,181.0,257.0,275.0,True,False,False,False,False,False,False,True,False
8.0,3.0,42.0,234.0,259.0,280.0,300.0,False,False,True,False,False,False,False,False,False
60.0,2.0,61.0,197.0,189.0,258.0,278.0,False,False,False,False,False,False,False,True,False
9.0,2.0,36.0,214.0,182.0,277.0,316.0,False,False,False,False,False,False,True,False,False
11.0,1.0,11.0,273.0,265.0,253.0,311.0,False,False,False,True,False,False,False,False,False
36.0,2.0,37.0,198.0,178.0,257.0,275.0,True,False,False,False,False,False,False,True,False
21.0,2.0,22.0,276.0,298.0,254.0,300.0,False,False,False,False,False,True,False,False,False
49.0,2.0,49.0,199.0,188.0,266.0,282.0,False,False,False,False,False,False,False,True,False
3.0,1.0,3.0,282.0,317.0,309.0,328.0,True,False,False,False,False,False,False,False,True
7.0,2.0,14.0,288.0,319.0,307.0,329.0,False,False,False,False,False,False,False,False,True
11.0,1.0,11.0,213.0,250.0,278.0,287.0,True,False,False,False,True,False,False,False,False
14.0,1.0,13.0,270.0,297.0,288.0,289.0,False,False,False,False,False,False,False,False,False
6.0,1.0,3.0,233.0,246.0,280.0,300.0,False,True,True,False,False,False,False,False,False
37.0,2.0,44.0,292.0,310.0,298.0,311.0,False,False,False,False,False,False,False,False,True
8.0,1.0,5.0,228.0,245.0,287.0,296.0,False,True,True,False,False,False,False,False,False
37.0,2.0,44.0,290.0,301.0,296.0,307.0,False,False,False,False,False,False,False,False,True
11.0,1.0,11.0,285.0,318.0,309.0,328.0,True,False,False,False,False,False,False,False,True
35.0,2.0,35.0,193.0,187.0,258.0,280.0,False,False,False,False,False,False,False,True,False
2.0,2.0,13.0,214.0,251.0,277.0,294.0,False,False,False,False,True,False,False,False,False
25.0,4.0,47.0,280.0,295.0,256.0,296.0,False,False,False,False,False,True,False,False,False
11.0,3.0,41.0,213.0,251.0,276.0,285.0,True,False,False,False,True,False,False,False,False
24.0,2.0,57.0,214.0,255.0,284.0,300.0,True,False,False,False,True,False,False,False,False
3.0,3.0,15.0,277.0,296.0,253.0,291.0,False,False,False,False,False,True,False,False,False
12.0,2.0,20.0,212.0,253.0,279.0,285.0,False,False,False,False,True,False,False,False,False
33.0,2.0,40.0,288.0,304.0,294.0,312.0,False,False,False,False,False,False,False,False,True
2.0,1.0,2.0,275.0,267.0,260.0,341.0,False,True,False,True,False,False,False,False,False
18.0,2.0,45.0,213.0,257.0,280.0,285.0,False,False,False,False,True,False,False,False,False
7.0,2.0,32.0,213.0,252.0,278.0,285.0,False,False,False,False,True,False,False,False,False
5.0,3.0,75.0,214.0,197.0,260.0,276.0,False,True,False,False,False,False,False,True,False
10.0,2.0,19.0,267.0,260.0,255.0,303.0,False,False,False,True,False,False,False,False,False
3.0,2.0,17.0,223.0,241.0,280.0,320.0,False,False,True,False,False,False,False,False,False
19.0,2.0,19.0,191.0,175.0,255.0,282.0,False,False,False,False,False,False,False,True,False
6.0,2.0,17.0,213.0,184.0,273.0,318.0,False,False,False,False,False,False,True,False,False
17.0,4.0,50.0,279.0,300.0,258.0,293.0,False,False,False,False,False,True,False,False,False
3.0,2.0,4.0,276.0,301.0,253.0,295.0,False,False,False,False,False,True,False,False,False
8.0,1.0,8.0,211.0,256.0,279.0,300.0,True,False,False,False,True,False,False,False,False
3.0,3.0,42.0,274.0,305.0,292.0,290.0,False,False,False,False,False,False,False,False,False
28.0,3.0,51.0,269.0,262.0,256.0,301.0,False,False,False,True,False,False,False,False,False
8.0,2.0,20.0,232.0,254.0,280.0,295.0,False,False,True,False,False,False,False,False,False
22.0,2.0,30.0,275.0,304.0,290.0,318.0,False,False,False,False,False,False,False,False,False
18.0,2.0,24.0,214.0,255.0,276.0,283.0,False,False,False,False,True,False,False,False,False
7.0,2.0,13.0,272.0,302.0,289.0,299.0,False,False,False,False,False,False,False,False,False
33.0,3.0,54.0,274.0,270.0,257.0,315.0,False,False,False,True,False,False,False,False,False
35.0,2.0,56.0,211.0,184.0,278.0,310.0,True,False,False,False,False,False,True,False,False
49.0,2.0,49.0,186.0,176.0,255.0,280.0,False,False,False,False,False,False,False,True,False
4.0,2.0,5.0,273.0,300.0,254.0,302.0,False,False,False,False,False,True,False,False,False
8.0,2.0,45.0,211.0,257.0,284.0,289.0,False,False,False,False,True,False,False,False,False
28.0,2.0,55.0,213.0,257.0,282.0,284.0,False,False,False,False,True,False,False,False,False
10.0,3.0,24.0,275.0,295.0,255.0,296.0,True,False,False,False,False,True,False,False,False
16.0,3.0,45.0,214.0,187.0,278.0,321.0,True,False,False,False,False,False,True,False,False
28.0,2.0,49.0,276.0,269.0,258.0,308.0,False,False,False,True,False,False,False,False,False
13.0,2.0,46.0,295.0,312.0,300.0,315.0,False,True,False,False,False,False,False,False,True
10.0,3.0,43.0,235.0,259.0,282.0,297.0,False,False,True,False,False,False,False,False,False
35.0,2.0,62.0,217.0,259.0,280.0,291.0,False,False,False,False,True,False,False,False,False
4.0,2.0,5.0,272.0,305.0,259.0,306.0,True,False,False,False,False,True,False,False,False
37.0,2.0,37.0,208.0,166.0,255.0,276.0,True,False,False,False,False,False,False,True,False
10.0,2.0,16.0,214.0,254.0,276.0,283.0,False,False,False,False,True,False,False,False,False
8.0,2.0,39.0,290.0,299.0,290.0,299.0,False,True,False,False,False,False,False,False,True
18.0,1.0,18.0,208.0,182.0,277.0,318.0,False,False,False,False,False,False,True,False,False
3.0,2.0,14.0,264.0,258.0,253.0,302.0,False,False,False,True,False,False,False,False,False
8.0,4.0,56.0,200.0,188.0,259.0,278.0,False,True,False,False,False,False,False,True,False
22.0,3.0,52.0,233.0,257.0,285.0,292.0,False,False,True,False,False,False,False,False,False
24.0,2.0,25.0,203.0,181.0,254.0,273.0,False,False,False,False,False,False,False,True,False
3.0,1.0,3.0,267.0,319.0,304.0,308.0,False,True,False,False,False,False,False,False,False
25.0,2.0,46.0,278.0,268.0,258.0,310.0,False,False,False,True,False,False,False,False,False
4.0,1.0,4.0,274.0,325.0,303.0,304.0,False,True,False,False,False,False,False,False,False
12.0,2.0,13.0,271.0,297.0,254.0,297.0,False,False,False,False,False,True,False,False,False
6.0,1.0,6.0,270.0,265.0,254.0,311.0,False,True,False,True,False,False,False,False,False
14.0,2.0,51.0,210.0,251.0,282.0,286.0,False,False,False,False,True,False,False,False,False
8.0,1.0,8.0,275.0,312.0,289.0,309.0,True,False,False,False,False,False,False,False,False
48.0,2.0,49.0,193.0,190.0,258.0,279.0,False,False,False,False,False,False,False,True,False
62.0,2.0,63.0,198.0,186.0,256.0,276.0,False,False,False,False,False,False,False,True,False
13.0,2.0,50.0,209.0,255.0,286.0,288.0,False,False,False,False,True,False,False,False,False
4.0,3.0,40.0,234.0,257.0,281.0,297.0,False,True,True,False,False,False,False,False,False
8.0,1.0,8.0,211.0,182.0,280.0,334.0,True,False,False,False,False,False,True,False,False
2.0,2.0,16.0,277.0,318.0,304.0,317.0,False,False,False,False,False,False,False,False,False
3.0,4.0,39.0,277.0,299.0,257.0,297.0,False,False,False,False,False,True,False,False,False
18.0,2.0,29.0,214.0,256.0,280.0,293.0,False,False,False,False,True,False,False,False,False
8.0,2.0,16.0,273.0,303.0,289.0,299.0,False,False,False,False,False,False,False,False,False
71.0,2.0,72.0,207.0,192.0,259.0,280.0,False,False,False,False,False,False,False,True,False
13.0,3.0,24.0,279.0,295.0,254.0,295.0,False,False,False,False,False,True,False,False,False
3.0,2.0,24.0,209.0,186.0,284.0,293.0,True,False,False,False,False,False,True,False,False
6.0,3.0,33.0,227.0,251.0,278.0,325.0,False,False,True,False,False,False,False,False,False
8.0,1.0,7.0,272.0,321.0,302.0,314.0,True,False,False,False,False,False,False,False,False
13.0,3.0,54.0,278.0,302.0,293.0,297.0,False,False,False,False,False,False,False,False,False
23.0,3.0,74.0,205.0,197.0,269.0,283.0,False,False,False,False,False,False,False,True,False
5.0,2.0,15.0,210.0,185.0,276.0,322.0,False,False,False,False,False,False,True,False,False
11.0,2.0,24.0,209.0,251.0,281.0,285.0,False,False,False,False,True,False,False,False,False
24.0,2.0,51.0,218.0,258.0,281.0,287.0,False,False,False,False,True,False,False,False,False
18.0,2.0,25.0,280.0,297.0,296.0,300.0,False,False,False,False,False,False,False,False,True
25.0,2.0,62.0,211.0,258.0,281.0,291.0,False,False,False,False,True,False,False,False,False
10.0,2.0,11.0,175.0,174.0,254.0,259.0,True,False,False,False,False,False,False,True,False
14.0,4.0,40.0,281.0,302.0,261.0,302.0,False,False,False,False,False,True,False,False,False
2.0,2.0,15.0,213.0,253.0,280.0,283.0,False,False,False,False,True,False,False,False,False
4.0,2.0,12.0,212.0,250.0,277.0,283.0,False,False,False,False,True,False,False,False,False
22.0,3.0,54.0,238.0,262.0,285.0,327.0,False,False,True,False,False,False,False,False,False
69.0,2.0,70.0,202.0,192.0,259.0,279.0,False,False,False,False,False,False,False,True,False
5.0,1.0,5.0,273.0,267.0,257.0,328.0,True,False,False,True,False,False,False,False,False
28.0,2.0,39.0,211.0,253.0,278.0,284.0,False,False,False,False,True,False,False,False,False
23.0,1.0,23.0,210.0,257.0,279.0,288.0,True,False,False,False,True,False,False,False,False
5.0,2.0,18.0,266.0,260.0,256.0,312.0,False,False,False,True,False,False,False,False,False
3.0,2.0,16.0,211.0,253.0,280.0,283.0,False,False,False,False,True,False,False,False,False
38.0,1.0,38.0,286.0,302.0,291.0,304.0,True,False,False,False,False,False,False,False,True
14.0,3.0,41.0,270.0,302.0,291.0,306.0,False,False,False,False,False,False,False,False,False
10.0,3.0,44.0,287.0,315.0,290.0,294.0,False,False,False,False,False,False,False,False,False
57.0,2.0,57.0,198.0,193.0,259.0,277.0,False,False,False,False,False,False,False,True,False
20.0,3.0,50.0,232.0,258.0,279.0,295.0,False,False,True,False,False,False,False,False,False
17.0,3.0,46.0,278.0,296.0,291.0,291.0,False,False,False,False,False,False,False,False,False
15.0,3.0,49.0,278.0,298.0,291.0,291.0,False,False,False,False,False,False,False,False,False
6.0,2.0,4.0,277.0,296.0,254.0,299.0,False,True,False,False,False,True,False,False,False
21.0,2.0,42.0,277.0,269.0,259.0,311.0,False,False,False,True,False,False,False,False,False
10.0,2.0,47.0,211.0,257.0,286.0,292.0,False,False,False,False,True,False,False,False,False
18.0,3.0,51.0,235.0,264.0,282.0,298.0,False,False,True,False,False,False,False,False,False
4.0,1.0,4.0,279.0,309.0,302.0,318.0,True,False,False,False,False,False,False,False,True
11.0,2.0,47.0,213.0,253.0,280.0,282.0,False,False,False,False,True,False,False,False,False
2.0,3.0,25.0,279.0,297.0,255.0,296.0,False,False,False,False,False,True,False,False,False
2.0,2.0,15.0,269.0,265.0,261.0,316.0,False,False,False,True,False,False,False,False,False
26.0,3.0,31.0,277.0,300.0,256.0,300.0,False,False,False,False,False,True,False,False,False
14.0,2.0,14.0,173.0,173.0,253.0,274.0,False,False,False,False,False,False,False,True,False
5.0,2.0,11.0,213.0,250.0,276.0,282.0,False,False,False,False,True,False,False,False,False
27.0,2.0,34.0,273.0,313.0,288.0,289.0,False,False,False,False,False,False,False,False,False
44.0,2.0,44.0,199.0,182.0,258.0,282.0,False,False,False,False,False,False,False,True,False
17.0,2.0,31.0,275.0,299.0,290.0,296.0,False,False,False,False,False,False,False,False,False
3.0,2.0,14.0,234.0,255.0,287.0,313.0,False,False,True,False,False,False,False,False,False
4.0,1.0,4.0,271.0,322.0,301.0,297.0,False,True,False,False,False,False,False,False,False
13.0,2.0,35.0,272.0,269.0,259.0,309.0,False,False,False,True,False,False,False,False,False
10.0,2.0,17.0,291.0,318.0,299.0,314.0,False,False,False,False,False,False,False,False,True
13.0,3.0,43.0,233.0,255.0,277.0,289.0,False,False,True,False,False,False,False,False,False
8.0,1.0,8.0,208.0,183.0,277.0,330.0,False,True,False,False,False,False,True,False,False
10.0,1.0,10.0,211.0,252.0,277.0,284.0,False,False,False,False,True,False,False,False,False
2.0,3.0,18.0,278.0,314.0,301.0,305.0,False,False,False,False,False,False,False,False,False
5.0,2.0,14.0,273.0,318.0,300.0,302.0,False,False,False,False,False,False,False,False,False
30.0,2.0,54.0,216.0,254.0,283.0,295.0,False,False,False,False,True,False,False,False,False
34.0,2.0,35.0,190.0,182.0,266.0,278.0,False,False,False,False,False,False,False,True,False
18.0,4.0,40.0,271.0,299.0,259.0,293.0,False,False,False,False,False,True,False,False,False
23.0,2.0,36.0,211.0,252.0,282.0,285.0,False,False,False,False,True,False,False,False,False
14.0,3.0,53.0,221.0,258.0,280.0,288.0,True,False,False,False,True,False,False,False,False
3.0,1.0,2.0,285.0,314.0,303.0,320.0,True,False,False,False,False,False,False,False,True
33.0,2.0,40.0,288.0,303.0,293.0,306.0,False,False,False,False,False,False,False,False,True
12.0,1.0,12.0,211.0,183.0,272.0,309.0,True,False,False,False,False,False,True,False,False
46.0,2.0,46.0,202.0,182.0,256.0,279.0,True,False,False,False,False,False,False,True,False
41.0,2.0,41.0,183.0,172.0,249.0,264.0,False,False,False,False,False,False,False,True,False
49.0,2.0,62.0,215.0,260.0,275.0,293.0,False,False,False,False,True,False,False,False,False
8.0,1.0,8.0,208.0,180.0,277.0,333.0,True,False,False,False,False,False,True,False,False
15.0,1.0,15.0,213.0,248.0,277.0,282.0,False,False,False,False,True,False,False,False,False
15.0,2.0,40.0,212.0,251.0,277.0,281.0,False,False,False,False,True,False,False,False,False
36.0,2.0,60.0,216.0,253.0,282.0,296.0,False,False,False,False,True,False,False,False,False
23.0,2.0,50.0,211.0,185.0,277.0,315.0,False,False,False,False,False,False,True,False,False
12.0,1.0,12.0,206.0,183.0,274.0,314.0,True,False,False,False,False,False,True,False,False
5.0,2.0,6.0,271.0,301.0,257.0,302.0,False,False,False,False,False,True,False,False,False
15.0,1.0,15.0,213.0,251.0,278.0,284.0,True,False,False,False,True,False,False,False,False
11.0,2.0,27.0,276.0,297.0,288.0,293.0,False,False,False,False,False,False,False,False,False
61.0,2.0,61.0,197.0,191.0,268.0,281.0,False,False,False,False,False,False,False,True,False
10.0,1.0,10.0,271.0,265.0,260.0,312.0,True,False,False,True,False,False,False,False,False
7.0,2.0,8.0,188.0,167.0,255.0,253.0,True,False,False,False,False,False,False,True,False
15.0,2.0,16.0,193.0,175.0,257.0,265.0,True,False,False,False,False,False,False,True,False
28.0,2.0,28.0,187.0,169.0,265.0,281.0,False,False,False,False,False,False,False,True,False
16.0,1.0,16.0,207.0,182.0,277.0,317.0,False,False,False,False,False,False,True,False,False
20.0,2.0,57.0,217.0,259.0,281.0,288.0,True,False,False,False,True,False,False,False,False
15.0,1.0,15.0,206.0,180.0,277.0,330.0,False,False,False,False,False,False,True,False,False
75.0,2.0,75.0,203.0,188.0,259.0,280.0,True,False,False,False,False,False,False,True,False
29.0,1.0,29.0,213.0,254.0,278.0,289.0,False,False,False,False,True,False,False,False,False
22.0,2.0,43.0,209.0,184.0,282.0,327.0,True,False,False,False,False,False,True,False,False
19.0,2.0,40.0,217.0,256.0,279.0,286.0,False,False,False,False,True,False,False,False,False
10.0,1.0,10.0,210.0,181.0,280.0,333.0,True,False,False,False,False,False,True,False,False
47.0,2.0,47.0,191.0,171.0,255.0,269.0,False,False,False,False,False,False,False,True,False
9.0,3.0,45.0,276.0,298.0,290.0,291.0,False,False,False,False,False,False,False,False,False
9.0,2.0,15.0,287.0,320.0,309.0,330.0,False,False,False,False,False,False,False,False,True
20.0,3.0,43.0,278.0,270.0,258.0,314.0,False,False,False,True,False,False,False,False,False
27.0,4.0,49.0,277.0,299.0,260.0,301.0,False,False,False,False,False,True,False,False,False
27.0,1.0,27.0,213.0,253.0,280.0,287.0,False,False,False,False,True,False,False,False,False
3.0,2.0,11.0,269.0,299.0,293.0,294.0,False,False,False,False,False,False,False,False,False
41.0,2.0,49.0,213.0,253.0,279.0,285.0,False,False,False,False,True,False,False,False,False
19.0,2.0,43.0,211.0,184.0,278.0,324.0,False,False,False,False,False,False,True,False,False
41.0,2.0,48.0,290.0,300.0,293.0,308.0,False,False,False,False,False,False,False,False,True
42.0,2.0,49.0,293.0,320.0,301.0,315.0,False,False,False,False,False,False,False,False,True
22.0,2.0,55.0,215.0,256.0,284.0,286.0,True,False,False,False,True,False,False,False,False
2.0,1.0,2.0,271.0,265.0,260.0,330.0,True,False,False,True,False,False,False,False,False
4.0,3.0,40.0,269.0,292.0,287.0,286.0,False,False,False,False,False,False,False,False,False
23.0,5.0,43.0,216.0,257.0,279.0,286.0,True,False,False,False,True,False,False,False,False
2.0,3.0,29.0,228.0,252.0,287.0,299.0,False,False,True,False,False,False,False,False,False
61.0,2.0,62.0,204.0,185.0,256.0,276.0,False,False,False,False,False,False,False,True,False
11.0,3.0,34.0,272.0,266.0,257.0,308.0,False,False,False,True,False,False,False,False,False
6.0,2.0,6.0,273.0,298.0,253.0,296.0,False,True,False,False,False,True,False,False,False
7.0,3.0,35.0,232.0,260.0,281.0,293.0,False,False,True,False,False,False,False,False,False
36.0,2.0,37.0,189.0,175.0,256.0,275.0,False,False,False,False,False,False,False,True,False
5.0,3.0,27.0,274.0,301.0,255.0,299.0,False,False,False,False,False,True,False,False,False
14.0,2.0,30.0,274.0,296.0,289.0,289.0,False,False,False,False,False,False,False,False,False
6.0,1.0,6.0,208.0,251.0,280.0,288.0,False,False,False,False,True,False,False,False,False
19.0,3.0,54.0,280.0,306.0,292.0,301.0,False,False,False,False,False,False,False,False,False
4.0,2.0,5.0,276.0,303.0,253.0,300.0,False,False,False,False,False,True,False,False,False
8.0,1.0,5.0,209.0,183.0,277.0,325.0,True,False,False,False,False,False,True,False,False
23.0,2.0,31.0,276.0,300.0,290.0,303.0,False,False,False,False,False,False,False,False,False
2.0,2.0,43.0,283.0,298.0,292.0,300.0,False,True,False,False,False,False,False,False,True
4.0,3.0,11.0,277.0,297.0,257.0,301.0,False,False,False,False,False,True,False,False,False
14.0,2.0,31.0,234.0,260.0,279.0,295.0,False,False,True,False,False,False,False,False,False
30.0,2.0,31.0,198.0,183.0,257.0,271.0,True,False,False,False,False,False,False,True,False
14.0,4.0,49.0,278.0,303.0,291.0,296.0,False,False,False,False,False,False,False,False,False
30.0,3.0,52.0,281.0,305.0,260.0,305.0,False,False,False,False,False,True,False,False,False
41.0,2.0,48.0,292.0,308.0,299.0,315.0,False,False,False,False,False,False,False,False,True
20.0,2.0,39.0,211.0,186.0,276.0,314.0,False,False,False,False,False,False,True,False,False
3.0,1.0,3.0,283.0,311.0,308.0,333.0,False,True,False,False,False,False,False,False,True
58.0,2.0,59.0,202.0,192.0,257.0,275.0,False,False,False,False,False,False,False,True,False
9.0,1.0,9.0,211.0,253.0,278.0,284.0,False,False,False,False,True,False,False,False,False
52.0,2.0,60.0,210.0,252.0,280.0,283.0,False,False,False,False,True,False,False,False,False
8.0,5.0,42.0,276.0,298.0,256.0,296.0,False,True,False,False,False,True,False,False,False
14.0,4.0,46.0,275.0,300.0,257.0,299.0,False,False,False,False,False,True,False,False,False
8.0,2.0,23.0,233.0,241.0,279.0,294.0,False,False,True,False,False,False,False,False,False
5.0,1.0,5.0,227.0,248.0,281.0,312.0,False,True,True,False,False,False,False,False,False
25.0,2.0,33.0,278.0,303.0,290.0,300.0,False,False,False,False,False,False,False,False,False
20.0,2.0,37.0,276.0,294.0,287.0,288.0,False,False,False,False,False,False,False,False,False
5.0,2.0,16.0,211.0,184.0,276.0,312.0,False,False,False,False,False,False,True,False,False
19.0,1.0,18.0,205.0,183.0,275.0,309.0,False,False,False,False,False,False,True,False,False
12.0,2.0,18.0,286.0,305.0,292.0,307.0,False,False,False,False,False,False,False,False,True
22.0,1.0,22.0,209.0,184.0,276.0,313.0,True,False,False,False,False,False,True,False,False
12.0,2.0,33.0,214.0,256.0,278.0,288.0,False,False,False,False,True,False,False,False,False
5.0,1.0,5.0,205.0,181.0,280.0,324.0,True,False,False,False,False,False,True,False,False
6.0,3.0,47.0,276.0,297.0,291.0,292.0,False,False,False,False,False,False,False,False,False
66.0,2.0,66.0,202.0,185.0,267.0,280.0,False,False,False,False,False,False,False,True,False
30.0,2.0,37.0,286.0,303.0,295.0,311.0,False,False,False,False,False,False,False,False,True
3.0,3.0,9.0,268.0,293.0,251.0,288.0,False,False,False,False,False,True,False,False,False
51.0,2.0,51.0,197.0,176.0,255.0,276.0,True,False,False,False,False,False,False,True,False
7.0,2.0,18.0,211.0,183.0,276.0,311.0,False,False,False,False,False,False,True,False,False
2.0,2.0,13.0,210.0,182.0,277.0,322.0,False,False,False,False,False,False,True,False,False
42.0,2.0,43.0,193.0,175.0,256.0,275.0,True,False,False,False,False,False,False,True,False
25.0,2.0,49.0,212.0,253.0,282.0,297.0,False,False,False,False,True,False,False,False,False
11.0,3.0,45.0,238.0,264.0,288.0,318.0,False,False,True,False,False,False,False,False,False
19.0,3.0,51.0,235.0,261.0,285.0,306.0,False,False,True,False,False,False,False,False,False
14.0,2.0,27.0,235.0,259.0,280.0,303.0,False,False,True,False,False,False,False,False,False
22.0,2.0,44.0,219.0,258.0,283.0,291.0,False,False,False,False,True,False,False,False,False
12.0,3.0,18.0,270.0,297.0,255.0,293.0,False,False,False,False,False,True,False,False,False
10.0,4.0,32.0,278.0,300.0,260.0,302.0,False,False,False,False,False,True,False,False,False
10.0,2.0,10.0,172.0,172.0,267.0,282.0,False,False,False,False,False,False,False,True,False
10.0,2.0,11.0,274.0,297.0,253.0,298.0,True,False,False,False,False,True,False,False,False
20.0,1.0,20.0,210.0,253.0,279.0,289.0,False,False,False,False,True,False,False,False,False
16.0,5.0,36.0,214.0,256.0,280.0,284.0,True,False,False,False,True,False,False,False,False
27.0,3.0,54.0,277.0,270.0,258.0,315.0,True,False,False,True,False,False,False,False,False
12.0,2.0,24.0,232.0,253.0,281.0,294.0,False,False,True,False,False,False,False,False,False
20.0,3.0,47.0,278.0,305.0,292.0,307.0,False,False,False,False,False,False,False,False,False
17.0,2.0,46.0,215.0,187.0,276.0,317.0,False,False,False,False,False,False,True,False,False
3.0,3.0,54.0,197.0,192.0,259.0,271.0,False,False,False,False,False,False,False,True,False
12.0,3.0,50.0,280.0,305.0,293.0,296.0,False,False,False,False,False,False,False,False,False
11.0,4.0,33.0,275.0,299.0,260.0,302.0,False,False,False,False,False,True,False,False,False
22.0,3.0,52.0,237.0,259.0,280.0,298.0,False,False,True,False,False,False,False,False,False
11.0,2.0,20.0,229.0,260.0,278.0,299.0,False,False,True,False,False,False,False,False,False
6.0,1.0,6.0,273.0,298.0,289.0,292.0,True,False,False,False,False,False,False,False,False
22.0,2.0,29.0,272.0,294.0,287.0,289.0,False,False,False,False,False,False,False,False,False
19.0,3.0,53.0,236.0,263.0,289.0,316.0,False,False,True,False,False,False,False,False,False
28.0,2.0,29.0,193.0,189.0,259.0,276.0,True,False,False,False,False,False,False,True,False
16.0,3.0,52.0,275.0,295.0,290.0,299.0,False,False,False,False,False,False,False,False,False
5.0,4.0,41.0,280.0,301.0,258.0,300.0,False,False,False,False,False,True,False,False,False
35.0,2.0,43.0,278.0,303.0,290.0,298.0,False,False,False,False,False,False,False,False,False
18.0,1.0,18.0,212.0,250.0,279.0,285.0,True,False,False,False,True,False,False,False,False
2.0,3.0,39.0,239.0,265.0,281.0,299.0,False,True,True,False,False,False,False,False,False
14.0,3.0,49.0,237.0,260.0,287.0,306.0,False,True,True,False,False,False,False,False,False
10.0,1.0,10.0,214.0,252.0,277.0,286.0,True,False,False,False,True,False,False,False,False
11.0,1.0,11.0,212.0,182.0,281.0,318.0,True,False,False,False,False,False,True,False,False
8.0,2.0,41.0,213.0,251.0,279.0,281.0,True,False,False,False,True,False,False,False,False
2.0,1.0,2.0,209.0,250.0,280.0,282.0,True,False,False,False,True,False,False,False,False
28.0,1.0,28.0,286.0,301.0,295.0,306.0,True,False,False,False,False,False,False,False,True
3.0,2.0,15.0,209.0,181.0,281.0,322.0,False,False,False,False,False,False,True,False,False
15.0,3.0,29.0,276.0,296.0,254.0,297.0,True,False,False,False,False,True,False,False,False
13.0,2.0,37.0,216.0,254.0,281.0,296.0,False,False,False,False,True,False,False,False,False
23.0,2.0,23.0,175.0,176.0,259.0,262.0,True,False,False,False,False,False,False,True,False
24.0,2.0,31.0,292.0,314.0,299.0,319.0,False,False,False,False,False,False,False,False,True
22.0,3.0,45.0,274.0,268.0,258.0,310.0,False,False,False,True,False,False,False,False,False
9.0,1.0,9.0,204.0,182.0,280.0,329.0,False,False,False,False,False,False,True,False,False
16.0,1.0,15.0,209.0,250.0,278.0,281.0,True,False,False,False,True,False,False,False,False
25.0,1.0,24.0,212.0,255.0,277.0,284.0,True,False,False,False,True,False,False,False,False
8.0,1.0,7.0,209.0,249.0,277.0,284.0,True,False,False,False,True,False,False,False,False
18.0,1.0,18.0,212.0,183.0,274.0,315.0,True,False,False,False,False,False,True,False,False
5.0,2.0,6.0,272.0,304.0,261.0,305.0,True,False,False,False,False,True,False,False,False
6.0,2.0,20.0,235.0,252.0,279.0,297.0,False,False,True,False,False,False,False,False,False
14.0,1.0,14.0,273.0,304.0,289.0,297.0,False,False,False,False,False,False,False,False,False
25.0,4.0,51.0,282.0,301.0,257.0,301.0,False,False,False,False,False,True,False,False,False
7.0,1.0,7.0,274.0,265.0,257.0,330.0,True,False,False,True,False,False,False,False,False
26.0,1.0,26.0,283.0,301.0,292.0,302.0,True,False,False,False,False,False,False,False,True
6.0,2.0,21.0,234.0,252.0,279.0,296.0,False,False,True,False,False,False,False,False,False
8.0,3.0,47.0,277.0,302.0,293.0,291.0,False,False,False,False,False,False,False,False,False
9.0,2.0,20.0,234.0,262.0,280.0,299.0,False,False,True,False,False,False,False,False,False
16.0,2.0,25.0,235.0,249.0,280.0,300.0,False,False,True,False,False,False,False,False,False
5.0,1.0,5.0,267.0,265.0,259.0,332.0,False,True,False,True,False,False,False,False,False
9.0,1.0,9.0,228.0,245.0,283.0,310.0,False,True,True,False,False,False,False,False,False
14.0,4.0,42.0,211.0,185.0,280.0,316.0,True,False,False,False,False,False,True,False,False
30.0,1.0,30.0,214.0,254.0,278.0,290.0,False,False,False,False,True,False,False,False,False
13.0,1.0,10.0,207.0,184.0,281.0,325.0,True,False,False,False,False,False,True,False,False
16.0,3.0,37.0,272.0,269.0,263.0,330.0,False,False,False,True,False,False,False,False,False
13.0,3.0,37.0,273.0,267.0,258.0,307.0,False,False,False,True,False,False,False,False,False
4.0,1.0,4.0,228.0,244.0,284.0,309.0,False,True,True,False,False,False,False,False,False
2.0,5.0,36.0,274.0,296.0,257.0,293.0,False,True,False,False,False,True,False,False,False
6.0,3.0,40.0,237.0,270.0,281.0,321.0,False,False,True,False,False,False,False,False,False
11.0,2.0,11.0,277.0,294.0,253.0,295.0,False,True,False,False,False,True,False,False,False
33.0,2.0,54.0,275.0,270.0,260.0,310.0,False,False,False,True,False,False,False,False,False
3.0,1.0,3.0,271.0,322.0,304.0,292.0,True,False,False,False,False,False,False,False,False
8.0,1.0,8.0,267.0,264.0,255.0,308.0,True,False,False,True,False,False,False,False,False
63.0,2.0,64.0,198.0,189.0,257.0,278.0,False,False,False,False,False,False,False,True,False
9.0,2.0,46.0,217.0,256.0,281.0,288.0,True,False,False,False,True,False,False,False,False
9.0,3.0,42.0,281.0,336.0,305.0,317.0,False,False,False,False,False,False,False,False,False
9.0,3.0,37.0,213.0,187.0,285.0,304.0,True,False,False,False,False,False,True,False,False
8.0,2.0,9.0,167.0,175.0,263.0,279.0,False,False,False,False,False,False,False,True,False
6.0,3.0,15.0,214.0,255.0,279.0,283.0,True,False,False,False,True,False,False,False,False
10.0,3.0,43.0,279.0,325.0,305.0,316.0,False,False,False,False,False,False,False,False,False
5.0,2.0,6.0,190.0,179.0,252.0,271.0,False,False,False,False,False,False,False,True,False
3.0,1.0,3.0,211.0,180.0,279.0,328.0,True,False,False,False,False,False,True,False,False
9.0,2.0,22.0,211.0,255.0,281.0,285.0,False,False,False,False,True,False,False,False,False
40.0,2.0,47.0,288.0,301.0,305.0,274.0,False,False,False,False,False,False,False,False,True
33.0,2.0,33.0,192.0,183.0,265.0,281.0,False,False,False,False,False,False,False,True,False
18.0,3.0,45.0,276.0,268.0,258.0,311.0,True,False,False,True,False,False,False,False,False
9.0,2.0,10.0,271.0,297.0,252.0,295.0,False,False,False,False,False,True,False,False,False
27.0,2.0,46.0,214.0,185.0,275.0,315.0,False,False,False,False,False,False,True,False,False
17.0,3.0,50.0,236.0,263.0,282.0,302.0,False,False,True,False,False,False,False,False,False
7.0,2.0,44.0,211.0,258.0,284.0,291.0,False,False,False,False,True,False,False,False,False
13.0,2.0,46.0,288.0,299.0,295.0,305.0,False,False,False,False,False,False,False,False,True
11.0,2.0,35.0,217.0,254.0,280.0,296.0,False,False,False,False,True,False,False,False,False
2.0,2.0,10.0,267.0,296.0,290.0,295.0,False,False,False,False,False,False,False,False,False
75.0,2.0,75.0,204.0,192.0,269.0,285.0,False,False,False,False,False,False,False,True,False
14.0,5.0,48.0,277.0,295.0,256.0,219.0,False,True,False,False,False,True,False,False,False
35.0,2.0,60.0,218.0,255.0,281.0,286.0,False,False,False,False,True,False,False,False,False
7.0,1.0,7.0,272.0,321.0,299.0,306.0,True,False,False,False,False,False,False,False,False
24.0,2.0,31.0,290.0,300.0,295.0,305.0,False,False,False,False,False,False,False,False,True
12.0,3.0,35.0,277.0,300.0,257.0,300.0,False,False,False,False,False,True,False,False,False
1.0,2.0,6.0,267.0,297.0,286.0,228.0,False,False,False,False,False,False,False,False,False
12.0,1.0,12.0,206.0,180.0,277.0,324.0,False,False,False,False,False,False,True,False,False
3.0,3.0,22.0,272.0,296.0,255.0,292.0,False,False,False,False,False,True,False,False,False
29.0,2.0,53.0,214.0,253.0,281.0,296.0,False,False,False,False,True,False,False,False,False
26.0,2.0,33.0,285.0,323.0,300.0,327.0,False,False,False,False,False,False,False,False,True
6.0,2.0,14.0,268.0,262.0,253.0,312.0,False,False,False,True,False,False,False,False,False
5.0,2.0,11.0,287.0,321.0,303.0,326.0,False,False,False,False,False,False,False,False,True
35.0,2.0,42.0,288.0,300.0,293.0,308.0,False,False,False,False,False,False,False,False,True
5.0,2.0,19.0,277.0,306.0,291.0,300.0,False,False,False,False,False,False,False,False,False
10.0,3.0,48.0,279.0,307.0,292.0,299.0,False,False,False,False,False,False,False,False,False
59.0,2.0,60.0,203.0,185.0,256.0,276.0,False,False,False,False,False,False,False,True,False
5.0,1.0,4.0,271.0,322.0,303.0,320.0,True,False,False,False,False,False,False,False,False
14.0,3.0,48.0,277.0,299.0,290.0,291.0,False,False,False,False,False,False,False,False,False
8.0,2.0,16.0,213.0,250.0,274.0,280.0,False,False,False,False,True,False,False,False,False
16.0,2.0,23.0,287.0,318.0,306.0,330.0,False,False,False,False,False,False,False,False,True
15.0,2.0,16.0,273.0,299.0,254.0,298.0,True,False,False,False,False,True,False,False,False
10.0,2.0,22.0,233.0,252.0,280.0,295.0,False,False,True,False,False,False,False,False,False
19.0,2.0,32.0,234.0,256.0,280.0,307.0,False,False,True,False,False,False,False,False,False
9.0,3.0,32.0,276.0,271.0,258.0,315.0,False,True,False,True,False,False,False,False,False
12.0,4.0,45.0,280.0,298.0,256.0,297.0,False,False,False,False,False,True,False,False,False
30.0,2.0,47.0,274.0,267.0,257.0,307.0,False,False,False,True,False,False,False,False,False
8.0,2.0,14.0,286.0,306.0,292.0,308.0,False,False,False,False,False,False,False,False,True
5.0,3.0,39.0,238.0,270.0,289.0,325.0,False,False,True,False,False,False,False,False,False
11.0,3.0,25.0,276.0,298.0,254.0,297.0,True,False,False,False,False,True,False,False,False
41.0,2.0,42.0,180.0,188.0,257.0,264.0,True,False,False,False,False,False,False,True,False
3.0,1.0,3.0,268.0,263.0,262.0,333.0,True,False,False,True,False,False,False,False,False
10.0,2.0,46.0,213.0,253.0,280.0,283.0,False,False,False,False,True,False,False,False,False
6.0,2.0,27.0,218.0,255.0,281.0,287.0,False,False,False,False,True,False,False,False,False
17.0,2.0,18.0,190.0,186.0,258.0,272.0,True,False,False,False,False,False,False,True,False
7.0,2.0,14.0,287.0,319.0,311.0,333.0,False,False,False,False,False,False,False,False,True
20.0,1.0,20.0,216.0,253.0,277.0,290.0,True,False,False,False,True,False,False,False,False
54.0,2.0,62.0,207.0,199.0,282.0,284.0,False,False,False,False,True,False,False,False,False
17.0,1.0,17.0,209.0,184.0,273.0,316.0,True,False,False,False,False,False,True,False,False
11.0,2.0,18.0,286.0,320.0,306.0,330.0,False,False,False,False,False,False,False,False,True
10.0,2.0,31.0,219.0,256.0,279.0,291.0,False,False,False,False,True,False,False,False,False
39.0,2.0,46.0,290.0,306.0,295.0,309.0,False,False,False,False,False,False,False,False,True
2.0,1.0,2.0,215.0,254.0,278.0,280.0,True,False,False,False,True,False,False,False,False
13.0,4.0,53.0,232.0,261.0,281.0,292.0,False,True,True,False,False,False,False,False,False
5.0,2.0,12.0,267.0,295.0,287.0,289.0,False,False,False,False,False,False,False,False,False
3.0,3.0,16.0,274.0,296.0,256.0,296.0,True,False,False,False,False,True,False,False,False
38.0,2.0,62.0,219.0,255.0,281.0,291.0,False,False,False,False,True,False,False,False,False
26.0,2.0,51.0,217.0,255.0,281.0,286.0,False,False,False,False,True,False,False,False,False
11.0,1.0,11.0,217.0,254.0,278.0,285.0,True,False,False,False,True,False,False,False,False
11.0,3.0,42.0,233.0,256.0,277.0,292.0,False,False,True,False,False,False,False,False,False
23.0,3.0,49.0,276.0,298.0,256.0,298.0,False,False,False,False,False,True,False,False,False
8.0,3.0,37.0,213.0,186.0,280.0,323.0,True,False,False,False,False,False,True,False,False
12.0,2.0,45.0,294.0,313.0,311.0,330.0,False,True,False,False,False,False,False,False,True
21.0,2.0,28.0,284.0,304.0,297.0,309.0,False,False,False,False,False,False,False,False,True
2.0,4.0,34.0,282.0,300.0,256.0,299.0,False,False,False,False,False,True,False,False,False
8.0,2.0,17.0,236.0,247.0,285.0,295.0,False,False,True,False,False,False,False,False,False
11.0,2.0,18.0,282.0,316.0,297.0,321.0,False,False,False,False,False,False,False,False,True
11.0,2.0,42.0,288.0,298.0,292.0,298.0,False,True,False,False,False,False,False,False,True
10.0,2.0,33.0,212.0,186.0,281.0,325.0,True,False,False,False,False,False,True,False,False
5.0,2.0,20.0,233.0,238.0,278.0,294.0,False,False,True,False,False,False,False,False,False
11.0,3.0,34.0,272.0,263.0,260.0,324.0,False,False,False,True,False,False,False,False,False
41.0,2.0,47.0,291.0,304.0,294.0,307.0,False,False,False,False,False,False,False,False,True
31.0,2.0,62.0,217.0,260.0,285.0,301.0,True,False,False,False,True,False,False,False,False
17.0,3.0,40.0,273.0,269.0,257.0,310.0,False,True,False,True,False,False,False,False,False
6.0,2.0,18.0,267.0,265.0,257.0,313.0,True,False,False,True,False,False,False,False,False
2.0,3.0,55.0,216.0,188.0,281.0,323.0,False,True,False,False,False,False,True,False,False
5.0,1.0,5.0,207.0,184.0,277.0,302.0,True,False,False,False,False,False,True,False,False
2.0,3.0,33.0,232.0,246.0,293.0,301.0,False,False,True,False,False,False,False,False,False
8.0,1.0,8.0,214.0,252.0,276.0,287.0,True,False,False,False,True,False,False,False,False
3.0,2.0,8.0,266.0,293.0,288.0,288.0,False,False,False,False,False,False,False,False,False
46.0,2.0,47.0,198.0,187.0,257.0,279.0,False,False,False,False,False,False,False,True,False
74.0,2.0,75.0,203.0,188.0,262.0,282.0,False,False,False,False,False,False,False,True,False
20.0,2.0,20.0,186.0,183.0,257.0,279.0,True,False,False,False,False,False,False,True,False
15.0,2.0,43.0,215.0,185.0,276.0,318.0,False,False,False,False,False,False,True,False,False
53.0,2.0,54.0,197.0,183.0,260.0,273.0,True,False,False,False,False,False,False,True,False
23.0,2.0,39.0,277.0,298.0,287.0,288.0,True,False,False,False,False,False,False,False,False
13.0,2.0,25.0,216.0,251.0,282.0,290.0,False,False,False,False,True,False,False,False,False
18.0,2.0,19.0,195.0,177.0,257.0,260.0,True,False,False,False,False,False,False,True,False
20.0,5.0,40.0,214.0,257.0,280.0,284.0,True,False,False,False,True,False,False,False,False
20.0,3.0,43.0,275.0,268.0,259.0,308.0,False,False,False,True,False,False,False,False,False
9.0,2.0,9.0,180.0,175.0,260.0,274.0,False,False,False,False,False,False,False,True,False
4.0,3.0,38.0,276.0,300.0,290.0,291.0,False,False,False,False,False,False,False,False,False
11.0,2.0,32.0,277.0,267.0,257.0,309.0,False,False,False,True,False,False,False,False,False
13.0,3.0,51.0,277.0,299.0,292.0,299.0,False,False,False,False,False,False,False,False,False
47.0,2.0,55.0,211.0,253.0,279.0,289.0,False,False,False,False,True,False,False,False,False
5.0,2.0,10.0,267.0,299.0,288.0,291.0,False,False,False,False,False,False,False,False,False
34.0,2.0,41.0,289.0,303.0,295.0,312.0,False,False,False,False,False,False,False,False,True
24.0,2.0,55.0,216.0,259.0,282.0,290.0,True,False,False,False,True,False,False,False,False
11.0,4.0,51.0,237.0,260.0,284.0,305.0,False,True,True,False,False,False,False,False,False
10.0,2.0,18.0,275.0,267.0,260.0,314.0,False,False,False,True,False,False,False,False,False
7.0,1.0,6.0,206.0,181.0,281.0,325.0,False,False,False,False,False,False,True,False,False
2.0,1.0,2.0,211.0,185.0,278.0,319.0,True,False,False,False,False,False,True,False,False
26.0,1.0,26.0,213.0,253.0,277.0,283.0,False,False,False,False,True,False,False,False,False
16.0,2.0,23.0,292.0,320.0,299.0,314.0,False,False,False,False,False,False,False,False,True
6.0,3.0,56.0,209.0,195.0,260.0,281.0,False,False,False,False,False,False,False,True,False
4.0,3.0,39.0,237.0,254.0,282.0,299.0,False,False,True,False,False,False,False,False,False
10.0,1.0,10.0,206.0,183.0,275.0,318.0,True,False,False,False,False,False,True,False,False
10.0,1.0,10.0,289.0,311.0,298.0,319.0,True,False,False,False,False,False,False,False,True
49.0,2.0,61.0,219.0,255.0,279.0,291.0,False,False,False,False,True,False,False,False,False
22.0,2.0,49.0,211.0,186.0,278.0,311.0,False,False,False,False,False,False,True,False,False
13.0,3.0,37.0,268.0,269.0,261.0,313.0,False,False,False,True,False,False,False,False,False
10.0,2.0,11.0,182.0,170.0,256.0,257.0,True,False,False,False,False,False,False,True,False
19.0,2.0,26.0,283.0,315.0,309.0,324.0,False,False,False,False,False,False,False,False,True
25.0,1.0,25.0,210.0,184.0,275.0,310.0,True,False,False,False,False,False,True,False,False
5.0,2.0,17.0,228.0,250.0,282.0,310.0,False,False,True,False,False,False,False,False,False
4.0,4.0,40.0,279.0,299.0,259.0,296.0,True,False,False,False,False,True,False,False,False
6.0,1.0,6.0,270.0,322.0,300.0,305.0,True,False,False,False,False,False,False,False,False
13.0,2.0,26.0,275.0,305.0,292.0,293.0,False,False,False,False,False,False,False,False,False
59.0,3.0,73.0,196.0,177.0,269.0,280.0,False,False,False,False,False,False,False,True,False
19.0,1.0,19.0,218.0,253.0,277.0,289.0,True,False,False,False,True,False,False,False,False
10.0,4.0,50.0,237.0,260.0,284.0,332.0,False,True,True,False,False,False,False,False,False
39.0,2.0,46.0,291.0,307.0,298.0,315.0,False,False,False,False,False,False,False,False,True
8.0,2.0,9.0,277.0,305.0,254.0,303.0,False,False,False,False,False,True,False,False,False
7.0,1.0,7.0,209.0,183.0,279.0,317.0,True,False,False,False,False,False,True,False,False
22.0,2.0,27.0,271.0,300.0,287.0,295.0,False,False,False,False,False,False,False,False,False
5.0,4.0,38.0,279.0,305.0,260.0,305.0,False,False,False,False,False,True,False,False,False
33.0,2.0,60.0,218.0,257.0,280.0,286.0,False,False,False,False,True,False,False,False,False
28.0,5.0,48.0,219.0,257.0,281.0,287.0,True,False,False,False,True,False,False,False,False
27.0,2.0,56.0,213.0,187.0,279.0,318.0,False,False,False,False,False,False,True,False,False
3.0,3.0,26.0,279.0,297.0,254.0,295.0,False,False,False,False,False,True,False,False,False
12.0,2.0,19.0,285.0,313.0,297.0,309.0,False,False,False,False,False,False,False,False,True
8.0,2.0,18.0,232.0,260.0,279.0,291.0,False,False,True,False,False,False,False,False,False
16.0,2.0,49.0,289.0,304.0,295.0,311.0,False,False,False,False,False,False,False,False,True
35.0,2.0,56.0,276.0,270.0,260.0,308.0,False,False,False,True,False,False,False,False,False
13.0,1.0,13.0,205.0,181.0,277.0,325.0,False,False,False,False,False,False,True,False,False
14.0,2.0,21.0,280.0,301.0,294.0,303.0,False,False,False,False,False,False,False,False,True
23.0,2.0,45.0,218.0,259.0,283.0,291.0,False,False,False,False,True,False,False,False,False
33.0,2.0,34.0,193.0,186.0,256.0,278.0,False,False,False,False,False,False,False,True,False
9.0,1.0,9.0,265.0,264.0,255.0,313.0,False,True,False,True,False,False,False,False,False
15.0,3.0,48.0,236.0,263.0,282.0,296.0,False,False,True,False,False,False,False,False,False
6.0,1.0,6.0,209.0,252.0,278.0,288.0,True,False,False,False,True,False,False,False,False
17.0,2.0,25.0,213.0,253.0,278.0,285.0,False,False,False,False,True,False,False,False,False
32.0,3.0,55.0,271.0,270.0,259.0,309.0,False,False,False,True,False,False,False,False,False
33.0,2.0,55.0,220.0,259.0,285.0,288.0,False,False,False,False,True,False,False,False,False
9.0,2.0,20.0,217.0,253.0,278.0,286.0,False,False,False,False,True,False,False,False,False
23.0,2.0,30.0,288.0,300.0,300.0,323.0,False,False,False,False,False,False,False,False,True
23.0,1.0,20.0,208.0,183.0,276.0,316.0,True,False,False,False,False,False,True,False,False
25.0,3.0,55.0,215.0,254.0,280.0,284.0,True,False,False,False,True,False,False,False,False
26.0,4.0,48.0,280.0,296.0,257.0,296.0,False,False,False,False,False,True,False,False,False
19.0,2.0,26.0,288.0,320.0,310.0,331.0,False,False,False,False,False,False,False,False,True
35.0,2.0,54.0,211.0,185.0,277.0,312.0,False,False,False,False,False,False,True,False,False
13.0,2.0,44.0,213.0,259.0,281.0,280.0,True,False,False,False,True,False,False,False,False
26.0,2.0,33.0,291.0,301.0,295.0,305.0,False,False,False,False,False,False,False,False,True
27.0,2.0,27.0,208.0,158.0,255.0,274.0,True,False,False,False,False,False,False,True,False
13.0,4.0,39.0,281.0,300.0,255.0,300.0,False,False,False,False,False,True,False,False,False
16.0,2.0,17.0,187.0,174.0,256.0,277.0,True,False,False,False,False,False,False,True,False
6.0,1.0,3.0,231.0,245.0,284.0,315.0,False,True,True,False,False,False,False,False,False
40.0,2.0,40.0,186.0,174.0,251.0,271.0,False,False,False,False,False,False,False,True,False
5.0,1.0,5.0,210.0,183.0,274.0,306.0,True,False,False,False,False,False,True,False,False
12.0,2.0,33.0,215.0,256.0,281.0,291.0,False,False,False,False,True,False,False,False,False
11.0,4.0,49.0,281.0,300.0,258.0,300.0,True,False,False,False,False,True,False,False,False
9.0,1.0,6.0,230.0,242.0,283.0,312.0,False,True,True,False,False,False,False,False,False
73.0,2.0,74.0,195.0,185.0,258.0,276.0,False,False,False,False,False,False,False,True,False
36.0,2.0,43.0,288.0,299.0,293.0,306.0,False,False,False,False,False,False,False,False,True
38.0,2.0,45.0,287.0,297.0,293.0,305.0,False,False,False,False,False,False,False,False,True
13.0,2.0,20.0,287.0,324.0,306.0,332.0,False,False,False,False,False,False,False,False,True
2.0,2.0,15.0,271.0,264.0,257.0,314.0,False,False,False,True,False,False,False,False,False
20.0,1.0,20.0,209.0,184.0,277.0,310.0,True,False,False,False,False,False,True,False,False
10.0,3.0,15.0,275.0,304.0,257.0,304.0,False,False,False,False,False,True,False,False,False
5.0,1.0,5.0,285.0,307.0,297.0,318.0,True,False,False,False,False,False,False,False,True
32.0,2.0,51.0,212.0,185.0,278.0,311.0,False,False,False,False,False,False,True,False,False
2.0,3.0,9.0,278.0,298.0,252.0,299.0,False,False,False,False,False,True,False,False,False
26.0,2.0,38.0,207.0,185.0,279.0,318.0,False,False,False,False,False,False,True,False,False
7.0,2.0,16.0,266.0,259.0,253.0,303.0,False,False,False,True,False,False,False,False,False
11.0,2.0,18.0,281.0,309.0,291.0,280.0,False,False,False,False,False,False,False,False,False
14.0,4.0,62.0,189.0,186.0,273.0,283.0,False,True,False,False,False,False,False,True,False
9.0,2.0,37.0,214.0,186.0,283.0,330.0,False,True,False,False,False,False,True,False,False
19.0,1.0,19.0,213.0,250.0,277.0,284.0,False,False,False,False,True,False,False,False,False
38.0,2.0,38.0,200.0,170.0,267.0,281.0,False,False,False,False,False,False,False,True,False
9.0,3.0,23.0,186.0,178.0,266.0,281.0,False,False,False,False,False,False,False,True,False
5.0,1.0,5.0,277.0,266.0,259.0,332.0,True,False,False,True,False,False,False,False,False
16.0,2.0,17.0,274.0,292.0,253.0,295.0,True,False,False,False,False,True,False,False,False
11.0,2.0,26.0,233.0,233.0,277.0,296.0,False,False,True,False,False,False,False,False,False
9.0,1.0,9.0,208.0,183.0,274.0,315.0,True,False,False,False,False,False,True,False,False
35.0,3.0,49.0,166.0,176.0,268.0,286.0,False,False,False,False,False,False,False,True,False
9.0,2.0,10.0,275.0,299.0,258.0,301.0,False,False,False,False,False,True,False,False,False
7.0,2.0,34.0,213.0,185.0,282.0,331.0,False,False,False,False,False,False,True,False,False
37.0,2.0,44.0,290.0,299.0,293.0,308.0,False,False,False,False,False,False,False,False,True
20.0,1.0,20.0,209.0,183.0,276.0,309.0,True,False,False,False,False,False,True,False,False
3.0,3.0,17.0,275.0,295.0,255.0,296.0,True,False,False,False,False,True,False,False,False
20.0,2.0,28.0,211.0,250.0,275.0,282.0,False,False,False,False,True,False,False,False,False
22.0,2.0,49.0,216.0,256.0,280.0,286.0,False,False,False,False,True,False,False,False,False
39.0,2.0,46.0,288.0,298.0,293.0,308.0,False,False,False,False,False,False,False,False,True
5.0,1.0,5.0,215.0,251.0,276.0,282.0,True,False,False,False,True,False,False,False,False
24.0,3.0,54.0,237.0,256.0,281.0,322.0,False,False,True,False,False,False,False,False,False
29.0,2.0,36.0,290.0,322.0,307.0,327.0,False,False,False,False,False,False,False,False,True
18.0,4.0,51.0,281.0,300.0,258.0,284.0,False,False,False,False,False,True,False,False,False
77.0,2.0,78.0,200.0,193.0,263.0,285.0,True,False,False,False,False,False,False,True,False
23.0,2.0,28.0,276.0,301.0,287.0,298.0,False,False,False,False,False,False,False,False,False
14.0,3.0,37.0,275.0,266.0,264.0,330.0,False,False,False,True,False,False,False,False,False
23.0,2.0,24.0,195.0,186.0,256.0,276.0,False,False,False,False,False,False,False,True,False
23.0,2.0,46.0,209.0,184.0,278.0,318.0,True,False,False,False,False,False,True,False,False
55.0,2.0,56.0,194.0,188.0,256.0,275.0,False,False,False,False,False,False,False,True,False
14.0,2.0,19.0,270.0,298.0,286.0,290.0,False,False,False,False,False,False,False,False,False
9.0,2.0,36.0,212.0,186.0,283.0,329.0,False,False,False,False,False,False,True,False,False
31.0,2.0,38.0,290.0,311.0,296.0,316.0,False,False,False,False,False,False,False,False,True
24.0,2.0,39.0,234.0,255.0,279.0,295.0,False,False,True,False,False,False,False,False,False
3.0,1.0,3.0,270.0,322.0,305.0,304.0,True,False,False,False,False,False,False,False,False
10.0,2.0,19.0,267.0,262.0,255.0,306.0,False,False,False,True,False,False,False,False,False
3.0,3.0,25.0,275.0,305.0,262.0,306.0,False,False,False,False,False,True,False,False,False
6.0,2.0,34.0,209.0,186.0,287.0,332.0,False,True,False,False,False,False,True,False,False
9.0,1.0,9.0,209.0,181.0,281.0,330.0,True,False,False,False,False,False,True,False,False
14.0,3.0,37.0,271.0,269.0,260.0,312.0,False,False,False,True,False,False,False,False,False
14.0,2.0,24.0,211.0,181.0,280.0,330.0,False,False,False,False,False,False,True,False,False
8.0,1.0,8.0,273.0,298.0,288.0,295.0,True,False,False,False,False,False,False,False,False
23.0,2.0,24.0,182.0,185.0,257.0,263.0,True,False,False,False,False,False,False,True,False
3.0,3.0,53.0,197.0,192.0,262.0,283.0,False,False,False,False,False,False,False,True,False
24.0,2.0,45.0,211.0,185.0,283.0,336.0,True,False,False,False,False,False,True,False,False
2.0,1.0,2.0,282.0,311.0,307.0,327.0,False,True,False,False,False,False,False,False,True
12.0,2.0,13.0,195.0,174.0,257.0,259.0,True,False,False,False,False,False,False,True,False
31.0,2.0,37.0,288.0,303.0,292.0,307.0,False,False,False,False,False,False,False,False,True
44.0,2.0,45.0,198.0,189.0,257.0,279.0,False,False,False,False,False,False,False,True,False
37.0,2.0,37.0,191.0,187.0,258.0,282.0,False,False,False,False,False,False,False,True,False
25.0,2.0,32.0,275.0,301.0,291.0,295.0,False,False,False,False,False,False,False,False,False
17.0,2.0,24.0,287.0,308.0,309.0,335.0,False,False,False,False,False,False,False,False,True
4.0,1.0,3.0,262.0,316.0,304.0,314.0,True,False,False,False,False,False,False,False,False
10.0,2.0,18.0,211.0,252.0,276.0,284.0,False,False,False,False,True,False,False,False,False
4.0,3.0,38.0,236.0,256.0,283.0,298.0,False,False,True,False,False,False,False,False,False
33.0,2.0,56.0,204.0,185.0,278.0,320.0,True,False,False,False,False,False,True,False,False
2.0,2.0,10.0,272.0,265.0,253.0,308.0,False,False,False,True,False,False,False,False,False
27.0,2.0,48.0,276.0,268.0,259.0,309.0,False,False,False,True,False,False,False,False,False
20.0,2.0,21.0,276.0,301.0,259.0,300.0,False,False,False,False,False,True,False,False,False
33.0,2.0,54.0,209.0,187.0,278.0,318.0,True,False,False,False,False,False,True,False,False
42.0,2.0,49.0,289.0,306.0,295.0,309.0,False,False,False,False,False,False,False,False,True
13.0,4.0,41.0,214.0,184.0,279.0,317.0,True,False,False,False,False,False,True,False,False
22.0,3.0,56.0,237.0,271.0,280.0,300.0,False,False,True,False,False,False,False,False,False
9.0,1.0,9.0,210.0,181.0,280.0,325.0,True,False,False,False,False,False,True,False,False
3.0,2.0,4.0,272.0,302.0,260.0,302.0,False,True,False,False,False,True,False,False,False
8.0,2.0,20.0,233.0,251.0,282.0,315.0,False,False,True,False,False,False,False,False,False
13.0,3.0,33.0,236.0,256.0,281.0,304.0,False,False,True,False,False,False,False,False,False
5.0,3.0,24.0,273.0,301.0,256.0,298.0,False,False,False,False,False,True,False,False,False
16.0,3.0,39.0,274.0,270.0,258.0,312.0,False,True,False,True,False,False,False,False,False
25.0,2.0,26.0,176.0,183.0,256.0,276.0,True,False,False,False,False,False,False,True,False
18.0,3.0,33.0,280.0,297.0,256.0,297.0,True,False,False,False,False,True,False,False,False
33.0,3.0,56.0,279.0,270.0,257.0,313.0,False,False,False,True,False,False,False,False,False
15.0,1.0,15.0,211.0,182.0,274.0,316.0,True,False,False,False,False,False,True,False,False
29.0,3.0,57.0,216.0,186.0,238.0,329.0,True,False,False,False,False,False,True,False,False
24.0,3.0,55.0,237.0,263.0,282.0,303.0,False,False,True,False,False,False,False,False,False
37.0,2.0,38.0,196.0,183.0,258.0,272.0,True,False,False,False,False,False,False,True,False
28.0,4.0,76.0,194.0,188.0,243.0,281.0,False,True,False,False,False,False,False,True,False
3.0,4.0,25.0,271.0,298.0,260.0,297.0,False,False,False,False,False,True,False,False,False
18.0,2.0,23.0,268.0,295.0,287.0,288.0,False,False,False,False,False,False,False,False,False
18.0,2.0,31.0,235.0,255.0,281.0,305.0,False,False,True,False,False,False,False,False,False
2.0,1.0,2.0,282.0,295.0,292.0,296.0,True,False,False,False,False,False,False,False,True
6.0,1.0,6.0,213.0,253.0,276.0,283.0,True,False,False,False,True,False,False,False,False
9.0,3.0,32.0,280.0,267.0,257.0,315.0,False,False,False,True,False,False,False,False,False
34.0,2.0,47.0,213.0,254.0,281.0,285.0,False,False,False,False,True,False,False,False,False
12.0,5.0,32.0,216.0,256.0,279.0,286.0,True,False,False,False,True,False,False,False,False
21.0,2.0,28.0,287.0,299.0,291.0,307.0,False,False,False,False,False,False,False,False,True
13.0,2.0,30.0,234.0,254.0,279.0,294.0,False,False,True,False,False,False,False,False,False
11.0,3.0,25.0,184.0,180.0,265.0,280.0,False,False,False,False,False,False,False,True,False
16.0,2.0,23.0,287.0,302.0,294.0,309.0,False,False,False,False,False,False,False,False,True
21.0,2.0,33.0,212.0,183.0,280.0,320.0,False,False,False,False,False,False,True,False,False
7.0,3.0,23.0,280.0,294.0,254.0,286.0,True,False,False,False,False,True,False,False,False
3.0,1.0,3.0,210.0,250.0,273.0,277.0,False,True,False,False,True,False,False,False,False
10.0,4.0,42.0,274.0,301.0,257.0,297.0,False,False,False,False,False,True,False,False,False
6.0,2.0,19.0,270.0,262.0,256.0,310.0,False,False,False,True,False,False,False,False,False
15.0,1.0,12.0,232.0,248.0,277.0,299.0,False,True,True,False,False,False,False,False,False
6.0,3.0,32.0,279.0,300.0,258.0,301.0,False,False,False,False,False,True,False,False,False
16.0,3.0,51.0,281.0,306.0,293.0,300.0,False,False,False,False,False,False,False,False,False
4.0,4.0,38.0,280.0,302.0,257.0,297.0,True,False,False,False,False,True,False,False,False
12.0,2.0,35.0,211.0,185.0,277.0,314.0,False,False,False,False,False,False,True,False,False
53.0,2.0,53.0,206.0,175.0,257.0,279.0,True,False,False,False,False,False,False,True,False
12.0,1.0,12.0,212.0,253.0,277.0,286.0,True,False,False,False,True,False,False,False,False
2.0,2.0,11.0,267.0,259.0,261.0,332.0,True,False,False,True,False,False,False,False,False
10.0,1.0,7.0,232.0,259.0,278.0,316.0,False,True,True,False,False,False,False,False,False
13.0,2.0,20.0,286.0,320.0,306.0,335.0,False,False,False,False,False,False,False,False,True
14.0,2.0,28.0,229.0,251.0,279.0,302.0,False,False,True,False,False,False,False,False,False
5.0,1.0,4.0,206.0,178.0,281.0,325.0,False,False,False,False,False,False,True,False,False
40.0,2.0,40.0,192.0,186.0,260.0,283.0,False,False,False,False,False,False,False,True,False
12.0,1.0,12.0,273.0,263.0,254.0,311.0,False,False,False,True,False,False,False,False,False
21.0,2.0,48.0,214.0,254.0,281.0,286.0,False,False,False,False,True,False,False,False,False
18.0,2.0,25.0,288.0,324.0,310.0,334.0,False,False,False,False,False,False,False,False,True
8.0,3.0,42.0,277.0,304.0,291.0,295.0,False,False,False,False,False,False,False,False,False
9.0,2.0,22.0,236.0,257.0,278.0,296.0,False,False,True,False,False,False,False,False,False
17.0,2.0,38.0,221.0,257.0,281.0,291.0,False,False,False,False,True,False,False,False,False
22.0,2.0,47.0,211.0,251.0,281.0,287.0,False,False,False,False,True,False,False,False,False
6.0,2.0,23.0,272.0,299.0,289.0,292.0,False,False,False,False,False,False,False,False,False
9.0,2.0,9.0,189.0,181.0,262.0,273.0,False,False,False,False,False,False,False,True,False
21.0,2.0,22.0,197.0,176.0,257.0,268.0,True,False,False,False,False,False,False,True,False
16.0,2.0,27.0,212.0,184.0,278.0,315.0,False,False,False,False,False,False,True,False,False
13.0,1.0,13.0,232.0,248.0,277.0,294.0,False,True,True,False,False,False,False,False,False
19.0,3.0,47.0,216.0,187.0,290.0,328.0,True,False,False,False,False,False,True,False,False
64.0,2.0,65.0,197.0,180.0,258.0,277.0,True,False,False,False,False,False,False,True,False
62.0,2.0,63.0,202.0,195.0,263.0,281.0,True,False,False,False,False,False,False,True,False
38.0,2.0,50.0,214.0,186.0,280.0,316.0,False,False,False,False,False,False,True,False,False
22.0,2.0,28.0,288.0,306.0,293.0,307.0,False,False,False,False,False,False,False,False,True
19.0,4.0,52.0,280.0,300.0,258.0,299.0,False,False,False,False,False,True,False,False,False
29.0,2.0,56.0,213.0,186.0,279.0,319.0,False,False,False,False,False,False,True,False,False
18.0,2.0,46.0,207.0,184.0,284.0,331.0,False,True,False,False,False,False,True,False,False
4.0,2.0,4.0,180.0,169.0,265.0,277.0,False,False,False,False,False,False,False,True,False
9.0,2.0,21.0,230.0,253.0,278.0,315.0,False,False,True,False,False,False,False,False,False
9.0,2.0,16.0,287.0,297.0,292.0,302.0,False,False,False,False,False,False,False,False,True
3.0,4.0,29.0,279.0,299.0,255.0,298.0,False,False,False,False,False,True,False,False,False
2.0,2.0,35.0,218.0,251.0,278.0,282.0,True,False,False,False,True,False,False,False,False
7.0,2.0,14.0,287.0,321.0,309.0,331.0,False,False,False,False,False,False,False,False,True
4.0,1.0,4.0,275.0,267.0,258.0,319.0,True,False,False,True,False,False,False,False,False
18.0,2.0,39.0,273.0,265.0,264.0,324.0,False,False,False,True,False,False,False,False,False
10.0,2.0,32.0,276.0,270.0,259.0,311.0,False,False,False,True,False,False,False,False,False
6.0,1.0,5.0,207.0,181.0,282.0,322.0,False,False,False,False,False,False,True,False,False
3.0,1.0,3.0,268.0,260.0,254.0,327.0,True,False,False,True,False,False,False,False,False
7.0,3.0,21.0,271.0,294.0,256.0,286.0,True,False,False,False,False,True,False,False,False
6.0,1.0,6.0,226.0,246.0,283.0,297.0,False,True,True,False,False,False,False,False,False
6.0,3.0,22.0,276.0,300.0,289.0,294.0,False,False,False,False,False,False,False,False,False
20.0,1.0,20.0,211.0,182.0,275.0,314.0,True,False,False,False,False,False,True,False,False
7.0,4.0,43.0,280.0,300.0,258.0,298.0,True,False,False,False,False,True,False,False,False
3.0,2.0,17.0,233.0,251.0,286.0,332.0,False,False,True,False,False,False,False,False,False
5.0,1.0,5.0,212.0,255.0,278.0,279.0,True,False,False,False,True,False,False,False,False
12.0,4.0,44.0,275.0,301.0,256.0,299.0,False,False,False,False,False,True,False,False,False
37.0,2.0,38.0,181.0,181.0,267.0,282.0,False,False,False,False,False,False,False,True,False
13.0,4.0,35.0,280.0,296.0,255.0,296.0,False,False,False,False,False,True,False,False,False
21.0,4.0,49.0,213.0,184.0,286.0,334.0,True,False,False,False,False,False,True,False,False
20.0,2.0,37.0,276.0,266.0,257.0,309.0,False,False,False,True,False,False,False,False,False
16.0,2.0,38.0,220.0,258.0,282.0,291.0,False,False,False,False,True,False,False,False,False
7.0,2.0,8.0,273.0,299.0,256.0,302.0,True,False,False,False,False,True,False,False,False
19.0,3.0,42.0,269.0,269.0,260.0,309.0,False,False,False,True,False,False,False,False,False
4.0,1.0,4.0,271.0,264.0,252.0,319.0,False,True,False,True,False,False,False,False,False
29.0,2.0,36.0,293.0,322.0,302.0,319.0,False,False,False,False,False,False,False,False,True
48.0,2.0,56.0,210.0,251.0,279.0,281.0,False,False,False,False,True,False,False,False,False
8.0,2.0,39.0,213.0,194.0,283.0,295.0,True,False,False,False,True,False,False,False,False
23.0,2.0,35.0,231.0,261.0,279.0,299.0,False,False,True,False,False,False,False,False,False
6.0,1.0,6.0,264.0,265.0,253.0,316.0,True,False,False,True,False,False,False,False,False
16.0,3.0,28.0,279.0,298.0,253.0,298.0,False,False,False,False,False,True,False,False,False
2.0,2.0,11.0,273.0,320.0,288.0,296.0,False,False,False,False,False,False,False,False,False
33.0,2.0,40.0,295.0,312.0,299.0,320.0,False,False,False,False,False,False,False,False,True
11.0,4.0,49.0,266.0,259.0,257.0,297.0,True,False,False,True,False,False,False,False,False
22.0,3.0,45.0,271.0,269.0,263.0,317.0,False,False,False,True,False,False,False,False,False
17.0,2.0,40.0,209.0,185.0,280.0,326.0,True,False,False,False,False,False,True,False,False
16.0,2.0,53.0,219.0,257.0,282.0,288.0,True,False,False,False,True,False,False,False,False
15.0,4.0,24.0,214.0,255.0,277.0,282.0,True,False,False,False,True,False,False,False,False
11.0,3.0,20.0,216.0,255.0,277.0,284.0,True,False,False,False,True,False,False,False,False
21.0,2.0,37.0,276.0,297.0,288.0,301.0,True,False,False,False,False,False,False,False,False
14.0,2.0,42.0,215.0,184.0,277.0,317.0,False,False,False,False,False,False,True,False,False
13.0,1.0,12.0,204.0,180.0,277.0,315.0,False,False,False,False,False,False,True,False,False
18.0,2.0,39.0,219.0,258.0,282.0,292.0,False,False,False,False,True,False,False,False,False
16.0,3.0,39.0,276.0,267.0,259.0,309.0,False,False,False,True,False,False,False,False,False
21.0,1.0,21.0,287.0,298.0,290.0,299.0,True,False,False,False,False,False,False,False,True
22.0,2.0,46.0,214.0,254.0,281.0,295.0,False,False,False,False,True,False,False,False,False
42.0,2.0,49.0,290.0,314.0,296.0,314.0,False,False,False,False,False,False,False,False,True
30.0,3.0,53.0,273.0,271.0,261.0,312.0,False,False,False,True,False,False,False,False,False
13.0,2.0,27.0,228.0,260.0,284.0,314.0,False,False,True,False,False,False,False,False,False
8.0,3.0,31.0,278.0,299.0,256.0,297.0,False,False,False,False,False,True,False,False,False
7.0,1.0,7.0,211.0,247.0,275.0,281.0,False,True,False,False,True,False,False,False,False
39.0,2.0,39.0,182.0,184.0,266.0,279.0,True,False,False,False,False,False,False,True,False
9.0,2.0,9.0,276.0,294.0,251.0,292.0,True,False,False,False,False,True,False,False,False
8.0,1.0,8.0,210.0,250.0,278.0,283.0,True,False,False,False,True,False,False,False,False
37.0,2.0,50.0,212.0,255.0,281.0,286.0,False,False,False,False,True,False,False,False,False
15.0,2.0,16.0,271.0,298.0,256.0,296.0,False,False,False,False,False,True,False,False,False
15.0,3.0,50.0,238.0,259.0,288.0,321.0,False,True,True,False,False,False,False,False,False
7.0,3.0,34.0,279.0,302.0,290.0,299.0,False,False,False,False,False,False,False,False,False
11.0,2.0,22.0,214.0,252.0,279.0,287.0,False,False,False,False,True,False,False,False,False
58.0,2.0,58.0,200.0,188.0,264.0,280.0,False,False,False,False,False,False,False,True,False
30.0,2.0,31.0,197.0,185.0,256.0,276.0,False,False,False,False,False,False,False,True,False
4.0,1.0,4.0,211.0,254.0,279.0,296.0,True,False,False,False,True,False,False,False,False
7.0,4.0,47.0,233.0,260.0,288.0,313.0,False,True,True,False,False,False,False,False,False
16.0,3.0,44.0,236.0,246.0,282.0,301.0,False,False,True,False,False,False,False,False,False
37.0,2.0,37.0,197.0,169.0,266.0,282.0,False,False,False,False,False,False,False,True,False
40.0,2.0,50.0,212.0,184.0,286.0,325.0,False,False,False,False,False,False,True,False,False
5.0,1.0,4.0,284.0,300.0,294.0,301.0,True,False,False,False,False,False,False,False,True
11.0,1.0,11.0,216.0,253.0,284.0,288.0,True,False,False,False,True,False,False,False,False
9.0,1.0,9.0,207.0,182.0,275.0,311.0,True,False,False,False,False,False,True,False,False
38.0,2.0,38.0,191.0,188.0,267.0,283.0,False,False,False,False,False,False,False,True,False
4.0,1.0,4.0,282.0,320.0,306.0,326.0,True,False,False,False,False,False,False,False,True
28.0,2.0,50.0,215.0,185.0,280.0,317.0,False,False,False,False,False,False,True,False,False
26.0,3.0,49.0,271.0,270.0,258.0,309.0,False,False,False,True,False,False,False,False,False
23.0,3.0,47.0,271.0,268.0,257.0,309.0,False,False,False,True,False,False,False,False,False
8.0,1.0,8.0,210.0,183.0,274.0,309.0,True,False,False,False,False,False,True,False,False
4.0,5.0,38.0,276.0,297.0,255.0,293.0,False,True,False,False,False,True,False,False,False
11.0,1.0,11.0,272.0,265.0,260.0,329.0,True,False,False,True,False,False,False,False,False
23.0,3.0,52.0,210.0,186.0,287.0,326.0,True,False,False,False,False,False,True,False,False
25.0,3.0,54.0,210.0,186.0,282.0,333.0,True,False,False,False,False,False,True,False,False
12.0,1.0,9.0,228.0,250.0,276.0,302.0,False,True,True,False,False,False,False,False,False
13.0,2.0,24.0,214.0,255.0,278.0,286.0,False,False,False,False,True,False,False,False,False
25.0,2.0,31.0,289.0,303.0,293.0,303.0,False,False,False,False,False,False,False,False,True
27.0,3.0,32.0,277.0,300.0,256.0,300.0,False,False,False,False,False,True,False,False,False
20.0,3.0,53.0,279.0,303.0,293.0,297.0,False,False,False,False,False,False,False,False,False
7.0,3.0,46.0,218.0,256.0,280.0,283.0,True,False,False,False,True,False,False,False,False
33.0,2.0,33.0,178.0,179.0,251.0,270.0,False,False,False,False,False,False,False,True,False
17.0,3.0,52.0,278.0,301.0,293.0,296.0,False,False,False,False,False,False,False,False,False
8.0,2.0,18.0,210.0,184.0,276.0,322.0,False,False,False,False,False,False,True,False,False
47.0,2.0,48.0,197.0,188.0,256.0,276.0,False,False,False,False,False,False,False,True,False
6.0,3.0,41.0,239.0,256.0,281.0,301.0,False,True,True,False,False,False,False,False,False
9.0,2.0,33.0,211.0,185.0,278.0,324.0,False,False,False,False,False,False,True,False,False
13.0,1.0,13.0,215.0,251.0,278.0,286.0,True,False,False,False,True,False,False,False,False
27.0,1.0,27.0,208.0,180.0,280.0,325.0,False,False,False,False,False,False,True,False,False
10.0,1.0,10.0,210.0,250.0,276.0,280.0,True,False,False,False,True,False,False,False,False
16.0,2.0,26.0,230.0,255.0,279.0,297.0,False,False,True,False,False,False,False,False,False
20.0,2.0,21.0,194.0,185.0,256.0,277.0,False,False,False,False,False,False,False,True,False
22.0,2.0,23.0,274.0,295.0,252.0,296.0,True,False,False,False,False,True,False,False,False
12.0,4.0,48.0,280.0,297.0,256.0,297.0,False,False,False,False,False,True,False,False,False
23.0,2.0,24.0,202.0,182.0,254.0,273.0,False,False,False,False,False,False,False,True,False
17.0,2.0,23.0,290.0,320.0,307.0,327.0,False,False,False,False,False,False,False,False,True
28.0,2.0,35.0,290.0,324.0,310.0,327.0,False,False,False,False,False,False,False,False,True
17.0,2.0,17.0,189.0,174.0,255.0,279.0,True,False,False,False,False,False,False,True,False
8.0,1.0,8.0,272.0,264.0,251.0,318.0,True,False,False,True,False,False,False,False,False
17.0,2.0,18.0,196.0,178.0,257.0,268.0,True,False,False,False,False,False,False,True,False
3.0,2.0,15.0,211.0,247.0,277.0,283.0,False,False,False,False,True,False,False,False,False
30.0,2.0,40.0,211.0,183.0,280.0,326.0,False,False,False,False,False,False,True,False,False
9.0,2.0,10.0,175.0,176.0,265.0,283.0,True,False,False,False,False,False,False,True,False
9.0,2.0,17.0,212.0,249.0,274.0,280.0,False,False,False,False,True,False,False,False,False
50.0,2.0,50.0,198.0,178.0,256.0,278.0,False,False,False,False,False,False,False,True,False
18.0,2.0,24.0,277.0,302.0,288.0,301.0,False,False,False,False,False,False,False,False,False
9.0,2.0,9.0,275.0,295.0,252.0,296.0,False,True,False,False,False,True,False,False,False
19.0,2.0,25.0,288.0,303.0,293.0,305.0,False,False,False,False,False,False,False,False,True
7.0,3.0,38.0,231.0,256.0,277.0,289.0,False,False,True,False,False,False,False,False,False
19.0,1.0,19.0,211.0,183.0,275.0,313.0,False,False,False,False,False,False,True,False,False
7.0,1.0,7.0,266.0,267.0,261.0,333.0,False,True,False,True,False,False,False,False,False
7.0,2.0,14.0,288.0,312.0,309.0,335.0,False,False,False,False,False,False,False,False,True
70.0,2.0,71.0,197.0,184.0,259.0,279.0,False,False,False,False,False,False,False,True,False
9.0,2.0,40.0,285.0,298.0,292.0,299.0,False,True,False,False,False,False,False,False,True
32.0,2.0,55.0,207.0,185.0,283.0,330.0,True,False,False,False,False,False,True,False,False
14.0,2.0,21.0,287.0,323.0,307.0,331.0,False,False,False,False,False,False,False,False,True
5.0,2.0,15.0,229.0,254.0,277.0,290.0,False,False,True,False,False,False,False,False,False
20.0,3.0,53.0,236.0,267.0,282.0,298.0,False,False,True,False,False,False,False,False,False
6.0,3.0,41.0,236.0,253.0,282.0,303.0,False,False,True,False,False,False,False,False,False
13.0,3.0,46.0,236.0,264.0,281.0,302.0,False,False,True,False,False,False,False,False,False
5.0,2.0,12.0,285.0,328.0,306.0,336.0,False,False,False,False,False,False,False,False,True
4.0,3.0,32.0,232.0,257.0,282.0,297.0,False,False,True,False,False,False,False,False,False
12.0,2.0,24.0,235.0,265.0,279.0,301.0,False,False,True,False,False,False,False,False,False
13.0,1.0,13.0,218.0,252.0,277.0,289.0,True,False,False,False,True,False,False,False,False
32.0,2.0,55.0,214.0,188.0,279.0,314.0,False,False,False,False,False,False,True,False,False
18.0,1.0,18.0,213.0,254.0,278.0,290.0,True,False,False,False,True,False,False,False,False
8.0,3.0,44.0,235.0,258.0,281.0,296.0,False,False,True,False,False,False,False,False,False
7.0,1.0,7.0,208.0,250.0,277.0,284.0,True,False,False,False,True,False,False,False,False
16.0,1.0,16.0,213.0,250.0,275.0,279.0,True,False,False,False,True,False,False,False,False
5.0,2.0,32.0,213.0,252.0,278.0,284.0,False,False,False,False,True,False,False,False,False
10.0,1.0,9.0,206.0,183.0,276.0,323.0,False,False,False,False,False,False,True,False,False
8.0,3.0,36.0,214.0,188.0,285.0,317.0,True,False,False,False,False,False,True,False,False
25.0,3.0,48.0,213.0,186.0,279.0,317.0,True,False,False,False,False,False,True,False,False
21.0,2.0,21.0,198.0,186.0,258.0,271.0,False,False,False,False,False,False,False,True,False
18.0,3.0,52.0,208.0,185.0,286.0,308.0,True,False,False,False,False,False,True,False,False
27.0,1.0,27.0,285.0,301.0,291.0,304.0,True,False,False,False,False,False,False,False,True
13.0,4.0,53.0,236.0,259.0,284.0,306.0,False,True,True,False,False,False,False,False,False
35.0,2.0,35.0,184.0,185.0,259.0,282.0,False,False,False,False,False,False,False,True,False
18.0,2.0,18.0,189.0,188.0,262.0,277.0,False,False,False,False,False,False,False,True,False
18.0,4.0,52.0,283.0,300.0,258.0,299.0,False,False,False,False,False,True,False,False,False
7.0,2.0,23.0,271.0,296.0,287.0,290.0,True,False,False,False,False,False,False,False,False
5.0,2.0,15.0,209.0,179.0,278.0,322.0,False,False,False,False,False,False,True,False,False
9.0,3.0,32.0,279.0,269.0,257.0,313.0,False,False,False,True,False,False,False,False,False
32.0,2.0,33.0,176.0,188.0,256.0,264.0,True,False,False,False,False,False,False,True,False
20.0,3.0,71.0,204.0,194.0,268.0,284.0,False,False,False,False,False,False,False,True,False
16.0,1.0,16.0,209.0,182.0,276.0,317.0,True,False,False,False,False,False,True,False,False
21.0,1.0,21.0,211.0,249.0,275.0,281.0,True,False,False,False,True,False,False,False,False
13.0,2.0,14.0,275.0,296.0,254.0,299.0,False,False,False,False,False,True,False,False,False
4.0,2.0,13.0,267.0,267.0,262.0,333.0,True,False,False,True,False,False,False,False,False
33.0,2.0,33.0,193.0,176.0,265.0,280.0,False,False,False,False,False,False,False,True,False
30.0,3.0,53.0,214.0,186.0,280.0,318.0,True,False,False,False,False,False,True,False,False
17.0,2.0,42.0,219.0,258.0,282.0,297.0,False,False,False,False,True,False,False,False,False
12.0,2.0,12.0,278.0,292.0,252.0,285.0,True,False,False,False,False,True,False,False,False
2.0,1.0,2.0,277.0,320.0,286.0,302.0,True,False,False,False,False,False,False,False,False
12.0,1.0,9.0,228.0,257.0,278.0,302.0,False,True,True,False,False,False,False,False,False
18.0,2.0,30.0,230.0,263.0,279.0,299.0,False,False,True,False,False,False,False,False,False
8.0,3.0,28.0,233.0,249.0,281.0,299.0,False,False,True,False,False,False,False,False,False
2.0,1.0,2.0,276.0,296.0,291.0,294.0,True,False,False,False,False,False,False,False,False
15.0,2.0,16.0,231.0,253.0,279.0,304.0,False,False,True,False,False,False,False,False,False
23.0,3.0,28.0,278.0,301.0,256.0,301.0,False,False,False,False,False,True,False,False,False
11.0,2.0,25.0,233.0,251.0,280.0,301.0,False,False,True,False,False,False,False,False,False
3.0,2.0,9.0,272.0,300.0,290.0,298.0,False,False,False,False,False,False,False,False,False
40.0,2.0,62.0,221.0,260.0,282.0,291.0,False,False,False,False,True,False,False,False,False
18.0,3.0,48.0,211.0,251.0,276.0,281.0,True,False,False,False,True,False,False,False,False
9.0,3.0,40.0,232.0,256.0,277.0,290.0,False,False,True,False,False,False,False,False,False
14.0,3.0,49.0,280.0,307.0,295.0,300.0,False,False,False,False,False,False,False,False,False
18.0,2.0,19.0,192.0,176.0,256.0,277.0,True,False,False,False,False,False,False,True,False
15.0,1.0,15.0,271.0,265.0,255.0,310.0,True,False,False,True,False,False,False,False,False
5.0,2.0,12.0,285.0,318.0,307.0,328.0,False,False,False,False,False,False,False,False,True
17.0,2.0,24.0,289.0,299.0,304.0,307.0,False,False,False,False,False,False,False,False,True
22.0,2.0,43.0,276.0,269.0,258.0,310.0,False,False,False,True,False,False,False,False,False
17.0,2.0,32.0,232.0,254.0,277.0,299.0,False,False,True,False,False,False,False,False,False
25.0,2.0,37.0,214.0,250.0,277.0,288.0,False,False,False,False,True,False,False,False,False
24.0,1.0,24.0,285.0,302.0,291.0,304.0,True,False,False,False,False,False,False,False,True
9.0,2.0,42.0,289.0,301.0,294.0,308.0,False,False,False,False,False,False,False,False,True
19.0,1.0,19.0,211.0,183.0,273.0,312.0,True,False,False,False,False,False,True,False,False
27.0,2.0,34.0,291.0,303.0,295.0,307.0,False,False,False,False,False,False,False,False,True
2.0,3.0,8.0,269.0,292.0,251.0,288.0,False,False,False,False,False,True,False,False,False
27.0,2.0,39.0,213.0,251.0,278.0,285.0,False,False,False,False,True,False,False,False,False
23.0,5.0,53.0,277.0,271.0,259.0,312.0,False,False,False,True,False,False,False,False,False
5.0,3.0,32.0,278.0,270.0,258.0,323.0,True,False,False,True,False,False,False,False,False
5.0,1.0,5.0,231.0,244.0,284.0,323.0,False,True,True,False,False,False,False,False,False
14.0,1.0,14.0,211.0,250.0,276.0,285.0,True,False,False,False,True,False,False,False,False
2.0,2.0,19.0,270.0,297.0,288.0,291.0,False,False,False,False,False,False,False,False,False
4.0,2.0,5.0,196.0,175.0,253.0,271.0,False,False,False,False,False,False,False,True,False
18.0,2.0,18.0,181.0,174.0,252.0,273.0,False,False,False,False,False,False,False,True,False
27.0,1.0,27.0,212.0,252.0,277.0,283.0,False,False,False,False,True,False,False,False,False
34.0,2.0,57.0,214.0,186.0,281.0,324.0,True,False,False,False,False,False,True,False,False
20.0,3.0,54.0,277.0,300.0,292.0,292.0,False,False,False,False,False,False,False,False,False
32.0,1.0,31.0,214.0,232.0,278.0,293.0,True,False,False,False,True,False,False,False,False
5.0,3.0,34.0,213.0,186.0,280.0,321.0,True,False,False,False,False,False,True,False,False
50.0,2.0,50.0,196.0,183.0,262.0,280.0,False,False,False,False,False,False,False,True,False
26.0,2.0,33.0,270.0,293.0,288.0,287.0,False,False,False,False,False,False,False,False,False
24.0,3.0,46.0,274.0,304.0,258.0,304.0,False,False,False,False,False,True,False,False,False
14.0,1.0,13.0,212.0,252.0,276.0,284.0,True,False,False,False,True,False,False,False,False
4.0,1.0,4.0,208.0,182.0,280.0,331.0,True,False,False,False,False,False,True,False,False
11.0,1.0,8.0,231.0,250.0,277.0,291.0,False,True,True,False,False,False,False,False,False
10.0,3.0,32.0,279.0,299.0,255.0,299.0,False,False,False,False,False,True,False,False,False
18.0,4.0,51.0,275.0,301.0,257.0,298.0,True,False,False,False,False,True,False,False,False
18.0,2.0,34.0,274.0,314.0,301.0,321.0,True,False,False,False,False,False,False,False,False
34.0,2.0,59.0,213.0,255.0,277.0,284.0,False,False,False,False,True,False,False,False,False
43.0,2.0,43.0,183.0,175.0,251.0,270.0,False,False,False,False,False,False,False,True,False
19.0,5.0,39.0,218.0,255.0,278.0,285.0,True,False,False,False,True,False,False,False,False
34.0,2.0,46.0,213.0,252.0,279.0,287.0,False,False,False,False,True,False,False,False,False
47.0,3.0,61.0,195.0,184.0,270.0,283.0,False,False,False,False,False,False,False,True,False
39.0,2.0,39.0,186.0,175.0,251.0,271.0,False,False,False,False,False,False,False,True,False
30.0,4.0,52.0,238.0,301.0,257.0,301.0,False,False,False,False,False,True,False,False,False
9.0,3.0,37.0,213.0,186.0,288.0,316.0,True,False,False,False,False,False,True,False,False
25.0,2.0,30.0,272.0,296.0,286.0,287.0,False,False,False,False,False,False,False,False,False
8.0,2.0,15.0,285.0,312.0,298.0,317.0,False,False,False,False,False,False,False,False,True
5.0,2.0,26.0,216.0,258.0,282.0,295.0,False,False,False,False,True,False,False,False,False
16.0,2.0,30.0,275.0,301.0,290.0,295.0,False,False,False,False,False,False,False,False,False
9.0,3.0,31.0,278.0,301.0,255.0,302.0,False,False,False,False,False,True,False,False,False
10.0,2.0,20.0,211.0,181.0,279.0,321.0,False,False,False,False,False,False,True,False,False
4.0,1.0,4.0,266.0,264.0,237.0,335.0,False,True,False,True,False,False,False,False,False
3.0,2.0,10.0,271.0,298.0,289.0,289.0,False,False,False,False,False,False,False,False,False
5.0,1.0,5.0,272.0,265.0,256.0,333.0,False,True,False,True,False,False,False,False,False
9.0,1.0,9.0,214.0,251.0,278.0,289.0,True,False,False,False,True,False,False,False,False
14.0,3.0,44.0,213.0,253.0,276.0,281.0,True,False,False,False,True,False,False,False,False
46.0,2.0,58.0,215.0,252.0,279.0,287.0,False,False,False,False,True,False,False,False,False
28.0,2.0,36.0,276.0,302.0,289.0,298.0,False,False,False,False,False,False,False,False,False
15.0,2.0,21.0,287.0,304.0,293.0,305.0,False,False,False,False,False,False,False,False,True
23.0,3.0,51.0,217.0,189.0,287.0,345.0,True,False,False,False,False,False,True,False,False
3.0,2.0,4.0,172.0,178.0,256.0,269.0,True,False,False,False,False,False,False,True,False
50.0,2.0,50.0,186.0,180.0,253.0,271.0,False,False,False,False,False,False,False,True,False
41.0,2.0,41.0,189.0,175.0,260.0,249.0,False,False,False,False,False,False,False,True,False
2.0,2.0,11.0,269.0,263.0,254.0,308.0,False,False,False,True,False,False,False,False,False
27.0,2.0,34.0,290.0,320.0,310.0,332.0,False,False,False,False,False,False,False,False,True
41.0,3.0,55.0,189.0,183.0,215.0,281.0,False,False,False,False,False,False,False,True,False
26.0,2.0,27.0,184.0,186.0,256.0,263.0,True,False,False,False,False,False,False,True,False
3.0,2.0,20.0,275.0,304.0,292.0,293.0,True,False,False,False,False,False,False,False,False
10.0,1.0,10.0,210.0,184.0,276.0,316.0,False,True,False,False,False,False,True,False,False
36.0,2.0,53.0,274.0,266.0,258.0,308.0,False,False,False,True,False,False,False,False,False
14.0,1.0,14.0,208.0,182.0,275.0,311.0,True,False,False,False,False,False,True,False,False
27.0,2.0,28.0,194.0,185.0,255.0,274.0,False,False,False,False,False,False,False,True,False
16.0,2.0,28.0,235.0,264.0,279.0,300.0,False,False,True,False,False,False,False,False,False
10.0,2.0,41.0,291.0,300.0,293.0,299.0,False,True,False,False,False,False,False,False,True
4.0,1.0,4.0,269.0,264.0,253.0,308.0,True,False,False,True,False,False,False,False,False
11.0,4.0,45.0,282.0,299.0,256.0,297.0,False,False,False,False,False,True,False,False,False
12.0,2.0,35.0,211.0,182.0,278.0,317.0,True,False,False,False,False,False,True,False,False
41.0,2.0,42.0,201.0,186.0,258.0,273.0,True,False,False,False,False,False,False,True,False
45.0,2.0,45.0,187.0,174.0,250.0,269.0,False,False,False,False,False,False,False,True,False
2.0,3.0,14.0,276.0,297.0,261.0,300.0,True,False,False,False,False,True,False,False,False
8.0,3.0,39.0,230.0,257.0,277.0,291.0,False,False,True,False,False,False,False,False,False
63.0,2.0,63.0,206.0,183.0,257.0,278.0,True,False,False,False,False,False,False,True,False
4.0,1.0,4.0,273.0,324.0,301.0,310.0,True,False,False,False,False,False,False,False,False
15.0,2.0,32.0,276.0,312.0,301.0,308.0,False,False,False,False,False,False,False,False,False
8.0,2.0,24.0,274.0,296.0,288.0,288.0,False,False,False,False,False,False,False,False,False
9.0,1.0,9.0,207.0,252.0,280.0,288.0,False,False,False,False,True,False,False,False,False
4.0,1.0,4.0,212.0,183.0,277.0,314.0,True,False,False,False,False,False,True,False,False
24.0,2.0,46.0,272.0,269.0,260.0,307.0,False,False,False,True,False,False,False,False,False
15.0,3.0,31.0,280.0,296.0,255.0,289.0,True,False,False,False,False,True,False,False,False
4.0,2.0,5.0,189.0,172.0,264.0,278.0,False,False,False,False,False,False,False,True,False
13.0,2.0,25.0,234.0,254.0,280.0,297.0,False,False,True,False,False,False,False,False,False
14.0,1.0,13.0,205.0,181.0,279.0,307.0,False,False,False,False,False,False,True,False,False
23.0,2.0,44.0,210.0,184.0,285.0,328.0,True,False,False,False,False,False,True,False,False
11.0,3.0,50.0,280.0,302.0,293.0,295.0,False,False,False,False,False,False,False,False,False
7.0,2.0,13.0,285.0,323.0,305.0,328.0,False,False,False,False,False,False,False,False,True
11.0,2.0,21.0,213.0,179.0,278.0,326.0,False,False,False,False,False,False,True,False,False
57.0,2.0,57.0,200.0,182.0,263.0,278.0,False,False,False,False,False,False,False,True,False
13.0,2.0,13.0,278.0,292.0,253.0,288.0,True,False,False,False,False,True,False,False,False
13.0,3.0,22.0,207.0,256.0,279.0,286.0,True,False,False,False,True,False,False,False,False
11.0,2.0,19.0,210.0,250.0,273.0,281.0,False,False,False,False,True,False,False,False,False
10.0,3.0,61.0,206.0,198.0,267.0,269.0,False,False,False,False,False,False,False,True,False
8.0,2.0,35.0,209.0,255.0,282.0,286.0,False,False,False,False,True,False,False,False,False
48.0,2.0,60.0,219.0,195.0,281.0,287.0,False,False,False,False,True,False,False,False,False
6.0,2.0,18.0,214.0,248.0,276.0,287.0,False,False,False,False,True,False,False,False,False
29.0,2.0,54.0,218.0,257.0,280.0,286.0,False,False,False,False,True,False,False,False,False
11.0,2.0,48.0,217.0,257.0,282.0,288.0,True,False,False,False,True,False,False,False,False
12.0,2.0,23.0,235.0,261.0,280.0,300.0,False,False,True,False,False,False,False,False,False
7.0,2.0,8.0,269.0,297.0,253.0,296.0,False,False,False,False,False,True,False,False,False
14.0,2.0,15.0,192.0,180.0,264.0,274.0,False,False,False,False,False,False,False,True,False
12.0,2.0,13.0,273.0,298.0,250.0,300.0,False,False,False,False,False,True,False,False,False
25.0,4.0,47.0,275.0,297.0,254.0,298.0,False,False,False,False,False,True,False,False,False
4.0,2.0,14.0,210.0,185.0,275.0,321.0,False,False,False,False,False,False,True,False,False
22.0,2.0,47.0,215.0,255.0,281.0,286.0,False,False,False,False,True,False,False,False,False
11.0,2.0,48.0,213.0,257.0,283.0,288.0,False,False,False,False,True,False,False,False,False
15.0,4.0,47.0,275.0,300.0,257.0,300.0,False,False,False,False,False,True,False,False,False
7.0,2.0,24.0,234.0,257.0,279.0,294.0,False,False,True,False,False,False,False,False,False
15.0,5.0,45.0,276.0,270.0,258.0,308.0,False,False,False,True,False,False,False,False,False
6.0,1.0,5.0,209.0,250.0,276.0,283.0,True,False,False,False,True,False,False,False,False
39.0,2.0,56.0,276.0,269.0,259.0,307.0,False,False,False,True,False,False,False,False,False
9.0,1.0,9.0,272.0,266.0,254.0,315.0,True,False,False,True,False,False,False,False,False
35.0,2.0,46.0,216.0,257.0,280.0,289.0,False,False,False,False,True,False,False,False,False
5.0,2.0,11.0,267.0,298.0,290.0,306.0,False,False,False,False,False,False,False,False,False
17.0,2.0,24.0,290.0,316.0,311.0,334.0,False,False,False,False,False,False,False,False,True
3.0,1.0,3.0,206.0,183.0,278.0,310.0,False,False,False,False,False,False,True,False,False
6.0,4.0,28.0,279.0,296.0,254.0,296.0,False,False,False,False,False,True,False,False,False
21.0,2.0,32.0,233.0,259.0,279.0,294.0,False,False,True,False,False,False,False,False,False
24.0,1.0,24.0,211.0,255.0,279.0,286.0,True,False,False,False,True,False,False,False,False
29.0,2.0,40.0,217.0,255.0,279.0,288.0,False,False,False,False,True,False,False,False,False
2.0,1.0,2.0,273.0,297.0,298.0,281.0,True,False,False,False,False,False,False,False,False
6.0,1.0,6.0,210.0,181.0,281.0,314.0,True,False,False,False,False,False,True,False,False
33.0,2.0,39.0,288.0,302.0,291.0,301.0,False,False,False,False,False,False,False,False,True
3.0,2.0,16.0,268.0,297.0,289.0,290.0,False,False,False,False,False,False,False,False,False
12.0,1.0,12.0,207.0,183.0,274.0,308.0,True,False,False,False,False,False,True,False,False
42.0,2.0,43.0,188.0,175.0,268.0,283.0,False,False,False,False,False,False,False,True,False
27.0,2.0,51.0,216.0,255.0,282.0,297.0,False,False,False,False,True,False,False,False,False
41.0,2.0,42.0,201.0,193.0,259.0,276.0,True,False,False,False,False,False,False,True,False
44.0,2.0,50.0,290.0,306.0,294.0,309.0,False,False,False,False,False,False,False,False,True
4.0,2.0,11.0,286.0,319.0,308.0,333.0,False,False,False,False,False,False,False,False,True
29.0,2.0,36.0,289.0,311.0,298.0,322.0,False,False,False,False,False,False,False,False,True
13.0,1.0,13.0,212.0,181.0,273.0,315.0,True,False,False,False,False,False,True,False,False
7.0,2.0,40.0,288.0,302.0,295.0,308.0,False,False,False,False,False,False,False,False,True
28.0,2.0,55.0,215.0,255.0,283.0,286.0,False,False,False,False,True,False,False,False,False
11.0,2.0,23.0,209.0,252.0,280.0,289.0,False,False,False,False,True,False,False,False,False
12.0,1.0,12.0,288.0,311.0,296.0,314.0,True,False,False,False,False,False,False,False,True
21.0,2.0,30.0,276.0,309.0,289.0,298.0,False,False,False,False,False,False,False,False,False
13.0,2.0,46.0,214.0,251.0,281.0,283.0,True,False,False,False,True,False,False,False,False
8.0,1.0,8.0,232.0,245.0,278.0,293.0,False,True,True,False,False,False,False,False,False
11.0,2.0,27.0,270.0,293.0,302.0,292.0,True,False,False,False,False,False,False,False,False
7.0,2.0,15.0,274.0,265.0,254.0,315.0,True,False,False,True,False,False,False,False,False
67.0,2.0,68.0,198.0,183.0,264.0,281.0,False,False,False,False,False,False,False,True,False
43.0,2.0,43.0,196.0,191.0,259.0,278.0,False,False,False,False,False,False,False,True,False
30.0,2.0,55.0,217.0,255.0,282.0,286.0,False,False,False,False,True,False,False,False,False
38.0,2.0,45.0,289.0,305.0,298.0,314.0,False,False,False,False,False,False,False,False,True
14.0,2.0,22.0,214.0,250.0,276.0,280.0,False,False,False,False,True,False,False,False,False
17.0,4.0,53.0,280.0,303.0,259.0,301.0,True,False,False,False,False,True,False,False,False
16.0,3.0,32.0,273.0,299.0,290.0,292.0,False,False,False,False,False,False,False,False,False
24.0,2.0,31.0,288.0,297.0,291.0,307.0,False,False,False,False,False,False,False,False,True
16.0,3.0,50.0,280.0,303.0,291.0,293.0,False,False,False,False,False,False,False,False,False
10.0,3.0,44.0,234.0,261.0,288.0,313.0,False,False,True,False,False,False,False,False,False
19.0,2.0,44.0,211.0,253.0,279.0,193.0,False,False,False,False,True,False,False,False,False
2.0,2.0,13.0,232.0,255.0,287.0,300.0,False,False,True,False,False,False,False,False,False
18.0,3.0,54.0,235.0,265.0,281.0,296.0,False,False,True,False,False,False,False,False,False
17.0,3.0,33.0,274.0,301.0,289.0,294.0,False,False,False,False,False,False,False,False,False
19.0,3.0,76.0,206.0,182.0,260.0,286.0,True,False,False,False,False,False,False,True,False
19.0,2.0,36.0,276.0,293.0,287.0,305.0,False,False,False,False,False,False,False,False,False
16.0,2.0,17.0,191.0,182.0,257.0,274.0,False,False,False,False,False,False,False,True,False
31.0,3.0,55.0,273.0,269.0,261.0,309.0,False,False,False,True,False,False,False,False,False
26.0,1.0,26.0,209.0,182.0,274.0,314.0,False,False,False,False,False,False,True,False,False
33.0,2.0,56.0,214.0,186.0,280.0,316.0,True,False,False,False,False,False,True,False,False
5.0,2.0,12.0,272.0,325.0,303.0,316.0,False,False,False,False,False,False,False,False,False
4.0,3.0,39.0,275.0,300.0,292.0,294.0,False,False,False,False,False,False,False,False,False
15.0,2.0,46.0,213.0,255.0,282.0,290.0,True,False,False,False,True,False,False,False,False
31.0,2.0,52.0,276.0,268.0,259.0,309.0,False,False,False,True,False,False,False,False,False
6.0,2.0,15.0,274.0,319.0,301.0,309.0,False,False,False,False,False,False,False,False,False
31.0,1.0,31.0,288.0,302.0,294.0,306.0,True,False,False,False,False,False,False,False,True
4.0,3.0,37.0,234.0,254.0,290.0,302.0,False,False,True,False,False,False,False,False,False
44.0,2.0,44.0,195.0,191.0,259.0,281.0,False,False,False,False,False,False,False,True,False
15.0,3.0,56.0,276.0,299.0,291.0,292.0,False,False,False,False,False,False,False,False,False
6.0,1.0,6.0,227.0,238.0,280.0,316.0,False,True,True,False,False,False,False,False,False
2.0,1.0,2.0,231.0,248.0,282.0,308.0,False,True,True,False,False,False,False,False,False
30.0,2.0,51.0,217.0,258.0,283.0,299.0,False,False,False,False,True,False,False,False,False
4.0,2.0,15.0,264.0,258.0,253.0,301.0,False,False,False,True,False,False,False,False,False
17.0,1.0,17.0,210.0,186.0,269.0,325.0,True,False,False,False,False,False,True,False,False
55.0,2.0,55.0,201.0,185.0,266.0,278.0,False,False,False,False,False,False,False,True,False
8.0,1.0,8.0,270.0,264.0,257.0,327.0,True,False,False,True,False,False,False,False,False
5.0,1.0,5.0,286.0,308.0,307.0,334.0,True,False,False,False,False,False,False,False,True
28.0,2.0,28.0,185.0,177.0,252.0,271.0,False,False,False,False,False,False,False,True,False
10.0,3.0,45.0,237.0,256.0,281.0,303.0,False,True,True,False,False,False,False,False,False
26.0,2.0,33.0,288.0,318.0,309.0,335.0,False,False,False,False,False,False,False,False,True
21.0,1.0,18.0,210.0,182.0,275.0,316.0,True,False,False,False,False,False,True,False,False
6.0,1.0,6.0,213.0,253.0,276.0,284.0,True,False,False,False,True,False,False,False,False
20.0,3.0,55.0,277.0,304.0,293.0,298.0,False,False,False,False,False,False,False,False,False
33.0,2.0,34.0,190.0,183.0,265.0,278.0,False,False,False,False,False,False,False,True,False
46.0,2.0,46.0,189.0,174.0,249.0,270.0,False,False,False,False,False,False,False,True,False
13.0,2.0,20.0,285.0,302.0,294.0,310.0,False,False,False,False,False,False,False,False,True
72.0,2.0,73.0,197.0,188.0,259.0,277.0,True,False,False,False,False,False,False,True,False
2.0,4.0,24.0,275.0,298.0,262.0,296.0,False,False,False,False,False,True,False,False,False
28.0,2.0,52.0,214.0,185.0,277.0,320.0,False,False,False,False,False,False,True,False,False
9.0,1.0,9.0,212.0,183.0,277.0,315.0,False,True,False,False,False,False,True,False,False
9.0,2.0,21.0,230.0,263.0,277.0,298.0,False,False,True,False,False,False,False,False,False
7.0,1.0,7.0,210.0,248.0,274.0,281.0,True,False,False,False,True,False,False,False,False
5.0,1.0,5.0,272.0,317.0,294.0,313.0,False,False,False,False,False,False,False,False,False
36.0,2.0,57.0,219.0,259.0,282.0,294.0,False,False,False,False,True,False,False,False,False
4.0,2.0,15.0,215.0,252.0,278.0,284.0,False,False,False,False,True,False,False,False,False
6.0,2.0,17.0,216.0,250.0,277.0,285.0,False,False,False,False,True,False,False,False,False
5.0,5.0,46.0,280.0,297.0,256.0,297.0,False,True,False,False,False,True,False,False,False
26.0,3.0,55.0,277.0,284.0,291.0,298.0,False,False,False,False,False,False,False,False,False
3.0,2.0,22.0,212.0,184.0,273.0,307.0,False,False,False,False,False,False,True,False,False
26.0,1.0,26.0,213.0,185.0,275.0,313.0,True,False,False,False,False,False,True,False,False
23.0,2.0,39.0,275.0,301.0,290.0,292.0,False,False,False,False,False,False,False,False,False
4.0,2.0,4.0,275.0,295.0,257.0,296.0,True,False,False,False,False,True,False,False,False
34.0,2.0,35.0,202.0,180.0,256.0,278.0,False,False,False,False,False,False,False,True,False
6.0,1.0,6.0,213.0,252.0,276.0,283.0,True,False,False,False,True,False,False,False,False
28.0,2.0,34.0,289.0,304.0,293.0,306.0,False,False,False,False,False,False,False,False,True
16.0,1.0,16.0,208.0,180.0,280.0,328.0,True,False,False,False,False,False,True,False,False
8.0,2.0,8.0,181.0,181.0,262.0,274.0,False,False,False,False,False,False,False,True,False
24.0,2.0,52.0,216.0,186.0,276.0,311.0,False,False,False,False,False,False,True,False,False
3.0,2.0,11.0,267.0,266.0,254.0,313.0,True,False,False,True,False,False,False,False,False
6.0,1.0,6.0,274.0,322.0,290.0,303.0,False,True,False,False,False,False,False,False,False
11.0,2.0,16.0,274.0,305.0,289.0,291.0,False,False,False,False,False,False,False,False,False
17.0,1.0,17.0,209.0,182.0,274.0,318.0,False,False,False,False,False,False,True,False,False
3.0,1.0,3.0,215.0,254.0,281.0,286.0,True,False,False,False,True,False,False,False,False
16.0,2.0,16.0,191.0,187.0,264.0,275.0,False,False,False,False,False,False,False,True,False
31.0,2.0,48.0,275.0,267.0,258.0,307.0,False,False,False,True,False,False,False,False,False
5.0,1.0,5.0,278.0,317.0,300.0,307.0,True,False,False,False,False,False,False,False,False
32.0,1.0,32.0,208.0,254.0,278.0,285.0,True,False,False,False,True,False,False,False,False
68.0,2.0,68.0,197.0,181.0,255.0,276.0,False,False,False,False,False,False,False,True,False
14.0,1.0,11.0,229.0,249.0,282.0,316.0,False,True,True,False,False,False,False,False,False
72.0,2.0,72.0,205.0,195.0,260.0,278.0,False,False,False,False,False,False,False,True,False
12.0,3.0,47.0,278.0,302.0,293.0,295.0,False,False,False,False,False,False,False,False,False
16.0,2.0,17.0,188.0,185.0,258.0,271.0,True,False,False,False,False,False,False,True,False
4.0,1.0,4.0,274.0,265.0,253.0,332.0,True,False,False,True,False,False,False,False,False
10.0,4.0,53.0,275.0,271.0,260.0,309.0,True,False,False,True,False,False,False,False,False
9.0,2.0,19.0,229.0,255.0,276.0,295.0,False,False,True,False,False,False,False,False,False
4.0,1.0,4.0,212.0,182.0,280.0,321.0,True,False,False,False,False,False,True,False,False
9.0,3.0,44.0,237.0,255.0,282.0,301.0,False,False,True,False,False,False,False,False,False
3.0,1.0,3.0,211.0,252.0,279.0,285.0,True,False,False,False,True,False,False,False,False
38.0,2.0,45.0,290.0,310.0,296.0,307.0,False,False,False,False,False,False,False,False,True
6.0,2.0,15.0,282.0,269.0,255.0,312.0,True,False,False,True,False,False,False,False,False
43.0,2.0,56.0,213.0,256.0,282.0,286.0,False,False,False,False,True,False,False,False,False
21.0,4.0,69.0,197.0,186.0,264.0,281.0,False,True,False,False,False,False,False,True,False
5.0,2.0,14.0,265.0,265.0,254.0,315.0,True,False,False,True,False,False,False,False,False
23.0,2.0,29.0,288.0,303.0,295.0,307.0,False,False,False,False,False,False,False,False,True
12.0,3.0,47.0,273.0,303.0,290.0,293.0,False,False,False,False,False,False,False,False,False
20.0,2.0,26.0,289.0,316.0,307.0,332.0,False,False,False,False,False,False,False,False,True
6.0,1.0,6.0,269.0,260.0,254.0,324.0,True,False,False,True,False,False,False,False,False
12.0,3.0,41.0,214.0,187.0,280.0,319.0,True,False,False,False,False,False,True,False,False
9.0,3.0,50.0,236.0,263.0,280.0,294.0,False,False,True,False,False,False,False,False,False
22.0,3.0,72.0,206.0,194.0,262.0,284.0,False,False,False,False,False,False,False,True,False
15.0,2.0,27.0,235.0,252.0,280.0,302.0,False,False,True,False,False,False,False,False,False
24.0,5.0,54.0,277.0,272.0,258.0,312.0,False,False,False,True,False,False,False,False,False
40.0,2.0,47.0,292.0,312.0,300.0,321.0,False,False,False,False,False,False,False,False,True
18.0,1.0,18.0,211.0,249.0,274.0,280.0,True,False,False,False,True,False,False,False,False
13.0,1.0,13.0,285.0,299.0,290.0,301.0,True,False,False,False,False,False,False,False,True
21.0,2.0,26.0,270.0,294.0,288.0,290.0,False,False,False,False,False,False,False,False,False
10.0,2.0,23.0,235.0,249.0,279.0,295.0,False,False,True,False,False,False,False,False,False
12.0,3.0,26.0,181.0,179.0,265.0,280.0,False,False,False,False,False,False,False,True,False
27.0,3.0,50.0,272.0,269.0,261.0,310.0,False,False,False,True,False,False,False,False,False
22.0,1.0,22.0,208.0,182.0,277.0,313.0,True,False,False,False,False,False,True,False,False
8.0,1.0,8.0,215.0,252.0,276.0,286.0,True,False,False,False,True,False,False,False,False
64.0,2.0,65.0,200.0,191.0,262.0,279.0,True,False,False,False,False,False,False,True,False
43.0,2.0,50.0,293.0,315.0,292.0,309.0,False,False,False,False,False,False,False,False,True
5.0,1.0,2.0,232.0,240.0,277.0,293.0,False,True,True,False,False,False,False,False,False
16.0,2.0,33.0,277.0,303.0,291.0,297.0,True,False,False,False,False,False,False,False,False
17.0,3.0,45.0,214.0,186.0,286.0,333.0,True,False,False,False,False,False,True,False,False
17.0,2.0,24.0,288.0,303.0,293.0,310.0,False,False,False,False,False,False,False,False,True
6.0,4.0,39.0,278.0,300.0,256.0,298.0,False,False,False,False,False,True,False,False,False
17.0,5.0,37.0,216.0,257.0,280.0,285.0,True,False,False,False,True,False,False,False,False
6.0,1.0,6.0,233.0,251.0,282.0,314.0,False,True,True,False,False,False,False,False,False
5.0,2.0,5.0,276.0,298.0,257.0,299.0,False,True,False,False,False,True,False,False,False
20.0,2.0,43.0,212.0,183.0,282.0,331.0,True,False,False,False,False,False,True,False,False
20.0,2.0,20.0,189.0,178.0,254.0,274.0,False,False,False,False,False,False,False,True,False
5.0,3.0,27.0,276.0,305.0,257.0,302.0,False,False,False,False,False,True,False,False,False
24.0,2.0,25.0,188.0,181.0,258.0,273.0,True,False,False,False,False,False,False,True,False
6.0,2.0,27.0,215.0,253.0,278.0,292.0,False,False,False,False,True,False,False,False,False
72.0,2.0,72.0,202.0,194.0,269.0,283.0,False,False,False,False,False,False,False,True,False
18.0,2.0,18.0,198.0,173.0,261.0,274.0,False,False,False,False,False,False,False,True,False
58.0,2.0,59.0,191.0,183.0,265.0,280.0,False,False,False,False,False,False,False,True,False
17.0,2.0,24.0,292.0,318.0,292.0,312.0,False,False,False,False,False,False,False,False,True
53.0,2.0,54.0,189.0,178.0,258.0,279.0,True,False,False,False,False,False,False,True,False
32.0,2.0,33.0,175.0,182.0,264.0,280.0,False,False,False,False,False,False,False,True,False
23.0,2.0,47.0,212.0,185.0,278.0,321.0,False,False,False,False,False,False,True,False,False
28.0,3.0,51.0,272.0,269.0,260.0,310.0,False,False,False,True,False,False,False,False,False
45.0,2.0,46.0,197.0,192.0,260.0,277.0,True,False,False,False,False,False,False,True,False
35.0,2.0,36.0,189.0,181.0,259.0,275.0,True,False,False,False,False,False,False,True,False
3.0,2.0,13.0,231.0,253.0,249.0,298.0,False,False,True,False,False,False,False,False,False
9.0,1.0,9.0,273.0,318.0,301.0,303.0,True,False,False,False,False,False,False,False,False
11.0,2.0,22.0,231.0,255.0,282.0,302.0,False,False,True,False,False,False,False,False,False
7.0,2.0,7.0,180.0,164.0,264.0,272.0,False,False,False,False,False,False,False,True,False
17.0,1.0,17.0,208.0,254.0,277.0,283.0,True,False,False,False,True,False,False,False,False
40.0,2.0,41.0,193.0,186.0,259.0,275.0,True,False,False,False,False,False,False,True,False
27.0,2.0,28.0,168.0,180.0,266.0,281.0,False,False,False,False,False,False,False,True,False
7.0,2.0,19.0,211.0,184.0,278.0,317.0,False,False,False,False,False,False,True,False,False
48.0,2.0,59.0,215.0,257.0,280.0,290.0,False,False,False,False,True,False,False,False,False
4.0,2.0,17.0,279.0,262.0,251.0,334.0,False,False,False,True,False,False,False,False,False
20.0,1.0,20.0,286.0,303.0,293.0,306.0,True,False,False,False,False,False,False,False,True
10.0,1.0,7.0,229.0,246.0,276.0,302.0,False,True,True,False,False,False,False,False,False
5.0,1.0,5.0,280.0,257.0,254.0,305.0,True,False,False,True,False,False,False,False,False
37.0,2.0,47.0,212.0,184.0,286.0,340.0,False,False,False,False,False,False,True,False,False
11.0,3.0,61.0,206.0,197.0,263.0,282.0,False,False,False,False,False,False,False,True,False
44.0,2.0,45.0,181.0,170.0,255.0,275.0,False,False,False,False,False,False,False,True,False
6.0,4.0,46.0,271.0,265.0,258.0,305.0,False,True,False,True,False,False,False,False,False
27.0,2.0,35.0,216.0,251.0,279.0,284.0,False,False,False,False,True,False,False,False,False
22.0,3.0,38.0,275.0,301.0,301.0,292.0,False,False,False,False,False,False,False,False,False
2.0,1.0,2.0,215.0,255.0,280.0,282.0,True,False,False,False,True,False,False,False,False
10.0,1.0,10.0,264.0,264.0,255.0,311.0,False,True,False,True,False,False,False,False,False
14.0,3.0,45.0,236.0,267.0,283.0,300.0,False,False,True,False,False,False,False,False,False
43.0,2.0,50.0,289.0,313.0,287.0,313.0,False,False,False,False,False,False,False,False,True
5.0,2.0,5.0,164.0,176.0,266.0,270.0,True,False,False,False,False,False,False,True,False
22.0,2.0,46.0,209.0,185.0,277.0,321.0,False,False,False,False,False,False,True,False,False
11.0,4.0,54.0,234.0,256.0,278.0,291.0,False,True,True,False,False,False,False,False,False
17.0,2.0,45.0,215.0,186.0,275.0,315.0,False,False,False,False,False,False,True,False,False
37.0,2.0,38.0,187.0,168.0,256.0,276.0,False,False,False,False,False,False,False,True,False
19.0,3.0,54.0,238.0,258.0,288.0,320.0,False,True,True,False,False,False,False,False,False
14.0,3.0,37.0,275.0,269.0,259.0,311.0,False,True,False,True,False,False,False,False,False
18.0,3.0,53.0,278.0,303.0,293.0,296.0,False,False,False,False,False,False,False,False,False
24.0,2.0,61.0,212.0,258.0,287.0,304.0,False,False,False,False,True,False,False,False,False
17.0,3.0,40.0,270.0,265.0,256.0,307.0,False,False,False,True,False,False,False,False,False
9.0,3.0,25.0,281.0,295.0,254.0,287.0,True,False,False,False,False,True,False,False,False
11.0,2.0,18.0,272.0,294.0,286.0,295.0,False,False,False,False,False,False,False,False,False
14.0,2.0,20.0,288.0,316.0,302.0,320.0,False,False,False,False,False,False,False,False,True
8.0,3.0,20.0,279.0,298.0,253.0,299.0,False,False,False,False,False,True,False,False,False
12.0,3.0,47.0,278.0,309.0,294.0,302.0,False,False,False,False,False,False,False,False,False
3.0,1.0,2.0,210.0,185.0,280.0,327.0,True,False,False,False,False,False,True,False,False
14.0,5.0,44.0,276.0,271.0,258.0,308.0,False,False,False,True,False,False,False,False,False
6.0,2.0,20.0,230.0,249.0,280.0,299.0,False,False,True,False,False,False,False,False,False
16.0,3.0,48.0,236.0,263.0,284.0,303.0,False,False,True,False,False,False,False,False,False
4.0,4.0,26.0,273.0,297.0,259.0,292.0,False,False,False,False,False,True,False,False,False
3.0,1.0,3.0,272.0,327.0,306.0,307.0,False,False,False,False,False,False,False,False,False
31.0,2.0,32.0,179.0,180.0,265.0,281.0,False,False,False,False,False,False,False,True,False
7.0,2.0,43.0,215.0,256.0,285.0,287.0,False,False,False,False,True,False,False,False,False
6.0,3.0,41.0,278.0,302.0,292.0,295.0,False,False,False,False,False,False,False,False,False
21.0,1.0,21.0,215.0,254.0,279.0,287.0,False,False,False,False,True,False,False,False,False
26.0,3.0,57.0,235.0,261.0,283.0,300.0,False,False,True,False,False,False,False,False,False
9.0,3.0,22.0,275.0,298.0,254.0,293.0,True,False,False,False,False,True,False,False,False
10.0,2.0,11.0,270.0,298.0,258.0,297.0,True,False,False,False,False,True,False,False,False
8.0,3.0,27.0,273.0,301.0,256.0,297.0,False,False,False,False,False,True,False,False,False
13.0,3.0,36.0,274.0,263.0,261.0,330.0,False,False,False,True,False,False,False,False,False
6.0,2.0,23.0,275.0,326.0,292.0,300.0,True,False,False,False,False,False,False,False,False
12.0,2.0,21.0,229.0,255.0,278.0,299.0,False,False,True,False,False,False,False,False,False
24.0,3.0,51.0,277.0,298.0,291.0,305.0,False,False,False,False,False,False,False,False,False
29.0,2.0,52.0,213.0,185.0,283.0,314.0,True,False,False,False,False,False,True,False,False
24.0,2.0,32.0,274.0,297.0,289.0,298.0,False,False,False,False,False,False,False,False,False
12.0,1.0,9.0,231.0,243.0,276.0,292.0,False,True,True,False,False,False,False,False,False
29.0,2.0,50.0,276.0,268.0,259.0,308.0,False,False,False,True,False,False,False,False,False
30.0,5.0,50.0,200.0,256.0,281.0,286.0,True,False,False,False,True,False,False,False,False
8.0,2.0,27.0,212.0,182.0,275.0,314.0,False,False,False,False,False,False,True,False,False
12.0,1.0,12.0,271.0,297.0,287.0,297.0,True,False,False,False,False,False,False,False,False
2.0,1.0,2.0,270.0,325.0,304.0,287.0,True,False,False,False,False,False,False,False,False
10.0,1.0,10.0,274.0,304.0,290.0,298.0,False,False,False,False,False,False,False,False,False
12.0,3.0,40.0,233.0,256.0,281.0,297.0,False,False,True,False,False,False,False,False,False
29.0,2.0,53.0,212.0,185.0,278.0,320.0,False,False,False,False,False,False,True,False,False
40.0,2.0,47.0,290.0,304.0,297.0,309.0,False,False,False,False,False,False,False,False,True
23.0,2.0,32.0,276.0,298.0,288.0,293.0,False,False,False,False,False,False,False,False,False
30.0,3.0,53.0,268.0,262.0,258.0,302.0,False,False,False,True,False,False,False,False,False
11.0,2.0,36.0,218.0,254.0,281.0,287.0,False,False,False,False,True,False,False,False,False
9.0,4.0,49.0,276.0,270.0,256.0,329.0,False,True,False,True,False,False,False,False,False
47.0,2.0,48.0,196.0,186.0,262.0,277.0,True,False,False,False,False,False,False,True,False
6.0,2.0,7.0,273.0,298.0,254.0,299.0,False,False,False,False,False,True,False,False,False
11.0,2.0,12.0,232.0,250.0,279.0,299.0,False,False,True,False,False,False,False,False,False
54.0,3.0,68.0,194.0,187.0,269.0,280.0,False,False,False,False,False,False,False,True,False
24.0,2.0,31.0,287.0,312.0,297.0,315.0,False,False,False,False,False,False,False,False,True
14.0,3.0,28.0,277.0,297.0,255.0,296.0,True,False,False,False,False,True,False,False,False
19.0,2.0,26.0,287.0,302.0,295.0,310.0,False,False,False,False,False,False,False,False,True
6.0,1.0,6.0,212.0,252.0,276.0,284.0,True,False,False,False,True,False,False,False,False
32.0,2.0,33.0,202.0,185.0,256.0,277.0,False,False,False,False,False,False,False,True,False
5.0,2.0,13.0,213.0,249.0,274.0,281.0,False,False,False,False,True,False,False,False,False
28.0,2.0,35.0,268.0,293.0,287.0,287.0,False,False,False,False,False,False,False,False,False
17.0,1.0,17.0,210.0,254.0,278.0,286.0,False,False,False,False,True,False,False,False,False
11.0,2.0,28.0,273.0,300.0,290.0,311.0,True,False,False,False,False,False,False,False,False
4.0,1.0,4.0,280.0,315.0,305.0,320.0,False,True,False,False,False,False,False,False,True
14.0,3.0,46.0,234.0,262.0,283.0,302.0,False,False,True,False,False,False,False,False,False
5.0,3.0,38.0,233.0,257.0,290.0,316.0,False,False,True,False,False,False,False,False,False
13.0,1.0,13.0,207.0,253.0,278.0,287.0,True,False,False,False,True,False,False,False,False
10.0,1.0,10.0,271.0,262.0,253.0,309.0,False,False,False,True,False,False,False,False,False
9.0,5.0,43.0,278.0,299.0,256.0,298.0,False,True,False,False,False,True,False,False,False
16.0,3.0,52.0,234.0,266.0,282.0,299.0,False,True,True,False,False,False,False,False,False
16.0,1.0,16.0,209.0,183.0,277.0,312.0,True,False,False,False,False,False,True,False,False
29.0,2.0,36.0,288.0,319.0,306.0,326.0,False,False,False,False,False,False,False,False,True
7.0,1.0,7.0,268.0,266.0,258.0,311.0,True,False,False,True,False,False,False,False,False
20.0,2.0,41.0,275.0,269.0,265.0,327.0,False,False,False,True,False,False,False,False,False
15.0,1.0,15.0,212.0,249.0,275.0,280.0,True,False,False,False,True,False,False,False,False
18.0,2.0,46.0,214.0,185.0,276.0,317.0,False,False,False,False,False,False,True,False,False
9.0,2.0,16.0,286.0,325.0,309.0,329.0,False,False,False,False,False,False,False,False,True
31.0,2.0,31.0,198.0,185.0,258.0,279.0,False,False,False,False,False,False,False,True,False
31.0,2.0,43.0,212.0,186.0,273.0,319.0,False,False,False,False,False,False,True,False,False
8.0,1.0,8.0,269.0,264.0,253.0,310.0,False,True,False,True,False,False,False,False,False
23.0,2.0,30.0,275.0,306.0,290.0,297.0,False,False,False,False,False,False,False,False,False
4.0,1.0,4.0,230.0,248.0,287.0,323.0,False,True,True,False,False,False,False,False,False
30.0,2.0,31.0,196.0,191.0,258.0,276.0,True,False,False,False,False,False,False,True,False
23.0,2.0,29.0,214.0,255.0,275.0,284.0,False,False,False,False,True,False,False,False,False
20.0,2.0,21.0,276.0,297.0,255.0,298.0,False,False,False,False,False,True,False,False,False
9.0,1.0,9.0,212.0,182.0,276.0,321.0,True,False,False,False,False,False,True,False,False
11.0,1.0,11.0,212.0,250.0,279.0,284.0,True,False,False,False,True,False,False,False,False
2.0,2.0,24.0,216.0,183.0,271.0,315.0,False,False,False,False,False,False,True,False,False
17.0,2.0,44.0,213.0,185.0,276.0,309.0,False,False,False,False,False,False,True,False,False
7.0,1.0,7.0,209.0,180.0,278.0,332.0,True,False,False,False,False,False,True,False,False
12.0,1.0,9.0,232.0,257.0,278.0,299.0,False,True,True,False,False,False,False,False,False
13.0,2.0,29.0,274.0,315.0,302.0,317.0,True,False,False,False,False,False,False,False,False
22.0,1.0,21.0,212.0,254.0,278.0,284.0,True,False,False,False,True,False,False,False,False
48.0,2.0,48.0,193.0,189.0,258.0,278.0,False,False,False,False,False,False,False,True,False
2.0,2.0,11.0,269.0,266.0,254.0,309.0,True,False,False,True,False,False,False,False,False
24.0,2.0,45.0,277.0,268.0,258.0,311.0,False,False,False,True,False,False,False,False,False
20.0,3.0,49.0,277.0,298.0,290.0,293.0,False,False,False,False,False,False,False,False,False
14.0,2.0,26.0,211.0,181.0,282.0,321.0,False,False,False,False,False,False,True,False,False
9.0,2.0,31.0,219.0,257.0,282.0,292.0,False,False,False,False,True,False,False,False,False
46.0,2.0,47.0,192.0,189.0,258.0,268.0,True,False,False,False,False,False,False,True,False
28.0,3.0,52.0,276.0,267.0,257.0,308.0,False,False,False,True,False,False,False,False,False
16.0,1.0,16.0,211.0,183.0,274.0,315.0,True,False,False,False,False,False,True,False,False
19.0,3.0,53.0,210.0,185.0,285.0,328.0,True,False,False,False,False,False,True,False,False
4.0,3.0,44.0,182.0,186.0,260.0,278.0,False,False,False,False,False,False,False,True,False
10.0,2.0,17.0,283.0,297.0,292.0,304.0,False,False,False,False,False,False,False,False,True
24.0,2.0,30.0,215.0,255.0,275.0,285.0,False,False,False,False,True,False,False,False,False
7.0,2.0,48.0,289.0,305.0,293.0,308.0,False,True,False,False,False,False,False,False,True
17.0,2.0,18.0,179.0,185.0,256.0,265.0,True,False,False,False,False,False,False,True,False
32.0,2.0,32.0,184.0,186.0,266.0,280.0,False,False,False,False,False,False,False,True,False
19.0,2.0,48.0,212.0,187.0,277.0,316.0,False,False,False,False,False,False,True,False,False
25.0,3.0,55.0,235.0,257.0,278.0,294.0,False,False,True,False,False,False,False,False,False
2.0,3.0,37.0,277.0,304.0,294.0,295.0,False,False,False,False,False,False,False,False,False
13.0,2.0,21.0,278.0,305.0,289.0,296.0,False,False,False,False,False,False,False,False,False
73.0,2.0,73.0,209.0,196.0,260.0,279.0,False,False,False,False,False,False,False,True,False
10.0,2.0,20.0,230.0,255.0,275.0,289.0,False,False,True,False,False,False,False,False,False
5.0,2.0,16.0,233.0,255.0,288.0,324.0,False,False,True,False,False,False,False,False,False
21.0,3.0,55.0,237.0,267.0,281.0,299.0,False,False,True,False,False,False,False,False,False
5.0,1.0,5.0,288.0,310.0,298.0,316.0,True,False,False,False,False,False,False,False,True
3.0,1.0,2.0,275.0,328.0,304.0,295.0,True,False,False,False,False,False,False,False,False
11.0,3.0,33.0,274.0,302.0,258.0,300.0,False,False,False,False,False,True,False,False,False
10.0,3.0,60.0,220.0,257.0,282.0,286.0,True,False,False,False,True,False,False,False,False
4.0,3.0,35.0,230.0,256.0,276.0,290.0,False,False,True,False,False,False,False,False,False
2.0,2.0,15.0,235.0,253.0,278.0,299.0,False,False,True,False,False,False,False,False,False
22.0,1.0,22.0,209.0,252.0,276.0,295.0,True,False,False,False,True,False,False,False,False
75.0,2.0,76.0,207.0,192.0,262.0,283.0,True,False,False,False,False,False,False,True,False
4.0,2.0,13.0,270.0,295.0,288.0,289.0,False,False,False,False,False,False,False,False,False
12.0,1.0,9.0,229.0,258.0,283.0,314.0,False,True,True,False,False,False,False,False,False
10.0,2.0,10.0,177.0,176.0,260.0,276.0,False,False,False,False,False,False,False,True,False
25.0,2.0,26.0,179.0,189.0,256.0,263.0,True,False,False,False,False,False,False,True,False
10.0,3.0,38.0,215.0,185.0,286.0,308.0,True,False,False,False,False,False,True,False,False
26.0,3.0,56.0,237.0,257.0,278.0,294.0,False,False,True,False,False,False,False,False,False
15.0,1.0,15.0,286.0,304.0,296.0,310.0,True,False,False,False,False,False,False,False,True
5.0,2.0,6.0,194.0,177.0,266.0,278.0,False,False,False,False,False,False,False,True,False
14.0,3.0,28.0,185.0,175.0,258.0,267.0,False,False,False,False,False,False,False,True,False
7.0,3.0,35.0,216.0,187.0,288.0,329.0,True,False,False,False,False,False,True,False,False
22.0,3.0,48.0,277.0,298.0,256.0,299.0,False,False,False,False,False,True,False,False,False
12.0,3.0,53.0,276.0,294.0,290.0,291.0,False,False,False,False,False,False,False,False,False
29.0,2.0,37.0,282.0,302.0,290.0,298.0,False,False,False,False,False,False,False,False,False
10.0,3.0,26.0,274.0,300.0,254.0,299.0,True,False,False,False,False,True,False,False,False
25.0,2.0,25.0,184.0,172.0,251.0,273.0,False,False,False,False,False,False,False,True,False
13.0,2.0,36.0,215.0,186.0,279.0,303.0,True,False,False,False,False,False,True,False,False
17.0,2.0,18.0,272.0,301.0,253.0,300.0,False,False,False,False,False,True,False,False,False
3.0,1.0,3.0,211.0,253.0,280.0,288.0,False,False,False,False,True,False,False,False,False
7.0,2.0,44.0,213.0,255.0,281.0,285.0,True,False,False,False,True,False,False,False,False
32.0,2.0,56.0,217.0,255.0,283.0,294.0,False,False,False,False,True,False,False,False,False
5.0,3.0,38.0,277.0,307.0,294.0,299.0,False,False,False,False,False,False,False,False,False
12.0,3.0,46.0,278.0,298.0,291.0,292.0,False,False,False,False,False,False,False,False,False
5.0,3.0,33.0,233.0,250.0,287.0,301.0,False,False,True,False,False,False,False,False,False
33.0,1.0,33.0,288.0,301.0,296.0,306.0,True,False,False,False,False,False,False,False,True
23.0,1.0,23.0,214.0,255.0,278.0,287.0,True,False,False,False,True,False,False,False,False
3.0,3.0,39.0,268.0,293.0,288.0,286.0,False,False,False,False,False,False,False,False,False
8.0,3.0,43.0,280.0,305.0,293.0,298.0,False,False,False,False,False,False,False,False,False
5.0,2.0,16.0,218.0,253.0,278.0,285.0,False,False,False,False,True,False,False,False,False
8.0,4.0,41.0,281.0,301.0,258.0,301.0,False,False,False,False,False,True,False,False,False
12.0,2.0,26.0,275.0,301.0,304.0,295.0,False,False,False,False,False,False,False,False,False
21.0,3.0,35.0,180.0,181.0,266.0,280.0,False,False,False,False,False,False,False,True,False
6.0,3.0,39.0,279.0,308.0,305.0,299.0,False,False,False,False,False,False,False,False,False
26.0,2.0,27.0,194.0,180.0,255.0,277.0,False,False,False,False,False,False,False,True,False
7.0,2.0,8.0,178.0,178.0,262.0,279.0,True,False,False,False,False,False,False,True,False
6.0,2.0,16.0,228.0,254.0,277.0,293.0,False,False,True,False,False,False,False,False,False
9.0,1.0,9.0,272.0,265.0,255.0,308.0,True,False,False,True,False,False,False,False,False
12.0,1.0,12.0,210.0,248.0,274.0,281.0,True,False,False,False,True,False,False,False,False
2.0,2.0,8.0,273.0,299.0,289.0,297.0,False,False,False,False,False,False,False,False,False
20.0,2.0,20.0,190.0,186.0,256.0,276.0,False,False,False,False,False,False,False,True,False
31.0,2.0,32.0,196.0,178.0,255.0,275.0,False,False,False,False,False,False,False,True,False
7.0,3.0,41.0,237.0,270.0,281.0,301.0,False,False,True,False,False,False,False,False,False
19.0,3.0,53.0,277.0,299.0,291.0,292.0,False,False,False,False,False,False,False,False,False
61.0,2.0,61.0,203.0,187.0,265.0,280.0,False,False,False,False,False,False,False,True,False
31.0,2.0,38.0,286.0,301.0,294.0,304.0,False,False,False,False,False,False,False,False,True
29.0,2.0,50.0,219.0,256.0,282.0,299.0,False,False,False,False,True,False,False,False,False
36.0,2.0,63.0,211.0,259.0,281.0,297.0,False,False,False,False,True,False,False,False,False
8.0,2.0,20.0,209.0,182.0,282.0,321.0,False,False,False,False,False,False,True,False,False
9.0,2.0,26.0,276.0,299.0,290.0,295.0,False,False,False,False,False,False,False,False,False
9.0,4.0,49.0,234.0,258.0,281.0,297.0,False,True,True,False,False,False,False,False,False
30.0,2.0,37.0,288.0,309.0,298.0,322.0,False,False,False,False,False,False,False,False,True
26.0,2.0,54.0,214.0,186.0,278.0,314.0,False,False,False,False,False,False,True,False,False
3.0,2.0,12.0,230.0,241.0,278.0,300.0,False,False,True,False,False,False,False,False,False
13.0,4.0,49.0,278.0,298.0,257.0,296.0,False,False,False,False,False,True,False,False,False
13.0,2.0,14.0,195.0,177.0,257.0,280.0,False,False,False,False,False,False,False,True,False
19.0,1.0,19.0,290.0,309.0,297.0,311.0,True,False,False,False,False,False,False,False,True
56.0,2.0,56.0,198.0,176.0,256.0,281.0,False,False,False,False,False,False,False,True,False
56.0,2.0,57.0,206.0,189.0,256.0,274.0,False,False,False,False,False,False,False,True,False
16.0,3.0,57.0,279.0,300.0,292.0,293.0,False,False,False,False,False,False,False,False,False
4.0,1.0,3.0,284.0,304.0,294.0,303.0,True,False,False,False,False,False,False,False,True
4.0,3.0,54.0,221.0,258.0,282.0,291.0,True,False,False,False,True,False,False,False,False
40.0,2.0,52.0,218.0,251.0,278.0,288.0,False,False,False,False,True,False,False,False,False
12.0,2.0,40.0,215.0,185.0,282.0,310.0,False,True,False,False,False,False,True,False,False
18.0,3.0,48.0,234.0,256.0,277.0,292.0,False,False,True,False,False,False,False,False,False
4.0,3.0,26.0,279.0,296.0,255.0,295.0,False,False,False,False,False,True,False,False,False
17.0,2.0,26.0,233.0,250.0,281.0,303.0,False,False,True,False,False,False,False,False,False
17.0,2.0,23.0,288.0,303.0,293.0,307.0,False,False,False,False,False,False,False,False,True
42.0,3.0,56.0,184.0,175.0,261.0,284.0,False,False,False,False,False,False,False,True,False
10.0,2.0,21.0,215.0,251.0,277.0,287.0,False,False,False,False,True,False,False,False,False
16.0,3.0,32.0,273.0,299.0,256.0,299.0,True,False,False,False,False,True,False,False,False
68.0,2.0,68.0,205.0,189.0,261.0,282.0,False,False,False,False,False,False,False,True,False
11.0,2.0,12.0,275.0,300.0,258.0,301.0,False,False,False,False,False,True,False,False,False
4.0,1.0,4.0,266.0,259.0,254.0,302.0,True,False,False,True,False,False,False,False,False
17.0,3.0,39.0,279.0,302.0,259.0,302.0,False,False,False,False,False,True,False,False,False
29.0,2.0,41.0,215.0,252.0,277.0,287.0,False,False,False,False,True,False,False,False,False
54.0,2.0,54.0,167.0,177.0,256.0,279.0,False,False,False,False,False,False,False,True,False
8.0,1.0,7.0,263.0,303.0,290.0,310.0,True,False,False,False,False,False,False,False,False
16.0,4.0,52.0,279.0,300.0,258.0,298.0,False,False,False,False,False,True,False,False,False
29.0,2.0,42.0,212.0,255.0,282.0,284.0,False,False,False,False,True,False,False,False,False
74.0,2.0,74.0,209.0,194.0,261.0,279.0,False,False,False,False,False,False,False,True,False
10.0,3.0,44.0,216.0,187.0,280.0,322.0,True,False,False,False,False,False,True,False,False
5.0,1.0,5.0,271.0,267.0,259.0,325.0,True,False,False,True,False,False,False,False,False
26.0,1.0,26.0,211.0,184.0,276.0,313.0,True,False,False,False,False,False,True,False,False
19.0,2.0,19.0,177.0,173.0,251.0,273.0,False,False,False,False,False,False,False,True,False
5.0,1.0,5.0,274.0,324.0,302.0,309.0,True,False,False,False,False,False,False,False,False
30.0,2.0,55.0,210.0,253.0,279.0,283.0,False,False,False,False,True,False,False,False,False
18.0,3.0,46.0,214.0,186.0,279.0,318.0,True,False,False,False,False,False,True,False,False
8.0,2.0,15.0,289.0,304.0,296.0,312.0,False,False,False,False,False,False,False,False,True
42.0,2.0,54.0,211.0,185.0,280.0,317.0,False,False,False,False,False,False,True,False,False
18.0,2.0,25.0,276.0,307.0,291.0,296.0,False,False,False,False,False,False,False,False,False
4.0,3.0,43.0,275.0,306.0,294.0,293.0,False,False,False,False,False,False,False,False,False
5.0,2.0,12.0,268.0,298.0,289.0,301.0,False,False,False,False,False,False,False,False,False
13.0,3.0,27.0,181.0,177.0,264.0,275.0,False,False,False,False,False,False,False,True,False
13.0,2.0,24.0,231.0,246.0,280.0,295.0,False,False,True,False,False,False,False,False,False
3.0,4.0,43.0,234.0,259.0,282.0,297.0,False,True,True,False,False,False,False,False,False
4.0,2.0,20.0,272.0,297.0,287.0,297.0,True,False,False,False,False,False,False,False,False
36.0,2.0,49.0,214.0,255.0,282.0,286.0,False,False,False,False,True,False,False,False,False
29.0,1.0,29.0,284.0,302.0,293.0,303.0,True,False,False,False,False,False,False,False,True
10.0,2.0,16.0,279.0,309.0,290.0,300.0,False,False,False,False,False,False,False,False,False
16.0,2.0,30.0,232.0,253.0,278.0,299.0,False,False,True,False,False,False,False,False,False
9.0,2.0,15.0,286.0,305.0,293.0,306.0,False,False,False,False,False,False,False,False,True
13.0,3.0,36.0,278.0,268.0,256.0,315.0,False,False,False,True,False,False,False,False,False
11.0,2.0,17.0,288.0,318.0,304.0,323.0,False,False,False,False,False,False,False,False,True
23.0,3.0,51.0,216.0,186.0,283.0,319.0,True,False,False,False,False,False,True,False,False
2.0,2.0,10.0,272.0,302.0,290.0,230.0,False,False,False,False,False,False,False,False,False
17.0,3.0,40.0,274.0,268.0,258.0,309.0,False,False,False,True,False,False,False,False,False
10.0,2.0,17.0,288.0,298.0,292.0,304.0,False,False,False,False,False,False,False,False,True
11.0,3.0,46.0,274.0,303.0,290.0,294.0,False,False,False,False,False,False,False,False,False
19.0,2.0,46.0,214.0,186.0,276.0,309.0,False,False,False,False,False,False,True,False,False
6.0,3.0,63.0,212.0,190.0,259.0,278.0,True,False,False,False,False,False,False,True,False
7.0,1.0,4.0,228.0,243.0,284.0,297.0,False,True,True,False,False,False,False,False,False
19.0,2.0,27.0,281.0,301.0,289.0,296.0,False,False,False,False,False,False,False,False,False
2.0,2.0,19.0,275.0,304.0,291.0,297.0,True,False,False,False,False,False,False,False,False
17.0,1.0,17.0,217.0,254.0,282.0,289.0,True,False,False,False,True,False,False,False,False
16.0,2.0,24.0,277.0,306.0,289.0,298.0,False,False,False,False,False,False,False,False,False
15.0,3.0,51.0,278.0,304.0,291.0,297.0,False,False,False,False,False,False,False,False,False
2.0,3.0,7.0,275.0,303.0,257.0,302.0,False,False,False,False,False,True,False,False,False
36.0,2.0,44.0,211.0,255.0,278.0,284.0,False,False,False,False,True,False,False,False,False
27.0,3.0,50.0,269.0,261.0,256.0,302.0,False,False,False,True,False,False,False,False,False
12.0,1.0,12.0,286.0,308.0,307.0,329.0,True,False,False,False,False,False,False,False,True
2.0,2.0,27.0,215.0,254.0,279.0,283.0,False,False,False,False,True,False,False,False,False
8.0,3.0,49.0,277.0,298.0,292.0,289.0,False,False,False,False,False,False,False,False,False
15.0,2.0,38.0,211.0,184.0,281.0,336.0,True,False,False,False,False,False,True,False,False
2.0,1.0,2.0,213.0,253.0,278.0,292.0,True,False,False,False,True,False,False,False,False
23.0,2.0,38.0,234.0,254.0,278.0,301.0,False,False,True,False,False,False,False,False,False
15.0,2.0,43.0,216.0,187.0,283.0,329.0,False,True,False,False,False,False,True,False,False
32.0,2.0,39.0,289.0,304.0,295.0,307.0,False,False,False,False,False,False,False,False,True
18.0,3.0,42.0,274.0,267.0,257.0,307.0,False,False,False,True,False,False,False,False,False
23.0,3.0,56.0,238.0,267.0,284.0,304.0,False,False,True,False,False,False,False,False,False
7.0,2.0,8.0,190.0,178.0,252.0,270.0,False,False,False,False,False,False,False,True,False
24.0,1.0,24.0,212.0,251.0,274.0,280.0,True,False,False,False,True,False,False,False,False
12.0,3.0,51.0,278.0,301.0,293.0,291.0,False,False,False,False,False,False,False,False,False
11.0,2.0,28.0,233.0,258.0,278.0,293.0,False,False,True,False,False,False,False,False,False
4.0,1.0,4.0,271.0,327.0,303.0,316.0,True,False,False,False,False,False,False,False,False
21.0,1.0,21.0,290.0,309.0,296.0,312.0,True,False,False,False,False,False,False,False,True
2.0,3.0,36.0,235.0,245.0,287.0,302.0,False,False,True,False,False,False,False,False,False
9.0,2.0,36.0,211.0,253.0,283.0,283.0,False,False,False,False,True,False,False,False,False
11.0,3.0,26.0,281.0,296.0,255.0,291.0,True,False,False,False,False,True,False,False,False
37.0,2.0,44.0,290.0,305.0,295.0,309.0,False,False,False,False,False,False,False,False,True
34.0,2.0,34.0,183.0,185.0,259.0,274.0,True,False,False,False,False,False,False,True,False
4.0,1.0,4.0,270.0,322.0,303.0,303.0,False,True,False,False,False,False,False,False,False
14.0,1.0,14.0,273.0,264.0,254.0,313.0,False,False,False,True,False,False,False,False,False
5.0,2.0,10.0,270.0,300.0,290.0,291.0,False,False,False,False,False,False,False,False,False
10.0,3.0,51.0,237.0,264.0,281.0,294.0,False,False,True,False,False,False,False,False,False
22.0,3.0,46.0,271.0,267.0,258.0,306.0,False,False,False,True,False,False,False,False,False
25.0,2.0,42.0,275.0,266.0,258.0,308.0,False,False,False,True,False,False,False,False,False
20.0,2.0,27.0,284.0,312.0,297.0,318.0,False,False,False,False,False,False,False,False,True
10.0,2.0,19.0,272.0,267.0,256.0,311.0,True,False,False,True,False,False,False,False,False
15.0,2.0,28.0,235.0,260.0,279.0,300.0,False,False,True,False,False,False,False,False,False
17.0,1.0,17.0,210.0,182.0,271.0,317.0,True,False,False,False,False,False,True,False,False
10.0,2.0,27.0,210.0,183.0,276.0,312.0,False,False,False,False,False,False,True,False,False
12.0,4.0,50.0,267.0,259.0,257.0,300.0,True,False,False,True,False,False,False,False,False
14.0,2.0,35.0,219.0,257.0,280.0,292.0,False,False,False,False,True,False,False,False,False
6.0,1.0,5.0,273.0,310.0,301.0,298.0,True,False,False,False,False,False,False,False,False
29.0,2.0,36.0,289.0,311.0,297.0,313.0,False,False,False,False,False,False,False,False,True
49.0,2.0,50.0,185.0,193.0,259.0,267.0,True,False,False,False,False,False,False,True,False
44.0,3.0,58.0,194.0,183.0,267.0,282.0,False,False,False,False,False,False,False,True,False
21.0,2.0,32.0,237.0,264.0,281.0,299.0,False,False,True,False,False,False,False,False,False
22.0,1.0,21.0,207.0,184.0,273.0,314.0,False,False,False,False,False,False,True,False,False
39.0,2.0,39.0,208.0,172.0,256.0,275.0,True,False,False,False,False,False,False,True,False
20.0,2.0,21.0,181.0,177.0,268.0,283.0,False,False,False,False,False,False,False,True,False
62.0,2.0,63.0,192.0,179.0,258.0,279.0,True,False,False,False,False,False,False,True,False
7.0,1.0,7.0,208.0,184.0,274.0,310.0,True,False,False,False,False,False,True,False,False
6.0,1.0,6.0,272.0,262.0,254.0,308.0,True,False,False,True,False,False,False,False,False
5.0,3.0,56.0,205.0,195.0,259.0,267.0,False,False,False,False,False,False,False,True,False
9.0,4.0,45.0,279.0,301.0,258.0,300.0,True,False,False,False,False,True,False,False,False
28.0,2.0,29.0,196.0,184.0,258.0,273.0,True,False,False,False,False,False,False,True,False
13.0,2.0,21.0,276.0,305.0,300.0,296.0,False,False,False,False,False,False,False,False,False
11.0,2.0,32.0,213.0,255.0,278.0,288.0,False,False,False,False,True,False,False,False,False
11.0,1.0,11.0,213.0,251.0,277.0,283.0,True,False,False,False,True,False,False,False,False
12.0,1.0,12.0,271.0,262.0,254.0,311.0,True,False,False,True,False,False,False,False,False
16.0,1.0,16.0,269.0,264.0,256.0,306.0,True,False,False,True,False,False,False,False,False
17.0,3.0,31.0,176.0,179.0,259.0,279.0,False,False,False,False,False,False,False,True,False
4.0,2.0,18.0,229.0,249.0,280.0,304.0,False,False,True,False,False,False,False,False,False
32.0,2.0,32.0,192.0,184.0,264.0,279.0,False,False,False,False,False,False,False,True,False
21.0,2.0,22.0,273.0,298.0,256.0,299.0,True,False,False,False,False,True,False,False,False
38.0,3.0,52.0,203.0,187.0,259.0,278.0,False,False,False,False,False,False,False,True,False
26.0,2.0,43.0,275.0,267.0,258.0,308.0,False,False,False,True,False,False,False,False,False
2.0,3.0,28.0,275.0,297.0,254.0,293.0,False,False,False,False,False,True,False,False,False
21.0,5.0,51.0,276.0,269.0,259.0,309.0,False,False,False,True,False,False,False,False,False
6.0,2.0,6.0,191.0,184.0,256.0,272.0,False,False,False,False,False,False,False,True,False
18.0,3.0,39.0,270.0,270.0,264.0,331.0,False,False,False,True,False,False,False,False,False
13.0,2.0,18.0,269.0,300.0,286.0,285.0,False,False,False,False,False,False,False,False,False
17.0,2.0,42.0,214.0,252.0,278.0,282.0,False,False,False,False,True,False,False,False,False
5.0,1.0,5.0,272.0,324.0,290.0,307.0,False,True,False,False,False,False,False,False,False
4.0,1.0,4.0,225.0,249.0,286.0,318.0,False,True,True,False,False,False,False,False,False
5.0,1.0,5.0,224.0,249.0,285.0,306.0,False,True,True,False,False,False,False,False,False
2.0,2.0,10.0,215.0,252.0,277.0,282.0,False,False,False,False,True,False,False,False,False
23.0,1.0,23.0,211.0,252.0,277.0,285.0,False,False,False,False,True,False,False,False,False
20.0,1.0,20.0,213.0,249.0,277.0,282.0,False,False,False,False,True,False,False,False,False
8.0,2.0,44.0,211.0,256.0,284.0,284.0,False,False,False,False,True,False,False,False,False
10.0,2.0,11.0,233.0,247.0,278.0,299.0,False,False,True,False,False,False,False,False,False
30.0,1.0,30.0,210.0,256.0,276.0,288.0,True,False,False,False,True,False,False,False,False
2.0,1.0,2.0,213.0,187.0,280.0,286.0,False,True,False,False,False,False,True,False,False
22.0,2.0,35.0,235.0,258.0,281.0,303.0,False,False,True,False,False,False,False,False,False
31.0,2.0,52.0,213.0,253.0,279.0,285.0,False,False,False,False,True,False,False,False,False
9.0,3.0,36.0,278.0,322.0,290.0,284.0,False,False,False,False,False,False,False,False,False
11.0,1.0,8.0,231.0,257.0,278.0,296.0,False,True,True,False,False,False,False,False,False
12.0,2.0,41.0,213.0,187.0,276.0,318.0,False,False,False,False,False,False,True,False,False
4.0,2.0,27.0,213.0,185.0,275.0,310.0,False,False,False,False,False,False,True,False,False
7.0,2.0,19.0,234.0,260.0,280.0,303.0,False,False,True,False,False,False,False,False,False
15.0,2.0,36.0,220.0,257.0,282.0,291.0,False,False,False,False,True,False,False,False,False
2.0,1.0,2.0,269.0,320.0,304.0,278.0,False,True,False,False,False,False,False,False,False
17.0,2.0,53.0,216.0,258.0,279.0,286.0,False,False,False,False,True,False,False,False,False
24.0,1.0,24.0,288.0,297.0,290.0,298.0,True,False,False,False,False,False,False,False,True
18.0,2.0,19.0,172.0,184.0,256.0,264.0,True,False,False,False,False,False,False,True,False
13.0,1.0,13.0,271.0,263.0,255.0,308.0,True,False,False,True,False,False,False,False,False
12.0,3.0,42.0,235.0,256.0,280.0,297.0,False,False,True,False,False,False,False,False,False
25.0,2.0,25.0,189.0,181.0,257.0,279.0,True,False,False,False,False,False,False,True,False
31.0,2.0,32.0,190.0,176.0,257.0,276.0,True,False,False,False,False,False,False,True,False
23.0,2.0,59.0,219.0,258.0,279.0,284.0,False,False,False,False,True,False,False,False,False
21.0,3.0,54.0,236.0,265.0,283.0,299.0,False,False,True,False,False,False,False,False,False
5.0,1.0,5.0,277.0,267.0,260.0,338.0,True,False,False,True,False,False,False,False,False
16.0,2.0,43.0,214.0,186.0,276.0,312.0,False,False,False,False,False,False,True,False,False
37.0,2.0,44.0,290.0,315.0,308.0,332.0,False,False,False,False,False,False,False,False,True
35.0,2.0,59.0,217.0,254.0,281.0,295.0,False,False,False,False,True,False,False,False,False
18.0,5.0,48.0,277.0,271.0,259.0,307.0,False,False,False,True,False,False,False,False,False
18.0,4.0,27.0,213.0,256.0,279.0,285.0,True,False,False,False,True,False,False,False,False
36.0,2.0,44.0,278.0,301.0,289.0,299.0,False,False,False,False,False,False,False,False,False
17.0,2.0,18.0,278.0,300.0,255.0,301.0,False,False,False,False,False,True,False,False,False
21.0,2.0,28.0,274.0,297.0,288.0,300.0,False,False,False,False,False,False,False,False,False
19.0,3.0,55.0,237.0,262.0,284.0,306.0,False,False,True,False,False,False,False,False,False
32.0,2.0,32.0,177.0,175.0,251.0,269.0,False,False,False,False,False,False,False,True,False
11.0,3.0,34.0,278.0,271.0,263.0,328.0,False,False,False,True,False,False,False,False,False
21.0,2.0,21.0,191.0,174.0,255.0,278.0,True,False,False,False,False,False,False,True,False
20.0,3.0,70.0,204.0,188.0,263.0,283.0,False,False,False,False,False,False,False,True,False
15.0,2.0,38.0,211.0,184.0,283.0,321.0,True,False,False,False,False,False,True,False,False
17.0,4.0,45.0,212.0,184.0,278.0,318.0,True,False,False,False,False,False,True,False,False
11.0,2.0,44.0,293.0,313.0,309.0,318.0,False,True,False,False,False,False,False,False,True
7.0,1.0,4.0,234.0,258.0,286.0,300.0,False,True,True,False,False,False,False,False,False
18.0,2.0,47.0,212.0,186.0,277.0,315.0,False,False,False,False,False,False,True,False,False
17.0,1.0,17.0,210.0,181.0,273.0,317.0,True,False,False,False,False,False,True,False,False
29.0,3.0,52.0,213.0,185.0,279.0,318.0,True,False,False,False,False,False,True,False,False
15.0,3.0,50.0,238.0,256.0,282.0,303.0,False,False,True,False,False,False,False,False,False
22.0,2.0,22.0,191.0,183.0,265.0,276.0,False,False,False,False,False,False,False,True,False
14.0,4.0,52.0,283.0,303.0,259.0,301.0,True,False,False,False,False,True,False,False,False
12.0,2.0,23.0,212.0,253.0,278.0,288.0,False,False,False,False,True,False,False,False,False
16.0,3.0,50.0,237.0,272.0,282.0,301.0,False,False,True,False,False,False,False,False,False
66.0,2.0,66.0,198.0,178.0,254.0,276.0,False,False,False,False,False,False,False,True,False
4.0,2.0,5.0,273.0,300.0,256.0,301.0,False,True,False,False,False,True,False,False,False
21.0,3.0,45.0,275.0,267.0,258.0,305.0,False,False,False,True,False,False,False,False,False
25.0,3.0,48.0,277.0,269.0,259.0,309.0,False,False,False,True,False,False,False,False,False
3.0,2.0,3.0,280.0,295.0,255.0,294.0,False,True,False,False,False,True,False,False,False
4.0,2.0,11.0,287.0,299.0,305.0,304.0,False,False,False,False,False,False,False,False,True
74.0,2.0,75.0,208.0,195.0,262.0,282.0,True,False,False,False,False,False,False,True,False
6.0,3.0,36.0,233.0,256.0,278.0,290.0,False,False,True,False,False,False,False,False,False
13.0,1.0,13.0,271.0,264.0,254.0,311.0,True,False,False,True,False,False,False,False,False
20.0,2.0,32.0,233.0,263.0,279.0,300.0,False,False,True,False,False,False,False,False,False
2.0,3.0,37.0,270.0,295.0,290.0,286.0,False,False,False,False,False,False,False,False,False
32.0,1.0,32.0,211.0,250.0,277.0,283.0,False,False,False,False,True,False,False,False,False
14.0,3.0,64.0,198.0,193.0,262.0,284.0,False,False,False,False,False,False,False,True,False
35.0,2.0,35.0,192.0,177.0,254.0,272.0,False,False,False,False,False,False,False,True,False
12.0,2.0,39.0,213.0,184.0,285.0,324.0,False,False,False,False,False,False,True,False,False
18.0,2.0,19.0,232.0,253.0,279.0,303.0,False,False,True,False,False,False,False,False,False
16.0,1.0,16.0,273.0,304.0,289.0,297.0,False,False,False,False,False,False,False,False,False
38.0,2.0,55.0,276.0,268.0,258.0,308.0,False,False,False,True,False,False,False,False,False
15.0,3.0,38.0,279.0,268.0,258.0,315.0,False,False,False,True,False,False,False,False,False
3.0,1.0,3.0,211.0,182.0,274.0,299.0,True,False,False,False,False,False,True,False,False
32.0,2.0,40.0,210.0,252.0,279.0,283.0,False,False,False,False,True,False,False,False,False
12.0,1.0,12.0,269.0,261.0,255.0,305.0,True,False,False,True,False,False,False,False,False
14.0,1.0,14.0,213.0,252.0,277.0,284.0,False,False,False,False,True,False,False,False,False
15.0,1.0,12.0,230.0,251.0,276.0,320.0,False,True,True,False,False,False,False,False,False
22.0,2.0,34.0,235.0,268.0,281.0,302.0,False,False,True,False,False,False,False,False,False
9.0,3.0,59.0,218.0,255.0,281.0,285.0,True,False,False,False,True,False,False,False,False
4.0,2.0,4.0,177.0,162.0,254.0,281.0,True,False,False,False,False,False,False,True,False
10.0,1.0,10.0,208.0,183.0,273.0,311.0,True,False,False,False,False,False,True,False,False
14.0,3.0,52.0,281.0,302.0,292.0,295.0,False,False,False,False,False,False,False,False,False
25.0,3.0,75.0,207.0,194.0,265.0,285.0,False,False,False,False,False,False,False,True,False
21.0,2.0,45.0,213.0,184.0,276.0,313.0,False,False,False,False,False,False,True,False,False
21.0,3.0,44.0,274.0,268.0,259.0,308.0,False,False,False,True,False,False,False,False,False
11.0,2.0,44.0,288.0,298.0,295.0,306.0,False,False,False,False,False,False,False,False,True
34.0,2.0,56.0,219.0,262.0,285.0,290.0,False,False,False,False,True,False,False,False,False
24.0,2.0,47.0,213.0,186.0,284.0,328.0,True,False,False,False,False,False,True,False,False
33.0,3.0,56.0,273.0,268.0,259.0,311.0,False,False,False,True,False,False,False,False,False
55.0,2.0,56.0,196.0,189.0,258.0,278.0,False,False,False,False,False,False,False,True,False
16.0,2.0,29.0,209.0,252.0,279.0,285.0,False,False,False,False,True,False,False,False,False
64.0,2.0,64.0,203.0,184.0,258.0,278.0,True,False,False,False,False,False,False,True,False
25.0,3.0,53.0,215.0,185.0,282.0,318.0,True,False,False,False,False,False,True,False,False
32.0,2.0,45.0,212.0,253.0,282.0,286.0,False,False,False,False,True,False,False,False,False
14.0,3.0,43.0,277.0,298.0,290.0,292.0,False,False,False,False,False,False,False,False,False
2.0,3.0,59.0,212.0,190.0,259.0,278.0,True,False,False,False,False,False,False,True,False
18.0,2.0,31.0,281.0,303.0,292.0,295.0,False,False,False,False,False,False,False,False,False
26.0,2.0,50.0,213.0,185.0,277.0,321.0,False,False,False,False,False,False,True,False,False
21.0,2.0,21.0,185.0,175.0,252.0,273.0,False,False,False,False,False,False,False,True,False
8.0,3.0,22.0,187.0,179.0,266.0,278.0,False,False,False,False,False,False,False,True,False
14.0,3.0,55.0,237.0,263.0,280.0,294.0,False,False,True,False,False,False,False,False,False
2.0,2.0,13.0,235.0,254.0,282.0,314.0,False,False,True,False,False,False,False,False,False
66.0,2.0,66.0,206.0,194.0,261.0,281.0,False,False,False,False,False,False,False,True,False
76.0,2.0,77.0,209.0,194.0,264.0,283.0,True,False,False,False,False,False,False,True,False
40.0,2.0,40.0,199.0,183.0,263.0,268.0,False,False,False,False,False,False,False,True,False
11.0,2.0,12.0,174.0,183.0,266.0,282.0,False,False,False,False,False,False,False,True,False
18.0,3.0,52.0,279.0,300.0,291.0,292.0,False,False,False,False,False,False,False,False,False
10.0,4.0,48.0,281.0,300.0,257.0,299.0,True,False,False,False,False,True,False,False,False
17.0,2.0,29.0,233.0,255.0,282.0,306.0,False,False,True,False,False,False,False,False,False
14.0,2.0,14.0,187.0,173.0,266.0,285.0,False,False,False,False,False,False,False,True,False
14.0,2.0,31.0,276.0,302.0,291.0,295.0,True,False,False,False,False,False,False,False,False
9.0,1.0,9.0,209.0,180.0,278.0,325.0,True,False,False,False,False,False,True,False,False
9.0,2.0,19.0,210.0,181.0,278.0,321.0,False,False,False,False,False,False,True,False,False
5.0,2.0,17.0,266.0,266.0,257.0,312.0,True,False,False,True,False,False,False,False,False
26.0,2.0,34.0,212.0,250.0,277.0,283.0,False,False,False,False,True,False,False,False,False
12.0,3.0,47.0,290.0,305.0,295.0,306.0,False,True,False,False,False,False,False,False,True
41.0,2.0,48.0,288.0,303.0,293.0,309.0,False,False,False,False,False,False,False,False,True
5.0,4.0,37.0,282.0,302.0,261.0,304.0,False,False,False,False,False,True,False,False,False
5.0,1.0,4.0,205.0,247.0,276.0,281.0,True,False,False,False,True,False,False,False,False
28.0,2.0,35.0,273.0,295.0,287.0,293.0,False,False,False,False,False,False,False,False,False
14.0,3.0,50.0,237.0,262.0,281.0,290.0,False,False,True,False,False,False,False,False,False
2.0,1.0,2.0,283.0,324.0,309.0,334.0,True,False,False,False,False,False,False,False,True
61.0,3.0,75.0,195.0,180.0,272.0,284.0,False,False,False,False,False,False,False,True,False
4.0,2.0,26.0,213.0,184.0,285.0,332.0,True,False,False,False,False,False,True,False,False
14.0,2.0,37.0,213.0,186.0,277.0,314.0,False,False,False,False,False,False,True,False,False
35.0,2.0,43.0,213.0,252.0,280.0,283.0,False,False,False,False,True,False,False,False,False
48.0,2.0,49.0,184.0,189.0,267.0,268.0,True,False,False,False,False,False,False,True,False
4.0,4.0,26.0,270.0,297.0,255.0,291.0,False,False,False,False,False,True,False,False,False
12.0,4.0,52.0,235.0,259.0,283.0,303.0,False,True,True,False,False,False,False,False,False
28.0,1.0,28.0,285.0,303.0,291.0,304.0,True,False,False,False,False,False,False,False,True
43.0,2.0,50.0,291.0,309.0,297.0,317.0,False,False,False,False,False,False,False,False,True
4.0,3.0,40.0,278.0,330.0,290.0,305.0,False,False,False,False,False,False,False,False,False
2.0,1.0,2.0,288.0,322.0,309.0,332.0,True,False,False,False,False,False,False,False,True
68.0,2.0,68.0,202.0,191.0,265.0,275.0,False,False,False,False,False,False,False,True,False
8.0,3.0,42.0,238.0,270.0,281.0,302.0,False,False,True,False,False,False,False,False,False
8.0,1.0,8.0,230.0,248.0,284.0,304.0,False,True,True,False,False,False,False,False,False
14.0,3.0,37.0,280.0,270.0,264.0,331.0,False,False,False,True,False,False,False,False,False
59.0,2.0,60.0,204.0,191.0,260.0,282.0,True,False,False,False,False,False,False,True,False
18.0,2.0,25.0,285.0,315.0,306.0,324.0,False,False,False,False,False,False,False,False,True
6.0,1.0,6.0,209.0,181.0,279.0,328.0,True,False,False,False,False,False,True,False,False
48.0,2.0,49.0,191.0,179.0,266.0,283.0,False,False,False,False,False,False,False,True,False
11.0,2.0,20.0,278.0,311.0,290.0,299.0,False,False,False,False,False,False,False,False,False
6.0,3.0,47.0,235.0,257.0,288.0,299.0,False,False,True,False,False,False,False,False,False
3.0,3.0,43.0,275.0,295.0,289.0,280.0,False,False,False,False,False,False,False,False,False
8.0,2.0,22.0,231.0,256.0,280.0,298.0,False,False,True,False,False,False,False,False,False
22.0,2.0,33.0,213.0,252.0,277.0,287.0,False,False,False,False,True,False,False,False,False
15.0,3.0,29.0,177.0,178.0,267.0,280.0,False,False,False,False,False,False,False,True,False
6.0,3.0,46.0,275.0,292.0,289.0,292.0,False,False,False,False,False,False,False,False,False
6.0,4.0,40.0,282.0,298.0,257.0,295.0,False,False,False,False,False,True,False,False,False
4.0,2.0,25.0,215.0,256.0,280.0,282.0,False,False,False,False,True,False,False,False,False
20.0,1.0,19.0,205.0,182.0,275.0,278.0,False,False,False,False,False,False,True,False,False
11.0,2.0,12.0,185.0,173.0,265.0,277.0,False,False,False,False,False,False,False,True,False
11.0,2.0,25.0,277.0,303.0,291.0,295.0,False,False,False,False,False,False,False,False,False
13.0,2.0,50.0,221.0,257.0,283.0,291.0,True,False,False,False,True,False,False,False,False
59.0,2.0,59.0,198.0,192.0,268.0,280.0,False,False,False,False,False,False,False,True,False
5.0,2.0,21.0,273.0,294.0,287.0,289.0,False,False,False,False,False,False,False,False,False
13.0,4.0,45.0,282.0,301.0,259.0,301.0,False,False,False,False,False,True,False,False,False
13.0,3.0,36.0,276.0,269.0,258.0,312.0,False,True,False,True,False,False,False,False,False
15.0,2.0,25.0,231.0,254.0,276.0,291.0,False,False,True,False,False,False,False,False,False
18.0,2.0,27.0,233.0,249.0,280.0,302.0,False,False,True,False,False,False,False,False,False
15.0,3.0,39.0,271.0,268.0,257.0,314.0,False,False,False,True,False,False,False,False,False
27.0,3.0,51.0,276.0,268.0,258.0,307.0,False,False,False,True,False,False,False,False,False
6.0,4.0,32.0,277.0,267.0,258.0,315.0,True,False,False,True,False,False,False,False,False
12.0,2.0,37.0,212.0,249.0,275.0,279.0,False,False,False,False,True,False,False,False,False
4.0,1.0,4.0,208.0,251.0,281.0,287.0,False,False,False,False,True,False,False,False,False
25.0,1.0,25.0,211.0,185.0,274.0,315.0,True,False,False,False,False,False,True,False,False
13.0,2.0,14.0,275.0,294.0,254.0,295.0,False,False,False,False,False,True,False,False,False
2.0,1.0,2.0,273.0,320.0,301.0,300.0,True,False,False,False,False,False,False,False,False
21.0,2.0,28.0,290.0,300.0,293.0,306.0,False,False,False,False,False,False,False,False,True
13.0,3.0,53.0,277.0,292.0,291.0,288.0,False,False,False,False,False,False,False,False,False
3.0,1.0,3.0,274.0,316.0,292.0,308.0,True,False,False,False,False,False,False,False,False
15.0,2.0,42.0,216.0,256.0,280.0,285.0,False,False,False,False,True,False,False,False,False
5.0,3.0,36.0,235.0,253.0,281.0,296.0,False,False,True,False,False,False,False,False,False
18.0,2.0,24.0,288.0,302.0,292.0,306.0,False,False,False,False,False,False,False,False,True
8.0,2.0,16.0,213.0,253.0,278.0,283.0,False,False,False,False,True,False,False,False,False
13.0,2.0,25.0,208.0,181.0,282.0,318.0,False,False,False,False,False,False,True,False,False
35.0,2.0,62.0,220.0,258.0,279.0,293.0,False,False,False,False,True,False,False,False,False
36.0,1.0,36.0,213.0,255.0,280.0,296.0,False,False,False,False,True,False,False,False,False
5.0,1.0,5.0,212.0,252.0,277.0,285.0,True,False,False,False,True,False,False,False,False
8.0,3.0,30.0,279.0,300.0,257.0,299.0,False,False,False,False,False,True,False,False,False
33.0,2.0,44.0,215.0,257.0,279.0,290.0,False,False,False,False,True,False,False,False,False
37.0,2.0,49.0,218.0,251.0,279.0,288.0,False,False,False,False,True,False,False,False,False
16.0,2.0,40.0,210.0,185.0,277.0,327.0,False,False,False,False,False,False,True,False,False
6.0,1.0,6.0,274.0,264.0,256.0,332.0,True,False,False,True,False,False,False,False,False
3.0,3.0,8.0,273.0,303.0,260.0,301.0,False,False,False,False,False,True,False,False,False
48.0,2.0,49.0,191.0,185.0,261.0,280.0,True,False,False,False,False,False,False,True,False
16.0,2.0,33.0,277.0,269.0,257.0,314.0,False,False,False,True,False,False,False,False,False
19.0,2.0,19.0,195.0,188.0,261.0,277.0,False,False,False,False,False,False,False,True,False
7.0,2.0,8.0,269.0,301.0,254.0,300.0,True,False,False,False,False,True,False,False,False
15.0,1.0,15.0,272.0,316.0,299.0,305.0,True,False,False,False,False,False,False,False,False
17.0,2.0,28.0,232.0,258.0,281.0,300.0,False,False,True,False,False,False,False,False,False
6.0,2.0,6.0,275.0,295.0,253.0,290.0,True,False,False,False,False,True,False,False,False
2.0,1.0,2.0,277.0,267.0,259.0,341.0,True,False,False,True,False,False,False,False,False
19.0,3.0,47.0,236.0,258.0,281.0,299.0,False,False,True,False,False,False,False,False,False
49.0,2.0,49.0,204.0,174.0,257.0,278.0,True,False,False,False,False,False,False,True,False
22.0,2.0,43.0,218.0,258.0,282.0,298.0,False,False,False,False,True,False,False,False,False
11.0,3.0,42.0,236.0,265.0,282.0,294.0,False,False,True,False,False,False,False,False,False
3.0,2.0,13.0,208.0,183.0,275.0,323.0,False,False,False,False,False,False,True,False,False
3.0,2.0,27.0,217.0,254.0,279.0,288.0,False,False,False,False,True,False,False,False,False
14.0,3.0,48.0,237.0,272.0,282.0,299.0,False,False,True,False,False,False,False,False,False
26.0,1.0,26.0,286.0,301.0,295.0,306.0,True,False,False,False,False,False,False,False,True
7.0,1.0,4.0,232.0,253.0,276.0,294.0,False,True,True,False,False,False,False,False,False
26.0,2.0,53.0,211.0,185.0,279.0,315.0,False,False,False,False,False,False,True,False,False
11.0,4.0,59.0,200.0,189.0,263.0,281.0,False,True,False,False,False,False,False,True,False
8.0,2.0,15.0,289.0,315.0,299.0,314.0,False,False,False,False,False,False,False,False,True
2.0,1.0,2.0,281.0,322.0,309.0,340.0,False,True,False,False,False,False,False,False,True
7.0,2.0,23.0,273.0,297.0,288.0,290.0,False,False,False,False,False,False,False,False,False
7.0,2.0,7.0,189.0,182.0,257.0,275.0,False,False,False,False,False,False,False,True,False
2.0,3.0,35.0,239.0,246.0,283.0,302.0,False,False,True,False,False,False,False,False,False
37.0,2.0,61.0,213.0,255.0,282.0,289.0,False,False,False,False,True,False,False,False,False
12.0,1.0,12.0,280.0,292.0,288.0,295.0,True,False,False,False,False,False,False,False,True
16.0,2.0,44.0,216.0,185.0,277.0,317.0,False,False,False,False,False,False,True,False,False
16.0,3.0,40.0,273.0,268.0,257.0,312.0,False,False,False,True,False,False,False,False,False
18.0,3.0,75.0,209.0,187.0,269.0,286.0,True,False,False,False,False,False,False,True,False
8.0,3.0,22.0,273.0,295.0,255.0,293.0,True,False,False,False,False,True,False,False,False
15.0,2.0,22.0,286.0,323.0,309.0,331.0,False,False,False,False,False,False,False,False,True
26.0,2.0,47.0,217.0,256.0,280.0,286.0,False,False,False,False,True,False,False,False,False
14.0,2.0,15.0,196.0,176.0,256.0,266.0,True,False,False,False,False,False,False,True,False
17.0,2.0,18.0,177.0,180.0,256.0,277.0,False,False,False,False,False,False,False,True,False
17.0,2.0,50.0,213.0,253.0,284.0,287.0,True,False,False,False,True,False,False,False,False
14.0,3.0,49.0,289.0,306.0,296.0,308.0,False,True,False,False,False,False,False,False,True
46.0,2.0,46.0,201.0,178.0,253.0,279.0,False,False,False,False,False,False,False,True,False
15.0,3.0,36.0,270.0,268.0,263.0,330.0,False,False,False,True,False,False,False,False,False
10.0,2.0,11.0,192.0,178.0,253.0,271.0,False,False,False,False,False,False,False,True,False
5.0,1.0,5.0,211.0,247.0,275.0,280.0,False,True,False,False,True,False,False,False,False
9.0,2.0,10.0,178.0,176.0,265.0,278.0,True,False,False,False,False,False,False,True,False
5.0,1.0,2.0,233.0,253.0,285.0,302.0,False,True,True,False,False,False,False,False,False
10.0,3.0,67.0,184.0,180.0,213.0,285.0,True,False,False,False,False,False,False,True,False
37.0,2.0,37.0,186.0,178.0,251.0,271.0,False,False,False,False,False,False,False,True,False
26.0,3.0,54.0,215.0,185.0,282.0,318.0,True,False,False,False,False,False,True,False,False
9.0,2.0,19.0,211.0,185.0,275.0,318.0,False,False,False,False,False,False,True,False,False
2.0,2.0,27.0,216.0,252.0,275.0,280.0,False,False,False,False,True,False,False,False,False
67.0,2.0,67.0,196.0,180.0,256.0,275.0,False,False,False,False,False,False,False,True,False
31.0,2.0,39.0,277.0,304.0,291.0,297.0,False,False,False,False,False,False,False,False,False
41.0,2.0,41.0,192.0,187.0,267.0,281.0,False,False,False,False,False,False,False,True,False
15.0,2.0,15.0,184.0,176.0,253.0,275.0,False,False,False,False,False,False,False,True,False
31.0,2.0,32.0,189.0,175.0,257.0,276.0,False,False,False,False,False,False,False,True,False
9.0,4.0,47.0,281.0,300.0,257.0,299.0,True,False,False,False,False,True,False,False,False
49.0,2.0,49.0,186.0,175.0,251.0,269.0,False,False,False,False,False,False,False,True,False
11.0,3.0,44.0,282.0,334.0,293.0,315.0,False,False,False,False,False,False,False,False,False
3.0,2.0,16.0,234.0,248.0,279.0,298.0,False,False,True,False,False,False,False,False,False
4.0,2.0,20.0,274.0,294.0,288.0,290.0,False,False,False,False,False,False,False,False,False
7.0,3.0,45.0,280.0,308.0,293.0,297.0,False,False,False,False,False,False,False,False,False
17.0,1.0,17.0,209.0,249.0,277.0,283.0,True,False,False,False,True,False,False,False,False
17.0,2.0,36.0,214.0,184.0,276.0,318.0,False,False,False,False,False,False,True,False,False
5.0,2.0,32.0,214.0,252.0,278.0,282.0,False,False,False,False,True,False,False,False,False
4.0,2.0,29.0,216.0,252.0,278.0,285.0,False,False,False,False,True,False,False,False,False
15.0,2.0,20.0,274.0,301.0,288.0,290.0,False,False,False,False,False,False,False,False,False
22.0,2.0,34.0,214.0,248.0,277.0,285.0,False,False,False,False,True,False,False,False,False
11.0,4.0,54.0,275.0,271.0,259.0,310.0,True,False,False,True,False,False,False,False,False
4.0,2.0,12.0,277.0,266.0,255.0,316.0,False,False,False,True,False,False,False,False,False
4.0,2.0,15.0,211.0,184.0,275.0,315.0,False,False,False,False,False,False,True,False,False
22.0,1.0,22.0,212.0,184.0,275.0,310.0,True,False,False,False,False,False,True,False,False
28.0,2.0,35.0,288.0,314.0,300.0,321.0,False,False,False,False,False,False,False,False,True
23.0,3.0,39.0,274.0,316.0,290.0,307.0,False,False,False,False,False,False,False,False,False
16.0,4.0,56.0,277.0,270.0,257.0,303.0,False,True,False,True,False,False,False,False,False
23.0,2.0,30.0,289.0,321.0,312.0,336.0,False,False,False,False,False,False,False,False,True
3.0,3.0,41.0,278.0,324.0,289.0,304.0,False,False,False,False,False,False,False,False,False
5.0,2.0,6.0,273.0,297.0,252.0,297.0,True,False,False,False,False,True,False,False,False
17.0,3.0,67.0,196.0,193.0,262.0,283.0,False,False,False,False,False,False,False,True,False
51.0,2.0,62.0,213.0,258.0,281.0,288.0,False,False,False,False,True,False,False,False,False
2.0,1.0,2.0,273.0,269.0,262.0,327.0,True,False,False,True,False,False,False,False,False
27.0,2.0,48.0,215.0,254.0,280.0,286.0,False,False,False,False,True,False,False,False,False
19.0,2.0,20.0,276.0,298.0,254.0,299.0,False,False,False,False,False,True,False,False,False
59.0,2.0,60.0,200.0,190.0,258.0,278.0,False,False,False,False,False,False,False,True,False
11.0,3.0,68.0,175.0,187.0,261.0,282.0,True,False,False,False,False,False,False,True,False
10.0,2.0,17.0,282.0,304.0,297.0,309.0,False,False,False,False,False,False,False,False,True
11.0,2.0,12.0,271.0,298.0,256.0,297.0,True,False,False,False,False,True,False,False,False
26.0,2.0,27.0,197.0,183.0,257.0,261.0,True,False,False,False,False,False,False,True,False
20.0,1.0,20.0,211.0,184.0,275.0,317.0,True,False,False,False,False,False,True,False,False
6.0,2.0,13.0,272.0,302.0,290.0,291.0,False,False,False,False,False,False,False,False,False
33.0,2.0,41.0,275.0,304.0,291.0,301.0,False,False,False,False,False,False,False,False,False
2.0,3.0,11.0,214.0,254.0,278.0,281.0,True,False,False,False,True,False,False,False,False
12.0,2.0,25.0,210.0,253.0,283.0,285.0,False,False,False,False,True,False,False,False,False
7.0,3.0,41.0,232.0,258.0,280.0,301.0,False,False,True,False,False,False,False,False,False
4.0,2.0,5.0,277.0,299.0,257.0,298.0,False,False,False,False,False,True,False,False,False
48.0,2.0,49.0,196.0,184.0,256.0,276.0,False,False,False,False,False,False,False,True,False
31.0,2.0,32.0,199.0,181.0,258.0,268.0,True,False,False,False,False,False,False,True,False
14.0,2.0,26.0,232.0,263.0,278.0,298.0,False,False,True,False,False,False,False,False,False
16.0,2.0,26.0,211.0,185.0,277.0,319.0,False,False,False,False,False,False,True,False,False
19.0,1.0,19.0,211.0,184.0,275.0,311.0,True,False,False,False,False,False,True,False,False
12.0,2.0,13.0,186.0,178.0,256.0,277.0,True,False,False,False,False,False,False,True,False
29.0,2.0,36.0,286.0,294.0,292.0,303.0,False,False,False,False,False,False,False,False,True
21.0,2.0,28.0,271.0,294.0,288.0,287.0,False,False,False,False,False,False,False,False,False
10.0,2.0,16.0,286.0,304.0,294.0,308.0,False,False,False,False,False,False,False,False,True
32.0,2.0,39.0,289.0,317.0,305.0,327.0,False,False,False,False,False,False,False,False,True
7.0,2.0,8.0,169.0,176.0,254.0,262.0,True,False,False,False,False,False,False,True,False
28.0,2.0,59.0,215.0,257.0,283.0,294.0,True,False,False,False,True,False,False,False,False
28.0,1.0,28.0,214.0,255.0,278.0,288.0,False,False,False,False,True,False,False,False,False
7.0,4.0,40.0,276.0,300.0,239.0,290.0,True,False,False,False,False,True,False,False,False
26.0,2.0,48.0,272.0,270.0,261.0,306.0,False,False,False,True,False,False,False,False,False
26.0,2.0,33.0,286.0,300.0,292.0,306.0,False,False,False,False,False,False,False,False,True
25.0,3.0,48.0,280.0,269.0,258.0,315.0,False,False,False,True,False,False,False,False,False
20.0,3.0,44.0,270.0,267.0,259.0,310.0,False,False,False,True,False,False,False,False,False
15.0,2.0,36.0,211.0,184.0,282.0,333.0,True,False,False,False,False,False,True,False,False
4.0,2.0,11.0,287.0,320.0,307.0,328.0,False,False,False,False,False,False,False,False,True
55.0,2.0,56.0,183.0,182.0,267.0,284.0,False,False,False,False,False,False,False,True,False
15.0,2.0,30.0,234.0,247.0,277.0,298.0,False,False,True,False,False,False,False,False,False
28.0,2.0,35.0,288.0,305.0,296.0,311.0,False,False,False,False,False,False,False,False,True
5.0,2.0,13.0,274.0,301.0,289.0,294.0,False,False,False,False,False,False,False,False,False
35.0,2.0,56.0,220.0,260.0,284.0,290.0,False,False,False,False,True,False,False,False,False
20.0,2.0,33.0,235.0,257.0,280.0,303.0,False,False,True,False,False,False,False,False,False
38.0,2.0,45.0,288.0,301.0,295.0,309.0,False,False,False,False,False,False,False,False,True
54.0,2.0,54.0,203.0,183.0,267.0,280.0,False,False,False,False,False,False,False,True,False
8.0,1.0,8.0,213.0,251.0,278.0,286.0,True,False,False,False,True,False,False,False,False
18.0,3.0,44.0,279.0,301.0,257.0,301.0,False,False,False,False,False,True,False,False,False
31.0,3.0,54.0,275.0,269.0,259.0,310.0,False,False,False,True,False,False,False,False,False
26.0,2.0,48.0,218.0,258.0,284.0,299.0,False,False,False,False,True,False,False,False,False
15.0,1.0,12.0,231.0,250.0,277.0,292.0,False,True,True,False,False,False,False,False,False
28.0,2.0,51.0,210.0,184.0,284.0,334.0,True,False,False,False,False,False,True,False,False
40.0,2.0,47.0,290.0,306.0,295.0,306.0,False,False,False,False,False,False,False,False,True
6.0,1.0,6.0,209.0,251.0,278.0,286.0,True,False,False,False,True,False,False,False,False
10.0,2.0,19.0,229.0,253.0,279.0,317.0,False,False,True,False,False,False,False,False,False
33.0,2.0,40.0,288.0,299.0,291.0,307.0,False,False,False,False,False,False,False,False,True
23.0,2.0,51.0,214.0,185.0,283.0,335.0,False,True,False,False,False,False,True,False,False
14.0,2.0,47.0,290.0,300.0,294.0,308.0,False,False,False,False,False,False,False,False,True
17.0,4.0,49.0,281.0,301.0,258.0,302.0,False,False,False,False,False,True,False,False,False
30.0,2.0,54.0,214.0,186.0,278.0,322.0,False,False,False,False,False,False,True,False,False
42.0,2.0,54.0,215.0,254.0,283.0,271.0,False,False,False,False,True,False,False,False,False
5.0,2.0,5.0,268.0,296.0,255.0,299.0,False,True,False,False,False,True,False,False,False
7.0,5.0,37.0,272.0,270.0,259.0,307.0,False,False,False,True,False,False,False,False,False
3.0,2.0,12.0,268.0,261.0,254.0,309.0,False,False,False,True,False,False,False,False,False
34.0,2.0,55.0,218.0,260.0,284.0,290.0,False,False,False,False,True,False,False,False,False
18.0,2.0,45.0,213.0,186.0,275.0,308.0,False,False,False,False,False,False,True,False,False
3.0,2.0,4.0,273.0,303.0,260.0,307.0,True,False,False,False,False,True,False,False,False
3.0,1.0,3.0,286.0,318.0,306.0,324.0,True,False,False,False,False,False,False,False,True
29.0,2.0,51.0,215.0,184.0,281.0,320.0,False,False,False,False,False,False,True,False,False
6.0,1.0,6.0,275.0,322.0,302.0,311.0,True,False,False,False,False,False,False,False,False
28.0,1.0,28.0,290.0,306.0,296.0,311.0,True,False,False,False,False,False,False,False,True
11.0,1.0,11.0,272.0,297.0,288.0,290.0,True,False,False,False,False,False,False,False,False
9.0,3.0,18.0,214.0,253.0,280.0,284.0,True,False,False,False,True,False,False,False,False
14.0,2.0,15.0,180.0,176.0,262.0,278.0,True,False,False,False,False,False,False,True,False
5.0,3.0,12.0,276.0,304.0,260.0,308.0,False,False,False,False,False,True,False,False,False
4.0,1.0,4.0,267.0,264.0,254.0,314.0,True,False,False,True,False,False,False,False,False
73.0,2.0,74.0,206.0,195.0,262.0,282.0,True,False,False,False,False,False,False,True,False
43.0,2.0,43.0,197.0,179.0,256.0,280.0,True,False,False,False,False,False,False,True,False
15.0,2.0,40.0,216.0,255.0,280.0,288.0,False,False,False,False,True,False,False,False,False
56.0,2.0,56.0,192.0,189.0,256.0,276.0,False,False,False,False,False,False,False,True,False
33.0,1.0,33.0,284.0,301.0,291.0,303.0,True,False,False,False,False,False,False,False,True
18.0,2.0,35.0,279.0,327.0,298.0,309.0,False,False,False,False,False,False,False,False,False
31.0,2.0,37.0,288.0,302.0,291.0,302.0,False,False,False,False,False,False,False,False,True
16.0,3.0,39.0,271.0,265.0,256.0,308.0,False,False,False,True,False,False,False,False,False
9.0,2.0,16.0,287.0,312.0,299.0,318.0,False,False,False,False,False,False,False,False,True
5.0,3.0,42.0,237.0,261.0,281.0,294.0,False,True,True,False,False,False,False,False,False
16.0,2.0,52.0,217.0,256.0,279.0,286.0,False,False,False,False,True,False,False,False,False
19.0,2.0,34.0,234.0,254.0,279.0,300.0,False,False,True,False,False,False,False,False,False
18.0,3.0,47.0,277.0,297.0,291.0,291.0,False,False,False,False,False,False,False,False,False
26.0,2.0,47.0,276.0,269.0,258.0,310.0,False,False,False,True,False,False,False,False,False
18.0,4.0,51.0,281.0,309.0,265.0,309.0,False,False,False,False,False,True,False,False,False
34.0,2.0,41.0,289.0,303.0,296.0,306.0,False,False,False,False,False,False,False,False,True
19.0,1.0,19.0,213.0,251.0,276.0,286.0,True,False,False,False,True,False,False,False,False
11.0,2.0,21.0,210.0,184.0,273.0,316.0,False,False,False,False,False,False,True,False,False
10.0,2.0,11.0,275.0,297.0,253.0,295.0,False,False,False,False,False,True,False,False,False
18.0,2.0,27.0,274.0,309.0,289.0,298.0,False,False,False,False,False,False,False,False,False
4.0,2.0,12.0,270.0,299.0,288.0,321.0,False,False,False,False,False,False,False,False,False
34.0,2.0,56.0,274.0,270.0,260.0,306.0,False,False,False,True,False,False,False,False,False
16.0,3.0,30.0,181.0,179.0,264.0,276.0,False,False,False,False,False,False,False,True,False
2.0,1.0,2.0,288.0,328.0,310.0,329.0,True,False,False,False,False,False,False,False,True
15.0,2.0,42.0,218.0,255.0,279.0,287.0,False,False,False,False,True,False,False,False,False
11.0,2.0,18.0,291.0,318.0,298.0,315.0,False,False,False,False,False,False,False,False,True
30.0,2.0,57.0,214.0,259.0,283.0,287.0,False,False,False,False,True,False,False,False,False
10.0,3.0,24.0,184.0,176.0,265.0,279.0,False,False,False,False,False,False,False,True,False
16.0,1.0,16.0,273.0,266.0,254.0,310.0,True,False,False,True,False,False,False,False,False
2.0,2.0,14.0,234.0,254.0,280.0,299.0,False,False,True,False,False,False,False,False,False
36.0,2.0,48.0,214.0,251.0,278.0,287.0,False,False,False,False,True,False,False,False,False
13.0,1.0,13.0,208.0,182.0,274.0,314.0,False,False,False,False,False,False,True,False,False
29.0,2.0,29.0,205.0,158.0,254.0,275.0,True,False,False,False,False,False,False,True,False
8.0,3.0,43.0,238.0,253.0,281.0,302.0,False,False,True,False,False,False,False,False,False
15.0,1.0,15.0,207.0,182.0,275.0,309.0,False,False,False,False,False,False,True,False,False
30.0,2.0,49.0,214.0,185.0,277.0,314.0,False,False,False,False,False,False,True,False,False
55.0,2.0,56.0,193.0,181.0,266.0,283.0,False,False,False,False,False,False,False,True,False
4.0,2.0,35.0,215.0,256.0,281.0,289.0,True,False,False,False,True,False,False,False,False
14.0,3.0,48.0,235.0,262.0,287.0,304.0,False,False,True,False,False,False,False,False,False
10.0,2.0,11.0,273.0,293.0,252.0,293.0,False,True,False,False,False,True,False,False,False
55.0,2.0,55.0,195.0,188.0,268.0,281.0,False,False,False,False,False,False,False,True,False
6.0,1.0,5.0,211.0,184.0,283.0,321.0,True,False,False,False,False,False,True,False,False
20.0,1.0,20.0,217.0,253.0,278.0,289.0,True,False,False,False,True,False,False,False,False
15.0,3.0,49.0,238.0,271.0,282.0,301.0,False,False,True,False,False,False,False,False,False
9.0,2.0,26.0,235.0,257.0,279.0,295.0,False,False,True,False,False,False,False,False,False
5.0,3.0,33.0,233.0,258.0,281.0,295.0,False,False,True,False,False,False,False,False,False
24.0,1.0,21.0,209.0,182.0,275.0,314.0,True,False,False,False,False,False,True,False,False
16.0,4.0,51.0,276.0,302.0,291.0,296.0,False,False,False,False,False,False,False,False,False
14.0,2.0,22.0,278.0,304.0,290.0,307.0,False,False,False,False,False,False,False,False,False
12.0,3.0,28.0,274.0,301.0,289.0,293.0,False,False,False,False,False,False,False,False,False
13.0,1.0,13.0,213.0,247.0,276.0,283.0,False,False,False,False,True,False,False,False,False
12.0,3.0,49.0,235.0,261.0,282.0,298.0,False,True,True,False,False,False,False,False,False
18.0,2.0,19.0,275.0,293.0,253.0,295.0,True,False,False,False,False,True,False,False,False
11.0,2.0,12.0,270.0,297.0,254.0,300.0,False,False,False,False,False,True,False,False,False
17.0,3.0,29.0,279.0,296.0,252.0,297.0,False,False,False,False,False,True,False,False,False
4.0,2.0,5.0,274.0,301.0,255.0,304.0,False,False,False,False,False,True,False,False,False
5.0,2.0,24.0,210.0,181.0,273.0,312.0,False,False,False,False,False,False,True,False,False
18.0,1.0,15.0,232.0,254.0,276.0,293.0,False,True,True,False,False,False,False,False,False
19.0,2.0,42.0,210.0,184.0,282.0,343.0,True,False,False,False,False,False,True,False,False
16.0,2.0,23.0,287.0,300.0,304.0,309.0,False,False,False,False,False,False,False,False,True
22.0,2.0,38.0,276.0,297.0,288.0,290.0,True,False,False,False,False,False,False,False,False
12.0,2.0,28.0,274.0,294.0,289.0,290.0,False,False,False,False,False,False,False,False,False
5.0,2.0,5.0,279.0,295.0,252.0,296.0,True,False,False,False,False,True,False,False,False
7.0,4.0,47.0,270.0,265.0,260.0,305.0,False,True,False,True,False,False,False,False,False
2.0,1.0,2.0,284.0,296.0,291.0,302.0,True,False,False,False,False,False,False,False,True
8.0,2.0,16.0,272.0,264.0,252.0,310.0,False,False,False,True,False,False,False,False,False
8.0,4.0,44.0,281.0,301.0,258.0,299.0,True,False,False,False,False,True,False,False,False
11.0,3.0,41.0,235.0,258.0,280.0,298.0,False,False,True,False,False,False,False,False,False
8.0,4.0,34.0,279.0,300.0,257.0,297.0,False,False,False,False,False,True,False,False,False
10.0,3.0,22.0,278.0,300.0,255.0,304.0,False,False,False,False,False,True,False,False,False
7.0,3.0,26.0,273.0,299.0,255.0,296.0,False,False,False,False,False,True,False,False,False
25.0,2.0,58.0,214.0,254.0,283.0,286.0,True,False,False,False,True,False,False,False,False
2.0,2.0,17.0,225.0,250.0,279.0,330.0,False,False,True,False,False,False,False,False,False
6.0,2.0,25.0,212.0,181.0,274.0,314.0,False,False,False,False,False,False,True,False,False
24.0,1.0,24.0,285.0,302.0,294.0,306.0,True,False,False,False,False,False,False,False,True
8.0,3.0,19.0,280.0,297.0,253.0,295.0,False,False,False,False,False,True,False,False,False
14.0,1.0,14.0,268.0,264.0,255.0,307.0,True,False,False,True,False,False,False,False,False
4.0,4.0,47.0,230.0,255.0,279.0,290.0,False,True,True,False,False,False,False,False,False
24.0,2.0,24.0,196.0,169.0,256.0,276.0,True,False,False,False,False,False,False,True,False
16.0,1.0,16.0,208.0,255.0,277.0,284.0,True,False,False,False,True,False,False,False,False
32.0,2.0,49.0,276.0,268.0,259.0,306.0,False,False,False,True,False,False,False,False,False
69.0,2.0,69.0,192.0,178.0,257.0,273.0,False,False,False,False,False,False,False,True,False
25.0,1.0,25.0,208.0,254.0,278.0,284.0,True,False,False,False,True,False,False,False,False
6.0,2.0,7.0,272.0,296.0,254.0,297.0,True,False,False,False,False,True,False,False,False
35.0,1.0,35.0,288.0,300.0,292.0,300.0,True,False,False,False,False,False,False,False,True
43.0,2.0,54.0,214.0,255.0,281.0,287.0,False,False,False,False,True,False,False,False,False
14.0,4.0,54.0,235.0,263.0,284.0,305.0,False,True,True,False,False,False,False,False,False
28.0,2.0,35.0,289.0,314.0,298.0,310.0,False,False,False,False,False,False,False,False,True
11.0,1.0,11.0,266.0,265.0,255.0,313.0,False,True,False,True,False,False,False,False,False
27.0,2.0,28.0,194.0,188.0,257.0,263.0,True,False,False,False,False,False,False,True,False
20.0,2.0,30.0,232.0,254.0,281.0,291.0,False,False,True,False,False,False,False,False,False
18.0,2.0,28.0,231.0,259.0,281.0,295.0,False,False,True,False,False,False,False,False,False
16.0,2.0,37.0,216.0,255.0,279.0,286.0,False,False,False,False,True,False,False,False,False
10.0,3.0,33.0,274.0,269.0,260.0,313.0,False,False,False,True,False,False,False,False,False
19.0,2.0,50.0,290.0,301.0,293.0,298.0,False,True,False,False,False,False,False,False,True
35.0,1.0,35.0,290.0,311.0,298.0,312.0,True,False,False,False,False,False,False,False,True
29.0,2.0,57.0,215.0,186.0,276.0,313.0,False,False,False,False,False,False,True,False,False
12.0,4.0,45.0,281.0,307.0,267.0,309.0,False,False,False,False,False,True,False,False,False
19.0,2.0,55.0,215.0,258.0,280.0,284.0,False,False,False,False,True,False,False,False,False
8.0,2.0,15.0,288.0,318.0,311.0,330.0,False,False,False,False,False,False,False,False,True
22.0,1.0,22.0,212.0,254.0,280.0,286.0,True,False,False,False,True,False,False,False,False
8.0,2.0,9.0,270.0,300.0,253.0,297.0,True,False,False,False,False,True,False,False,False
74.0,2.0,75.0,198.0,187.0,258.0,276.0,False,False,False,False,False,False,False,True,False
38.0,2.0,50.0,215.0,255.0,279.0,290.0,False,False,False,False,True,False,False,False,False
11.0,1.0,11.0,209.0,180.0,280.0,322.0,True,False,False,False,False,False,True,False,False
10.0,2.0,11.0,276.0,300.0,258.0,302.0,True,False,False,False,False,True,False,False,False
5.0,1.0,5.0,211.0,252.0,280.0,288.0,False,False,False,False,True,False,False,False,False
3.0,3.0,37.0,236.0,257.0,282.0,315.0,False,False,True,False,False,False,False,False,False
22.0,3.0,56.0,212.0,186.0,283.0,342.0,True,False,False,False,False,False,True,False,False
3.0,2.0,28.0,212.0,251.0,275.0,280.0,False,False,False,False,True,False,False,False,False
3.0,4.0,25.0,268.0,296.0,254.0,289.0,False,False,False,False,False,True,False,False,False
5.0,2.0,14.0,271.0,267.0,261.0,314.0,True,False,False,True,False,False,False,False,False
13.0,4.0,48.0,279.0,304.0,292.0,295.0,False,False,False,False,False,False,False,False,False
31.0,2.0,38.0,289.0,310.0,296.0,321.0,False,False,False,False,False,False,False,False,True
30.0,2.0,30.0,167.0,172.0,259.0,278.0,True,False,False,False,False,False,False,True,False
18.0,1.0,18.0,211.0,253.0,278.0,288.0,False,False,False,False,True,False,False,False,False
25.0,2.0,48.0,213.0,185.0,283.0,317.0,True,False,False,False,False,False,True,False,False
6.0,2.0,16.0,209.0,185.0,276.0,318.0,False,False,False,False,False,False,True,False,False
12.0,2.0,18.0,215.0,253.0,275.0,285.0,False,False,False,False,True,False,False,False,False
4.0,2.0,14.0,215.0,258.0,279.0,255.0,False,False,True,False,False,False,False,False,False
38.0,2.0,38.0,186.0,173.0,252.0,270.0,False,False,False,False,False,False,False,True,False
18.0,2.0,19.0,190.0,176.0,258.0,274.0,True,False,False,False,False,False,False,True,False
23.0,2.0,23.0,196.0,178.0,256.0,278.0,True,False,False,False,False,False,False,True,False
14.0,2.0,22.0,212.0,253.0,280.0,284.0,False,False,False,False,True,False,False,False,False
27.0,3.0,48.0,272.0,270.0,259.0,310.0,False,False,False,True,False,False,False,False,False
13.0,3.0,36.0,274.0,264.0,258.0,308.0,False,False,False,True,False,False,False,False,False
5.0,2.0,12.0,268.0,300.0,291.0,303.0,False,False,False,False,False,False,False,False,False
15.0,4.0,55.0,276.0,270.0,259.0,309.0,False,True,False,True,False,False,False,False,False
37.0,2.0,44.0,289.0,301.0,294.0,308.0,False,False,False,False,False,False,False,False,True
20.0,3.0,44.0,270.0,268.0,258.0,305.0,False,False,False,True,False,False,False,False,False
10.0,2.0,17.0,285.0,323.0,306.0,319.0,False,False,False,False,False,False,False,False,True
24.0,2.0,32.0,208.0,251.0,279.0,284.0,False,False,False,False,True,False,False,False,False
32.0,2.0,38.0,289.0,301.0,292.0,302.0,False,False,False,False,False,False,False,False,True
4.0,4.0,44.0,234.0,261.0,281.0,295.0,False,True,True,False,False,False,False,False,False
16.0,2.0,30.0,236.0,253.0,280.0,303.0,False,False,True,False,False,False,False,False,False
25.0,2.0,32.0,290.0,322.0,315.0,331.0,False,False,False,False,False,False,False,False,True
34.0,2.0,45.0,216.0,255.0,279.0,289.0,False,False,False,False,True,False,False,False,False
26.0,3.0,54.0,217.0,189.0,278.0,320.0,True,False,False,False,False,False,True,False,False
8.0,2.0,20.0,231.0,254.0,282.0,303.0,False,False,True,False,False,False,False,False,False
16.0,3.0,30.0,279.0,297.0,255.0,296.0,True,False,False,False,False,True,False,False,False
12.0,3.0,51.0,212.0,257.0,284.0,293.0,True,False,False,False,True,False,False,False,False
14.0,2.0,33.0,211.0,184.0,276.0,311.0,False,False,False,False,False,False,True,False,False
67.0,2.0,67.0,205.0,186.0,258.0,277.0,True,False,False,False,False,False,False,True,False
11.0,2.0,11.0,168.0,181.0,261.0,276.0,False,False,False,False,False,False,False,True,False
7.0,3.0,29.0,277.0,302.0,257.0,303.0,False,False,False,False,False,True,False,False,False
6.0,1.0,5.0,282.0,297.0,293.0,306.0,True,False,False,False,False,False,False,False,True
10.0,4.0,50.0,272.0,264.0,258.0,307.0,False,True,False,True,False,False,False,False,False
21.0,2.0,22.0,170.0,185.0,256.0,264.0,True,False,False,False,False,False,False,True,False
11.0,1.0,11.0,277.0,263.0,259.0,329.0,True,False,False,True,False,False,False,False,False
66.0,2.0,67.0,206.0,190.0,259.0,278.0,False,False,False,False,False,False,False,True,False
30.0,2.0,37.0,290.0,320.0,308.0,327.0,False,False,False,False,False,False,False,False,True
10.0,2.0,27.0,274.0,323.0,301.0,311.0,True,False,False,False,False,False,False,False,False
8.0,3.0,23.0,279.0,297.0,255.0,297.0,True,False,False,False,False,True,False,False,False
8.0,2.0,21.0,235.0,253.0,278.0,296.0,False,False,True,False,False,False,False,False,False
25.0,2.0,53.0,214.0,185.0,278.0,314.0,False,False,False,False,False,False,True,False,False
8.0,2.0,15.0,284.0,293.0,292.0,298.0,False,False,False,False,False,False,False,False,True
20.0,2.0,27.0,287.0,318.0,310.0,334.0,False,False,False,False,False,False,False,False,True
9.0,3.0,37.0,233.0,258.0,281.0,296.0,False,False,True,False,False,False,False,False,False
13.0,1.0,13.0,216.0,253.0,277.0,288.0,True,False,False,False,True,False,False,False,False
25.0,3.0,48.0,271.0,269.0,259.0,309.0,False,False,False,True,False,False,False,False,False
5.0,1.0,5.0,275.0,307.0,290.0,291.0,True,False,False,False,False,False,False,False,False
8.0,1.0,8.0,209.0,182.0,276.0,314.0,True,False,False,False,False,False,True,False,False
31.0,2.0,38.0,292.0,303.0,296.0,308.0,False,False,False,False,False,False,False,False,True
8.0,2.0,29.0,215.0,252.0,279.0,286.0,False,False,False,False,True,False,False,False,False
14.0,2.0,27.0,235.0,259.0,279.0,301.0,False,False,True,False,False,False,False,False,False
16.0,2.0,23.0,290.0,298.0,293.0,303.0,False,False,False,False,False,False,False,False,True
20.0,2.0,27.0,285.0,317.0,306.0,333.0,False,False,False,False,False,False,False,False,True
18.0,3.0,48.0,236.0,256.0,280.0,297.0,False,False,True,False,False,False,False,False,False
3.0,3.0,19.0,275.0,316.0,300.0,297.0,False,False,False,False,False,False,False,False,False
9.0,2.0,34.0,211.0,251.0,277.0,283.0,False,False,False,False,True,False,False,False,False
14.0,2.0,30.0,280.0,325.0,301.0,307.0,True,False,False,False,False,False,False,False,False
12.0,2.0,34.0,219.0,258.0,282.0,293.0,False,False,False,False,True,False,False,False,False
22.0,2.0,29.0,281.0,297.0,295.0,306.0,False,False,False,False,False,False,False,False,True
23.0,3.0,55.0,235.0,264.0,286.0,310.0,False,False,True,False,False,False,False,False,False
9.0,2.0,36.0,216.0,254.0,280.0,286.0,False,False,False,False,True,False,False,False,False
17.0,2.0,24.0,279.0,301.0,293.0,305.0,False,False,False,False,False,False,False,False,True
15.0,1.0,15.0,283.0,304.0,294.0,305.0,True,False,False,False,False,False,False,False,True
77.0,2.0,77.0,209.0,194.0,262.0,283.0,False,False,False,False,False,False,False,True,False
28.0,2.0,35.0,287.0,299.0,292.0,306.0,False,False,False,False,False,False,False,False,True
23.0,1.0,23.0,290.0,307.0,297.0,312.0,True,False,False,False,False,False,False,False,True
17.0,3.0,40.0,275.0,268.0,256.0,309.0,False,False,False,True,False,False,False,False,False
11.0,3.0,40.0,278.0,303.0,290.0,293.0,False,False,False,False,False,False,False,False,False
25.0,3.0,52.0,281.0,305.0,291.0,304.0,False,False,False,False,False,False,False,False,False
30.0,2.0,31.0,189.0,180.0,264.0,270.0,False,False,False,False,False,False,False,True,False
17.0,4.0,50.0,282.0,307.0,265.0,309.0,False,False,False,False,False,True,False,False,False
5.0,3.0,17.0,271.0,299.0,259.0,297.0,True,False,False,False,False,True,False,False,False
11.0,2.0,18.0,286.0,309.0,305.0,334.0,False,False,False,False,False,False,False,False,True
7.0,1.0,7.0,230.0,250.0,275.0,331.0,False,True,True,False,False,False,False,False,False
19.0,3.0,48.0,278.0,298.0,291.0,291.0,False,False,False,False,False,False,False,False,False
28.0,2.0,35.0,282.0,299.0,296.0,301.0,False,False,False,False,False,False,False,False,True
2.0,3.0,32.0,215.0,251.0,274.0,279.0,True,False,False,False,True,False,False,False,False
21.0,2.0,48.0,213.0,187.0,277.0,311.0,False,False,False,False,False,False,True,False,False
11.0,2.0,19.0,212.0,250.0,277.0,284.0,False,False,False,False,True,False,False,False,False
2.0,3.0,36.0,271.0,299.0,288.0,289.0,False,False,False,False,False,False,False,False,False
7.0,2.0,15.0,276.0,305.0,289.0,294.0,False,False,False,False,False,False,False,False,False
2.0,2.0,15.0,234.0,244.0,279.0,294.0,False,False,True,False,False,False,False,False,False
14.0,1.0,11.0,233.0,251.0,276.0,292.0,False,True,True,False,False,False,False,False,False
18.0,1.0,18.0,212.0,252.0,278.0,287.0,True,False,False,False,True,False,False,False,False
7.0,4.0,45.0,280.0,300.0,256.0,298.0,True,False,False,False,False,True,False,False,False
4.0,1.0,4.0,271.0,259.0,254.0,307.0,True,False,False,True,False,False,False,False,False
53.0,2.0,54.0,195.0,190.0,259.0,281.0,False,False,False,False,False,False,False,True,False
18.0,1.0,18.0,209.0,180.0,278.0,332.0,True,False,False,False,False,False,True,False,False
8.0,1.0,8.0,273.0,264.0,257.0,329.0,False,True,False,True,False,False,False,False,False
31.0,2.0,31.0,206.0,163.0,255.0,277.0,True,False,False,False,False,False,False,True,False
3.0,3.0,39.0,269.0,295.0,288.0,287.0,False,False,False,False,False,False,False,False,False
13.0,2.0,34.0,210.0,183.0,281.0,318.0,True,False,False,False,False,False,True,False,False
21.0,2.0,58.0,215.0,259.0,282.0,295.0,False,False,False,False,True,False,False,False,False
22.0,3.0,55.0,274.0,299.0,305.0,293.0,False,False,False,False,False,False,False,False,False
16.0,2.0,33.0,233.0,258.0,279.0,295.0,False,False,True,False,False,False,False,False,False
24.0,2.0,31.0,273.0,296.0,288.0,290.0,False,False,False,False,False,False,False,False,False
2.0,2.0,16.0,272.0,267.0,254.0,314.0,True,False,False,True,False,False,False,False,False
18.0,3.0,69.0,195.0,198.0,268.0,282.0,False,False,False,False,False,False,False,True,False
10.0,5.0,44.0,278.0,299.0,261.0,300.0,False,True,False,False,False,True,False,False,False
56.0,2.0,57.0,191.0,184.0,267.0,281.0,False,False,False,False,False,False,False,True,False
10.0,3.0,33.0,267.0,270.0,258.0,312.0,False,False,False,True,False,False,False,False,False
17.0,2.0,31.0,234.0,253.0,280.0,301.0,False,False,True,False,False,False,False,False,False
2.0,2.0,23.0,212.0,250.0,278.0,283.0,False,False,False,False,True,False,False,False,False
8.0,2.0,8.0,178.0,170.0,265.0,277.0,False,False,False,False,False,False,False,True,False
3.0,2.0,13.0,206.0,179.0,279.0,336.0,False,False,False,False,False,False,True,False,False
2.0,2.0,19.0,233.0,248.0,278.0,288.0,False,False,True,False,False,False,False,False,False
12.0,2.0,12.0,188.0,180.0,262.0,277.0,False,False,False,False,False,False,False,True,False
4.0,1.0,4.0,209.0,184.0,280.0,312.0,True,False,False,False,False,False,True,False,False
17.0,2.0,24.0,286.0,322.0,305.0,330.0,False,False,False,False,False,False,False,False,True
24.0,3.0,53.0,278.0,299.0,291.0,296.0,False,False,False,False,False,False,False,False,False
15.0,1.0,15.0,210.0,182.0,276.0,310.0,True,False,False,False,False,False,True,False,False
10.0,2.0,11.0,274.0,297.0,253.0,300.0,False,False,False,False,False,True,False,False,False
23.0,2.0,45.0,271.0,269.0,260.0,307.0,False,False,False,True,False,False,False,False,False
21.0,2.0,26.0,276.0,299.0,289.0,295.0,False,False,False,False,False,False,False,False,False
4.0,2.0,16.0,235.0,258.0,280.0,305.0,False,False,True,False,False,False,False,False,False
27.0,2.0,54.0,215.0,256.0,281.0,286.0,False,False,False,False,True,False,False,False,False
23.0,2.0,23.0,193.0,185.0,256.0,276.0,False,False,False,False,False,False,False,True,False
6.0,2.0,18.0,232.0,247.0,285.0,299.0,False,False,True,False,False,False,False,False,False
31.0,2.0,31.0,200.0,177.0,261.0,273.0,False,False,False,False,False,False,False,True,False
13.0,2.0,41.0,213.0,185.0,276.0,318.0,False,False,False,False,False,False,True,False,False
3.0,3.0,39.0,272.0,306.0,302.0,297.0,False,False,False,False,False,False,False,False,False
10.0,1.0,10.0,269.0,265.0,253.0,309.0,True,False,False,True,False,False,False,False,False
24.0,2.0,49.0,213.0,255.0,280.0,268.0,False,False,False,False,True,False,False,False,False
22.0,2.0,23.0,194.0,187.0,259.0,269.0,True,False,False,False,False,False,False,True,False
1.0,4.0,60.0,218.0,246.0,279.0,278.0,False,True,False,False,True,False,False,False,False
3.0,1.0,3.0,271.0,265.0,256.0,311.0,True,False,False,True,False,False,False,False,False
5.0,2.0,14.0,232.0,244.0,278.0,298.0,False,False,True,False,False,False,False,False,False
3.0,2.0,15.0,266.0,267.0,257.0,313.0,True,False,False,True,False,False,False,False,False
6.0,1.0,6.0,204.0,181.0,276.0,322.0,False,False,False,False,False,False,True,False,False
17.0,2.0,24.0,281.0,299.0,294.0,313.0,False,False,False,False,False,False,False,False,True
40.0,2.0,52.0,214.0,185.0,279.0,317.0,False,False,False,False,False,False,True,False,False
19.0,1.0,19.0,284.0,302.0,293.0,305.0,True,False,False,False,False,False,False,False,True
7.0,2.0,36.0,214.0,187.0,276.0,313.0,False,False,False,False,False,False,True,False,False
27.0,2.0,49.0,272.0,269.0,241.0,306.0,False,False,False,True,False,False,False,False,False
12.0,1.0,12.0,208.0,180.0,278.0,331.0,True,False,False,False,False,False,True,False,False
30.0,2.0,36.0,290.0,323.0,306.0,327.0,False,False,False,False,False,False,False,False,True
9.0,3.0,31.0,279.0,300.0,256.0,298.0,False,False,False,False,False,True,False,False,False
25.0,1.0,25.0,286.0,302.0,295.0,306.0,True,False,False,False,False,False,False,False,True
5.0,2.0,5.0,180.0,180.0,260.0,276.0,False,False,False,False,False,False,False,True,False
19.0,2.0,19.0,182.0,181.0,255.0,279.0,True,False,False,False,False,False,False,True,False
8.0,2.0,17.0,267.0,266.0,261.0,312.0,True,False,False,True,False,False,False,False,False
21.0,2.0,28.0,281.0,299.0,295.0,314.0,False,False,False,False,False,False,False,False,True
14.0,2.0,26.0,212.0,183.0,279.0,317.0,False,False,False,False,False,False,True,False,False
31.0,2.0,38.0,293.0,312.0,300.0,317.0,False,False,False,False,False,False,False,False,True
5.0,3.0,35.0,235.0,253.0,282.0,300.0,False,False,True,False,False,False,False,False,False
16.0,1.0,16.0,214.0,253.0,278.0,285.0,True,False,False,False,True,False,False,False,False
72.0,2.0,73.0,188.0,183.0,258.0,277.0,False,False,False,False,False,False,False,True,False
64.0,2.0,64.0,201.0,195.0,260.0,281.0,False,False,False,False,False,False,False,True,False
27.0,2.0,27.0,181.0,172.0,250.0,270.0,False,False,False,False,False,False,False,True,False
12.0,3.0,46.0,237.0,271.0,281.0,300.0,False,False,True,False,False,False,False,False,False
3.0,2.0,10.0,274.0,329.0,303.0,297.0,False,False,False,False,False,False,False,False,False
41.0,2.0,41.0,190.0,186.0,266.0,278.0,True,False,False,False,False,False,False,True,False
7.0,2.0,16.0,272.0,297.0,288.0,291.0,False,False,False,False,False,False,False,False,False
8.0,1.0,5.0,232.0,242.0,283.0,298.0,False,True,True,False,False,False,False,False,False
9.0,2.0,17.0,276.0,267.0,255.0,314.0,False,False,False,True,False,False,False,False,False
19.0,2.0,31.0,231.0,254.0,281.0,308.0,False,False,True,False,False,False,False,False,False
14.0,3.0,47.0,236.0,262.0,282.0,296.0,False,False,True,False,False,False,False,False,False
26.0,4.0,54.0,212.0,184.0,281.0,321.0,True,False,False,False,False,False,True,False,False
26.0,3.0,49.0,274.0,270.0,261.0,309.0,False,False,False,True,False,False,False,False,False
21.0,2.0,36.0,232.0,254.0,281.0,297.0,False,False,True,False,False,False,False,False,False
20.0,2.0,21.0,277.0,299.0,259.0,300.0,False,False,False,False,False,True,False,False,False
38.0,2.0,39.0,175.0,171.0,267.0,282.0,False,False,False,False,False,False,False,True,False
5.0,3.0,18.0,275.0,297.0,254.0,296.0,True,False,False,False,False,True,False,False,False
5.0,1.0,2.0,229.0,245.0,286.0,301.0,False,True,True,False,False,False,False,False,False
11.0,1.0,11.0,211.0,182.0,276.0,310.0,True,False,False,False,False,False,True,False,False
11.0,3.0,46.0,237.0,257.0,281.0,304.0,False,True,True,False,False,False,False,False,False
21.0,2.0,30.0,276.0,300.0,288.0,293.0,False,False,False,False,False,False,False,False,False
4.0,1.0,4.0,268.0,263.0,253.0,308.0,False,True,False,True,False,False,False,False,False
20.0,3.0,53.0,237.0,268.0,282.0,303.0,False,False,True,False,False,False,False,False,False
16.0,2.0,21.0,276.0,302.0,287.0,295.0,False,False,False,False,False,False,False,False,False
18.0,1.0,18.0,209.0,182.0,275.0,315.0,True,False,False,False,False,False,True,False,False
15.0,3.0,44.0,278.0,299.0,290.0,292.0,False,False,False,False,False,False,False,False,False
26.0,5.0,56.0,273.0,270.0,259.0,308.0,False,False,False,True,False,False,False,False,False
8.0,1.0,8.0,265.0,265.0,260.0,332.0,True,False,False,True,False,False,False,False,False
17.0,1.0,16.0,269.0,294.0,285.0,285.0,False,False,False,False,False,False,False,False,False
11.0,2.0,11.0,184.0,176.0,257.0,277.0,False,False,False,False,False,False,False,True,False
21.0,2.0,22.0,275.0,301.0,256.0,302.0,False,False,False,False,False,True,False,False,False
16.0,2.0,31.0,231.0,255.0,286.0,326.0,False,False,True,False,False,False,False,False,False
19.0,1.0,19.0,273.0,265.0,256.0,308.0,True,False,False,True,False,False,False,False,False
18.0,2.0,45.0,205.0,257.0,280.0,287.0,False,False,False,False,True,False,False,False,False
14.0,2.0,21.0,286.0,318.0,298.0,324.0,False,False,False,False,False,False,False,False,True
29.0,2.0,30.0,194.0,180.0,255.0,275.0,False,False,False,False,False,False,False,True,False
62.0,2.0,62.0,202.0,194.0,262.0,281.0,False,False,False,False,False,False,False,True,False
5.0,2.0,16.0,270.0,267.0,255.0,307.0,False,False,False,True,False,False,False,False,False
15.0,2.0,24.0,277.0,310.0,289.0,296.0,False,False,False,False,False,False,False,False,False
8.0,1.0,8.0,207.0,183.0,272.0,315.0,True,False,False,False,False,False,True,False,False
5.0,2.0,16.0,272.0,268.0,256.0,312.0,True,False,False,True,False,False,False,False,False
7.0,1.0,4.0,211.0,183.0,281.0,334.0,True,False,False,False,False,False,True,False,False
20.0,2.0,43.0,211.0,186.0,283.0,323.0,True,False,False,False,False,False,True,False,False
26.0,3.0,53.0,231.0,255.0,279.0,300.0,False,False,True,False,False,False,False,False,False
66.0,2.0,67.0,204.0,192.0,260.0,279.0,True,False,False,False,False,False,False,True,False
18.0,3.0,52.0,237.0,271.0,281.0,301.0,False,False,True,False,False,False,False,False,False
11.0,3.0,61.0,220.0,260.0,284.0,285.0,True,False,False,False,True,False,False,False,False
44.0,2.0,45.0,191.0,171.0,265.0,287.0,False,False,False,False,False,False,False,True,False
7.0,3.0,64.0,206.0,183.0,269.0,280.0,True,False,False,False,False,False,False,True,False
76.0,2.0,76.0,211.0,194.0,261.0,280.0,False,False,False,False,False,False,False,True,False
5.0,1.0,2.0,230.0,253.0,283.0,298.0,False,True,True,False,False,False,False,False,False
3.0,3.0,33.0,216.0,250.0,274.0,278.0,True,False,False,False,True,False,False,False,False
8.0,3.0,49.0,238.0,264.0,280.0,291.0,False,False,True,False,False,False,False,False,False
11.0,3.0,47.0,277.0,301.0,290.0,293.0,False,False,False,False,False,False,False,False,False
6.0,2.0,19.0,275.0,305.0,290.0,305.0,False,False,False,False,False,False,False,False,False
18.0,3.0,49.0,236.0,258.0,283.0,299.0,False,False,True,False,False,False,False,False,False
54.0,2.0,55.0,194.0,188.0,256.0,278.0,False,False,False,False,False,False,False,True,False
35.0,2.0,42.0,290.0,305.0,296.0,311.0,False,False,False,False,False,False,False,False,True
6.0,2.0,14.0,213.0,250.0,276.0,281.0,False,False,False,False,True,False,False,False,False
32.0,2.0,39.0,294.0,312.0,299.0,318.0,False,False,False,False,False,False,False,False,True
30.0,3.0,53.0,279.0,271.0,258.0,315.0,False,False,False,True,False,False,False,False,False
15.0,3.0,49.0,235.0,265.0,288.0,314.0,False,False,True,False,False,False,False,False,False
11.0,3.0,39.0,237.0,245.0,281.0,303.0,False,False,True,False,False,False,False,False,False
23.0,1.0,23.0,286.0,302.0,295.0,307.0,True,False,False,False,False,False,False,False,True
6.0,1.0,6.0,273.0,311.0,294.0,303.0,False,False,False,False,False,False,False,False,False
9.0,3.0,14.0,273.0,300.0,256.0,297.0,False,False,False,False,False,True,False,False,False
12.0,2.0,12.0,187.0,164.0,262.0,270.0,False,False,False,False,False,False,False,True,False
15.0,1.0,14.0,272.0,298.0,286.0,290.0,False,False,False,False,False,False,False,False,False
5.0,2.0,18.0,234.0,251.0,283.0,298.0,False,False,True,False,False,False,False,False,False
10.0,1.0,7.0,229.0,248.0,287.0,293.0,False,True,True,False,False,False,False,False,False
38.0,2.0,39.0,185.0,174.0,258.0,276.0,True,False,False,False,False,False,False,True,False
2.0,2.0,17.0,232.0,237.0,277.0,310.0,False,False,True,False,False,False,False,False,False
9.0,2.0,30.0,214.0,256.0,282.0,298.0,False,False,False,False,True,False,False,False,False
7.0,1.0,4.0,234.0,245.0,285.0,304.0,False,True,True,False,False,False,False,False,False
18.0,4.0,50.0,277.0,301.0,260.0,300.0,False,False,False,False,False,True,False,False,False
33.0,2.0,56.0,215.0,188.0,279.0,311.0,False,False,False,False,False,False,True,False,False
6.0,1.0,6.0,274.0,323.0,290.0,304.0,True,False,False,False,False,False,False,False,False
28.0,2.0,35.0,294.0,314.0,302.0,322.0,False,False,False,False,False,False,False,False,True
8.0,3.0,44.0,235.0,257.0,282.0,298.0,False,True,True,False,False,False,False,False,False
24.0,2.0,29.0,274.0,298.0,284.0,291.0,False,False,False,False,False,False,False,False,False
13.0,4.0,46.0,278.0,309.0,264.0,261.0,False,False,False,False,False,True,False,False,False
2.0,1.0,2.0,214.0,253.0,280.0,280.0,False,False,False,False,True,False,False,False,False
24.0,2.0,40.0,279.0,299.0,287.0,300.0,True,False,False,False,False,False,False,False,False
22.0,3.0,43.0,271.0,269.0,257.0,311.0,False,False,False,True,False,False,False,False,False
13.0,3.0,39.0,280.0,301.0,255.0,303.0,False,False,False,False,False,True,False,False,False
6.0,1.0,3.0,231.0,243.0,276.0,290.0,False,True,True,False,False,False,False,False,False
8.0,1.0,7.0,208.0,182.0,275.0,307.0,False,False,False,False,False,False,True,False,False
2.0,2.0,14.0,231.0,257.0,279.0,321.0,False,False,True,False,False,False,False,False,False
72.0,2.0,73.0,202.0,189.0,261.0,281.0,False,False,False,False,False,False,False,True,False
17.0,4.0,51.0,283.0,299.0,257.0,297.0,False,False,False,False,False,True,False,False,False
21.0,2.0,42.0,220.0,257.0,281.0,290.0,False,False,False,False,True,False,False,False,False
15.0,2.0,26.0,233.0,257.0,282.0,308.0,False,False,True,False,False,False,False,False,False
34.0,1.0,34.0,214.0,255.0,279.0,288.0,False,False,False,False,True,False,False,False,False
2.0,4.0,35.0,280.0,298.0,257.0,297.0,False,False,False,False,False,True,False,False,False
24.0,2.0,37.0,273.0,301.0,291.0,294.0,False,False,False,False,False,False,False,False,False
25.0,2.0,32.0,288.0,301.0,292.0,310.0,False,False,False,False,False,False,False,False,True
5.0,1.0,5.0,209.0,249.0,278.0,284.0,True,False,False,False,True,False,False,False,False
8.0,2.0,14.0,216.0,253.0,277.0,284.0,False,False,False,False,True,False,False,False,False
11.0,1.0,8.0,230.0,246.0,278.0,288.0,False,True,True,False,False,False,False,False,False
6.0,2.0,7.0,231.0,239.0,278.0,295.0,False,False,True,False,False,False,False,False,False
24.0,3.0,47.0,275.0,267.0,258.0,309.0,False,False,False,True,False,False,False,False,False
29.0,2.0,29.0,194.0,186.0,255.0,277.0,False,False,False,False,False,False,False,True,False
27.0,2.0,34.0,275.0,296.0,288.0,289.0,False,False,False,False,False,False,False,False,False
14.0,2.0,15.0,189.0,185.0,258.0,272.0,True,False,False,False,False,False,False,True,False
16.0,2.0,23.0,286.0,298.0,291.0,305.0,False,False,False,False,False,False,False,False,True
4.0,2.0,15.0,236.0,244.0,285.0,298.0,False,False,True,False,False,False,False,False,False
13.0,2.0,25.0,211.0,182.0,285.0,328.0,False,False,False,False,False,False,True,False,False
15.0,3.0,38.0,281.0,269.0,264.0,331.0,False,False,False,True,False,False,False,False,False
17.0,2.0,29.0,217.0,248.0,276.0,289.0,False,False,False,False,True,False,False,False,False
20.0,2.0,20.0,194.0,170.0,255.0,269.0,False,False,False,False,False,False,False,True,False
22.0,3.0,56.0,287.0,325.0,294.0,298.0,False,False,False,False,False,False,False,False,False
6.0,2.0,19.0,235.0,254.0,278.0,295.0,False,False,True,False,False,False,False,False,False
2.0,4.0,42.0,273.0,267.0,258.0,306.0,False,True,False,True,False,False,False,False,False
2.0,2.0,17.0,274.0,263.0,259.0,303.0,True,False,False,True,False,False,False,False,False
10.0,2.0,35.0,210.0,250.0,279.0,282.0,False,False,False,False,True,False,False,False,False
2.0,2.0,10.0,268.0,264.0,254.0,313.0,True,False,False,True,False,False,False,False,False
18.0,1.0,18.0,217.0,253.0,279.0,288.0,True,False,False,False,True,False,False,False,False
3.0,3.0,37.0,237.0,267.0,281.0,301.0,False,False,True,False,False,False,False,False,False
7.0,2.0,18.0,232.0,252.0,287.0,320.0,False,False,True,False,False,False,False,False,False
51.0,2.0,52.0,183.0,180.0,264.0,285.0,False,False,False,False,False,False,False,True,False
22.0,2.0,23.0,180.0,172.0,262.0,272.0,False,False,False,False,False,False,False,True,False
5.0,2.0,36.0,215.0,255.0,281.0,288.0,True,False,False,False,True,False,False,False,False
24.0,2.0,24.0,195.0,172.0,260.0,269.0,False,False,False,False,False,False,False,True,False
3.0,1.0,3.0,224.0,246.0,286.0,322.0,False,True,True,False,False,False,False,False,False
11.0,3.0,46.0,288.0,304.0,295.0,306.0,False,True,False,False,False,False,False,False,True
13.0,1.0,13.0,275.0,304.0,288.0,301.0,True,False,False,False,False,False,False,False,False
10.0,1.0,10.0,211.0,249.0,278.0,282.0,True,False,False,False,True,False,False,False,False
25.0,3.0,48.0,270.0,263.0,257.0,302.0,False,False,False,True,False,False,False,False,False
13.0,3.0,32.0,274.0,299.0,255.0,298.0,False,False,False,False,False,True,False,False,False
8.0,3.0,43.0,276.0,304.0,290.0,295.0,False,False,False,False,False,False,False,False,False
18.0,5.0,52.0,280.0,299.0,239.0,257.0,False,True,False,False,False,True,False,False,False
2.0,2.0,11.0,233.0,242.0,280.0,297.0,False,False,True,False,False,False,False,False,False
13.0,4.0,46.0,281.0,299.0,258.0,297.0,False,False,False,False,False,True,False,False,False
29.0,3.0,57.0,214.0,188.0,285.0,345.0,True,False,False,False,False,False,True,False,False
17.0,3.0,40.0,278.0,268.0,257.0,316.0,False,False,False,True,False,False,False,False,False
11.0,2.0,25.0,228.0,260.0,286.0,315.0,False,False,True,False,False,False,False,False,False
13.0,2.0,13.0,201.0,164.0,257.0,278.0,True,False,False,False,False,False,False,True,False
10.0,2.0,20.0,212.0,184.0,276.0,315.0,False,False,False,False,False,False,True,False,False
14.0,1.0,14.0,271.0,263.0,255.0,309.0,True,False,False,True,False,False,False,False,False
23.0,2.0,30.0,290.0,300.0,294.0,306.0,False,False,False,False,False,False,False,False,True
14.0,2.0,25.0,231.0,255.0,282.0,301.0,False,False,True,False,False,False,False,False,False
2.0,1.0,2.0,230.0,249.0,289.0,302.0,False,True,True,False,False,False,False,False,False
6.0,3.0,22.0,273.0,298.0,255.0,295.0,True,False,False,False,False,True,False,False,False
8.0,2.0,17.0,273.0,267.0,255.0,310.0,True,False,False,True,False,False,False,False,False
21.0,2.0,52.0,214.0,259.0,281.0,293.0,True,False,False,False,True,False,False,False,False
14.0,1.0,14.0,217.0,253.0,275.0,288.0,True,False,False,False,True,False,False,False,False
18.0,1.0,18.0,286.0,301.0,291.0,306.0,True,False,False,False,False,False,False,False,True
2.0,4.0,45.0,276.0,261.0,259.0,332.0,True,False,False,True,False,False,False,False,False
8.0,2.0,8.0,187.0,164.0,262.0,284.0,False,False,False,False,False,False,False,True,False
4.0,3.0,74.0,196.0,177.0,258.0,275.0,False,True,False,False,False,False,False,True,False
42.0,2.0,48.0,290.0,309.0,295.0,311.0,False,False,False,False,False,False,False,False,True
3.0,3.0,23.0,235.0,241.0,279.0,298.0,False,False,True,False,False,False,False,False,False
4.0,3.0,24.0,233.0,247.0,280.0,297.0,False,False,True,False,False,False,False,False,False
9.0,2.0,40.0,213.0,253.0,282.0,289.0,True,False,False,False,True,False,False,False,False
6.0,3.0,47.0,279.0,300.0,290.0,294.0,False,False,False,False,False,False,False,False,False
12.0,2.0,21.0,276.0,301.0,289.0,293.0,False,False,False,False,False,False,False,False,False
11.0,2.0,12.0,273.0,301.0,260.0,302.0,True,False,False,False,False,True,False,False,False
8.0,2.0,19.0,270.0,267.0,257.0,308.0,False,False,False,True,False,False,False,False,False
9.0,1.0,9.0,229.0,247.0,283.0,319.0,False,True,True,False,False,False,False,False,False
22.0,3.0,45.0,270.0,263.0,257.0,304.0,False,False,False,True,False,False,False,False,False
18.0,2.0,39.0,217.0,256.0,280.0,287.0,False,False,False,False,True,False,False,False,False
32.0,2.0,33.0,186.0,181.0,264.0,276.0,False,False,False,False,False,False,False,True,False
18.0,3.0,42.0,273.0,268.0,259.0,305.0,False,False,False,True,False,False,False,False,False
4.0,2.0,13.0,270.0,262.0,253.0,309.0,True,False,False,True,False,False,False,False,False
73.0,2.0,73.0,203.0,193.0,270.0,283.0,False,False,False,False,False,False,False,True,False
12.0,3.0,35.0,274.0,270.0,258.0,312.0,False,False,False,True,False,False,False,False,False
6.0,2.0,16.0,232.0,256.0,279.0,227.0,False,False,True,False,False,False,False,False,False
9.0,1.0,9.0,213.0,253.0,278.0,287.0,True,False,False,False,True,False,False,False,False
11.0,5.0,52.0,281.0,302.0,256.0,299.0,False,True,False,False,False,True,False,False,False
16.0,3.0,66.0,206.0,195.0,263.0,281.0,False,False,False,False,False,False,False,True,False
25.0,3.0,52.0,276.0,268.0,257.0,310.0,True,False,False,True,False,False,False,False,False
8.0,3.0,47.0,217.0,257.0,280.0,285.0,True,False,False,False,True,False,False,False,False
9.0,2.0,7.0,275.0,297.0,256.0,300.0,False,True,False,False,False,True,False,False,False
20.0,3.0,25.0,277.0,301.0,257.0,301.0,False,False,False,False,False,True,False,False,False
11.0,1.0,11.0,212.0,184.0,274.0,316.0,True,False,False,False,False,False,True,False,False
5.0,4.0,27.0,273.0,299.0,259.0,293.0,False,False,False,False,False,True,False,False,False
10.0,2.0,43.0,149.0,254.0,283.0,288.0,True,False,False,False,True,False,False,False,False
26.0,2.0,33.0,286.0,303.0,296.0,310.0,False,False,False,False,False,False,False,False,True
34.0,2.0,42.0,212.0,252.0,279.0,282.0,False,False,False,False,True,False,False,False,False
9.0,3.0,35.0,278.0,297.0,256.0,299.0,False,False,False,False,False,True,False,False,False
3.0,2.0,15.0,227.0,254.0,282.0,311.0,False,False,True,False,False,False,False,False,False
47.0,2.0,47.0,200.0,179.0,256.0,278.0,False,False,False,False,False,False,False,True,False
42.0,2.0,50.0,213.0,202.0,282.0,286.0,False,False,False,False,True,False,False,False,False
27.0,3.0,54.0,232.0,256.0,279.0,299.0,False,False,True,False,False,False,False,False,False
63.0,2.0,63.0,182.0,169.0,255.0,275.0,False,False,False,False,False,False,False,True,False
13.0,1.0,13.0,206.0,183.0,281.0,327.0,True,False,False,False,False,False,True,False,False
5.0,2.0,38.0,287.0,301.0,295.0,307.0,False,False,False,False,False,False,False,False,True
11.0,1.0,11.0,269.0,261.0,254.0,308.0,True,False,False,True,False,False,False,False,False
19.0,3.0,42.0,273.0,269.0,259.0,308.0,False,True,False,True,False,False,False,False,False
11.0,2.0,39.0,217.0,185.0,285.0,333.0,False,True,False,False,False,False,True,False,False
17.0,2.0,33.0,275.0,296.0,290.0,290.0,False,False,False,False,False,False,False,False,False
13.0,4.0,49.0,279.0,307.0,265.0,307.0,True,False,False,False,False,True,False,False,False
17.0,2.0,39.0,272.0,268.0,259.0,309.0,False,False,False,True,False,False,False,False,False
33.0,2.0,33.0,205.0,163.0,254.0,276.0,True,False,False,False,False,False,False,True,False
5.0,3.0,36.0,232.0,255.0,277.0,290.0,False,False,True,False,False,False,False,False,False
17.0,2.0,34.0,233.0,261.0,279.0,296.0,False,False,True,False,False,False,False,False,False
23.0,2.0,24.0,196.0,187.0,259.0,272.0,True,False,False,False,False,False,False,True,False
18.0,2.0,34.0,276.0,303.0,289.0,295.0,False,False,False,False,False,False,False,False,False
2.0,2.0,15.0,272.0,297.0,290.0,229.0,False,False,False,False,False,False,False,False,False
11.0,3.0,40.0,215.0,186.0,283.0,326.0,True,False,False,False,False,False,True,False,False
41.0,2.0,63.0,221.0,260.0,282.0,290.0,False,False,False,False,True,False,False,False,False
9.0,3.0,45.0,236.0,261.0,281.0,301.0,False,False,True,False,False,False,False,False,False
7.0,1.0,7.0,275.0,267.0,253.0,318.0,False,False,False,True,False,False,False,False,False
25.0,2.0,47.0,214.0,185.0,279.0,319.0,False,False,False,False,False,False,True,False,False
17.0,2.0,30.0,234.0,258.0,279.0,301.0,False,False,True,False,False,False,False,False,False
5.0,2.0,19.0,229.0,257.0,280.0,305.0,False,False,True,False,False,False,False,False,False
73.0,2.0,73.0,210.0,193.0,256.0,273.0,False,False,False,False,False,False,False,True,False
12.0,3.0,41.0,278.0,301.0,290.0,293.0,False,False,False,False,False,False,False,False,False
12.0,2.0,43.0,212.0,255.0,282.0,288.0,True,False,False,False,True,False,False,False,False
22.0,2.0,22.0,194.0,186.0,257.0,276.0,False,False,False,False,False,False,False,True,False
10.0,2.0,27.0,230.0,250.0,279.0,294.0,False,False,True,False,False,False,False,False,False
3.0,4.0,36.0,279.0,299.0,257.0,291.0,False,False,False,False,False,True,False,False,False
2.0,2.0,14.0,235.0,255.0,281.0,296.0,False,False,True,False,False,False,False,False,False
5.0,4.0,48.0,232.0,255.0,278.0,290.0,False,True,True,False,False,False,False,False,False
13.0,2.0,20.0,289.0,298.0,293.0,304.0,False,False,False,False,False,False,False,False,True
47.0,2.0,58.0,218.0,257.0,279.0,290.0,False,False,False,False,True,False,False,False,False
13.0,2.0,20.0,286.0,304.0,297.0,311.0,False,False,False,False,False,False,False,False,True
19.0,2.0,47.0,215.0,185.0,276.0,316.0,False,False,False,False,False,False,True,False,False
70.0,2.0,70.0,206.0,193.0,260.0,278.0,False,False,False,False,False,False,False,True,False
43.0,2.0,44.0,194.0,174.0,257.0,276.0,False,False,False,False,False,False,False,True,False
10.0,2.0,23.0,235.0,256.0,278.0,296.0,False,False,True,False,False,False,False,False,False
6.0,2.0,33.0,215.0,184.0,279.0,315.0,False,False,False,False,False,False,True,False,False
17.0,2.0,24.0,276.0,307.0,290.0,313.0,False,False,False,False,False,False,False,False,False
36.0,2.0,43.0,290.0,325.0,305.0,327.0,False,False,False,False,False,False,False,False,True
4.0,3.0,20.0,276.0,316.0,300.0,310.0,False,False,False,False,False,False,False,False,False
3.0,1.0,3.0,230.0,245.0,289.0,320.0,False,True,True,False,False,False,False,False,False
19.0,1.0,19.0,284.0,302.0,296.0,307.0,True,False,False,False,False,False,False,False,True
21.0,3.0,44.0,277.0,269.0,257.0,313.0,False,False,False,True,False,False,False,False,False
11.0,2.0,38.0,211.0,185.0,278.0,311.0,False,False,False,False,False,False,True,False,False
38.0,2.0,45.0,289.0,308.0,296.0,306.0,False,False,False,False,False,False,False,False,True
31.0,1.0,31.0,213.0,255.0,277.0,292.0,False,False,False,False,True,False,False,False,False
28.0,2.0,56.0,214.0,186.0,278.0,320.0,False,True,False,False,False,False,True,False,False
14.0,3.0,37.0,280.0,262.0,255.0,303.0,False,False,False,True,False,False,False,False,False
2.0,3.0,43.0,275.0,295.0,290.0,290.0,False,False,False,False,False,False,False,False,False
16.0,2.0,43.0,218.0,258.0,281.0,285.0,False,False,False,False,True,False,False,False,False
8.0,3.0,36.0,232.0,259.0,281.0,295.0,False,False,True,False,False,False,False,False,False
30.0,2.0,53.0,212.0,184.0,279.0,314.0,True,False,False,False,False,False,True,False,False
29.0,4.0,57.0,210.0,183.0,281.0,319.0,True,False,False,False,False,False,True,False,False
19.0,2.0,56.0,218.0,258.0,282.0,288.0,True,False,False,False,True,False,False,False,False
47.0,2.0,48.0,190.0,179.0,260.0,283.0,False,False,False,False,False,False,False,True,False
2.0,1.0,2.0,272.0,326.0,306.0,291.0,True,False,False,False,False,False,False,False,False
7.0,1.0,7.0,213.0,251.0,279.0,285.0,True,False,False,False,True,False,False,False,False
19.0,4.0,67.0,196.0,186.0,270.0,281.0,False,True,False,False,False,False,False,True,False
9.0,2.0,16.0,290.0,318.0,300.0,317.0,False,False,False,False,False,False,False,False,True
52.0,2.0,52.0,188.0,189.0,259.0,279.0,False,False,False,False,False,False,False,True,False
38.0,2.0,60.0,220.0,259.0,284.0,291.0,False,False,False,False,True,False,False,False,False
17.0,2.0,26.0,272.0,298.0,289.0,291.0,False,False,False,False,False,False,False,False,False
8.0,3.0,41.0,236.0,261.0,281.0,303.0,False,False,True,False,False,False,False,False,False
39.0,2.0,46.0,285.0,300.0,293.0,308.0,False,False,False,False,False,False,False,False,True
21.0,3.0,55.0,277.0,301.0,292.0,294.0,False,False,False,False,False,False,False,False,False
12.0,2.0,23.0,233.0,257.0,281.0,302.0,False,False,True,False,False,False,False,False,False
15.0,2.0,16.0,272.0,301.0,254.0,300.0,False,False,False,False,False,True,False,False,False
25.0,3.0,41.0,274.0,299.0,288.0,292.0,False,False,False,False,False,False,False,False,False
10.0,2.0,19.0,274.0,310.0,290.0,299.0,False,False,False,False,False,False,False,False,False
16.0,2.0,38.0,274.0,269.0,260.0,309.0,False,False,False,True,False,False,False,False,False
73.0,2.0,74.0,204.0,193.0,270.0,284.0,False,False,False,False,False,False,False,True,False
32.0,3.0,56.0,278.0,269.0,258.0,312.0,False,False,False,True,False,False,False,False,False
5.0,1.0,5.0,267.0,265.0,256.0,329.0,True,False,False,True,False,False,False,False,False
16.0,4.0,50.0,282.0,298.0,257.0,298.0,False,False,False,False,False,True,False,False,False
7.0,4.0,35.0,212.0,185.0,277.0,315.0,True,False,False,False,False,False,True,False,False
23.0,2.0,47.0,214.0,253.0,281.0,293.0,False,False,False,False,True,False,False,False,False
13.0,3.0,63.0,210.0,199.0,261.0,282.0,False,False,False,False,False,False,False,True,False
4.0,3.0,54.0,204.0,190.0,262.0,285.0,False,False,False,False,False,False,False,True,False
15.0,3.0,43.0,236.0,245.0,281.0,301.0,False,False,True,False,False,False,False,False,False
3.0,2.0,25.0,215.0,183.0,271.0,315.0,False,False,False,False,False,False,True,False,False
5.0,1.0,5.0,276.0,326.0,304.0,314.0,False,True,False,False,False,False,False,False,False
29.0,3.0,53.0,276.0,269.0,256.0,310.0,False,False,False,True,False,False,False,False,False
45.0,2.0,57.0,214.0,183.0,280.0,324.0,False,False,False,False,False,False,True,False,False
16.0,2.0,47.0,211.0,254.0,282.0,290.0,True,False,False,False,True,False,False,False,False
4.0,1.0,4.0,212.0,254.0,280.0,284.0,True,False,False,False,True,False,False,False,False
35.0,2.0,42.0,294.0,320.0,301.0,320.0,False,False,False,False,False,False,False,False,True
24.0,2.0,31.0,271.0,294.0,287.0,289.0,False,False,False,False,False,False,False,False,False
27.0,2.0,58.0,214.0,259.0,284.0,286.0,True,False,False,False,True,False,False,False,False
23.0,2.0,30.0,292.0,312.0,300.0,317.0,False,False,False,False,False,False,False,False,True
20.0,2.0,29.0,275.0,306.0,288.0,296.0,False,False,False,False,False,False,False,False,False
17.0,2.0,18.0,275.0,300.0,253.0,299.0,True,False,False,False,False,True,False,False,False
5.0,3.0,21.0,276.0,298.0,290.0,304.0,False,False,False,False,False,False,False,False,False
13.0,3.0,36.0,209.0,183.0,284.0,316.0,True,False,False,False,False,False,True,False,False
33.0,2.0,40.0,290.0,302.0,295.0,307.0,False,False,False,False,False,False,False,False,True
17.0,2.0,18.0,183.0,183.0,269.0,282.0,False,False,False,False,False,False,False,True,False
61.0,2.0,62.0,201.0,189.0,262.0,281.0,True,False,False,False,False,False,False,True,False
4.0,2.0,18.0,267.0,266.0,259.0,332.0,True,False,False,True,False,False,False,False,False
21.0,1.0,20.0,211.0,253.0,277.0,284.0,True,False,False,False,True,False,False,False,False
40.0,2.0,47.0,289.0,300.0,292.0,309.0,False,False,False,False,False,False,False,False,True
39.0,2.0,40.0,197.0,175.0,257.0,275.0,True,False,False,False,False,False,False,True,False
76.0,2.0,76.0,204.0,196.0,263.0,284.0,False,False,False,False,False,False,False,True,False
18.0,3.0,54.0,276.0,304.0,290.0,297.0,False,False,False,False,False,False,False,False,False
18.0,3.0,34.0,272.0,328.0,301.0,294.0,False,False,False,False,False,False,False,False,False
11.0,1.0,8.0,229.0,248.0,285.0,304.0,False,True,True,False,False,False,False,False,False
20.0,2.0,21.0,172.0,180.0,256.0,263.0,True,False,False,False,False,False,False,True,False
5.0,4.0,27.0,278.0,298.0,255.0,296.0,False,False,False,False,False,True,False,False,False
8.0,1.0,8.0,213.0,252.0,276.0,286.0,True,False,False,False,True,False,False,False,False
20.0,2.0,21.0,193.0,183.0,259.0,272.0,True,False,False,False,False,False,False,True,False
53.0,3.0,67.0,189.0,185.0,268.0,280.0,False,False,False,False,False,False,False,True,False
14.0,3.0,35.0,275.0,269.0,261.0,331.0,False,False,False,True,False,False,False,False,False
7.0,3.0,27.0,235.0,252.0,280.0,301.0,False,False,True,False,False,False,False,False,False
15.0,3.0,27.0,280.0,298.0,254.0,297.0,False,False,False,False,False,True,False,False,False
30.0,2.0,37.0,292.0,311.0,299.0,317.0,False,False,False,False,False,False,False,False,True
13.0,3.0,29.0,274.0,299.0,255.0,298.0,True,False,False,False,False,True,False,False,False
6.0,3.0,43.0,237.0,261.0,281.0,296.0,False,True,True,False,False,False,False,False,False
8.0,1.0,8.0,211.0,179.0,278.0,328.0,True,False,False,False,False,False,True,False,False
12.0,3.0,43.0,232.0,256.0,281.0,292.0,False,False,True,False,False,False,False,False,False
10.0,1.0,10.0,217.0,252.0,282.0,284.0,True,False,False,False,True,False,False,False,False
32.0,3.0,55.0,271.0,267.0,257.0,306.0,False,False,False,True,False,False,False,False,False
25.0,1.0,25.0,214.0,256.0,278.0,287.0,True,False,False,False,True,False,False,False,False
29.0,3.0,52.0,276.0,271.0,260.0,310.0,False,False,False,True,False,False,False,False,False
25.0,3.0,55.0,236.0,260.0,280.0,303.0,False,False,True,False,False,False,False,False,False
9.0,1.0,9.0,228.0,252.0,277.0,310.0,False,True,True,False,False,False,False,False,False
26.0,3.0,56.0,214.0,222.0,278.0,289.0,True,False,False,False,True,False,False,False,False
3.0,2.0,44.0,283.0,299.0,294.0,303.0,False,True,False,False,False,False,False,False,True
9.0,2.0,16.0,285.0,312.0,306.0,316.0,False,False,False,False,False,False,False,False,True
31.0,3.0,54.0,275.0,272.0,260.0,312.0,False,False,False,True,False,False,False,False,False
25.0,2.0,62.0,218.0,259.0,281.0,292.0,True,False,False,False,True,False,False,False,False
28.0,2.0,29.0,186.0,183.0,253.0,278.0,False,False,False,False,False,False,False,True,False
24.0,2.0,36.0,211.0,184.0,280.0,324.0,False,False,False,False,False,False,True,False,False
16.0,2.0,23.0,288.0,307.0,309.0,329.0,False,False,False,False,False,False,False,False,True
17.0,2.0,18.0,186.0,177.0,255.0,276.0,True,False,False,False,False,False,False,True,False
36.0,2.0,36.0,204.0,167.0,255.0,274.0,True,False,False,False,False,False,False,True,False
5.0,2.0,15.0,228.0,259.0,279.0,303.0,False,False,True,False,False,False,False,False,False
9.0,2.0,9.0,278.0,293.0,252.0,288.0,True,False,False,False,False,True,False,False,False
15.0,3.0,44.0,208.0,186.0,282.0,317.0,True,False,False,False,False,False,True,False,False
4.0,1.0,4.0,289.0,307.0,294.0,313.0,True,False,False,False,False,False,False,False,True
38.0,2.0,45.0,289.0,302.0,296.0,305.0,False,False,False,False,False,False,False,False,True
8.0,4.0,34.0,284.0,263.0,252.0,327.0,True,False,False,True,False,False,False,False,False
41.0,2.0,48.0,289.0,307.0,294.0,307.0,False,False,False,False,False,False,False,False,True
8.0,2.0,24.0,274.0,297.0,288.0,284.0,True,False,False,False,False,False,False,False,False
22.0,2.0,50.0,214.0,187.0,281.0,321.0,False,True,False,False,False,False,True,False,False
3.0,1.0,3.0,210.0,253.0,279.0,283.0,True,False,False,False,True,False,False,False,False
25.0,3.0,30.0,280.0,300.0,256.0,300.0,False,False,False,False,False,True,False,False,False
14.0,2.0,21.0,273.0,300.0,289.0,290.0,False,False,False,False,False,False,False,False,False
9.0,2.0,21.0,229.0,255.0,281.0,300.0,False,False,True,False,False,False,False,False,False
7.0,1.0,7.0,208.0,181.0,278.0,311.0,False,False,False,False,False,False,True,False,False
15.0,1.0,15.0,274.0,266.0,255.0,314.0,True,False,False,True,False,False,False,False,False
7.0,2.0,19.0,209.0,183.0,281.0,328.0,False,False,False,False,False,False,True,False,False
7.0,1.0,4.0,233.0,253.0,276.0,290.0,False,True,True,False,False,False,False,False,False
18.0,3.0,51.0,280.0,303.0,292.0,298.0,False,False,False,False,False,False,False,False,False
19.0,2.0,29.0,232.0,254.0,276.0,288.0,False,False,True,False,False,False,False,False,False
5.0,3.0,20.0,277.0,298.0,256.0,298.0,True,False,False,False,False,True,False,False,False
2.0,1.0,2.0,270.0,319.0,304.0,273.0,False,True,False,False,False,False,False,False,False
4.0,1.0,3.0,266.0,321.0,303.0,322.0,False,False,False,False,False,False,False,False,False
3.0,1.0,3.0,285.0,305.0,294.0,307.0,True,False,False,False,False,False,False,False,True
21.0,3.0,56.0,277.0,302.0,293.0,298.0,False,False,False,False,False,False,False,False,False
12.0,2.0,36.0,218.0,256.0,281.0,297.0,False,False,False,False,True,False,False,False,False
59.0,2.0,60.0,189.0,177.0,259.0,279.0,True,False,False,False,False,False,False,True,False
24.0,2.0,60.0,217.0,257.0,279.0,285.0,False,False,False,False,True,False,False,False,False
4.0,3.0,19.0,279.0,298.0,254.0,296.0,True,False,False,False,False,True,False,False,False
5.0,1.0,5.0,228.0,245.0,284.0,310.0,False,True,True,False,False,False,False,False,False
7.0,1.0,4.0,233.0,246.0,283.0,314.0,False,True,True,False,False,False,False,False,False
29.0,2.0,35.0,288.0,319.0,303.0,319.0,False,False,False,False,False,False,False,False,True
5.0,2.0,13.0,268.0,260.0,253.0,309.0,False,False,False,True,False,False,False,False,False
22.0,2.0,30.0,274.0,298.0,289.0,292.0,False,False,False,False,False,False,False,False,False
2.0,4.0,38.0,280.0,297.0,258.0,296.0,False,False,False,False,False,True,False,False,False
3.0,2.0,15.0,231.0,253.0,280.0,303.0,False,False,True,False,False,False,False,False,False
25.0,2.0,56.0,213.0,258.0,283.0,292.0,True,False,False,False,True,False,False,False,False
2.0,1.0,2.0,229.0,245.0,284.0,283.0,False,True,True,False,False,False,False,False,False
23.0,3.0,46.0,217.0,187.0,278.0,318.0,True,False,False,False,False,False,True,False,False
13.0,4.0,45.0,276.0,299.0,257.0,299.0,False,False,False,False,False,True,False,False,False
14.0,1.0,14.0,285.0,315.0,302.0,319.0,True,False,False,False,False,False,False,False,True
13.0,3.0,36.0,280.0,268.0,263.0,330.0,False,False,False,True,False,False,False,False,False
11.0,1.0,11.0,229.0,245.0,278.0,296.0,False,True,True,False,False,False,False,False,False
24.0,1.0,24.0,212.0,253.0,277.0,283.0,True,False,False,False,True,False,False,False,False
24.0,2.0,53.0,213.0,187.0,279.0,318.0,False,False,False,False,False,False,True,False,False
6.0,1.0,6.0,272.0,320.0,301.0,312.0,True,False,False,False,False,False,False,False,False
16.0,1.0,16.0,217.0,254.0,279.0,287.0,True,False,False,False,True,False,False,False,False
17.0,1.0,14.0,233.0,253.0,277.0,293.0,False,True,True,False,False,False,False,False,False
9.0,2.0,10.0,277.0,308.0,258.0,283.0,False,False,False,False,False,True,False,False,False
16.0,1.0,16.0,213.0,252.0,278.0,284.0,True,False,False,False,True,False,False,False,False
15.0,2.0,48.0,288.0,303.0,295.0,308.0,False,False,False,False,False,False,False,False,True
18.0,3.0,38.0,236.0,251.0,288.0,304.0,False,False,True,False,False,False,False,False,False
17.0,3.0,47.0,214.0,250.0,277.0,281.0,True,False,False,False,True,False,False,False,False
3.0,1.0,3.0,212.0,250.0,277.0,282.0,True,False,False,False,True,False,False,False,False
14.0,1.0,14.0,271.0,263.0,254.0,313.0,True,False,False,True,False,False,False,False,False
17.0,3.0,50.0,280.0,303.0,293.0,297.0,False,False,False,False,False,False,False,False,False
14.0,2.0,14.0,199.0,168.0,257.0,281.0,True,False,False,False,False,False,False,True,False
10.0,2.0,11.0,179.0,169.0,265.0,278.0,False,False,False,False,False,False,False,True,False
17.0,2.0,22.0,269.0,295.0,287.0,289.0,False,False,False,False,False,False,False,False,False
13.0,3.0,43.0,236.0,258.0,280.0,298.0,False,False,True,False,False,False,False,False,False
15.0,2.0,26.0,210.0,182.0,280.0,325.0,False,False,False,False,False,False,True,False,False
7.0,1.0,7.0,276.0,326.0,300.0,314.0,True,False,False,False,False,False,False,False,False
4.0,3.0,38.0,236.0,245.0,281.0,303.0,False,False,True,False,False,False,False,False,False
6.0,2.0,21.0,232.0,229.0,278.0,295.0,False,False,True,False,False,False,False,False,False
10.0,1.0,10.0,208.0,180.0,278.0,329.0,True,False,False,False,False,False,True,False,False
13.0,3.0,48.0,236.0,258.0,282.0,303.0,False,False,True,False,False,False,False,False,False
17.0,2.0,24.0,274.0,300.0,288.0,290.0,False,False,False,False,False,False,False,False,False
9.0,3.0,48.0,219.0,256.0,280.0,285.0,True,False,False,False,True,False,False,False,False
4.0,2.0,11.0,285.0,316.0,294.0,325.0,False,False,False,False,False,False,False,False,True
28.0,3.0,51.0,276.0,267.0,258.0,308.0,False,False,False,True,False,False,False,False,False
7.0,3.0,43.0,273.0,299.0,289.0,299.0,False,False,False,False,False,False,False,False,False
6.0,3.0,33.0,280.0,270.0,263.0,340.0,True,False,False,True,False,False,False,False,False
17.0,3.0,53.0,272.0,291.0,289.0,287.0,False,False,False,False,False,False,False,False,False
3.0,2.0,14.0,208.0,182.0,278.0,321.0,False,False,False,False,False,False,True,False,False
10.0,1.0,9.0,210.0,184.0,280.0,325.0,True,False,False,False,False,False,True,False,False
23.0,1.0,23.0,208.0,251.0,275.0,281.0,True,False,False,False,True,False,False,False,False
26.0,2.0,39.0,211.0,252.0,281.0,283.0,False,False,False,False,True,False,False,False,False
18.0,2.0,39.0,215.0,184.0,281.0,330.0,True,False,False,False,False,False,True,False,False
10.0,1.0,10.0,272.0,299.0,289.0,291.0,True,False,False,False,False,False,False,False,False
10.0,2.0,17.0,284.0,303.0,296.0,309.0,False,False,False,False,False,False,False,False,True
6.0,1.0,6.0,286.0,298.0,291.0,301.0,True,False,False,False,False,False,False,False,True
8.0,1.0,8.0,267.0,259.0,258.0,325.0,True,False,False,True,False,False,False,False,False
4.0,2.0,17.0,233.0,248.0,278.0,296.0,False,False,True,False,False,False,False,False,False
20.0,1.0,20.0,209.0,183.0,275.0,316.0,True,False,False,False,False,False,True,False,False
41.0,2.0,42.0,165.0,181.0,267.0,277.0,False,False,False,False,False,False,False,True,False
12.0,3.0,43.0,235.0,265.0,282.0,294.0,False,False,True,False,False,False,False,False,False
46.0,3.0,60.0,188.0,184.0,269.0,282.0,False,False,False,False,False,False,False,True,False
12.0,2.0,40.0,209.0,183.0,275.0,315.0,False,False,False,False,False,False,True,False,False
16.0,2.0,23.0,273.0,300.0,287.0,294.0,False,False,False,False,False,False,False,False,False
55.0,2.0,55.0,185.0,184.0,257.0,278.0,False,False,False,False,False,False,False,True,False
24.0,2.0,35.0,215.0,256.0,279.0,288.0,False,False,False,False,True,False,False,False,False
6.0,4.0,46.0,238.0,251.0,283.0,303.0,False,True,True,False,False,False,False,False,False
7.0,2.0,16.0,267.0,267.0,256.0,311.0,True,False,False,True,False,False,False,False,False
16.0,2.0,17.0,176.0,182.0,266.0,282.0,False,False,False,False,False,False,False,True,False
12.0,2.0,20.0,211.0,250.0,275.0,282.0,False,False,False,False,True,False,False,False,False
37.0,2.0,43.0,290.0,301.0,294.0,304.0,False,False,False,False,False,False,False,False,True
5.0,2.0,5.0,179.0,173.0,262.0,283.0,False,False,False,False,False,False,False,True,False
17.0,1.0,16.0,204.0,182.0,275.0,304.0,False,False,False,False,False,False,True,False,False
13.0,3.0,52.0,282.0,303.0,293.0,294.0,False,False,False,False,False,False,False,False,False
4.0,3.0,32.0,231.0,245.0,281.0,316.0,False,False,True,False,False,False,False,False,False
19.0,2.0,20.0,275.0,299.0,254.0,299.0,True,False,False,False,False,True,False,False,False
5.0,2.0,20.0,233.0,250.0,280.0,296.0,False,False,True,False,False,False,False,False,False
24.0,3.0,57.0,234.0,270.0,283.0,304.0,False,False,True,False,False,False,False,False,False
9.0,3.0,32.0,272.0,263.0,256.0,315.0,False,False,False,True,False,False,False,False,False
16.0,2.0,22.0,287.0,303.0,293.0,306.0,False,False,False,False,False,False,False,False,True
23.0,1.0,23.0,215.0,255.0,279.0,285.0,False,False,False,False,True,False,False,False,False
31.0,2.0,31.0,193.0,175.0,265.0,280.0,False,False,False,False,False,False,False,True,False
7.0,2.0,18.0,272.0,267.0,257.0,312.0,True,False,False,True,False,False,False,False,False
3.0,2.0,4.0,277.0,298.0,258.0,300.0,True,False,False,False,False,True,False,False,False
8.0,4.0,51.0,233.0,256.0,277.0,292.0,False,True,True,False,False,False,False,False,False
30.0,2.0,36.0,213.0,255.0,279.0,283.0,False,False,False,False,True,False,False,False,False
6.0,1.0,6.0,273.0,266.0,254.0,312.0,True,False,False,True,False,False,False,False,False
18.0,3.0,41.0,271.0,265.0,258.0,306.0,False,False,False,True,False,False,False,False,False
8.0,3.0,45.0,237.0,260.0,281.0,295.0,False,True,True,False,False,False,False,False,False
15.0,3.0,43.0,206.0,187.0,286.0,326.0,True,False,False,False,False,False,True,False,False
37.0,2.0,49.0,213.0,185.0,279.0,324.0,False,False,False,False,False,False,True,False,False
13.0,3.0,35.0,279.0,300.0,257.0,299.0,False,False,False,False,False,True,False,False,False
5.0,1.0,5.0,213.0,255.0,281.0,286.0,True,False,False,False,True,False,False,False,False
57.0,2.0,58.0,190.0,187.0,256.0,276.0,False,False,False,False,False,False,False,True,False
33.0,2.0,54.0,220.0,259.0,282.0,292.0,False,False,False,False,True,False,False,False,False
9.0,3.0,47.0,281.0,309.0,291.0,297.0,False,False,False,False,False,False,False,False,False
17.0,5.0,51.0,279.0,297.0,257.0,295.0,False,True,False,False,False,True,False,False,False
21.0,2.0,28.0,283.0,295.0,290.0,302.0,False,False,False,False,False,False,False,False,True
19.0,2.0,20.0,180.0,180.0,258.0,273.0,True,False,False,False,False,False,False,True,False
18.0,3.0,50.0,234.0,263.0,284.0,307.0,False,False,True,False,False,False,False,False,False
9.0,2.0,9.0,188.0,168.0,266.0,281.0,False,False,False,False,False,False,False,True,False
2.0,1.0,2.0,284.0,317.0,305.0,334.0,True,False,False,False,False,False,False,False,True
4.0,1.0,4.0,208.0,181.0,283.0,323.0,False,False,False,False,False,False,True,False,False
19.0,4.0,51.0,283.0,302.0,260.0,303.0,False,False,False,False,False,True,False,False,False
11.0,1.0,11.0,232.0,252.0,278.0,301.0,False,True,True,False,False,False,False,False,False
5.0,1.0,5.0,272.0,298.0,289.0,287.0,True,False,False,False,False,False,False,False,False
7.0,2.0,34.0,211.0,186.0,277.0,315.0,False,False,False,False,False,False,True,False,False
6.0,3.0,57.0,198.0,198.0,259.0,266.0,False,False,False,False,False,False,False,True,False
3.0,2.0,4.0,180.0,179.0,263.0,277.0,True,False,False,False,False,False,False,True,False
2.0,1.0,2.0,211.0,185.0,274.0,305.0,True,False,False,False,False,False,True,False,False
4.0,1.0,4.0,229.0,246.0,283.0,306.0,False,True,True,False,False,False,False,False,False
13.0,2.0,20.0,287.0,322.0,308.0,332.0,False,False,False,False,False,False,False,False,True
15.0,3.0,28.0,279.0,297.0,255.0,296.0,True,False,False,False,False,True,False,False,False
27.0,2.0,50.0,215.0,187.0,278.0,314.0,False,False,False,False,False,False,True,False,False
12.0,1.0,9.0,233.0,245.0,283.0,311.0,False,True,True,False,False,False,False,False,False
5.0,1.0,4.0,211.0,184.0,281.0,336.0,True,False,False,False,False,False,True,False,False
10.0,3.0,33.0,268.0,267.0,262.0,333.0,False,False,False,True,False,False,False,False,False
20.0,2.0,32.0,236.0,266.0,280.0,302.0,False,False,True,False,False,False,False,False,False
16.0,1.0,15.0,206.0,182.0,275.0,306.0,False,False,False,False,False,False,True,False,False
23.0,4.0,71.0,200.0,189.0,263.0,281.0,False,True,False,False,False,False,False,True,False
18.0,1.0,18.0,268.0,264.0,256.0,306.0,True,False,False,True,False,False,False,False,False
9.0,3.0,43.0,237.0,270.0,281.0,301.0,False,False,True,False,False,False,False,False,False
20.0,2.0,42.0,215.0,185.0,276.0,317.0,False,False,False,False,False,False,True,False,False
8.0,2.0,32.0,217.0,254.0,279.0,294.0,False,False,False,False,True,False,False,False,False
6.0,2.0,6.0,177.0,165.0,264.0,276.0,False,False,False,False,False,False,False,True,False
16.0,4.0,49.0,276.0,300.0,257.0,297.0,True,False,False,False,False,True,False,False,False
16.0,3.0,53.0,237.0,270.0,284.0,300.0,False,True,True,False,False,False,False,False,False
5.0,2.0,17.0,214.0,250.0,276.0,284.0,False,False,False,False,True,False,False,False,False
46.0,2.0,46.0,200.0,191.0,265.0,279.0,False,False,False,False,False,False,False,True,False
36.0,2.0,36.0,196.0,172.0,267.0,282.0,False,False,False,False,False,False,False,True,False
14.0,2.0,35.0,275.0,269.0,257.0,309.0,False,False,False,True,False,False,False,False,False
17.0,3.0,41.0,274.0,267.0,256.0,308.0,False,False,False,True,False,False,False,False,False
6.0,2.0,6.0,186.0,171.0,261.0,266.0,False,False,False,False,False,False,False,True,False
24.0,2.0,45.0,214.0,258.0,282.0,297.0,False,False,False,False,True,False,False,False,False
14.0,2.0,36.0,219.0,258.0,284.0,292.0,False,False,False,False,True,False,False,False,False
50.0,3.0,64.0,203.0,183.0,269.0,281.0,False,False,False,False,False,False,False,True,False
7.0,1.0,7.0,272.0,298.0,289.0,290.0,True,False,False,False,False,False,False,False,False
23.0,1.0,22.0,212.0,253.0,278.0,283.0,True,False,False,False,True,False,False,False,False
25.0,2.0,32.0,288.0,322.0,300.0,327.0,False,False,False,False,False,False,False,False,True
19.0,3.0,33.0,183.0,179.0,266.0,279.0,False,False,False,False,False,False,False,True,False
12.0,1.0,12.0,209.0,254.0,278.0,283.0,False,False,False,False,True,False,False,False,False
8.0,1.0,8.0,271.0,263.0,253.0,313.0,True,False,False,True,False,False,False,False,False
20.0,2.0,32.0,234.0,260.0,282.0,298.0,False,False,True,False,False,False,False,False,False
2.0,2.0,13.0,232.0,254.0,284.0,296.0,False,False,True,False,False,False,False,False,False
2.0,1.0,2.0,279.0,270.0,259.0,335.0,False,True,False,True,False,False,False,False,False
4.0,1.0,4.0,287.0,315.0,308.0,328.0,True,False,False,False,False,False,False,False,True
24.0,3.0,74.0,205.0,195.0,265.0,285.0,False,False,False,False,False,False,False,True,False
30.0,3.0,44.0,191.0,182.0,259.0,282.0,False,False,False,False,False,False,False,True,False
12.0,3.0,35.0,279.0,270.0,257.0,314.0,False,False,False,True,False,False,False,False,False
12.0,2.0,33.0,275.0,268.0,257.0,309.0,False,False,False,True,False,False,False,False,False
11.0,2.0,23.0,233.0,254.0,281.0,294.0,False,False,True,False,False,False,False,False,False
7.0,1.0,7.0,217.0,253.0,277.0,287.0,True,False,False,False,True,False,False,False,False
9.0,2.0,9.0,276.0,297.0,251.0,301.0,True,False,False,False,False,True,False,False,False
13.0,2.0,13.0,183.0,167.0,262.0,266.0,False,False,False,False,False,False,False,True,False
9.0,4.0,31.0,278.0,298.0,255.0,299.0,False,False,False,False,False,True,False,False,False
6.0,3.0,76.0,205.0,188.0,258.0,278.0,False,True,False,False,False,False,False,True,False
2.0,2.0,7.0,273.0,323.0,287.0,293.0,False,False,False,False,False,False,False,False,False
7.0,1.0,7.0,210.0,183.0,272.0,309.0,True,False,False,False,False,False,True,False,False
7.0,1.0,7.0,269.0,262.0,254.0,309.0,True,False,False,True,False,False,False,False,False
10.0,2.0,43.0,288.0,300.0,294.0,306.0,False,False,False,False,False,False,False,False,True
10.0,2.0,21.0,234.0,258.0,280.0,300.0,False,False,True,False,False,False,False,False,False
14.0,1.0,14.0,210.0,183.0,274.0,310.0,True,False,False,False,False,False,True,False,False
27.0,2.0,33.0,215.0,255.0,277.0,287.0,False,False,False,False,True,False,False,False,False
18.0,3.0,41.0,274.0,268.0,258.0,307.0,False,False,False,True,False,False,False,False,False
21.0,2.0,44.0,215.0,186.0,278.0,315.0,False,False,False,False,False,False,True,False,False
31.0,2.0,55.0,215.0,253.0,283.0,294.0,False,False,False,False,True,False,False,False,False
20.0,3.0,50.0,214.0,252.0,276.0,281.0,True,False,False,False,True,False,False,False,False
20.0,2.0,51.0,214.0,256.0,281.0,286.0,True,False,False,False,True,False,False,False,False
5.0,2.0,17.0,232.0,253.0,280.0,297.0,False,False,True,False,False,False,False,False,False
2.0,2.0,14.0,234.0,263.0,279.0,320.0,False,False,True,False,False,False,False,False,False
31.0,2.0,38.0,289.0,320.0,307.0,324.0,False,False,False,False,False,False,False,False,True
48.0,2.0,61.0,216.0,256.0,284.0,283.0,False,False,False,False,True,False,False,False,False
9.0,2.0,33.0,207.0,254.0,280.0,295.0,False,False,False,False,True,False,False,False,False
45.0,2.0,45.0,199.0,188.0,258.0,277.0,False,False,False,False,False,False,False,True,False
7.0,1.0,7.0,276.0,330.0,301.0,302.0,True,False,False,False,False,False,False,False,False
16.0,2.0,23.0,288.0,322.0,308.0,334.0,False,False,False,False,False,False,False,False,True
21.0,3.0,56.0,238.0,265.0,283.0,301.0,False,False,True,False,False,False,False,False,False
9.0,2.0,18.0,228.0,253.0,283.0,324.0,False,False,True,False,False,False,False,False,False
16.0,3.0,44.0,214.0,187.0,290.0,335.0,True,False,False,False,False,False,True,False,False
7.0,1.0,7.0,274.0,266.0,252.0,321.0,True,False,False,True,False,False,False,False,False
10.0,3.0,45.0,290.0,306.0,295.0,311.0,False,True,False,False,False,False,False,False,True
17.0,2.0,32.0,231.0,253.0,279.0,308.0,False,False,True,False,False,False,False,False,False
18.0,2.0,24.0,287.0,316.0,305.0,331.0,False,False,False,False,False,False,False,False,True
40.0,2.0,48.0,216.0,255.0,280.0,297.0,False,False,False,False,True,False,False,False,False
8.0,1.0,8.0,205.0,180.0,277.0,323.0,False,False,False,False,False,False,True,False,False
10.0,2.0,39.0,214.0,188.0,276.0,318.0,False,False,False,False,False,False,True,False,False
7.0,4.0,41.0,282.0,298.0,257.0,297.0,False,False,False,False,False,True,False,False,False
31.0,2.0,31.0,192.0,189.0,264.0,279.0,False,False,False,False,False,False,False,True,False
2.0,1.0,2.0,209.0,183.0,272.0,303.0,True,False,False,False,False,False,True,False,False
37.0,2.0,44.0,290.0,309.0,298.0,320.0,False,False,False,False,False,False,False,False,True
33.0,2.0,34.0,197.0,184.0,257.0,269.0,True,False,False,False,False,False,False,True,False
20.0,3.0,46.0,277.0,298.0,256.0,299.0,False,False,False,False,False,True,False,False,False
3.0,3.0,37.0,235.0,256.0,281.0,293.0,False,False,True,False,False,False,False,False,False
21.0,2.0,27.0,288.0,306.0,293.0,308.0,False,False,False,False,False,False,False,False,True
15.0,3.0,51.0,276.0,298.0,290.0,290.0,False,False,False,False,False,False,False,False,False
3.0,3.0,42.0,222.0,258.0,280.0,285.0,True,False,False,False,True,False,False,False,False
29.0,2.0,35.0,215.0,255.0,278.0,284.0,False,False,False,False,True,False,False,False,False
16.0,3.0,51.0,236.0,255.0,281.0,304.0,False,False,True,False,False,False,False,False,False
20.0,3.0,43.0,272.0,270.0,259.0,310.0,False,False,False,True,False,False,False,False,False
20.0,1.0,20.0,209.0,184.0,275.0,311.0,False,False,False,False,False,False,True,False,False
14.0,2.0,14.0,194.0,186.0,256.0,273.0,False,False,False,False,False,False,False,True,False
3.0,2.0,4.0,271.0,301.0,260.0,296.0,False,False,False,False,False,True,False,False,False
16.0,1.0,16.0,210.0,181.0,275.0,316.0,True,False,False,False,False,False,True,False,False
8.0,2.0,8.0,277.0,295.0,251.0,293.0,True,False,False,False,False,True,False,False,False
23.0,3.0,50.0,277.0,269.0,258.0,311.0,True,False,False,True,False,False,False,False,False
11.0,1.0,11.0,281.0,315.0,295.0,307.0,True,False,False,False,False,False,False,False,True
10.0,2.0,10.0,201.0,166.0,258.0,273.0,True,False,False,False,False,False,False,True,False
9.0,2.0,17.0,210.0,252.0,278.0,285.0,False,False,False,False,True,False,False,False,False
43.0,2.0,55.0,217.0,256.0,280.0,290.0,False,False,False,False,True,False,False,False,False
10.0,1.0,10.0,274.0,266.0,260.0,328.0,True,False,False,True,False,False,False,False,False
36.0,2.0,37.0,187.0,189.0,257.0,263.0,True,False,False,False,False,False,False,True,False
5.0,2.0,27.0,213.0,183.0,275.0,323.0,False,False,False,False,False,False,True,False,False
4.0,4.0,36.0,282.0,301.0,260.0,301.0,False,False,False,False,False,True,False,False,False
18.0,2.0,19.0,277.0,298.0,255.0,296.0,False,False,False,False,False,True,False,False,False
24.0,2.0,25.0,199.0,186.0,257.0,276.0,False,False,False,False,False,False,False,True,False
27.0,2.0,34.0,293.0,311.0,300.0,314.0,False,False,False,False,False,False,False,False,True
20.0,4.0,53.0,283.0,300.0,258.0,300.0,False,False,False,False,False,True,False,False,False
4.0,3.0,45.0,235.0,246.0,281.0,290.0,False,False,True,False,False,False,False,False,False
17.0,2.0,23.0,214.0,254.0,277.0,285.0,False,False,False,False,True,False,False,False,False
13.0,3.0,45.0,236.0,263.0,284.0,303.0,False,False,True,False,False,False,False,False,False
22.0,2.0,34.0,214.0,184.0,283.0,334.0,False,False,False,False,False,False,True,False,False
6.0,1.0,6.0,209.0,182.0,275.0,308.0,True,False,False,False,False,False,True,False,False
6.0,2.0,7.0,193.0,175.0,253.0,271.0,False,False,False,False,False,False,False,True,False
6.0,2.0,13.0,273.0,323.0,302.0,314.0,False,False,False,False,False,False,False,False,False
31.0,3.0,52.0,275.0,270.0,257.0,312.0,False,False,False,True,False,False,False,False,False
19.0,2.0,27.0,212.0,250.0,276.0,283.0,False,False,False,False,True,False,False,False,False
33.0,1.0,33.0,288.0,298.0,291.0,298.0,True,False,False,False,False,False,False,False,True
2.0,1.0,2.0,214.0,184.0,276.0,312.0,True,False,False,False,False,False,True,False,False
14.0,2.0,35.0,216.0,253.0,278.0,285.0,False,False,False,False,True,False,False,False,False
36.0,1.0,36.0,208.0,255.0,280.0,284.0,True,False,False,False,True,False,False,False,False
76.0,2.0,77.0,200.0,193.0,271.0,288.0,False,False,False,False,False,False,False,True,False
10.0,3.0,47.0,235.0,263.0,281.0,295.0,False,True,True,False,False,False,False,False,False
11.0,1.0,11.0,214.0,254.0,277.0,286.0,True,False,False,False,True,False,False,False,False
22.0,2.0,29.0,275.0,303.0,290.0,297.0,False,False,False,False,False,False,False,False,False
11.0,1.0,11.0,271.0,264.0,253.0,314.0,True,False,False,True,False,False,False,False,False
6.0,2.0,12.0,271.0,303.0,290.0,298.0,False,False,False,False,False,False,False,False,False
16.0,2.0,28.0,233.0,264.0,279.0,299.0,False,False,True,False,False,False,False,False,False
27.0,2.0,52.0,213.0,255.0,280.0,288.0,False,False,False,False,True,False,False,False,False
45.0,2.0,45.0,194.0,175.0,258.0,282.0,False,False,False,False,False,False,False,True,False
27.0,2.0,35.0,278.0,300.0,289.0,298.0,False,False,False,False,False,False,False,False,False
19.0,4.0,52.0,277.0,304.0,259.0,305.0,False,False,False,False,False,True,False,False,False
8.0,2.0,15.0,272.0,304.0,293.0,315.0,False,False,False,False,False,False,False,False,False
16.0,2.0,31.0,234.0,238.0,278.0,299.0,False,False,True,False,False,False,False,False,False
8.0,3.0,44.0,275.0,298.0,289.0,291.0,False,False,False,False,False,False,False,False,False
8.0,2.0,16.0,279.0,320.0,301.0,295.0,False,False,False,False,False,False,False,False,False
5.0,2.0,12.0,288.0,312.0,298.0,325.0,False,False,False,False,False,False,False,False,True
36.0,2.0,36.0,192.0,180.0,252.0,272.0,False,False,False,False,False,False,False,True,False
4.0,3.0,26.0,274.0,304.0,263.0,304.0,False,False,False,False,False,True,False,False,False
8.0,2.0,15.0,287.0,323.0,306.0,335.0,False,False,False,False,False,False,False,False,True
4.0,3.0,35.0,234.0,244.0,281.0,297.0,False,False,True,False,False,False,False,False,False
2.0,1.0,2.0,213.0,251.0,276.0,285.0,False,True,False,False,True,False,False,False,False
19.0,2.0,26.0,267.0,290.0,287.0,286.0,False,False,False,False,False,False,False,False,False
27.0,2.0,37.0,211.0,184.0,283.0,326.0,False,False,False,False,False,False,True,False,False
7.0,3.0,52.0,288.0,302.0,295.0,309.0,False,False,False,False,False,False,False,False,False
7.0,3.0,13.0,268.0,293.0,253.0,292.0,False,False,False,False,False,True,False,False,False
8.0,2.0,9.0,272.0,293.0,251.0,293.0,False,True,False,False,False,True,False,False,False
12.0,3.0,35.0,270.0,266.0,257.0,308.0,False,False,False,True,False,False,False,False,False
20.0,4.0,53.0,279.0,301.0,258.0,301.0,False,False,False,False,False,True,False,False,False
11.0,1.0,11.0,209.0,184.0,276.0,304.0,True,False,False,False,False,False,True,False,False
18.0,2.0,41.0,211.0,187.0,276.0,313.0,False,False,False,False,False,False,True,False,False
15.0,3.0,48.0,278.0,302.0,293.0,297.0,False,False,False,False,False,False,False,False,False
6.0,2.0,6.0,278.0,293.0,253.0,286.0,True,False,False,False,False,True,False,False,False
13.0,4.0,46.0,282.0,297.0,258.0,297.0,False,False,False,False,False,True,False,False,False
7.0,1.0,7.0,211.0,182.0,276.0,316.0,True,False,False,False,False,False,True,False,False
29.0,2.0,56.0,217.0,259.0,281.0,288.0,False,False,False,False,True,False,False,False,False
12.0,1.0,12.0,286.0,307.0,295.0,311.0,True,False,False,False,False,False,False,False,True
52.0,2.0,53.0,190.0,178.0,261.0,278.0,False,False,False,False,False,False,False,True,False
24.0,3.0,75.0,207.0,196.0,270.0,284.0,False,False,False,False,False,False,False,True,False
18.0,1.0,18.0,213.0,250.0,276.0,284.0,False,False,False,False,True,False,False,False,False
6.0,3.0,20.0,198.0,179.0,264.0,280.0,False,False,False,False,False,False,False,True,False
20.0,2.0,44.0,213.0,184.0,279.0,325.0,False,False,False,False,False,False,True,False,False
25.0,2.0,36.0,214.0,256.0,280.0,288.0,False,False,False,False,True,False,False,False,False
27.0,2.0,34.0,283.0,298.0,297.0,303.0,False,False,False,False,False,False,False,False,True
50.0,2.0,51.0,196.0,188.0,261.0,274.0,True,False,False,False,False,False,False,True,False
18.0,4.0,66.0,199.0,189.0,271.0,281.0,False,True,False,False,False,False,False,True,False
4.0,2.0,11.0,283.0,318.0,306.0,327.0,False,False,False,False,False,False,False,False,True
19.0,3.0,70.0,202.0,198.0,269.0,283.0,False,False,False,False,False,False,False,True,False
3.0,3.0,15.0,268.0,297.0,253.0,290.0,True,False,False,False,False,True,False,False,False
27.0,1.0,27.0,213.0,183.0,274.0,313.0,True,False,False,False,False,False,True,False,False
16.0,2.0,38.0,215.0,184.0,278.0,318.0,False,False,False,False,False,False,True,False,False
45.0,2.0,45.0,200.0,185.0,257.0,279.0,True,False,False,False,False,False,False,True,False
21.0,1.0,21.0,209.0,183.0,275.0,316.0,True,False,False,False,False,False,True,False,False
4.0,2.0,15.0,272.0,268.0,255.0,311.0,False,False,False,True,False,False,False,False,False
10.0,1.0,9.0,271.0,316.0,300.0,309.0,False,False,False,False,False,False,False,False,False
25.0,3.0,52.0,232.0,256.0,279.0,299.0,False,False,True,False,False,False,False,False,False
16.0,3.0,40.0,272.0,267.0,257.0,307.0,False,False,False,True,False,False,False,False,False
12.0,2.0,19.0,285.0,318.0,306.0,332.0,False,False,False,False,False,False,False,False,True
15.0,2.0,27.0,213.0,246.0,278.0,284.0,False,False,False,False,True,False,False,False,False
2.0,4.0,45.0,237.0,254.0,278.0,295.0,False,True,True,False,False,False,False,False,False
10.0,5.0,51.0,281.0,302.0,259.0,299.0,False,True,False,False,False,True,False,False,False
19.0,5.0,49.0,276.0,269.0,258.0,308.0,False,False,False,True,False,False,False,False,False
4.0,1.0,4.0,206.0,181.0,278.0,329.0,True,False,False,False,False,False,True,False,False
21.0,3.0,26.0,277.0,300.0,256.0,301.0,False,False,False,False,False,True,False,False,False
11.0,3.0,38.0,277.0,304.0,291.0,301.0,False,False,False,False,False,False,False,False,False
2.0,2.0,3.0,233.0,234.0,277.0,293.0,False,False,True,False,False,False,False,False,False
36.0,2.0,55.0,214.0,186.0,278.0,316.0,False,False,False,False,False,False,True,False,False
10.0,2.0,22.0,233.0,250.0,279.0,298.0,False,False,True,False,False,False,False,False,False
15.0,4.0,55.0,236.0,263.0,282.0,305.0,False,True,True,False,False,False,False,False,False
25.0,2.0,49.0,210.0,185.0,278.0,322.0,False,False,False,False,False,False,True,False,False
36.0,2.0,48.0,212.0,185.0,279.0,326.0,False,False,False,False,False,False,True,False,False
3.0,2.0,14.0,236.0,247.0,282.0,305.0,False,False,True,False,False,False,False,False,False
3.0,2.0,39.0,214.0,253.0,283.0,284.0,False,False,False,False,True,False,False,False,False
6.0,1.0,6.0,209.0,181.0,278.0,326.0,True,False,False,False,False,False,True,False,False
11.0,1.0,11.0,268.0,264.0,254.0,307.0,True,False,False,True,False,False,False,False,False
5.0,2.0,13.0,269.0,303.0,292.0,298.0,False,False,False,False,False,False,False,False,False
76.0,2.0,76.0,205.0,186.0,258.0,280.0,True,False,False,False,False,False,False,True,False
15.0,2.0,22.0,288.0,317.0,310.0,336.0,False,False,False,False,False,False,False,False,True
23.0,2.0,44.0,215.0,257.0,281.0,296.0,False,False,False,False,True,False,False,False,False
31.0,2.0,32.0,194.0,183.0,259.0,275.0,True,False,False,False,False,False,False,True,False
13.0,2.0,40.0,218.0,256.0,280.0,287.0,False,False,False,False,True,False,False,False,False
4.0,1.0,4.0,210.0,250.0,275.0,274.0,False,True,False,False,True,False,False,False,False
27.0,2.0,28.0,191.0,179.0,263.0,278.0,False,False,False,False,False,False,False,True,False
12.0,4.0,34.0,275.0,300.0,260.0,302.0,False,False,False,False,False,True,False,False,False
24.0,4.0,46.0,275.0,297.0,255.0,290.0,False,False,False,False,False,True,False,False,False
9.0,2.0,21.0,233.0,254.0,280.0,294.0,False,False,True,False,False,False,False,False,False
8.0,1.0,8.0,208.0,250.0,275.0,282.0,True,False,False,False,True,False,False,False,False
14.0,1.0,14.0,272.0,302.0,287.0,290.0,True,False,False,False,False,False,False,False,False
17.0,1.0,17.0,211.0,248.0,276.0,282.0,False,False,False,False,True,False,False,False,False
21.0,2.0,22.0,184.0,177.0,263.0,279.0,True,False,False,False,False,False,False,True,False
19.0,2.0,38.0,212.0,185.0,276.0,311.0,False,False,False,False,False,False,True,False,False
2.0,2.0,12.0,234.0,253.0,276.0,291.0,False,False,True,False,False,False,False,False,False
5.0,4.0,43.0,281.0,300.0,257.0,297.0,True,False,False,False,False,True,False,False,False
4.0,3.0,11.0,269.0,292.0,256.0,288.0,False,False,False,False,False,True,False,False,False
12.0,1.0,12.0,213.0,253.0,281.0,287.0,True,False,False,False,True,False,False,False,False
77.0,2.0,78.0,203.0,195.0,267.0,288.0,False,False,False,False,False,False,False,True,False
8.0,1.0,5.0,227.0,249.0,285.0,320.0,False,True,True,False,False,False,False,False,False
10.0,1.0,10.0,278.0,264.0,258.0,331.0,True,False,False,True,False,False,False,False,False
9.0,5.0,50.0,282.0,302.0,256.0,299.0,False,True,False,False,False,True,False,False,False
9.0,3.0,44.0,279.0,304.0,293.0,297.0,False,False,False,False,False,False,False,False,False
15.0,2.0,22.0,287.0,323.0,307.0,331.0,False,False,False,False,False,False,False,False,True
4.0,1.0,4.0,207.0,183.0,279.0,310.0,False,False,False,False,False,False,True,False,False
11.0,2.0,34.0,210.0,186.0,278.0,322.0,True,False,False,False,False,False,True,False,False
8.0,2.0,17.0,273.0,266.0,253.0,330.0,False,False,False,True,False,False,False,False,False
4.0,3.0,23.0,273.0,299.0,257.0,297.0,False,False,False,False,False,True,False,False,False
9.0,1.0,9.0,208.0,182.0,280.0,334.0,True,False,False,False,False,False,True,False,False
13.0,2.0,25.0,235.0,248.0,279.0,301.0,False,False,True,False,False,False,False,False,False
2.0,2.0,39.0,212.0,256.0,283.0,287.0,False,False,False,False,True,False,False,False,False
5.0,4.0,27.0,277.0,299.0,259.0,300.0,False,False,False,False,False,True,False,False,False
17.0,3.0,53.0,276.0,305.0,290.0,297.0,False,False,False,False,False,False,False,False,False
32.0,3.0,46.0,180.0,180.0,267.0,278.0,False,False,False,False,False,False,False,True,False
26.0,1.0,26.0,211.0,184.0,274.0,314.0,True,False,False,False,False,False,True,False,False
26.0,5.0,46.0,217.0,257.0,281.0,286.0,True,False,False,False,True,False,False,False,False
15.0,2.0,16.0,277.0,297.0,255.0,299.0,False,False,False,False,False,True,False,False,False
7.0,2.0,28.0,213.0,255.0,278.0,285.0,False,False,False,False,True,False,False,False,False
15.0,3.0,51.0,235.0,262.0,280.0,307.0,False,False,True,False,False,False,False,False,False
44.0,2.0,45.0,190.0,179.0,257.0,275.0,True,False,False,False,False,False,False,True,False
23.0,3.0,46.0,276.0,268.0,258.0,308.0,False,False,False,True,False,False,False,False,False
18.0,2.0,31.0,235.0,257.0,279.0,302.0,False,False,True,False,False,False,False,False,False
3.0,3.0,60.0,210.0,190.0,259.0,278.0,True,False,False,False,False,False,False,True,False
10.0,4.0,38.0,212.0,186.0,278.0,315.0,True,False,False,False,False,False,True,False,False
14.0,2.0,15.0,172.0,182.0,255.0,263.0,True,False,False,False,False,False,False,True,False
13.0,2.0,18.0,276.0,325.0,299.0,288.0,False,False,False,False,False,False,False,False,False
14.0,4.0,48.0,282.0,298.0,257.0,299.0,False,False,False,False,False,True,False,False,False
12.0,2.0,19.0,274.0,303.0,290.0,296.0,False,False,False,False,False,False,False,False,False
15.0,3.0,31.0,273.0,299.0,253.0,299.0,True,False,False,False,False,True,False,False,False
22.0,3.0,56.0,234.0,262.0,288.0,324.0,False,False,True,False,False,False,False,False,False
18.0,2.0,30.0,233.0,254.0,281.0,300.0,False,False,True,False,False,False,False,False,False
40.0,2.0,41.0,197.0,186.0,260.0,282.0,False,False,False,False,False,False,False,True,False
17.0,3.0,52.0,275.0,297.0,291.0,290.0,False,False,False,False,False,False,False,False,False
7.0,2.0,17.0,230.0,256.0,281.0,294.0,False,False,True,False,False,False,False,False,False
5.0,5.0,39.0,276.0,297.0,256.0,294.0,False,True,False,False,False,True,False,False,False
7.0,3.0,42.0,286.0,301.0,293.0,303.0,False,True,False,False,False,False,False,False,True
27.0,1.0,27.0,210.0,254.0,279.0,288.0,False,False,False,False,True,False,False,False,False
33.0,2.0,52.0,212.0,185.0,276.0,312.0,False,False,False,False,False,False,True,False,False
15.0,1.0,15.0,213.0,253.0,278.0,286.0,True,False,False,False,True,False,False,False,False
43.0,2.0,50.0,292.0,313.0,300.0,289.0,False,False,False,False,False,False,False,False,True
17.0,1.0,17.0,216.0,254.0,278.0,287.0,True,False,False,False,True,False,False,False,False
3.0,3.0,36.0,237.0,252.0,284.0,297.0,False,False,True,False,False,False,False,False,False
25.0,5.0,55.0,278.0,271.0,260.0,332.0,False,False,False,True,False,False,False,False,False
5.0,1.0,5.0,209.0,181.0,280.0,327.0,True,False,False,False,False,False,True,False,False
7.0,2.0,21.0,228.0,251.0,280.0,301.0,False,False,True,False,False,False,False,False,False
6.0,3.0,28.0,278.0,301.0,254.0,299.0,False,False,False,False,False,True,False,False,False
19.0,2.0,40.0,218.0,258.0,282.0,294.0,False,False,False,False,True,False,False,False,False
8.0,2.0,35.0,211.0,186.0,283.0,330.0,False,False,False,False,False,False,True,False,False
16.0,3.0,46.0,237.0,261.0,281.0,298.0,False,False,True,False,False,False,False,False,False
5.0,2.0,5.0,184.0,159.0,256.0,278.0,True,False,False,False,False,False,False,True,False
17.0,3.0,68.0,194.0,194.0,260.0,281.0,False,False,False,False,False,False,False,True,False
16.0,3.0,43.0,278.0,303.0,291.0,305.0,False,False,False,False,False,False,False,False,False
10.0,4.0,44.0,282.0,299.0,256.0,297.0,False,False,False,False,False,True,False,False,False
16.0,2.0,39.0,211.0,185.0,280.0,339.0,True,False,False,False,False,False,True,False,False
15.0,3.0,49.0,213.0,186.0,287.0,330.0,True,False,False,False,False,False,True,False,False
37.0,2.0,37.0,195.0,189.0,266.0,282.0,False,False,False,False,False,False,False,True,False
55.0,3.0,69.0,197.0,183.0,268.0,282.0,False,False,False,False,False,False,False,True,False
32.0,2.0,57.0,217.0,255.0,280.0,286.0,False,False,False,False,True,False,False,False,False
7.0,2.0,40.0,208.0,250.0,279.0,281.0,True,False,False,False,True,False,False,False,False
21.0,3.0,44.0,273.0,267.0,257.0,309.0,False,False,False,True,False,False,False,False,False
19.0,2.0,41.0,215.0,184.0,275.0,316.0,False,False,False,False,False,False,True,False,False
14.0,1.0,14.0,211.0,251.0,283.0,294.0,True,False,False,False,True,False,False,False,False
22.0,2.0,31.0,276.0,299.0,289.0,291.0,False,False,False,False,False,False,False,False,False
16.0,3.0,39.0,275.0,272.0,265.0,330.0,False,False,False,True,False,False,False,False,False
18.0,2.0,41.0,208.0,184.0,282.0,327.0,True,False,False,False,False,False,True,False,False
21.0,1.0,21.0,210.0,253.0,279.0,289.0,False,False,False,False,True,False,False,False,False
13.0,1.0,13.0,212.0,253.0,283.0,295.0,True,False,False,False,True,False,False,False,False
57.0,2.0,58.0,197.0,184.0,258.0,278.0,False,False,False,False,False,False,False,True,False
9.0,1.0,6.0,211.0,183.0,276.0,322.0,True,False,False,False,False,False,True,False,False
30.0,2.0,30.0,204.0,171.0,254.0,275.0,True,False,False,False,False,False,False,True,False
15.0,2.0,26.0,211.0,184.0,277.0,311.0,False,False,False,False,False,False,True,False,False
10.0,3.0,33.0,270.0,271.0,265.0,327.0,False,True,False,True,False,False,False,False,False
10.0,3.0,60.0,203.0,194.0,263.0,280.0,False,False,False,False,False,False,False,True,False
39.0,2.0,40.0,185.0,183.0,193.0,279.0,False,False,False,False,False,False,False,True,False
22.0,2.0,53.0,214.0,257.0,283.0,290.0,True,False,False,False,True,False,False,False,False
15.0,2.0,27.0,234.0,265.0,279.0,302.0,False,False,True,False,False,False,False,False,False
47.0,2.0,48.0,198.0,191.0,259.0,279.0,False,False,False,False,False,False,False,True,False
12.0,3.0,62.0,198.0,196.0,261.0,280.0,False,False,False,False,False,False,False,True,False
12.0,2.0,21.0,232.0,243.0,280.0,302.0,False,False,True,False,False,False,False,False,False
65.0,2.0,66.0,200.0,184.0,258.0,279.0,False,False,False,False,False,False,False,True,False
13.0,2.0,24.0,211.0,185.0,277.0,316.0,False,False,False,False,False,False,True,False,False
2.0,2.0,25.0,212.0,186.0,275.0,309.0,False,False,False,False,False,False,True,False,False
4.0,1.0,4.0,269.0,261.0,256.0,335.0,True,False,False,True,False,False,False,False,False
18.0,3.0,52.0,238.0,265.0,280.0,298.0,False,False,True,False,False,False,False,False,False
36.0,2.0,43.0,290.0,309.0,297.0,319.0,False,False,False,False,False,False,False,False,True
30.0,3.0,53.0,276.0,268.0,259.0,309.0,False,False,False,True,False,False,False,False,False
4.0,4.0,38.0,282.0,296.0,257.0,295.0,False,False,False,False,False,True,False,False,False
7.0,3.0,37.0,215.0,251.0,276.0,283.0,True,False,False,False,True,False,False,False,False
10.0,2.0,21.0,212.0,184.0,275.0,312.0,False,False,False,False,False,False,True,False,False
8.0,2.0,36.0,216.0,185.0,284.0,306.0,False,True,False,False,False,False,True,False,False
6.0,1.0,6.0,267.0,265.0,258.0,332.0,False,True,False,True,False,False,False,False,False
5.0,3.0,46.0,280.0,303.0,291.0,297.0,False,False,False,False,False,False,False,False,False
63.0,2.0,64.0,206.0,194.0,259.0,279.0,True,False,False,False,False,False,False,True,False
5.0,3.0,16.0,279.0,301.0,257.0,297.0,False,False,False,False,False,True,False,False,False
6.0,4.0,38.0,282.0,303.0,260.0,303.0,False,False,False,False,False,True,False,False,False
3.0,1.0,2.0,279.0,307.0,294.0,307.0,True,False,False,False,False,False,False,False,True
13.0,1.0,13.0,289.0,310.0,306.0,327.0,True,False,False,False,False,False,False,False,True
11.0,2.0,12.0,276.0,299.0,254.0,296.0,False,False,False,False,False,True,False,False,False
3.0,2.0,16.0,277.0,262.0,255.0,310.0,False,False,False,True,False,False,False,False,False
5.0,2.0,6.0,168.0,180.0,266.0,281.0,False,False,False,False,False,False,False,True,False
27.0,3.0,53.0,282.0,299.0,255.0,301.0,False,False,False,False,False,True,False,False,False
25.0,2.0,31.0,289.0,321.0,305.0,324.0,False,False,False,False,False,False,False,False,True
3.0,1.0,3.0,213.0,252.0,280.0,294.0,False,False,False,False,True,False,False,False,False
11.0,2.0,19.0,273.0,265.0,257.0,312.0,True,False,False,True,False,False,False,False,False
8.0,2.0,9.0,270.0,299.0,253.0,299.0,False,False,False,False,False,True,False,False,False
7.0,2.0,8.0,269.0,300.0,253.0,300.0,False,False,False,False,False,True,False,False,False
8.0,4.0,46.0,267.0,260.0,257.0,300.0,True,False,False,True,False,False,False,False,False
12.0,2.0,12.0,192.0,181.0,256.0,276.0,False,False,False,False,False,False,False,True,False
4.0,1.0,4.0,215.0,251.0,276.0,281.0,True,False,False,False,True,False,False,False,False
22.0,2.0,30.0,211.0,250.0,279.0,283.0,False,False,False,False,True,False,False,False,False
7.0,5.0,48.0,280.0,300.0,257.0,298.0,False,True,False,False,False,True,False,False,False
7.0,3.0,39.0,234.0,261.0,283.0,300.0,False,False,True,False,False,False,False,False,False
14.0,2.0,15.0,275.0,298.0,254.0,299.0,False,False,False,False,False,True,False,False,False
30.0,2.0,31.0,197.0,181.0,256.0,279.0,False,False,False,False,False,False,False,True,False
14.0,2.0,28.0,236.0,251.0,280.0,299.0,False,False,True,False,False,False,False,False,False
27.0,4.0,75.0,197.0,187.0,264.0,282.0,False,True,False,False,False,False,False,True,False
3.0,1.0,3.0,276.0,268.0,260.0,340.0,True,False,False,True,False,False,False,False,False
20.0,3.0,33.0,280.0,297.0,256.0,297.0,True,False,False,False,False,True,False,False,False
14.0,2.0,41.0,216.0,255.0,278.0,282.0,False,False,False,False,True,False,False,False,False
6.0,3.0,34.0,213.0,187.0,284.0,336.0,True,False,False,False,False,False,True,False,False
6.0,4.0,44.0,266.0,260.0,257.0,298.0,True,False,False,True,False,False,False,False,False
11.0,2.0,11.0,277.0,294.0,252.0,292.0,True,False,False,False,False,True,False,False,False
5.0,1.0,5.0,229.0,247.0,285.0,305.0,False,True,True,False,False,False,False,False,False
3.0,1.0,3.0,289.0,316.0,308.0,329.0,True,False,False,False,False,False,False,False,True
2.0,2.0,12.0,233.0,255.0,278.0,297.0,False,False,True,False,False,False,False,False,False
8.0,3.0,14.0,270.0,295.0,257.0,296.0,False,False,False,False,False,True,False,False,False
29.0,2.0,30.0,172.0,180.0,265.0,280.0,False,False,False,False,False,False,False,True,False
20.0,2.0,26.0,276.0,304.0,289.0,305.0,False,False,False,False,False,False,False,False,False
48.0,2.0,48.0,187.0,176.0,250.0,268.0,False,False,False,False,False,False,False,True,False
19.0,2.0,32.0,279.0,301.0,291.0,293.0,False,False,False,False,False,False,False,False,False
24.0,3.0,57.0,236.0,264.0,283.0,304.0,False,False,True,False,False,False,False,False,False
8.0,3.0,37.0,277.0,322.0,304.0,311.0,False,False,False,False,False,False,False,False,False
7.0,3.0,40.0,235.0,260.0,282.0,296.0,False,False,True,False,False,False,False,False,False
7.0,4.0,47.0,237.0,255.0,284.0,304.0,False,True,True,False,False,False,False,False,False
21.0,2.0,43.0,215.0,185.0,275.0,318.0,False,False,False,False,False,False,True,False,False
9.0,4.0,31.0,267.0,298.0,260.0,299.0,False,False,False,False,False,True,False,False,False
33.0,2.0,41.0,215.0,252.0,278.0,284.0,False,False,False,False,True,False,False,False,False
39.0,2.0,39.0,197.0,175.0,264.0,270.0,False,False,False,False,False,False,False,True,False
24.0,1.0,24.0,214.0,253.0,276.0,284.0,False,False,False,False,True,False,False,False,False
11.0,2.0,12.0,271.0,295.0,253.0,295.0,False,False,False,False,False,True,False,False,False
2.0,2.0,13.0,269.0,270.0,261.0,336.0,True,False,False,True,False,False,False,False,False
70.0,2.0,71.0,206.0,193.0,262.0,282.0,True,False,False,False,False,False,False,True,False
3.0,1.0,3.0,273.0,327.0,302.0,310.0,True,False,False,False,False,False,False,False,False
7.0,2.0,24.0,274.0,301.0,289.0,294.0,False,False,False,False,False,False,False,False,False
5.0,3.0,25.0,234.0,248.0,280.0,298.0,False,False,True,False,False,False,False,False,False
12.0,3.0,69.0,212.0,187.0,268.0,283.0,True,False,False,False,False,False,False,True,False
16.0,3.0,54.0,283.0,302.0,292.0,300.0,False,False,False,False,False,False,False,False,False
13.0,3.0,49.0,234.0,262.0,281.0,300.0,False,True,True,False,False,False,False,False,False
20.0,2.0,43.0,214.0,186.0,277.0,314.0,False,False,False,False,False,False,True,False,False
16.0,1.0,16.0,276.0,265.0,252.0,312.0,False,False,False,True,False,False,False,False,False
10.0,4.0,36.0,281.0,300.0,257.0,300.0,False,False,False,False,False,True,False,False,False
5.0,1.0,5.0,268.0,320.0,304.0,305.0,True,False,False,False,False,False,False,False,False
15.0,2.0,23.0,212.0,254.0,278.0,286.0,False,False,False,False,True,False,False,False,False
77.0,2.0,77.0,204.0,192.0,270.0,285.0,False,False,False,False,False,False,False,True,False
6.0,2.0,7.0,270.0,305.0,259.0,305.0,True,False,False,False,False,True,False,False,False
28.0,2.0,61.0,216.0,256.0,280.0,289.0,True,False,False,False,True,False,False,False,False
42.0,2.0,43.0,199.0,180.0,259.0,280.0,True,False,False,False,False,False,False,True,False
5.0,3.0,35.0,214.0,249.0,278.0,285.0,True,False,False,False,True,False,False,False,False
19.0,3.0,45.0,276.0,297.0,256.0,296.0,False,False,False,False,False,True,False,False,False
10.0,2.0,11.0,177.0,171.0,264.0,278.0,False,False,False,False,False,False,False,True,False
8.0,2.0,8.0,275.0,297.0,253.0,298.0,False,True,False,False,False,True,False,False,False
3.0,1.0,3.0,269.0,323.0,301.0,307.0,True,False,False,False,False,False,False,False,False
42.0,2.0,55.0,213.0,258.0,284.0,286.0,False,False,False,False,True,False,False,False,False
23.0,2.0,33.0,211.0,183.0,281.0,319.0,False,False,False,False,False,False,True,False,False
8.0,3.0,49.0,277.0,298.0,291.0,292.0,False,False,False,False,False,False,False,False,False
15.0,2.0,23.0,275.0,303.0,290.0,296.0,False,False,False,False,False,False,False,False,False
26.0,2.0,31.0,274.0,297.0,288.0,288.0,False,False,False,False,False,False,False,False,False
3.0,2.0,30.0,215.0,253.0,276.0,283.0,False,False,False,False,True,False,False,False,False
17.0,2.0,22.0,275.0,302.0,287.0,292.0,False,False,False,False,False,False,False,False,False
17.0,2.0,29.0,233.0,253.0,280.0,299.0,False,False,True,False,False,False,False,False,False
6.0,3.0,29.0,280.0,299.0,255.0,298.0,False,False,False,False,False,True,False,False,False
5.0,2.0,11.0,287.0,321.0,305.0,327.0,False,False,False,False,False,False,False,False,True
17.0,2.0,24.0,265.0,291.0,285.0,284.0,False,False,False,False,False,False,False,False,False
17.0,3.0,44.0,278.0,304.0,303.0,306.0,False,False,False,False,False,False,False,False,False
9.0,1.0,6.0,227.0,248.0,283.0,312.0,False,True,True,False,False,False,False,False,False
10.0,4.0,53.0,234.0,257.0,278.0,294.0,False,True,True,False,False,False,False,False,False
4.0,1.0,4.0,285.0,321.0,310.0,330.0,True,False,False,False,False,False,False,False,True
5.0,2.0,14.0,230.0,251.0,277.0,299.0,False,False,True,False,False,False,False,False,False
19.0,2.0,26.0,271.0,296.0,288.0,296.0,False,False,False,False,False,False,False,False,False
42.0,2.0,42.0,182.0,174.0,251.0,269.0,False,False,False,False,False,False,False,True,False
28.0,1.0,28.0,211.0,256.0,277.0,284.0,True,False,False,False,True,False,False,False,False
30.0,2.0,43.0,212.0,253.0,281.0,284.0,False,False,False,False,True,False,False,False,False
10.0,2.0,47.0,217.0,256.0,281.0,286.0,True,False,False,False,True,False,False,False,False
41.0,2.0,48.0,287.0,297.0,292.0,304.0,False,False,False,False,False,False,False,False,True
19.0,3.0,55.0,275.0,296.0,288.0,291.0,False,False,False,False,False,False,False,False,False
5.0,1.0,5.0,212.0,254.0,280.0,287.0,True,False,False,False,True,False,False,False,False
74.0,2.0,74.0,143.0,180.0,266.0,280.0,False,False,False,False,False,False,False,True,False
8.0,1.0,8.0,283.0,327.0,299.0,308.0,True,False,False,False,False,False,False,False,False
4.0,4.0,26.0,279.0,296.0,255.0,295.0,False,False,False,False,False,True,False,False,False
3.0,1.0,3.0,277.0,266.0,260.0,337.0,False,True,False,True,False,False,False,False,False
7.0,3.0,43.0,276.0,306.0,290.0,297.0,False,False,False,False,False,False,False,False,False
11.0,5.0,41.0,276.0,270.0,259.0,309.0,False,False,False,True,False,False,False,False,False
32.0,2.0,55.0,211.0,187.0,281.0,317.0,True,False,False,False,False,False,True,False,False
6.0,3.0,40.0,277.0,302.0,291.0,294.0,False,False,False,False,False,False,False,False,False
11.0,3.0,32.0,277.0,268.0,256.0,314.0,False,False,False,True,False,False,False,False,False
22.0,4.0,70.0,194.0,191.0,271.0,281.0,False,True,False,False,False,False,False,True,False
12.0,2.0,13.0,277.0,296.0,255.0,298.0,False,False,False,False,False,True,False,False,False
39.0,2.0,46.0,289.0,309.0,294.0,308.0,False,False,False,False,False,False,False,False,True
5.0,3.0,32.0,278.0,301.0,289.0,295.0,False,False,False,False,False,False,False,False,False
9.0,4.0,43.0,282.0,298.0,257.0,297.0,False,False,False,False,False,True,False,False,False
10.0,2.0,20.0,231.0,256.0,279.0,297.0,False,False,True,False,False,False,False,False,False
3.0,3.0,30.0,278.0,304.0,289.0,297.0,False,False,False,False,False,False,False,False,False
16.0,2.0,44.0,212.0,187.0,285.0,313.0,False,True,False,False,False,False,True,False,False
15.0,2.0,39.0,217.0,254.0,281.0,296.0,False,False,False,False,True,False,False,False,False
16.0,2.0,49.0,215.0,254.0,282.0,286.0,True,False,False,False,True,False,False,False,False
9.0,3.0,36.0,276.0,267.0,256.0,314.0,True,False,False,True,False,False,False,False,False
7.0,2.0,18.0,270.0,266.0,257.0,309.0,False,False,False,True,False,False,False,False,False
12.0,3.0,40.0,213.0,186.0,289.0,323.0,True,False,False,False,False,False,True,False,False
22.0,2.0,29.0,287.0,325.0,310.0,337.0,False,False,False,False,False,False,False,False,True
14.0,3.0,55.0,279.0,300.0,291.0,311.0,False,False,False,False,False,False,False,False,False
2.0,3.0,31.0,276.0,297.0,289.0,291.0,False,False,False,False,False,False,False,False,False
25.0,2.0,38.0,275.0,302.0,292.0,293.0,False,False,False,False,False,False,False,False,False
17.0,2.0,26.0,276.0,307.0,289.0,296.0,False,False,False,False,False,False,False,False,False
38.0,2.0,45.0,289.0,321.0,298.0,309.0,False,False,False,False,False,False,False,False,True
40.0,2.0,51.0,218.0,257.0,280.0,293.0,False,False,False,False,True,False,False,False,False
14.0,2.0,15.0,170.0,181.0,264.0,280.0,False,False,False,False,False,False,False,True,False
22.0,2.0,45.0,214.0,187.0,276.0,313.0,False,False,False,False,False,False,True,False,False
14.0,3.0,50.0,226.0,314.0,290.0,289.0,False,False,False,False,False,False,False,False,False
19.0,2.0,31.0,231.0,263.0,279.0,299.0,False,False,True,False,False,False,False,False,False
18.0,4.0,44.0,282.0,301.0,257.0,300.0,False,False,False,False,False,True,False,False,False
29.0,2.0,37.0,211.0,250.0,279.0,282.0,False,False,False,False,True,False,False,False,False
34.0,2.0,56.0,216.0,185.0,276.0,316.0,False,False,False,False,False,False,True,False,False
18.0,2.0,25.0,288.0,319.0,309.0,334.0,False,False,False,False,False,False,False,False,True
10.0,1.0,10.0,211.0,248.0,275.0,280.0,False,False,False,False,True,False,False,False,False
50.0,2.0,51.0,202.0,192.0,260.0,280.0,False,False,False,False,False,False,False,True,False
23.0,3.0,53.0,235.0,258.0,279.0,313.0,False,False,True,False,False,False,False,False,False
10.0,2.0,18.0,267.0,261.0,254.0,307.0,False,False,False,True,False,False,False,False,False
4.0,1.0,4.0,214.0,250.0,275.0,291.0,True,False,False,False,True,False,False,False,False
14.0,1.0,14.0,213.0,248.0,276.0,281.0,False,False,False,False,True,False,False,False,False
23.0,2.0,23.0,196.0,179.0,254.0,266.0,False,False,False,False,False,False,False,True,False
14.0,2.0,15.0,276.0,297.0,254.0,296.0,False,False,False,False,False,True,False,False,False
2.0,4.0,34.0,275.0,276.0,261.0,288.0,False,False,False,False,False,True,False,False,False
10.0,1.0,10.0,213.0,255.0,277.0,283.0,True,False,False,False,True,False,False,False,False
29.0,2.0,37.0,277.0,303.0,290.0,298.0,False,False,False,False,False,False,False,False,False
13.0,4.0,61.0,190.0,185.0,274.0,283.0,False,True,False,False,False,False,False,True,False
3.0,2.0,11.0,274.0,325.0,310.0,298.0,False,False,False,False,False,False,False,False,False
8.0,2.0,33.0,214.0,253.0,279.0,286.0,False,False,False,False,True,False,False,False,False
5.0,4.0,43.0,266.0,260.0,257.0,298.0,True,False,False,True,False,False,False,False,False
5.0,2.0,17.0,236.0,259.0,280.0,304.0,False,False,True,False,False,False,False,False,False
16.0,3.0,51.0,278.0,300.0,293.0,296.0,False,False,False,False,False,False,False,False,False
4.0,1.0,3.0,211.0,184.0,279.0,336.0,True,False,False,False,False,False,True,False,False
65.0,2.0,65.0,208.0,195.0,260.0,280.0,False,False,False,False,False,False,False,True,False
60.0,2.0,61.0,182.0,189.0,259.0,279.0,False,False,False,False,False,False,False,True,False
5.0,2.0,14.0,266.0,265.0,254.0,312.0,True,False,False,True,False,False,False,False,False
15.0,1.0,15.0,286.0,298.0,290.0,299.0,True,False,False,False,False,False,False,False,True
5.0,1.0,4.0,283.0,314.0,304.0,323.0,True,False,False,False,False,False,False,False,True
9.0,2.0,18.0,272.0,267.0,261.0,310.0,True,False,False,True,False,False,False,False,False
18.0,3.0,41.0,275.0,268.0,258.0,309.0,False,False,False,True,False,False,False,False,False
4.0,2.0,4.0,170.0,178.0,269.0,278.0,True,False,False,False,False,False,False,True,False
16.0,3.0,46.0,213.0,252.0,276.0,284.0,True,False,False,False,True,False,False,False,False
7.0,2.0,8.0,275.0,298.0,254.0,299.0,False,False,False,False,False,True,False,False,False
3.0,3.0,37.0,276.0,299.0,291.0,290.0,False,False,False,False,False,False,False,False,False
9.0,2.0,10.0,162.0,177.0,266.0,280.0,False,False,False,False,False,False,False,True,False
22.0,2.0,23.0,196.0,182.0,256.0,276.0,False,False,False,False,False,False,False,True,False
3.0,2.0,12.0,270.0,319.0,301.0,305.0,False,False,False,False,False,False,False,False,False
7.0,2.0,7.0,187.0,181.0,260.0,274.0,False,False,False,False,False,False,False,True,False
5.0,1.0,5.0,287.0,307.0,307.0,330.0,True,False,False,False,False,False,False,False,True
2.0,2.0,14.0,231.0,246.0,281.0,288.0,False,False,True,False,False,False,False,False,False
30.0,1.0,30.0,288.0,301.0,291.0,302.0,True,False,False,False,False,False,False,False,True
2.0,2.0,14.0,268.0,266.0,256.0,312.0,True,False,False,True,False,False,False,False,False
4.0,2.0,4.0,180.0,172.0,260.0,272.0,False,False,False,False,False,False,False,True,False
17.0,3.0,53.0,276.0,295.0,290.0,288.0,False,False,False,False,False,False,False,False,False
5.0,1.0,5.0,270.0,326.0,300.0,300.0,False,True,False,False,False,False,False,False,False
10.0,2.0,43.0,293.0,313.0,309.0,317.0,False,True,False,False,False,False,False,False,True
15.0,3.0,45.0,212.0,253.0,278.0,283.0,True,False,False,False,True,False,False,False,False
6.0,1.0,3.0,229.0,254.0,275.0,318.0,False,True,True,False,False,False,False,False,False
7.0,3.0,58.0,208.0,198.0,259.0,265.0,False,False,False,False,False,False,False,True,False
23.0,2.0,30.0,273.0,297.0,287.0,293.0,False,False,False,False,False,False,False,False,False
13.0,1.0,13.0,209.0,182.0,271.0,317.0,True,False,False,False,False,False,True,False,False
18.0,2.0,30.0,231.0,256.0,280.0,302.0,False,False,True,False,False,False,False,False,False
4.0,1.0,4.0,274.0,268.0,252.0,341.0,False,False,False,True,False,False,False,False,False
8.0,2.0,15.0,269.0,300.0,304.0,304.0,False,False,False,False,False,False,False,False,False
29.0,2.0,52.0,212.0,186.0,277.0,311.0,False,False,False,False,False,False,True,False,False
7.0,1.0,6.0,273.0,329.0,303.0,312.0,False,False,False,False,False,False,False,False,False
1.0,2.0,18.0,276.0,302.0,290.0,227.0,False,False,False,False,False,False,False,False,False
22.0,2.0,29.0,287.0,302.0,293.0,310.0,False,False,False,False,False,False,False,False,True
26.0,2.0,45.0,213.0,184.0,275.0,311.0,False,False,False,False,False,False,True,False,False
25.0,1.0,25.0,209.0,182.0,274.0,314.0,False,False,False,False,False,False,True,False,False
2.0,1.0,2.0,216.0,256.0,280.0,278.0,True,False,False,False,True,False,False,False,False
13.0,2.0,13.0,190.0,183.0,257.0,277.0,False,False,False,False,False,False,False,True,False
21.0,1.0,21.0,209.0,184.0,275.0,311.0,True,False,False,False,False,False,True,False,False
19.0,1.0,19.0,210.0,185.0,274.0,310.0,True,False,False,False,False,False,True,False,False
38.0,2.0,48.0,207.0,185.0,285.0,347.0,False,False,False,False,False,False,True,False,False
11.0,2.0,22.0,229.0,248.0,280.0,295.0,False,False,True,False,False,False,False,False,False
2.0,1.0,2.0,229.0,245.0,286.0,295.0,False,True,True,False,False,False,False,False,False
15.0,2.0,16.0,166.0,180.0,256.0,260.0,True,False,False,False,False,False,False,True,False
26.0,2.0,32.0,289.0,301.0,294.0,306.0,False,False,False,False,False,False,False,False,True
6.0,1.0,6.0,211.0,253.0,280.0,285.0,False,False,False,False,True,False,False,False,False
4.0,1.0,4.0,211.0,253.0,281.0,286.0,True,False,False,False,True,False,False,False,False
32.0,1.0,32.0,212.0,254.0,279.0,288.0,False,False,False,False,True,False,False,False,False
38.0,2.0,38.0,203.0,174.0,256.0,276.0,True,False,False,False,False,False,False,True,False
14.0,4.0,47.0,282.0,298.0,257.0,298.0,False,False,False,False,False,True,False,False,False
16.0,2.0,26.0,231.0,255.0,275.0,289.0,False,False,True,False,False,False,False,False,False
4.0,1.0,4.0,209.0,182.0,276.0,307.0,True,False,False,False,False,False,True,False,False
3.0,2.0,40.0,214.0,255.0,282.0,297.0,True,False,False,False,True,False,False,False,False
10.0,3.0,39.0,214.0,186.0,278.0,320.0,True,False,False,False,False,False,True,False,False
4.0,1.0,4.0,207.0,247.0,278.0,288.0,True,False,False,False,True,False,False,False,False
20.0,2.0,28.0,276.0,301.0,290.0,298.0,False,False,False,False,False,False,False,False,False
13.0,2.0,26.0,201.0,251.0,280.0,285.0,False,False,False,False,True,False,False,False,False
13.0,3.0,26.0,279.0,297.0,255.0,296.0,True,False,False,False,False,True,False,False,False
5.0,2.0,19.0,234.0,248.0,279.0,293.0,False,False,True,False,False,False,False,False,False
16.0,2.0,29.0,235.0,257.0,280.0,306.0,False,False,True,False,False,False,False,False,False
29.0,1.0,29.0,214.0,250.0,276.0,284.0,False,False,False,False,True,False,False,False,False
8.0,1.0,5.0,231.0,245.0,276.0,289.0,False,True,True,False,False,False,False,False,False
8.0,3.0,32.0,279.0,271.0,257.0,312.0,False,False,False,True,False,False,False,False,False
23.0,2.0,34.0,217.0,255.0,278.0,289.0,False,False,False,False,True,False,False,False,False
2.0,1.0,2.0,228.0,241.0,278.0,287.0,False,True,True,False,False,False,False,False,False
10.0,1.0,7.0,232.0,242.0,277.0,291.0,False,True,True,False,False,False,False,False,False
37.0,2.0,59.0,221.0,260.0,284.0,292.0,False,False,False,False,True,False,False,False,False
7.0,4.0,50.0,231.0,257.0,277.0,293.0,False,True,True,False,False,False,False,False,False
15.0,2.0,22.0,270.0,291.0,286.0,286.0,False,False,False,False,False,False,False,False,False
26.0,3.0,49.0,212.0,185.0,279.0,318.0,True,False,False,False,False,False,True,False,False
36.0,2.0,43.0,289.0,306.0,298.0,309.0,False,False,False,False,False,False,False,False,True
8.0,2.0,15.0,268.0,295.0,286.0,289.0,False,False,False,False,False,False,False,False,False
10.0,3.0,41.0,235.0,263.0,282.0,296.0,False,False,True,False,False,False,False,False,False
31.0,2.0,32.0,190.0,182.0,257.0,278.0,False,False,False,False,False,False,False,True,False
2.0,1.0,2.0,284.0,305.0,291.0,304.0,True,False,False,False,False,False,False,False,True
3.0,3.0,14.0,278.0,294.0,252.0,292.0,False,False,False,False,False,True,False,False,False
26.0,3.0,50.0,273.0,267.0,257.0,311.0,False,False,False,True,False,False,False,False,False
23.0,3.0,73.0,210.0,197.0,265.0,284.0,False,False,False,False,False,False,False,True,False
19.0,3.0,35.0,270.0,317.0,301.0,305.0,False,False,False,False,False,False,False,False,False
5.0,2.0,16.0,264.0,257.0,252.0,298.0,False,False,False,True,False,False,False,False,False
15.0,2.0,16.0,277.0,300.0,255.0,300.0,False,False,False,False,False,True,False,False,False
32.0,2.0,40.0,277.0,308.0,290.0,306.0,False,False,False,False,False,False,False,False,False
6.0,2.0,42.0,217.0,258.0,285.0,289.0,False,False,False,False,True,False,False,False,False
16.0,1.0,16.0,286.0,298.0,289.0,300.0,True,False,False,False,False,False,False,False,True
12.0,2.0,13.0,181.0,174.0,264.0,282.0,True,False,False,False,False,False,False,True,False
4.0,2.0,9.0,271.0,298.0,289.0,288.0,False,False,False,False,False,False,False,False,False
5.0,4.0,39.0,282.0,298.0,257.0,294.0,False,False,False,False,False,True,False,False,False
20.0,2.0,20.0,192.0,180.0,264.0,275.0,False,False,False,False,False,False,False,True,False
16.0,2.0,23.0,287.0,320.0,307.0,333.0,False,False,False,False,False,False,False,False,True
6.0,5.0,47.0,281.0,299.0,257.0,298.0,False,True,False,False,False,True,False,False,False
9.0,2.0,18.0,268.0,266.0,256.0,312.0,True,False,False,True,False,False,False,False,False
2.0,2.0,33.0,214.0,254.0,281.0,287.0,True,False,False,False,True,False,False,False,False
41.0,2.0,42.0,188.0,176.0,256.0,276.0,False,False,False,False,False,False,False,True,False
21.0,3.0,50.0,278.0,297.0,290.0,292.0,False,False,False,False,False,False,False,False,False
5.0,2.0,14.0,275.0,300.0,288.0,291.0,False,False,False,False,False,False,False,False,False
2.0,2.0,13.0,264.0,259.0,253.0,302.0,False,False,False,True,False,False,False,False,False
9.0,3.0,44.0,283.0,313.0,295.0,320.0,False,True,False,False,False,False,False,False,True
31.0,2.0,58.0,214.0,257.0,279.0,287.0,False,False,False,False,True,False,False,False,False
7.0,3.0,22.0,280.0,302.0,258.0,305.0,True,False,False,False,False,True,False,False,False
21.0,2.0,57.0,214.0,256.0,279.0,283.0,False,False,False,False,True,False,False,False,False
50.0,2.0,51.0,195.0,177.0,263.0,278.0,False,False,False,False,False,False,False,True,False
3.0,2.0,10.0,269.0,297.0,291.0,318.0,False,False,False,False,False,False,False,False,False
25.0,2.0,47.0,271.0,269.0,260.0,307.0,False,False,False,True,False,False,False,False,False
19.0,3.0,47.0,216.0,185.0,282.0,319.0,True,False,False,False,False,False,True,False,False
5.0,1.0,5.0,212.0,250.0,275.0,280.0,False,True,False,False,True,False,False,False,False
27.0,2.0,34.0,288.0,322.0,299.0,320.0,False,False,False,False,False,False,False,False,True
17.0,1.0,17.0,211.0,183.0,273.0,308.0,True,False,False,False,False,False,True,False,False
14.0,3.0,50.0,278.0,305.0,291.0,296.0,False,False,False,False,False,False,False,False,False
8.0,2.0,15.0,283.0,297.0,291.0,313.0,False,False,False,False,False,False,False,False,True
11.0,3.0,62.0,197.0,193.0,270.0,283.0,False,False,False,False,False,False,False,True,False
19.0,2.0,30.0,232.0,252.0,280.0,294.0,False,False,True,False,False,False,False,False,False
8.0,2.0,20.0,230.0,260.0,278.0,298.0,False,False,True,False,False,False,False,False,False
14.0,1.0,14.0,286.0,297.0,290.0,300.0,True,False,False,False,False,False,False,False,True
49.0,2.0,57.0,214.0,255.0,281.0,283.0,False,False,False,False,True,False,False,False,False
10.0,3.0,16.0,268.0,296.0,257.0,294.0,False,False,False,False,False,True,False,False,False
6.0,2.0,17.0,270.0,267.0,256.0,308.0,False,False,False,True,False,False,False,False,False
13.0,2.0,14.0,198.0,182.0,253.0,270.0,False,False,False,False,False,False,False,True,False
1.0,3.0,54.0,214.0,188.0,281.0,318.0,False,True,False,False,False,False,True,False,False
13.0,2.0,27.0,236.0,251.0,280.0,301.0,False,False,True,False,False,False,False,False,False
20.0,3.0,59.0,215.0,258.0,279.0,292.0,True,False,False,False,True,False,False,False,False
5.0,1.0,5.0,213.0,250.0,278.0,295.0,True,False,False,False,True,False,False,False,False
2.0,1.0,2.0,286.0,308.0,306.0,322.0,True,False,False,False,False,False,False,False,True
6.0,2.0,15.0,276.0,299.0,288.0,293.0,False,False,False,False,False,False,False,False,False
12.0,3.0,63.0,205.0,195.0,269.0,284.0,False,False,False,False,False,False,False,True,False
63.0,2.0,64.0,192.0,181.0,259.0,278.0,True,False,False,False,False,False,False,True,False
7.0,2.0,14.0,275.0,326.0,303.0,315.0,False,False,False,False,False,False,False,False,False
20.0,2.0,48.0,215.0,186.0,276.0,315.0,False,False,False,False,False,False,True,False,False
38.0,2.0,51.0,213.0,256.0,282.0,288.0,False,False,False,False,True,False,False,False,False
6.0,2.0,6.0,183.0,166.0,257.0,268.0,True,False,False,False,False,False,False,True,False
12.0,4.0,50.0,279.0,301.0,259.0,302.0,True,False,False,False,False,True,False,False,False
8.0,2.0,9.0,188.0,175.0,263.0,276.0,False,False,False,False,False,False,False,True,False
14.0,3.0,33.0,274.0,298.0,256.0,298.0,False,False,False,False,False,True,False,False,False
56.0,2.0,57.0,203.0,191.0,261.0,278.0,True,False,False,False,False,False,False,True,False
42.0,2.0,53.0,217.0,258.0,280.0,291.0,False,False,False,False,True,False,False,False,False
20.0,3.0,34.0,277.0,296.0,256.0,297.0,True,False,False,False,False,True,False,False,False
6.0,4.0,49.0,229.0,257.0,278.0,291.0,False,True,True,False,False,False,False,False,False
14.0,1.0,14.0,289.0,312.0,297.0,316.0,True,False,False,False,False,False,False,False,True
17.0,1.0,17.0,216.0,253.0,277.0,288.0,True,False,False,False,True,False,False,False,False
21.0,1.0,21.0,214.0,253.0,279.0,289.0,True,False,False,False,True,False,False,False,False
16.0,1.0,13.0,210.0,182.0,274.0,315.0,True,False,False,False,False,False,True,False,False
2.0,2.0,29.0,217.0,253.0,277.0,282.0,False,False,False,False,True,False,False,False,False
32.0,2.0,42.0,211.0,184.0,281.0,326.0,False,False,False,False,False,False,True,False,False
6.0,1.0,3.0,233.0,259.0,288.0,318.0,False,True,True,False,False,False,False,False,False
14.0,3.0,20.0,269.0,296.0,256.0,297.0,False,False,False,False,False,True,False,False,False
4.0,2.0,13.0,274.0,309.0,289.0,297.0,False,False,False,False,False,False,False,False,False
19.0,3.0,42.0,274.0,270.0,261.0,310.0,False,False,False,True,False,False,False,False,False
9.0,2.0,37.0,215.0,184.0,278.0,315.0,False,False,False,False,False,False,True,False,False
8.0,1.0,8.0,232.0,253.0,283.0,314.0,False,True,True,False,False,False,False,False,False
35.0,2.0,57.0,216.0,184.0,276.0,316.0,False,False,False,False,False,False,True,False,False
9.0,1.0,6.0,226.0,249.0,285.0,320.0,False,True,True,False,False,False,False,False,False
9.0,2.0,22.0,234.0,253.0,278.0,296.0,False,False,True,False,False,False,False,False,False
16.0,3.0,49.0,236.0,263.0,282.0,302.0,False,False,True,False,False,False,False,False,False
18.0,4.0,51.0,282.0,303.0,258.0,300.0,False,False,False,False,False,True,False,False,False
16.0,2.0,53.0,214.0,260.0,281.0,289.0,False,False,False,False,True,False,False,False,False
24.0,2.0,31.0,281.0,297.0,294.0,300.0,False,False,False,False,False,False,False,False,True
19.0,2.0,20.0,194.0,174.0,257.0,278.0,True,False,False,False,False,False,False,True,False
21.0,3.0,49.0,213.0,186.0,282.0,319.0,True,False,False,False,False,False,True,False,False
12.0,3.0,48.0,276.0,297.0,290.0,291.0,False,False,False,False,False,False,False,False,False
6.0,2.0,33.0,214.0,251.0,279.0,285.0,False,False,False,False,True,False,False,False,False
18.0,2.0,42.0,215.0,254.0,280.0,296.0,False,False,False,False,True,False,False,False,False
7.0,1.0,6.0,211.0,185.0,281.0,332.0,True,False,False,False,False,False,True,False,False
16.0,2.0,37.0,273.0,265.0,259.0,309.0,False,False,False,True,False,False,False,False,False
8.0,1.0,8.0,267.0,262.0,252.0,306.0,True,False,False,True,False,False,False,False,False
11.0,3.0,22.0,278.0,296.0,255.0,297.0,False,False,False,False,False,True,False,False,False
13.0,1.0,13.0,210.0,183.0,272.0,310.0,True,False,False,False,False,False,True,False,False
10.0,1.0,10.0,216.0,254.0,278.0,286.0,True,False,False,False,True,False,False,False,False
7.0,2.0,24.0,276.0,308.0,292.0,299.0,True,False,False,False,False,False,False,False,False
16.0,3.0,51.0,277.0,299.0,290.0,293.0,False,False,False,False,False,False,False,False,False
15.0,1.0,15.0,214.0,255.0,279.0,295.0,True,False,False,False,True,False,False,False,False
29.0,2.0,30.0,197.0,182.0,257.0,268.0,True,False,False,False,False,False,False,True,False
17.0,2.0,34.0,278.0,303.0,289.0,297.0,True,False,False,False,False,False,False,False,False
31.0,2.0,56.0,214.0,254.0,279.0,284.0,False,False,False,False,True,False,False,False,False
28.0,2.0,35.0,286.0,305.0,296.0,308.0,False,False,False,False,False,False,False,False,True
13.0,2.0,34.0,219.0,257.0,280.0,292.0,False,False,False,False,True,False,False,False,False
6.0,1.0,6.0,280.0,323.0,299.0,302.0,True,False,False,False,False,False,False,False,False
17.0,2.0,18.0,194.0,181.0,265.0,279.0,False,False,False,False,False,False,False,True,False
11.0,4.0,33.0,265.0,295.0,255.0,295.0,False,False,False,False,False,True,False,False,False
15.0,3.0,31.0,274.0,300.0,289.0,293.0,False,False,False,False,False,False,False,False,False
6.0,1.0,6.0,233.0,246.0,285.0,320.0,False,True,True,False,False,False,False,False,False
30.0,2.0,30.0,188.0,186.0,257.0,278.0,False,False,False,False,False,False,False,True,False
13.0,3.0,63.0,221.0,259.0,284.0,298.0,True,False,False,False,True,False,False,False,False
19.0,3.0,42.0,280.0,269.0,259.0,315.0,False,False,False,True,False,False,False,False,False
57.0,2.0,58.0,196.0,181.0,266.0,281.0,False,False,False,False,False,False,False,True,False
8.0,2.0,20.0,212.0,182.0,279.0,316.0,False,False,False,False,False,False,True,False,False
4.0,1.0,3.0,209.0,248.0,275.0,282.0,True,False,False,False,True,False,False,False,False
48.0,2.0,48.0,194.0,192.0,267.0,281.0,False,False,False,False,False,False,False,True,False
16.0,4.0,38.0,280.0,296.0,255.0,296.0,False,False,False,False,False,True,False,False,False
5.0,1.0,5.0,271.0,266.0,254.0,309.0,True,False,False,True,False,False,False,False,False
7.0,1.0,7.0,278.0,315.0,300.0,308.0,True,False,False,False,False,False,False,False,False
21.0,3.0,56.0,240.0,259.0,284.0,317.0,False,True,True,False,False,False,False,False,False
28.0,3.0,52.0,275.0,266.0,258.0,305.0,False,False,False,True,False,False,False,False,False
16.0,3.0,51.0,238.0,256.0,288.0,323.0,False,True,True,False,False,False,False,False,False
71.0,2.0,71.0,202.0,195.0,260.0,278.0,False,False,False,False,False,False,False,True,False
14.0,2.0,28.0,273.0,296.0,291.0,292.0,False,False,False,False,False,False,False,False,False
26.0,3.0,48.0,281.0,305.0,259.0,305.0,False,False,False,False,False,True,False,False,False
13.0,2.0,26.0,235.0,259.0,279.0,301.0,False,False,True,False,False,False,False,False,False
38.0,2.0,45.0,293.0,319.0,302.0,316.0,False,False,False,False,False,False,False,False,True
14.0,4.0,47.0,282.0,298.0,258.0,299.0,False,False,False,False,False,True,False,False,False
10.0,3.0,38.0,215.0,187.0,283.0,304.0,True,False,False,False,False,False,True,False,False
16.0,2.0,28.0,232.0,253.0,282.0,299.0,False,False,True,False,False,False,False,False,False
8.0,3.0,38.0,214.0,253.0,277.0,284.0,True,False,False,False,True,False,False,False,False
40.0,3.0,54.0,185.0,183.0,268.0,282.0,False,False,False,False,False,False,False,True,False
7.0,2.0,38.0,213.0,257.0,283.0,292.0,True,False,False,False,True,False,False,False,False
32.0,2.0,32.0,177.0,177.0,258.0,276.0,True,False,False,False,False,False,False,True,False
7.0,3.0,43.0,234.0,261.0,281.0,292.0,False,False,True,False,False,False,False,False,False
17.0,4.0,26.0,213.0,255.0,277.0,285.0,True,False,False,False,True,False,False,False,False
14.0,3.0,49.0,281.0,304.0,293.0,297.0,False,False,False,False,False,False,False,False,False
20.0,3.0,41.0,272.0,270.0,258.0,311.0,False,False,False,True,False,False,False,False,False
20.0,3.0,43.0,269.0,269.0,259.0,310.0,False,False,False,True,False,False,False,False,False
3.0,1.0,3.0,274.0,267.0,259.0,333.0,True,False,False,True,False,False,False,False,False
15.0,3.0,38.0,271.0,269.0,258.0,312.0,False,False,False,True,False,False,False,False,False
22.0,5.0,42.0,213.0,256.0,279.0,286.0,True,False,False,False,True,False,False,False,False
15.0,1.0,15.0,209.0,183.0,275.0,310.0,True,False,False,False,False,False,True,False,False
12.0,2.0,49.0,219.0,257.0,282.0,288.0,True,False,False,False,True,False,False,False,False
19.0,2.0,25.0,215.0,252.0,277.0,282.0,False,False,False,False,True,False,False,False,False
13.0,2.0,20.0,269.0,289.0,285.0,285.0,False,False,False,False,False,False,False,False,False
13.0,1.0,13.0,270.0,264.0,255.0,310.0,True,False,False,True,False,False,False,False,False
7.0,4.0,39.0,282.0,302.0,259.0,303.0,False,False,False,False,False,True,False,False,False
3.0,2.0,36.0,216.0,251.0,282.0,274.0,True,False,False,False,True,False,False,False,False
28.0,3.0,51.0,277.0,268.0,259.0,309.0,False,False,False,True,False,False,False,False,False
20.0,2.0,21.0,275.0,295.0,254.0,298.0,True,False,False,False,False,True,False,False,False
20.0,2.0,47.0,214.0,257.0,280.0,284.0,False,False,False,False,True,False,False,False,False
10.0,1.0,10.0,272.0,263.0,255.0,308.0,True,False,False,True,False,False,False,False,False
53.0,2.0,54.0,202.0,188.0,258.0,278.0,False,False,False,False,False,False,False,True,False
5.0,3.0,40.0,238.0,254.0,282.0,303.0,False,False,True,False,False,False,False,False,False
24.0,1.0,24.0,208.0,184.0,275.0,317.0,False,False,False,False,False,False,True,False,False
12.0,2.0,18.0,277.0,301.0,289.0,267.0,False,False,False,False,False,False,False,False,False
7.0,2.0,16.0,277.0,312.0,291.0,296.0,False,False,False,False,False,False,False,False,False
16.0,4.0,49.0,278.0,306.0,261.0,303.0,False,False,False,False,False,True,False,False,False
11.0,2.0,40.0,213.0,187.0,275.0,317.0,False,False,False,False,False,False,True,False,False
4.0,1.0,4.0,207.0,183.0,277.0,316.0,True,False,False,False,False,False,True,False,False
10.0,1.0,10.0,218.0,251.0,276.0,283.0,True,False,False,False,True,False,False,False,False
41.0,2.0,42.0,194.0,191.0,267.0,278.0,False,False,False,False,False,False,False,True,False
15.0,2.0,27.0,207.0,182.0,277.0,327.0,False,False,False,False,False,False,True,False,False
15.0,1.0,14.0,205.0,181.0,275.0,304.0,False,False,False,False,False,False,True,False,False
35.0,2.0,42.0,291.0,312.0,296.0,322.0,False,False,False,False,False,False,False,False,True
6.0,1.0,5.0,270.0,320.0,303.0,309.0,True,False,False,False,False,False,False,False,False
28.0,4.0,56.0,212.0,184.0,280.0,320.0,True,False,False,False,False,False,True,False,False
6.0,1.0,6.0,270.0,293.0,287.0,289.0,True,False,False,False,False,False,False,False,False
19.0,2.0,26.0,284.0,309.0,309.0,328.0,False,False,False,False,False,False,False,False,True
4.0,3.0,13.0,215.0,255.0,280.0,282.0,True,False,False,False,True,False,False,False,False
33.0,2.0,40.0,290.0,309.0,297.0,318.0,False,False,False,False,False,False,False,False,True
34.0,2.0,34.0,197.0,174.0,268.0,282.0,False,False,False,False,False,False,False,True,False
6.0,3.0,42.0,275.0,306.0,290.0,298.0,False,False,False,False,False,False,False,False,False
16.0,4.0,44.0,213.0,184.0,281.0,320.0,True,False,False,False,False,False,True,False,False
1.0,2.0,10.0,272.0,305.0,289.0,227.0,False,False,False,False,False,False,False,False,False
19.0,2.0,47.0,213.0,185.0,285.0,334.0,False,True,False,False,False,False,True,False,False
9.0,1.0,9.0,267.0,265.0,255.0,309.0,True,False,False,True,False,False,False,False,False
2.0,1.0,2.0,285.0,316.0,310.0,328.0,True,False,False,False,False,False,False,False,True
5.0,3.0,11.0,268.0,294.0,252.0,297.0,False,False,False,False,False,True,False,False,False
14.0,2.0,15.0,271.0,298.0,252.0,300.0,False,False,False,False,False,True,False,False,False
17.0,4.0,53.0,281.0,301.0,258.0,303.0,False,False,False,False,False,True,False,False,False
20.0,3.0,48.0,217.0,185.0,282.0,320.0,True,False,False,False,False,False,True,False,False
21.0,2.0,38.0,273.0,305.0,301.0,288.0,False,False,False,False,False,False,False,False,False
15.0,2.0,44.0,211.0,187.0,277.0,319.0,False,False,False,False,False,False,True,False,False
14.0,4.0,46.0,283.0,301.0,261.0,302.0,False,False,False,False,False,True,False,False,False
18.0,2.0,30.0,235.0,266.0,279.0,303.0,False,False,True,False,False,False,False,False,False
3.0,3.0,34.0,234.0,254.0,281.0,309.0,False,False,True,False,False,False,False,False,False
5.0,2.0,12.0,288.0,323.0,308.0,330.0,False,False,False,False,False,False,False,False,True
16.0,2.0,25.0,275.0,299.0,287.0,290.0,False,False,False,False,False,False,False,False,False
20.0,2.0,41.0,210.0,184.0,280.0,298.0,True,False,False,False,False,False,True,False,False
21.0,3.0,44.0,270.0,265.0,257.0,306.0,False,False,False,True,False,False,False,False,False
17.0,3.0,53.0,235.0,265.0,281.0,301.0,False,False,True,False,False,False,False,False,False
2.0,1.0,2.0,273.0,321.0,306.0,279.0,True,False,False,False,False,False,False,False,False
19.0,4.0,47.0,213.0,183.0,282.0,318.0,True,False,False,False,False,False,True,False,False
3.0,1.0,3.0,227.0,238.0,284.0,311.0,False,True,True,False,False,False,False,False,False
17.0,3.0,48.0,234.0,251.0,282.0,305.0,False,False,True,False,False,False,False,False,False
22.0,2.0,23.0,202.0,184.0,254.0,273.0,False,False,False,False,False,False,False,True,False
23.0,2.0,30.0,286.0,299.0,291.0,305.0,False,False,False,False,False,False,False,False,True
7.0,1.0,7.0,211.0,254.0,278.0,286.0,True,False,False,False,True,False,False,False,False
13.0,2.0,14.0,278.0,300.0,260.0,303.0,False,False,False,False,False,True,False,False,False
14.0,2.0,21.0,276.0,304.0,291.0,297.0,False,False,False,False,False,False,False,False,False
12.0,1.0,12.0,271.0,321.0,300.0,306.0,True,False,False,False,False,False,False,False,False
7.0,2.0,8.0,178.0,174.0,250.0,279.0,False,False,False,False,False,False,False,True,False
22.0,2.0,22.0,201.0,167.0,255.0,260.0,False,False,False,False,False,False,False,True,False
2.0,1.0,2.0,213.0,183.0,276.0,323.0,True,False,False,False,False,False,True,False,False
8.0,2.0,45.0,214.0,256.0,281.0,287.0,True,False,False,False,True,False,False,False,False
16.0,3.0,50.0,236.0,261.0,289.0,320.0,False,False,True,False,False,False,False,False,False
45.0,2.0,46.0,197.0,183.0,260.0,275.0,True,False,False,False,False,False,False,True,False
4.0,4.0,52.0,196.0,189.0,260.0,281.0,False,True,False,False,False,False,False,True,False
5.0,3.0,41.0,272.0,298.0,289.0,289.0,False,False,False,False,False,False,False,False,False
29.0,2.0,62.0,218.0,258.0,282.0,299.0,True,False,False,False,True,False,False,False,False
16.0,2.0,41.0,216.0,254.0,282.0,289.0,False,False,False,False,True,False,False,False,False
17.0,3.0,41.0,271.0,268.0,257.0,305.0,False,False,False,True,False,False,False,False,False
23.0,2.0,45.0,212.0,185.0,278.0,323.0,False,False,False,False,False,False,True,False,False
5.0,2.0,5.0,276.0,295.0,254.0,297.0,True,False,False,False,False,True,False,False,False
16.0,3.0,67.0,194.0,194.0,259.0,281.0,False,False,False,False,False,False,False,True,False
12.0,2.0,45.0,288.0,301.0,295.0,308.0,False,False,False,False,False,False,False,False,True
21.0,2.0,54.0,214.0,254.0,283.0,285.0,True,False,False,False,True,False,False,False,False
5.0,2.0,38.0,292.0,313.0,310.0,330.0,False,True,False,False,False,False,False,False,True
7.0,4.0,40.0,282.0,300.0,258.0,300.0,False,False,False,False,False,True,False,False,False
9.0,3.0,43.0,282.0,312.0,292.0,296.0,False,False,False,False,False,False,False,False,False
11.0,2.0,39.0,214.0,183.0,276.0,317.0,False,False,False,False,False,False,True,False,False
24.0,2.0,34.0,212.0,181.0,286.0,335.0,False,False,False,False,False,False,True,False,False
13.0,3.0,47.0,236.0,271.0,281.0,300.0,False,False,True,False,False,False,False,False,False
14.0,2.0,26.0,234.0,264.0,279.0,301.0,False,False,True,False,False,False,False,False,False
22.0,2.0,23.0,186.0,184.0,256.0,264.0,True,False,False,False,False,False,False,True,False
8.0,3.0,44.0,276.0,306.0,291.0,297.0,False,False,False,False,False,False,False,False,False
15.0,2.0,46.0,288.0,299.0,293.0,299.0,False,True,False,False,False,False,False,False,True
11.0,2.0,11.0,180.0,175.0,255.0,275.0,False,False,False,False,False,False,False,True,False
23.0,2.0,60.0,220.0,258.0,282.0,291.0,True,False,False,False,True,False,False,False,False
12.0,1.0,12.0,206.0,181.0,273.0,344.0,True,False,False,False,False,False,True,False,False
12.0,1.0,12.0,272.0,262.0,253.0,311.0,True,False,False,True,False,False,False,False,False
31.0,2.0,53.0,216.0,255.0,282.0,287.0,False,False,False,False,True,False,False,False,False
7.0,1.0,7.0,269.0,263.0,255.0,310.0,True,False,False,True,False,False,False,False,False
12.0,2.0,39.0,214.0,185.0,276.0,344.0,False,False,False,False,False,False,True,False,False
20.0,1.0,20.0,211.0,250.0,274.0,280.0,True,False,False,False,True,False,False,False,False
10.0,2.0,11.0,185.0,178.0,257.0,272.0,True,False,False,False,False,False,False,True,False
13.0,1.0,13.0,212.0,249.0,277.0,283.0,True,False,False,False,True,False,False,False,False
10.0,2.0,21.0,229.0,253.0,280.0,294.0,False,False,True,False,False,False,False,False,False
6.0,3.0,33.0,277.0,301.0,289.0,297.0,False,False,False,False,False,False,False,False,False
5.0,2.0,5.0,272.0,306.0,256.0,305.0,False,True,False,False,False,True,False,False,False
25.0,3.0,53.0,216.0,187.0,279.0,314.0,True,False,False,False,False,False,True,False,False
13.0,1.0,13.0,272.0,318.0,299.0,306.0,True,False,False,False,False,False,False,False,False
29.0,2.0,29.0,180.0,175.0,253.0,274.0,False,False,False,False,False,False,False,True,False
19.0,1.0,19.0,213.0,252.0,277.0,288.0,True,False,False,False,True,False,False,False,False
10.0,1.0,7.0,210.0,181.0,275.0,325.0,True,False,False,False,False,False,True,False,False
9.0,3.0,29.0,233.0,254.0,280.0,302.0,False,False,True,False,False,False,False,False,False
4.0,3.0,15.0,278.0,298.0,253.0,298.0,False,False,False,False,False,True,False,False,False
16.0,1.0,13.0,233.0,251.0,277.0,292.0,False,True,True,False,False,False,False,False,False
19.0,2.0,35.0,268.0,311.0,300.0,314.0,True,False,False,False,False,False,False,False,False
11.0,2.0,28.0,278.0,316.0,302.0,295.0,False,False,False,False,False,False,False,False,False
18.0,2.0,40.0,211.0,185.0,276.0,317.0,False,False,False,False,False,False,True,False,False
23.0,3.0,54.0,236.0,261.0,282.0,302.0,False,False,True,False,False,False,False,False,False
12.0,1.0,12.0,211.0,252.0,277.0,285.0,True,False,False,False,True,False,False,False,False
4.0,2.0,15.0,210.0,181.0,278.0,326.0,False,False,False,False,False,False,True,False,False
45.0,2.0,46.0,179.0,189.0,258.0,268.0,True,False,False,False,False,False,False,True,False
30.0,2.0,37.0,287.0,299.0,291.0,306.0,False,False,False,False,False,False,False,False,True
5.0,2.0,6.0,269.0,297.0,255.0,298.0,False,False,False,False,False,True,False,False,False
12.0,4.0,55.0,234.0,257.0,278.0,293.0,False,True,True,False,False,False,False,False,False
74.0,2.0,74.0,205.0,192.0,264.0,284.0,False,False,False,False,False,False,False,True,False
19.0,2.0,35.0,277.0,303.0,291.0,293.0,False,False,False,False,False,False,False,False,False
13.0,2.0,21.0,213.0,252.0,277.0,285.0,False,False,False,False,True,False,False,False,False
3.0,2.0,14.0,211.0,185.0,275.0,312.0,False,False,False,False,False,False,True,False,False
15.0,2.0,37.0,220.0,257.0,284.0,291.0,False,False,False,False,True,False,False,False,False
19.0,3.0,49.0,215.0,251.0,277.0,281.0,True,False,False,False,True,False,False,False,False
22.0,3.0,49.0,277.0,268.0,258.0,310.0,True,False,False,True,False,False,False,False,False
15.0,1.0,15.0,208.0,183.0,280.0,322.0,True,False,False,False,False,False,True,False,False
33.0,3.0,56.0,272.0,272.0,261.0,309.0,False,False,False,True,False,False,False,False,False
28.0,2.0,55.0,214.0,186.0,280.0,318.0,False,False,False,False,False,False,True,False,False
13.0,2.0,14.0,276.0,292.0,253.0,294.0,True,False,False,False,False,True,False,False,False
15.0,2.0,24.0,234.0,243.0,278.0,301.0,False,False,True,False,False,False,False,False,False
13.0,3.0,28.0,279.0,297.0,254.0,295.0,True,False,False,False,False,True,False,False,False
29.0,2.0,30.0,182.0,189.0,255.0,264.0,True,False,False,False,False,False,False,True,False
15.0,3.0,65.0,204.0,193.0,263.0,282.0,False,False,False,False,False,False,False,True,False
3.0,1.0,3.0,214.0,248.0,276.0,290.0,True,False,False,False,True,False,False,False,False
30.0,2.0,36.0,288.0,304.0,295.0,309.0,False,False,False,False,False,False,False,False,True
22.0,1.0,22.0,214.0,254.0,278.0,294.0,True,False,False,False,True,False,False,False,False
24.0,3.0,52.0,216.0,188.0,278.0,315.0,True,False,False,False,False,False,True,False,False
17.0,3.0,52.0,237.0,243.0,289.0,319.0,False,True,True,False,False,False,False,False,False
14.0,3.0,26.0,280.0,297.0,253.0,298.0,False,False,False,False,False,True,False,False,False
19.0,3.0,52.0,237.0,267.0,283.0,299.0,False,False,True,False,False,False,False,False,False
5.0,1.0,5.0,210.0,184.0,274.0,306.0,True,False,False,False,False,False,True,False,False
19.0,2.0,20.0,274.0,293.0,254.0,294.0,True,False,False,False,False,True,False,False,False
6.0,3.0,20.0,273.0,299.0,261.0,299.0,True,False,False,False,False,True,False,False,False
14.0,2.0,21.0,285.0,315.0,308.0,330.0,False,False,False,False,False,False,False,False,True
4.0,2.0,28.0,217.0,253.0,278.0,290.0,False,False,False,False,True,False,False,False,False
5.0,1.0,5.0,222.0,246.0,278.0,325.0,False,True,True,False,False,False,False,False,False
16.0,3.0,32.0,279.0,296.0,254.0,291.0,True,False,False,False,False,True,False,False,False
16.0,2.0,17.0,274.0,301.0,254.0,298.0,False,False,False,False,False,True,False,False,False
18.0,1.0,18.0,272.0,265.0,256.0,309.0,True,False,False,True,False,False,False,False,False
21.0,1.0,21.0,284.0,301.0,293.0,303.0,True,False,False,False,False,False,False,False,True
3.0,1.0,3.0,274.0,267.0,253.0,309.0,True,False,False,True,False,False,False,False,False
16.0,2.0,17.0,172.0,182.0,255.0,261.0,True,False,False,False,False,False,False,True,False
14.0,2.0,39.0,218.0,255.0,281.0,287.0,False,False,False,False,True,False,False,False,False
3.0,1.0,3.0,213.0,252.0,278.0,284.0,True,False,False,False,True,False,False,False,False
2.0,3.0,18.0,273.0,297.0,255.0,295.0,True,False,False,False,False,True,False,False,False
4.0,2.0,11.0,283.0,319.0,308.0,327.0,False,False,False,False,False,False,False,False,True
13.0,2.0,19.0,213.0,254.0,276.0,285.0,False,False,False,False,True,False,False,False,False
9.0,1.0,9.0,269.0,259.0,257.0,323.0,True,False,False,True,False,False,False,False,False
9.0,1.0,9.0,211.0,248.0,276.0,287.0,True,False,False,False,True,False,False,False,False
18.0,1.0,18.0,208.0,252.0,277.0,284.0,True,False,False,False,True,False,False,False,False
41.0,2.0,48.0,290.0,309.0,295.0,309.0,False,False,False,False,False,False,False,False,True
35.0,1.0,35.0,212.0,254.0,280.0,284.0,True,False,False,False,True,False,False,False,False
3.0,1.0,3.0,214.0,253.0,279.0,285.0,True,False,False,False,True,False,False,False,False
60.0,2.0,60.0,204.0,184.0,265.0,279.0,False,False,False,False,False,False,False,True,False
13.0,1.0,13.0,206.0,182.0,274.0,311.0,True,False,False,False,False,False,True,False,False
11.0,3.0,17.0,270.0,297.0,260.0,299.0,False,False,False,False,False,True,False,False,False
18.0,3.0,31.0,280.0,296.0,255.0,295.0,True,False,False,False,False,True,False,False,False
14.0,3.0,38.0,273.0,266.0,257.0,306.0,False,False,False,True,False,False,False,False,False
20.0,2.0,45.0,210.0,257.0,282.0,298.0,False,False,False,False,True,False,False,False,False
26.0,2.0,49.0,207.0,186.0,283.0,321.0,True,False,False,False,False,False,True,False,False
3.0,3.0,44.0,281.0,298.0,290.0,293.0,False,False,False,False,False,False,False,False,False
41.0,2.0,42.0,200.0,184.0,254.0,278.0,False,False,False,False,False,False,False,True,False
11.0,2.0,12.0,175.0,182.0,264.0,279.0,True,False,False,False,False,False,False,True,False
10.0,2.0,10.0,172.0,176.0,259.0,272.0,True,False,False,False,False,False,False,True,False
14.0,3.0,47.0,279.0,305.0,293.0,297.0,False,False,False,False,False,False,False,False,False
21.0,2.0,35.0,236.0,255.0,281.0,301.0,False,False,True,False,False,False,False,False,False
11.0,1.0,11.0,215.0,252.0,278.0,284.0,True,False,False,False,True,False,False,False,False
8.0,2.0,19.0,209.0,183.0,276.0,313.0,False,False,False,False,False,False,True,False,False
4.0,1.0,4.0,229.0,247.0,284.0,300.0,False,True,True,False,False,False,False,False,False
16.0,4.0,56.0,239.0,269.0,283.0,306.0,False,True,True,False,False,False,False,False,False
27.0,2.0,28.0,192.0,188.0,259.0,275.0,True,False,False,False,False,False,False,True,False
23.0,2.0,30.0,284.0,316.0,306.0,321.0,False,False,False,False,False,False,False,False,True
5.0,2.0,12.0,284.0,318.0,309.0,329.0,False,False,False,False,False,False,False,False,True
16.0,3.0,43.0,232.0,248.0,279.0,298.0,False,False,True,False,False,False,False,False,False
44.0,2.0,56.0,214.0,186.0,279.0,323.0,False,False,False,False,False,False,True,False,False
74.0,2.0,75.0,206.0,190.0,269.0,286.0,False,False,False,False,False,False,False,True,False
5.0,3.0,39.0,278.0,302.0,291.0,294.0,False,False,False,False,False,False,False,False,False
41.0,2.0,41.0,194.0,189.0,266.0,284.0,False,False,False,False,False,False,False,True,False
10.0,3.0,33.0,278.0,300.0,255.0,299.0,False,False,False,False,False,True,False,False,False
11.0,3.0,51.0,277.0,293.0,290.0,287.0,False,False,False,False,False,False,False,False,False
4.0,1.0,4.0,285.0,320.0,307.0,322.0,True,False,False,False,False,False,False,False,True
11.0,2.0,23.0,230.0,254.0,282.0,305.0,False,False,True,False,False,False,False,False,False
7.0,1.0,7.0,212.0,182.0,280.0,332.0,True,False,False,False,False,False,True,False,False
5.0,3.0,46.0,236.0,256.0,281.0,302.0,False,False,True,False,False,False,False,False,False
60.0,2.0,61.0,204.0,193.0,262.0,280.0,True,False,False,False,False,False,False,True,False
19.0,1.0,19.0,211.0,253.0,277.0,285.0,True,False,False,False,True,False,False,False,False
15.0,2.0,16.0,176.0,175.0,256.0,273.0,False,False,False,False,False,False,False,True,False
8.0,1.0,8.0,274.0,266.0,260.0,332.0,False,True,False,True,False,False,False,False,False
61.0,2.0,61.0,194.0,176.0,255.0,274.0,False,False,False,False,False,False,False,True,False
6.0,2.0,35.0,213.0,187.0,276.0,315.0,False,False,False,False,False,False,True,False,False
24.0,1.0,24.0,210.0,182.0,275.0,315.0,False,False,False,False,False,False,True,False,False
27.0,2.0,39.0,210.0,185.0,278.0,320.0,False,False,False,False,False,False,True,False,False
10.0,3.0,33.0,275.0,260.0,260.0,337.0,False,False,False,True,False,False,False,False,False
30.0,3.0,53.0,276.0,271.0,261.0,311.0,False,False,False,True,False,False,False,False,False
12.0,3.0,35.0,276.0,271.0,264.0,333.0,False,True,False,True,False,False,False,False,False
3.0,3.0,43.0,183.0,183.0,260.0,280.0,False,False,False,False,False,False,False,True,False
13.0,3.0,47.0,233.0,264.0,283.0,301.0,False,False,True,False,False,False,False,False,False
26.0,3.0,50.0,275.0,268.0,259.0,307.0,False,False,False,True,False,False,False,False,False
27.0,3.0,54.0,279.0,302.0,304.0,305.0,False,False,False,False,False,False,False,False,False
16.0,1.0,16.0,213.0,254.0,281.0,284.0,True,False,False,False,True,False,False,False,False
8.0,3.0,21.0,280.0,301.0,262.0,303.0,True,False,False,False,False,True,False,False,False
7.0,2.0,8.0,189.0,180.0,255.0,272.0,True,False,False,False,False,False,False,True,False
43.0,2.0,49.0,290.0,307.0,295.0,307.0,False,False,False,False,False,False,False,False,True
14.0,3.0,37.0,275.0,267.0,258.0,309.0,False,False,False,True,False,False,False,False,False
6.0,3.0,11.0,277.0,301.0,255.0,303.0,False,False,False,False,False,True,False,False,False
16.0,1.0,16.0,276.0,325.0,288.0,306.0,True,False,False,False,False,False,False,False,False
40.0,2.0,46.0,289.0,303.0,294.0,308.0,False,False,False,False,False,False,False,False,True
28.0,2.0,35.0,290.0,324.0,309.0,336.0,False,False,False,False,False,False,False,False,True
14.0,3.0,37.0,208.0,184.0,280.0,313.0,True,False,False,False,False,False,True,False,False
22.0,3.0,49.0,231.0,247.0,280.0,301.0,False,False,True,False,False,False,False,False,False
17.0,2.0,50.0,291.0,314.0,281.0,320.0,False,True,False,False,False,False,False,False,True
11.0,3.0,38.0,231.0,249.0,278.0,298.0,False,False,True,False,False,False,False,False,False
13.0,2.0,14.0,184.0,181.0,258.0,273.0,True,False,False,False,False,False,False,True,False
7.0,3.0,48.0,278.0,297.0,291.0,292.0,False,False,False,False,False,False,False,False,False
13.0,1.0,13.0,285.0,305.0,294.0,307.0,True,False,False,False,False,False,False,False,True
34.0,1.0,33.0,212.0,255.0,277.0,285.0,True,False,False,False,True,False,False,False,False
8.0,3.0,32.0,271.0,271.0,259.0,316.0,False,False,False,True,False,False,False,False,False
8.0,3.0,24.0,276.0,301.0,289.0,293.0,False,False,False,False,False,False,False,False,False
19.0,1.0,19.0,214.0,251.0,278.0,285.0,False,False,False,False,True,False,False,False,False
14.0,2.0,15.0,279.0,301.0,254.0,301.0,True,False,False,False,False,True,False,False,False
53.0,2.0,61.0,208.0,253.0,265.0,286.0,False,False,False,False,True,False,False,False,False
32.0,2.0,39.0,288.0,304.0,293.0,309.0,False,False,False,False,False,False,False,False,True
8.0,2.0,15.0,287.0,317.0,308.0,330.0,False,False,False,False,False,False,False,False,True
8.0,2.0,8.0,278.0,293.0,253.0,287.0,True,False,False,False,False,True,False,False,False
12.0,4.0,48.0,282.0,305.0,264.0,306.0,True,False,False,False,False,True,False,False,False
29.0,2.0,50.0,218.0,256.0,281.0,284.0,False,False,False,False,True,False,False,False,False
38.0,2.0,39.0,202.0,183.0,259.0,280.0,False,False,False,False,False,False,False,True,False
30.0,2.0,37.0,287.0,296.0,291.0,305.0,False,False,False,False,False,False,False,False,True
12.0,1.0,12.0,212.0,254.0,277.0,287.0,True,False,False,False,True,False,False,False,False
8.0,1.0,8.0,213.0,252.0,282.0,288.0,True,False,False,False,True,False,False,False,False
34.0,2.0,41.0,287.0,299.0,293.0,305.0,False,False,False,False,False,False,False,False,True
13.0,4.0,35.0,276.0,298.0,261.0,298.0,False,False,False,False,False,True,False,False,False
10.0,2.0,11.0,271.0,294.0,252.0,294.0,False,False,False,False,False,True,False,False,False
6.0,2.0,14.0,280.0,321.0,303.0,299.0,False,False,False,False,False,False,False,False,False
3.0,3.0,33.0,236.0,254.0,281.0,298.0,False,False,True,False,False,False,False,False,False
27.0,1.0,27.0,208.0,184.0,275.0,319.0,True,False,False,False,False,False,True,False,False
32.0,3.0,55.0,216.0,186.0,280.0,317.0,True,False,False,False,False,False,True,False,False
12.0,1.0,12.0,232.0,246.0,279.0,297.0,False,True,True,False,False,False,False,False,False
64.0,2.0,65.0,196.0,180.0,257.0,277.0,False,False,False,False,False,False,False,True,False
41.0,2.0,47.0,291.0,305.0,293.0,307.0,False,False,False,False,False,False,False,False,True
14.0,2.0,15.0,189.0,162.0,256.0,279.0,False,False,False,False,False,False,False,True,False
6.0,4.0,28.0,271.0,298.0,257.0,301.0,False,False,False,False,False,True,False,False,False
52.0,2.0,52.0,194.0,190.0,266.0,279.0,False,False,False,False,False,False,False,True,False
12.0,3.0,34.0,277.0,300.0,257.0,298.0,False,False,False,False,False,True,False,False,False
20.0,1.0,20.0,216.0,255.0,283.0,291.0,True,False,False,False,True,False,False,False,False
34.0,2.0,58.0,217.0,252.0,281.0,296.0,False,False,False,False,True,False,False,False,False
12.0,3.0,48.0,277.0,308.0,291.0,296.0,False,False,False,False,False,False,False,False,False
35.0,2.0,42.0,290.0,306.0,298.0,308.0,False,False,False,False,False,False,False,False,True
9.0,3.0,45.0,274.0,301.0,290.0,296.0,False,False,False,False,False,False,False,False,False
6.0,2.0,13.0,284.0,316.0,308.0,330.0,False,False,False,False,False,False,False,False,True
16.0,5.0,50.0,279.0,297.0,257.0,296.0,False,True,False,False,False,True,False,False,False
17.0,1.0,17.0,273.0,265.0,255.0,309.0,True,False,False,True,False,False,False,False,False
7.0,1.0,6.0,208.0,250.0,276.0,284.0,True,False,False,False,True,False,False,False,False
4.0,4.0,37.0,280.0,299.0,258.0,298.0,False,False,False,False,False,True,False,False,False
10.0,2.0,21.0,206.0,182.0,278.0,323.0,False,False,False,False,False,False,True,False,False
5.0,3.0,10.0,276.0,303.0,257.0,301.0,False,False,False,False,False,True,False,False,False
18.0,1.0,15.0,207.0,182.0,275.0,320.0,True,False,False,False,False,False,True,False,False
11.0,3.0,46.0,237.0,256.0,282.0,300.0,False,False,True,False,False,False,False,False,False
4.0,2.0,5.0,167.0,178.0,268.0,277.0,False,False,False,False,False,False,False,True,False
26.0,3.0,49.0,277.0,269.0,259.0,309.0,False,False,False,True,False,False,False,False,False
10.0,2.0,37.0,210.0,186.0,283.0,329.0,False,False,False,False,False,False,True,False,False
5.0,3.0,19.0,274.0,297.0,254.0,292.0,True,False,False,False,False,True,False,False,False
17.0,3.0,51.0,236.0,263.0,288.0,323.0,False,False,True,False,False,False,False,False,False
7.0,1.0,7.0,273.0,321.0,302.0,310.0,True,False,False,False,False,False,False,False,False
13.0,2.0,29.0,278.0,299.0,289.0,292.0,False,False,False,False,False,False,False,False,False
17.0,2.0,38.0,213.0,184.0,281.0,333.0,True,False,False,False,False,False,True,False,False
9.0,3.0,33.0,272.0,270.0,256.0,312.0,False,False,False,True,False,False,False,False,False
27.0,2.0,28.0,197.0,180.0,257.0,261.0,True,False,False,False,False,False,False,True,False
4.0,3.0,38.0,237.0,269.0,289.0,307.0,False,False,True,False,False,False,False,False,False
19.0,2.0,32.0,208.0,252.0,281.0,286.0,False,False,False,False,True,False,False,False,False
45.0,2.0,46.0,196.0,185.0,256.0,276.0,False,False,False,False,False,False,False,True,False
18.0,3.0,32.0,183.0,181.0,267.0,278.0,False,False,False,False,False,False,False,True,False
13.0,2.0,24.0,206.0,181.0,280.0,325.0,False,False,False,False,False,False,True,False,False
26.0,2.0,33.0,289.0,318.0,312.0,327.0,False,False,False,False,False,False,False,False,True
46.0,2.0,47.0,189.0,191.0,259.0,276.0,True,False,False,False,False,False,False,True,False
3.0,1.0,3.0,210.0,247.0,274.0,278.0,False,True,False,False,True,False,False,False,False
19.0,2.0,30.0,236.0,264.0,281.0,305.0,False,False,True,False,False,False,False,False,False
28.0,2.0,34.0,213.0,253.0,275.0,281.0,False,False,False,False,True,False,False,False,False
11.0,3.0,34.0,269.0,263.0,256.0,306.0,False,False,False,True,False,False,False,False,False
22.0,2.0,49.0,216.0,255.0,281.0,290.0,False,False,False,False,True,False,False,False,False
16.0,2.0,41.0,214.0,253.0,276.0,282.0,False,False,False,False,True,False,False,False,False
6.0,1.0,3.0,211.0,184.0,281.0,321.0,True,False,False,False,False,False,True,False,False
10.0,2.0,10.0,275.0,295.0,253.0,295.0,False,True,False,False,False,True,False,False,False
35.0,2.0,35.0,196.0,170.0,267.0,282.0,False,False,False,False,False,False,False,True,False
6.0,2.0,11.0,272.0,301.0,289.0,290.0,False,False,False,False,False,False,False,False,False
2.0,1.0,2.0,214.0,248.0,279.0,284.0,True,False,False,False,True,False,False,False,False
13.0,3.0,40.0,277.0,270.0,262.0,315.0,True,False,False,True,False,False,False,False,False
3.0,4.0,37.0,281.0,301.0,257.0,299.0,True,False,False,False,False,True,False,False,False
11.0,2.0,19.0,267.0,259.0,254.0,308.0,False,False,False,True,False,False,False,False,False
28.0,3.0,51.0,274.0,270.0,262.0,309.0,False,False,False,True,False,False,False,False,False
16.0,2.0,16.0,175.0,176.0,253.0,274.0,False,False,False,False,False,False,False,True,False
24.0,2.0,33.0,275.0,306.0,288.0,297.0,False,False,False,False,False,False,False,False,False
58.0,2.0,58.0,193.0,178.0,256.0,276.0,False,False,False,False,False,False,False,True,False
15.0,1.0,15.0,210.0,184.0,274.0,317.0,True,False,False,False,False,False,True,False,False
20.0,2.0,27.0,287.0,299.0,291.0,307.0,False,False,False,False,False,False,False,False,True
22.0,2.0,39.0,275.0,268.0,257.0,310.0,False,False,False,True,False,False,False,False,False
7.0,2.0,13.0,285.0,304.0,294.0,309.0,False,False,False,False,False,False,False,False,True
9.0,3.0,23.0,274.0,296.0,255.0,296.0,True,False,False,False,False,True,False,False,False
61.0,2.0,62.0,199.0,184.0,258.0,277.0,False,False,False,False,False,False,False,True,False
16.0,2.0,17.0,277.0,297.0,255.0,297.0,False,False,False,False,False,True,False,False,False
15.0,2.0,31.0,276.0,300.0,289.0,291.0,False,False,False,False,False,False,False,False,False
20.0,2.0,53.0,216.0,256.0,283.0,286.0,True,False,False,False,True,False,False,False,False
3.0,1.0,3.0,269.0,263.0,254.0,307.0,True,False,False,True,False,False,False,False,False
5.0,1.0,5.0,226.0,241.0,284.0,309.0,False,True,True,False,False,False,False,False,False
11.0,4.0,47.0,277.0,298.0,257.0,295.0,False,False,False,False,False,True,False,False,False
4.0,4.0,37.0,274.0,279.0,262.0,283.0,True,False,False,False,False,True,False,False,False
7.0,1.0,7.0,228.0,243.0,278.0,302.0,False,True,True,False,False,False,False,False,False
21.0,3.0,55.0,236.0,271.0,280.0,300.0,False,False,True,False,False,False,False,False,False
11.0,3.0,16.0,274.0,303.0,258.0,304.0,False,False,False,False,False,True,False,False,False
8.0,2.0,15.0,286.0,324.0,309.0,328.0,False,False,False,False,False,False,False,False,True
33.0,2.0,46.0,209.0,255.0,283.0,287.0,False,False,False,False,True,False,False,False,False
3.0,1.0,3.0,229.0,246.0,284.0,295.0,False,True,True,False,False,False,False,False,False
27.0,3.0,49.0,278.0,304.0,259.0,303.0,False,False,False,False,False,True,False,False,False
2.0,1.0,2.0,274.0,269.0,261.0,322.0,True,False,False,True,False,False,False,False,False
20.0,3.0,52.0,234.0,265.0,285.0,305.0,False,False,True,False,False,False,False,False,False
2.0,2.0,16.0,236.0,247.0,289.0,325.0,False,False,True,False,False,False,False,False,False
7.0,1.0,4.0,230.0,242.0,277.0,323.0,False,True,True,False,False,False,False,False,False
7.0,3.0,30.0,277.0,300.0,255.0,299.0,False,False,False,False,False,True,False,False,False
36.0,1.0,36.0,288.0,301.0,293.0,302.0,True,False,False,False,False,False,False,False,True
44.0,2.0,45.0,196.0,186.0,260.0,275.0,True,False,False,False,False,False,False,True,False
17.0,3.0,74.0,204.0,181.0,268.0,285.0,True,False,False,False,False,False,False,True,False
24.0,3.0,48.0,273.0,268.0,258.0,304.0,False,False,False,True,False,False,False,False,False
15.0,4.0,41.0,281.0,300.0,256.0,300.0,False,False,False,False,False,True,False,False,False
71.0,2.0,72.0,202.0,183.0,258.0,280.0,False,False,False,False,False,False,False,True,False
15.0,2.0,22.0,278.0,305.0,290.0,299.0,False,False,False,False,False,False,False,False,False
20.0,2.0,35.0,233.0,252.0,279.0,298.0,False,False,True,False,False,False,False,False,False
15.0,2.0,23.0,276.0,307.0,289.0,296.0,False,False,False,False,False,False,False,False,False
29.0,3.0,52.0,270.0,261.0,256.0,301.0,False,False,False,True,False,False,False,False,False
13.0,2.0,14.0,272.0,297.0,253.0,299.0,False,False,False,False,False,True,False,False,False
14.0,2.0,27.0,209.0,252.0,280.0,285.0,False,False,False,False,True,False,False,False,False
3.0,2.0,14.0,268.0,269.0,254.0,314.0,True,False,False,True,False,False,False,False,False
20.0,2.0,33.0,276.0,302.0,292.0,291.0,False,False,False,False,False,False,False,False,False
2.0,1.0,2.0,209.0,182.0,272.0,311.0,True,False,False,False,False,False,True,False,False
39.0,2.0,46.0,292.0,307.0,299.0,311.0,False,False,False,False,False,False,False,False,True
32.0,3.0,55.0,279.0,272.0,258.0,314.0,False,False,False,True,False,False,False,False,False
2.0,1.0,2.0,216.0,254.0,282.0,284.0,True,False,False,False,True,False,False,False,False
13.0,1.0,13.0,213.0,254.0,277.0,289.0,False,False,False,False,True,False,False,False,False
17.0,2.0,44.0,216.0,254.0,281.0,288.0,False,False,False,False,True,False,False,False,False
20.0,2.0,33.0,209.0,253.0,282.0,289.0,False,False,False,False,True,False,False,False,False
26.0,3.0,49.0,275.0,269.0,259.0,307.0,False,False,False,True,False,False,False,False,False
6.0,3.0,21.0,279.0,299.0,256.0,298.0,True,False,False,False,False,True,False,False,False
20.0,3.0,49.0,213.0,187.0,280.0,319.0,True,False,False,False,False,False,True,False,False
18.0,2.0,40.0,271.0,269.0,258.0,307.0,False,False,False,True,False,False,False,False,False
17.0,2.0,24.0,287.0,298.0,290.0,306.0,False,False,False,False,False,False,False,False,True
13.0,1.0,13.0,270.0,296.0,288.0,288.0,True,False,False,False,False,False,False,False,False
6.0,1.0,6.0,270.0,263.0,253.0,313.0,False,False,False,True,False,False,False,False,False
18.0,2.0,19.0,185.0,174.0,257.0,275.0,False,False,False,False,False,False,False,True,False
6.0,2.0,13.0,290.0,323.0,310.0,323.0,False,False,False,False,False,False,False,False,True
2.0,3.0,32.0,234.0,251.0,277.0,292.0,False,False,True,False,False,False,False,False,False
4.0,1.0,4.0,271.0,266.0,260.0,331.0,True,False,False,True,False,False,False,False,False
28.0,2.0,29.0,200.0,176.0,255.0,275.0,False,False,False,False,False,False,False,True,False
12.0,2.0,24.0,232.0,253.0,281.0,303.0,False,False,True,False,False,False,False,False,False
4.0,1.0,4.0,207.0,180.0,282.0,340.0,True,False,False,False,False,False,True,False,False
56.0,2.0,56.0,203.0,192.0,259.0,278.0,False,False,False,False,False,False,False,True,False
50.0,2.0,61.0,216.0,258.0,281.0,294.0,False,False,False,False,True,False,False,False,False
17.0,2.0,29.0,233.0,259.0,281.0,298.0,False,False,True,False,False,False,False,False,False
4.0,3.0,30.0,275.0,297.0,254.0,296.0,False,False,False,False,False,True,False,False,False
13.0,4.0,51.0,282.0,303.0,258.0,302.0,True,False,False,False,False,True,False,False,False
17.0,2.0,27.0,210.0,181.0,283.0,326.0,False,False,False,False,False,False,True,False,False
9.0,2.0,16.0,288.0,315.0,308.0,331.0,False,False,False,False,False,False,False,False,True
5.0,4.0,45.0,235.0,261.0,281.0,292.0,False,True,True,False,False,False,False,False,False
4.0,2.0,5.0,271.0,297.0,251.0,295.0,True,False,False,False,False,True,False,False,False
13.0,2.0,44.0,292.0,299.0,293.0,300.0,False,True,False,False,False,False,False,False,True
13.0,1.0,13.0,273.0,297.0,288.0,291.0,True,False,False,False,False,False,False,False,False
21.0,3.0,45.0,272.0,267.0,259.0,311.0,False,False,False,True,False,False,False,False,False
9.0,3.0,31.0,273.0,302.0,258.0,302.0,False,False,False,False,False,True,False,False,False
12.0,2.0,13.0,174.0,174.0,256.0,278.0,False,False,False,False,False,False,False,True,False
49.0,2.0,60.0,216.0,208.0,282.0,290.0,False,False,False,False,True,False,False,False,False
34.0,2.0,35.0,173.0,184.0,257.0,266.0,True,False,False,False,False,False,False,True,False
3.0,1.0,3.0,209.0,249.0,276.0,279.0,True,False,False,False,True,False,False,False,False
2.0,2.0,9.0,271.0,300.0,292.0,292.0,False,False,False,False,False,False,False,False,False
7.0,3.0,35.0,212.0,187.0,286.0,355.0,True,False,False,False,False,False,True,False,False
33.0,2.0,33.0,179.0,178.0,258.0,276.0,True,False,False,False,False,False,False,True,False
3.0,1.0,3.0,213.0,251.0,276.0,282.0,True,False,False,False,True,False,False,False,False
17.0,2.0,48.0,291.0,302.0,293.0,300.0,False,True,False,False,False,False,False,False,True
13.0,1.0,13.0,208.0,182.0,274.0,311.0,True,False,False,False,False,False,True,False,False
67.0,2.0,68.0,207.0,194.0,261.0,282.0,False,False,False,False,False,False,False,True,False
3.0,1.0,3.0,266.0,288.0,287.0,285.0,True,False,False,False,False,False,False,False,False
58.0,2.0,59.0,204.0,193.0,261.0,281.0,True,False,False,False,False,False,False,True,False
20.0,3.0,55.0,278.0,300.0,290.0,291.0,False,False,False,False,False,False,False,False,False
8.0,2.0,9.0,275.0,298.0,254.0,298.0,False,False,False,False,False,True,False,False,False
18.0,2.0,40.0,220.0,259.0,282.0,291.0,False,False,False,False,True,False,False,False,False
11.0,2.0,11.0,200.0,164.0,258.0,275.0,True,False,False,False,False,False,False,True,False
17.0,2.0,18.0,276.0,298.0,254.0,298.0,False,False,False,False,False,True,False,False,False
21.0,3.0,50.0,214.0,187.0,282.0,318.0,True,False,False,False,False,False,True,False,False
41.0,2.0,52.0,214.0,254.0,281.0,167.0,False,False,False,False,True,False,False,False,False
22.0,2.0,31.0,276.0,307.0,289.0,297.0,False,False,False,False,False,False,False,False,False
21.0,3.0,55.0,213.0,185.0,285.0,315.0,True,False,False,False,False,False,True,False,False
12.0,4.0,34.0,279.0,297.0,255.0,296.0,False,False,False,False,False,True,False,False,False
4.0,2.0,25.0,216.0,255.0,281.0,288.0,False,False,False,False,True,False,False,False,False
75.0,2.0,76.0,205.0,187.0,259.0,278.0,True,False,False,False,False,False,False,True,False
23.0,3.0,44.0,270.0,270.0,258.0,310.0,False,False,False,True,False,False,False,False,False
13.0,4.0,46.0,277.0,301.0,257.0,300.0,True,False,False,False,False,True,False,False,False
12.0,3.0,27.0,280.0,296.0,255.0,295.0,True,False,False,False,False,True,False,False,False
9.0,3.0,43.0,216.0,188.0,277.0,316.0,True,False,False,False,False,False,True,False,False
3.0,1.0,3.0,270.0,262.0,258.0,329.0,True,False,False,True,False,False,False,False,False
16.0,2.0,49.0,293.0,315.0,300.0,323.0,False,True,False,False,False,False,False,False,True
11.0,1.0,11.0,209.0,182.0,280.0,316.0,True,False,False,False,False,False,True,False,False
12.0,3.0,17.0,277.0,304.0,262.0,306.0,False,False,False,False,False,True,False,False,False
15.0,2.0,32.0,278.0,304.0,291.0,298.0,True,False,False,False,False,False,False,False,False
4.0,2.0,15.0,232.0,257.0,289.0,319.0,False,False,True,False,False,False,False,False,False
4.0,2.0,11.0,286.0,321.0,307.0,330.0,False,False,False,False,False,False,False,False,True
13.0,2.0,35.0,213.0,184.0,281.0,329.0,False,False,False,False,False,False,True,False,False
16.0,1.0,16.0,273.0,264.0,255.0,310.0,True,False,False,True,False,False,False,False,False
3.0,2.0,25.0,222.0,257.0,281.0,287.0,False,False,False,False,True,False,False,False,False
12.0,3.0,31.0,273.0,299.0,255.0,299.0,False,False,False,False,False,True,False,False,False
12.0,2.0,36.0,209.0,185.0,283.0,332.0,False,False,False,False,False,False,True,False,False
23.0,2.0,51.0,214.0,186.0,277.0,312.0,False,False,False,False,False,False,True,False,False
4.0,2.0,13.0,271.0,267.0,255.0,312.0,True,False,False,True,False,False,False,False,False
18.0,3.0,46.0,234.0,256.0,281.0,298.0,False,False,True,False,False,False,False,False,False
12.0,1.0,12.0,216.0,252.0,277.0,286.0,True,False,False,False,True,False,False,False,False
31.0,2.0,52.0,220.0,259.0,284.0,301.0,False,False,False,False,True,False,False,False,False
14.0,3.0,40.0,275.0,298.0,256.0,297.0,False,False,False,False,False,True,False,False,False
24.0,3.0,51.0,232.0,247.0,279.0,299.0,False,False,True,False,False,False,False,False,False
2.0,1.0,2.0,204.0,181.0,281.0,280.0,False,False,False,False,False,False,True,False,False
9.0,2.0,16.0,286.0,302.0,307.0,314.0,False,False,False,False,False,False,False,False,True
32.0,1.0,32.0,291.0,311.0,298.0,318.0,True,False,False,False,False,False,False,False,True
2.0,4.0,42.0,236.0,260.0,282.0,295.0,False,True,True,False,False,False,False,False,False
6.0,2.0,22.0,272.0,298.0,287.0,285.0,True,False,False,False,False,False,False,False,False
35.0,2.0,41.0,289.0,300.0,292.0,304.0,False,False,False,False,False,False,False,False,True
3.0,3.0,29.0,275.0,296.0,253.0,295.0,False,False,False,False,False,True,False,False,False
12.0,1.0,12.0,211.0,247.0,275.0,282.0,False,False,False,False,True,False,False,False,False
4.0,2.0,18.0,233.0,249.0,279.0,322.0,False,False,True,False,False,False,False,False,False
7.0,2.0,22.0,232.0,253.0,280.0,300.0,False,False,True,False,False,False,False,False,False
56.0,2.0,56.0,154.0,173.0,226.0,271.0,False,False,False,False,False,False,False,True,False
16.0,1.0,16.0,210.0,254.0,280.0,287.0,False,False,False,False,True,False,False,False,False
12.0,1.0,12.0,216.0,254.0,278.0,287.0,True,False,False,False,True,False,False,False,False
7.0,2.0,16.0,273.0,267.0,254.0,309.0,True,False,False,True,False,False,False,False,False
5.0,2.0,30.0,212.0,251.0,275.0,282.0,False,False,False,False,True,False,False,False,False
8.0,1.0,8.0,230.0,246.0,284.0,313.0,False,True,True,False,False,False,False,False,False
7.0,2.0,21.0,235.0,252.0,279.0,298.0,False,False,True,False,False,False,False,False,False
11.0,2.0,34.0,211.0,184.0,280.0,336.0,True,False,False,False,False,False,True,False,False
10.0,2.0,10.0,182.0,163.0,262.0,271.0,False,False,False,False,False,False,False,True,False
25.0,2.0,25.0,192.0,165.0,256.0,278.0,True,False,False,False,False,False,False,True,False
5.0,3.0,62.0,212.0,191.0,259.0,278.0,True,False,False,False,False,False,False,True,False
6.0,2.0,19.0,234.0,252.0,279.0,303.0,False,False,True,False,False,False,False,False,False
21.0,3.0,49.0,214.0,187.0,279.0,318.0,True,False,False,False,False,False,True,False,False
21.0,2.0,42.0,210.0,184.0,283.0,319.0,True,False,False,False,False,False,True,False,False
24.0,2.0,24.0,187.0,175.0,252.0,271.0,False,False,False,False,False,False,False,True,False
7.0,1.0,7.0,273.0,264.0,252.0,335.0,True,False,False,True,False,False,False,False,False
9.0,2.0,19.0,232.0,259.0,279.0,295.0,False,False,True,False,False,False,False,False,False
2.0,1.0,2.0,229.0,245.0,284.0,266.0,False,True,True,False,False,False,False,False,False
26.0,2.0,55.0,214.0,187.0,280.0,317.0,False,False,False,False,False,False,True,False,False
10.0,2.0,32.0,215.0,258.0,281.0,290.0,False,False,False,False,True,False,False,False,False
38.0,2.0,59.0,213.0,259.0,282.0,300.0,False,False,False,False,True,False,False,False,False
9.0,1.0,6.0,231.0,247.0,276.0,296.0,False,True,True,False,False,False,False,False,False
9.0,2.0,10.0,272.0,298.0,253.0,297.0,False,False,False,False,False,True,False,False,False
39.0,2.0,51.0,216.0,252.0,279.0,289.0,False,False,False,False,True,False,False,False,False
18.0,4.0,40.0,281.0,297.0,256.0,296.0,False,False,False,False,False,True,False,False,False
62.0,2.0,62.0,201.0,192.0,260.0,280.0,False,False,False,False,False,False,False,True,False
30.0,2.0,38.0,278.0,305.0,287.0,296.0,False,False,False,False,False,False,False,False,False
15.0,1.0,15.0,273.0,302.0,286.0,289.0,True,False,False,False,False,False,False,False,False
8.0,1.0,8.0,214.0,251.0,279.0,283.0,True,False,False,False,True,False,False,False,False
11.0,3.0,34.0,269.0,263.0,263.0,328.0,False,False,False,True,False,False,False,False,False
16.0,1.0,16.0,209.0,183.0,276.0,314.0,True,False,False,False,False,False,True,False,False
5.0,1.0,5.0,209.0,179.0,282.0,334.0,True,False,False,False,False,False,True,False,False
34.0,2.0,41.0,293.0,313.0,300.0,320.0,False,False,False,False,False,False,False,False,True
28.0,2.0,29.0,198.0,189.0,256.0,276.0,False,False,False,False,False,False,False,True,False
9.0,2.0,10.0,189.0,178.0,258.0,272.0,True,False,False,False,False,False,False,True,False
37.0,2.0,38.0,194.0,187.0,259.0,281.0,False,False,False,False,False,False,False,True,False
18.0,2.0,19.0,202.0,179.0,253.0,273.0,False,False,False,False,False,False,False,True,False
33.0,2.0,39.0,289.0,303.0,292.0,305.0,False,False,False,False,False,False,False,False,True
21.0,3.0,43.0,277.0,303.0,258.0,300.0,False,False,False,False,False,True,False,False,False
6.0,1.0,6.0,234.0,244.0,288.0,323.0,False,True,True,False,False,False,False,False,False
16.0,3.0,43.0,281.0,267.0,257.0,307.0,True,False,False,True,False,False,False,False,False
27.0,3.0,51.0,275.0,268.0,257.0,308.0,False,False,False,True,False,False,False,False,False
4.0,2.0,13.0,266.0,262.0,253.0,306.0,False,False,False,True,False,False,False,False,False
4.0,3.0,34.0,233.0,255.0,277.0,290.0,False,False,True,False,False,False,False,False,False
14.0,2.0,23.0,275.0,300.0,289.0,292.0,False,False,False,False,False,False,False,False,False
8.0,2.0,9.0,274.0,297.0,253.0,299.0,True,False,False,False,False,True,False,False,False
18.0,2.0,43.0,214.0,251.0,278.0,281.0,False,False,False,False,True,False,False,False,False
12.0,1.0,12.0,208.0,182.0,279.0,330.0,True,False,False,False,False,False,True,False,False
27.0,2.0,48.0,215.0,256.0,282.0,298.0,False,False,False,False,True,False,False,False,False
5.0,2.0,12.0,285.0,318.0,304.0,328.0,False,False,False,False,False,False,False,False,True
55.0,2.0,56.0,207.0,193.0,260.0,276.0,True,False,False,False,False,False,False,True,False
6.0,1.0,6.0,207.0,246.0,276.0,281.0,False,True,False,False,True,False,False,False,False
21.0,3.0,51.0,236.0,257.0,280.0,297.0,False,False,True,False,False,False,False,False,False
14.0,3.0,30.0,280.0,296.0,255.0,288.0,True,False,False,False,False,True,False,False,False
16.0,2.0,27.0,206.0,182.0,280.0,329.0,False,False,False,False,False,False,True,False,False
24.0,2.0,25.0,177.0,184.0,255.0,263.0,True,False,False,False,False,False,False,True,False
7.0,2.0,15.0,273.0,266.0,253.0,313.0,False,False,False,True,False,False,False,False,False
2.0,1.0,2.0,267.0,323.0,303.0,278.0,True,False,False,False,False,False,False,False,False
11.0,3.0,34.0,273.0,269.0,259.0,312.0,False,False,False,True,False,False,False,False,False
8.0,1.0,8.0,209.0,180.0,281.0,337.0,True,False,False,False,False,False,True,False,False
27.0,3.0,50.0,274.0,270.0,261.0,310.0,False,False,False,True,False,False,False,False,False
17.0,4.0,50.0,282.0,301.0,257.0,299.0,False,False,False,False,False,True,False,False,False
9.0,2.0,45.0,210.0,254.0,284.0,285.0,False,False,False,False,True,False,False,False,False
7.0,1.0,7.0,233.0,252.0,286.0,314.0,False,True,True,False,False,False,False,False,False
7.0,3.0,46.0,283.0,303.0,293.0,321.0,False,False,False,False,False,False,False,False,False
4.0,1.0,4.0,208.0,184.0,280.0,331.0,False,True,False,False,False,False,True,False,False
14.0,2.0,31.0,278.0,314.0,301.0,304.0,False,False,False,False,False,False,False,False,False
18.0,2.0,51.0,209.0,253.0,283.0,288.0,True,False,False,False,True,False,False,False,False
13.0,2.0,22.0,232.0,244.0,279.0,300.0,False,False,True,False,False,False,False,False,False
9.0,4.0,45.0,282.0,302.0,264.0,302.0,False,False,False,False,False,True,False,False,False
6.0,2.0,43.0,211.0,254.0,285.0,288.0,False,False,False,False,True,False,False,False,False
15.0,1.0,14.0,207.0,248.0,277.0,279.0,True,False,False,False,True,False,False,False,False
12.0,1.0,11.0,210.0,182.0,276.0,318.0,False,False,False,False,False,False,True,False,False
14.0,4.0,47.0,278.0,307.0,266.0,308.0,False,False,False,False,False,True,False,False,False
14.0,2.0,15.0,233.0,251.0,279.0,304.0,False,False,True,False,False,False,False,False,False
3.0,1.0,3.0,270.0,262.0,260.0,327.0,True,False,False,True,False,False,False,False,False
34.0,1.0,34.0,283.0,300.0,292.0,302.0,True,False,False,False,False,False,False,False,True
4.0,2.0,12.0,269.0,300.0,291.0,301.0,False,False,False,False,False,False,False,False,False
22.0,3.0,57.0,239.0,269.0,282.0,305.0,False,False,True,False,False,False,False,False,False
4.0,3.0,16.0,279.0,297.0,253.0,295.0,False,False,False,False,False,True,False,False,False
5.0,2.0,12.0,290.0,329.0,310.0,336.0,False,False,False,False,False,False,False,False,True
21.0,4.0,47.0,282.0,299.0,256.0,300.0,False,False,False,False,False,True,False,False,False
16.0,3.0,73.0,209.0,186.0,271.0,286.0,True,False,False,False,False,False,False,True,False
22.0,3.0,50.0,216.0,186.0,282.0,319.0,True,False,False,False,False,False,True,False,False
5.0,4.0,45.0,271.0,266.0,258.0,305.0,False,True,False,True,False,False,False,False,False
14.0,2.0,14.0,277.0,292.0,252.0,292.0,True,False,False,False,False,True,False,False,False
3.0,3.0,38.0,274.0,298.0,292.0,295.0,False,False,False,False,False,False,False,False,False
13.0,2.0,40.0,214.0,252.0,279.0,281.0,False,False,False,False,True,False,False,False,False
28.0,3.0,56.0,237.0,258.0,283.0,302.0,False,False,True,False,False,False,False,False,False
5.0,2.0,6.0,189.0,171.0,255.0,276.0,True,False,False,False,False,False,False,True,False
26.0,2.0,37.0,214.0,255.0,278.0,290.0,False,False,False,False,True,False,False,False,False
4.0,1.0,4.0,272.0,320.0,304.0,305.0,True,False,False,False,False,False,False,False,False
3.0,1.0,3.0,271.0,325.0,303.0,316.0,True,False,False,False,False,False,False,False,False
15.0,2.0,29.0,236.0,254.0,280.0,301.0,False,False,True,False,False,False,False,False,False
5.0,4.0,37.0,250.0,302.0,256.0,300.0,False,False,False,False,False,True,False,False,False
13.0,2.0,14.0,273.0,298.0,254.0,300.0,False,False,False,False,False,True,False,False,False
46.0,2.0,47.0,194.0,176.0,264.0,281.0,False,False,False,False,False,False,False,True,False
19.0,2.0,50.0,212.0,256.0,282.0,291.0,True,False,False,False,True,False,False,False,False
5.0,3.0,27.0,281.0,300.0,259.0,299.0,False,False,False,False,False,True,False,False,False
6.0,1.0,6.0,227.0,251.0,282.0,308.0,False,True,True,False,False,False,False,False,False
5.0,3.0,40.0,277.0,310.0,311.0,301.0,False,False,False,False,False,False,False,False,False
7.0,3.0,41.0,236.0,264.0,284.0,299.0,False,False,True,False,False,False,False,False,False
24.0,2.0,30.0,288.0,307.0,293.0,306.0,False,False,False,False,False,False,False,False,True
10.0,2.0,37.0,213.0,185.0,279.0,315.0,False,False,False,False,False,False,True,False,False
18.0,2.0,32.0,231.0,257.0,278.0,299.0,False,False,True,False,False,False,False,False,False
11.0,2.0,11.0,184.0,164.0,262.0,274.0,False,False,False,False,False,False,False,True,False
10.0,3.0,42.0,235.0,260.0,284.0,300.0,False,False,True,False,False,False,False,False,False
35.0,2.0,47.0,213.0,186.0,280.0,320.0,False,False,False,False,False,False,True,False,False
15.0,3.0,48.0,236.0,262.0,280.0,303.0,False,False,True,False,False,False,False,False,False
9.0,2.0,10.0,168.0,179.0,255.0,263.0,True,False,False,False,False,False,False,True,False
14.0,2.0,15.0,276.0,300.0,254.0,299.0,False,False,False,False,False,True,False,False,False
76.0,2.0,76.0,202.0,182.0,265.0,281.0,False,False,False,False,False,False,False,True,False
33.0,2.0,40.0,291.0,304.0,295.0,308.0,False,False,False,False,False,False,False,False,True
52.0,3.0,66.0,192.0,182.0,269.0,281.0,False,False,False,False,False,False,False,True,False
17.0,4.0,65.0,196.0,187.0,270.0,282.0,False,True,False,False,False,False,False,True,False
34.0,2.0,42.0,278.0,305.0,290.0,293.0,False,False,False,False,False,False,False,False,False
60.0,2.0,61.0,197.0,185.0,255.0,276.0,False,False,False,False,False,False,False,True,False
42.0,2.0,49.0,293.0,303.0,296.0,309.0,False,False,False,False,False,False,False,False,True
12.0,3.0,53.0,278.0,305.0,291.0,292.0,False,False,False,False,False,False,False,False,False
18.0,3.0,45.0,280.0,306.0,293.0,321.0,False,False,False,False,False,False,False,False,False
34.0,2.0,41.0,289.0,325.0,306.0,324.0,False,False,False,False,False,False,False,False,True
5.0,2.0,22.0,234.0,254.0,279.0,294.0,False,False,True,False,False,False,False,False,False
14.0,4.0,36.0,280.0,295.0,256.0,297.0,False,False,False,False,False,True,False,False,False
49.0,2.0,50.0,185.0,182.0,244.0,282.0,False,False,False,False,False,False,False,True,False
9.0,1.0,9.0,210.0,184.0,280.0,315.0,True,False,False,False,False,False,True,False,False
13.0,2.0,36.0,212.0,183.0,283.0,320.0,True,False,False,False,False,False,True,False,False
8.0,4.0,48.0,238.0,255.0,284.0,306.0,False,True,True,False,False,False,False,False,False
5.0,3.0,28.0,277.0,299.0,254.0,299.0,False,False,False,False,False,True,False,False,False
25.0,4.0,73.0,199.0,189.0,262.0,281.0,False,True,False,False,False,False,False,True,False
19.0,1.0,18.0,209.0,253.0,277.0,283.0,True,False,False,False,True,False,False,False,False
9.0,3.0,39.0,235.0,253.0,282.0,302.0,False,False,True,False,False,False,False,False,False
7.0,2.0,8.0,191.0,172.0,266.0,276.0,False,False,False,False,False,False,False,True,False
25.0,1.0,25.0,210.0,184.0,276.0,315.0,False,False,False,False,False,False,True,False,False
12.0,2.0,23.0,229.0,256.0,280.0,290.0,False,False,True,False,False,False,False,False,False
51.0,2.0,59.0,205.0,255.0,280.0,286.0,False,False,False,False,True,False,False,False,False
11.0,4.0,44.0,275.0,304.0,261.0,302.0,True,False,False,False,False,True,False,False,False
17.0,1.0,17.0,212.0,250.0,274.0,279.0,True,False,False,False,True,False,False,False,False
9.0,1.0,9.0,273.0,295.0,288.0,290.0,True,False,False,False,False,False,False,False,False
21.0,3.0,49.0,237.0,257.0,281.0,299.0,False,False,True,False,False,False,False,False,False
10.0,3.0,32.0,279.0,301.0,255.0,302.0,False,False,False,False,False,True,False,False,False
27.0,2.0,27.0,194.0,187.0,257.0,277.0,False,False,False,False,False,False,False,True,False
4.0,2.0,10.0,215.0,251.0,276.0,282.0,False,False,False,False,True,False,False,False,False
12.0,2.0,19.0,291.0,319.0,300.0,324.0,False,False,False,False,False,False,False,False,True
49.0,2.0,50.0,197.0,177.0,266.0,278.0,False,False,False,False,False,False,False,True,False
18.0,2.0,25.0,289.0,299.0,293.0,305.0,False,False,False,False,False,False,False,False,True
4.0,5.0,45.0,280.0,299.0,257.0,298.0,False,True,False,False,False,True,False,False,False
26.0,1.0,26.0,212.0,183.0,274.0,314.0,True,False,False,False,False,False,True,False,False
4.0,3.0,34.0,236.0,258.0,281.0,299.0,False,False,True,False,False,False,False,False,False
45.0,2.0,46.0,185.0,182.0,263.0,275.0,False,False,False,False,False,False,False,True,False
3.0,3.0,18.0,279.0,307.0,253.0,293.0,True,False,False,False,False,True,False,False,False
24.0,4.0,72.0,197.0,189.0,262.0,280.0,False,True,False,False,False,False,False,True,False
9.0,1.0,9.0,206.0,180.0,278.0,319.0,False,False,False,False,False,False,True,False,False
4.0,2.0,5.0,178.0,176.0,267.0,283.0,True,False,False,False,False,False,False,True,False
9.0,2.0,16.0,282.0,319.0,297.0,327.0,False,False,False,False,False,False,False,False,True
6.0,2.0,31.0,216.0,250.0,277.0,283.0,False,False,False,False,True,False,False,False,False
28.0,2.0,49.0,218.0,256.0,281.0,289.0,False,False,False,False,True,False,False,False,False
58.0,2.0,58.0,198.0,182.0,257.0,279.0,True,False,False,False,False,False,False,True,False
19.0,2.0,26.0,285.0,323.0,311.0,338.0,False,False,False,False,False,False,False,False,True
15.0,1.0,15.0,267.0,264.0,255.0,307.0,True,False,False,True,False,False,False,False,False
48.0,2.0,48.0,201.0,178.0,184.0,278.0,False,False,False,False,False,False,False,True,False
4.0,2.0,11.0,286.0,321.0,307.0,337.0,False,False,False,False,False,False,False,False,True
2.0,4.0,50.0,195.0,184.0,259.0,280.0,False,True,False,False,False,False,False,True,False
28.0,2.0,29.0,194.0,179.0,256.0,276.0,True,False,False,False,False,False,False,True,False
47.0,2.0,59.0,217.0,252.0,279.0,290.0,False,False,False,False,True,False,False,False,False
10.0,1.0,7.0,231.0,246.0,285.0,310.0,False,True,True,False,False,False,False,False,False
13.0,1.0,13.0,272.0,265.0,254.0,311.0,True,False,False,True,False,False,False,False,False
5.0,2.0,42.0,210.0,258.0,285.0,288.0,False,False,False,False,True,False,False,False,False
6.0,3.0,36.0,237.0,252.0,281.0,303.0,False,False,True,False,False,False,False,False,False
5.0,2.0,13.0,275.0,262.0,253.0,330.0,True,False,False,True,False,False,False,False,False
12.0,2.0,13.0,271.0,297.0,254.0,292.0,True,False,False,False,False,True,False,False,False
2.0,3.0,13.0,279.0,293.0,253.0,293.0,False,False,False,False,False,True,False,False,False
24.0,3.0,51.0,276.0,267.0,257.0,310.0,True,False,False,True,False,False,False,False,False
8.0,1.0,7.0,210.0,186.0,278.0,323.0,True,False,False,False,False,False,True,False,False
11.0,1.0,8.0,207.0,183.0,282.0,333.0,True,False,False,False,False,False,True,False,False
13.0,2.0,21.0,214.0,250.0,273.0,282.0,False,False,False,False,True,False,False,False,False
10.0,2.0,11.0,275.0,299.0,259.0,301.0,False,False,False,False,False,True,False,False,False
12.0,2.0,45.0,213.0,253.0,281.0,284.0,True,False,False,False,True,False,False,False,False
13.0,3.0,40.0,282.0,307.0,293.0,303.0,False,False,False,False,False,False,False,False,False
17.0,3.0,53.0,235.0,266.0,281.0,299.0,False,True,True,False,False,False,False,False,False
62.0,3.0,76.0,193.0,184.0,270.0,283.0,False,False,False,False,False,False,False,True,False
26.0,2.0,34.0,277.0,300.0,290.0,297.0,False,False,False,False,False,False,False,False,False
5.0,2.0,6.0,268.0,297.0,252.0,292.0,False,True,False,False,False,True,False,False,False
21.0,3.0,52.0,237.0,257.0,283.0,303.0,False,False,True,False,False,False,False,False,False
10.0,1.0,10.0,270.0,263.0,256.0,314.0,True,False,False,True,False,False,False,False,False
9.0,1.0,9.0,207.0,183.0,272.0,309.0,True,False,False,False,False,False,True,False,False
29.0,1.0,29.0,287.0,301.0,296.0,306.0,True,False,False,False,False,False,False,False,True
16.0,1.0,16.0,214.0,254.0,276.0,285.0,False,False,False,False,True,False,False,False,False
16.0,1.0,16.0,289.0,312.0,298.0,317.0,True,False,False,False,False,False,False,False,True
29.0,2.0,57.0,215.0,187.0,283.0,261.0,False,True,False,False,False,False,True,False,False
24.0,3.0,52.0,216.0,185.0,282.0,318.0,True,False,False,False,False,False,True,False,False
20.0,1.0,20.0,272.0,266.0,256.0,308.0,True,False,False,True,False,False,False,False,False
15.0,2.0,22.0,292.0,318.0,301.0,317.0,False,False,False,False,False,False,False,False,True
4.0,3.0,16.0,272.0,301.0,259.0,297.0,True,False,False,False,False,True,False,False,False
20.0,2.0,26.0,214.0,255.0,276.0,283.0,False,False,False,False,True,False,False,False,False
20.0,2.0,21.0,199.0,184.0,254.0,272.0,False,False,False,False,False,False,False,True,False
6.0,1.0,6.0,209.0,181.0,281.0,339.0,False,False,False,False,False,False,True,False,False
39.0,2.0,45.0,290.0,302.0,294.0,307.0,False,False,False,False,False,False,False,False,True
10.0,3.0,45.0,275.0,304.0,291.0,294.0,False,False,False,False,False,False,False,False,False
43.0,2.0,44.0,189.0,175.0,257.0,275.0,True,False,False,False,False,False,False,True,False
3.0,1.0,3.0,288.0,316.0,301.0,327.0,True,False,False,False,False,False,False,False,True
9.0,4.0,42.0,281.0,305.0,260.0,305.0,False,False,False,False,False,True,False,False,False
13.0,3.0,49.0,277.0,298.0,290.0,289.0,False,False,False,False,False,False,False,False,False
33.0,2.0,50.0,274.0,267.0,258.0,307.0,False,False,False,True,False,False,False,False,False
24.0,2.0,24.0,184.0,179.0,259.0,274.0,True,False,False,False,False,False,False,True,False
2.0,4.0,24.0,279.0,295.0,256.0,293.0,False,False,False,False,False,True,False,False,False
7.0,1.0,7.0,211.0,181.0,275.0,313.0,True,False,False,False,False,False,True,False,False
14.0,3.0,38.0,270.0,268.0,263.0,313.0,False,False,False,True,False,False,False,False,False
51.0,2.0,51.0,198.0,190.0,262.0,279.0,False,False,False,False,False,False,False,True,False
18.0,1.0,18.0,211.0,253.0,278.0,285.0,True,False,False,False,True,False,False,False,False
56.0,2.0,56.0,197.0,175.0,258.0,275.0,True,False,False,False,False,False,False,True,False
6.0,3.0,42.0,271.0,300.0,289.0,295.0,False,False,False,False,False,False,False,False,False
14.0,1.0,11.0,209.0,182.0,281.0,323.0,True,False,False,False,False,False,True,False,False
15.0,2.0,36.0,275.0,266.0,258.0,308.0,False,False,False,True,False,False,False,False,False
43.0,2.0,43.0,197.0,173.0,266.0,282.0,False,False,False,False,False,False,False,True,False
7.0,1.0,4.0,232.0,246.0,283.0,322.0,False,True,True,False,False,False,False,False,False
72.0,2.0,73.0,203.0,194.0,268.0,282.0,False,False,False,False,False,False,False,True,False
69.0,2.0,69.0,202.0,189.0,267.0,279.0,False,False,False,False,False,False,False,True,False
5.0,1.0,5.0,212.0,253.0,275.0,282.0,True,False,False,False,True,False,False,False,False
8.0,1.0,5.0,227.0,248.0,276.0,294.0,False,True,True,False,False,False,False,False,False
18.0,2.0,31.0,209.0,253.0,280.0,287.0,False,False,False,False,True,False,False,False,False
9.0,2.0,10.0,267.0,298.0,249.0,291.0,False,False,False,False,False,True,False,False,False
7.0,1.0,7.0,273.0,267.0,254.0,317.0,True,False,False,True,False,False,False,False,False
11.0,1.0,11.0,213.0,252.0,279.0,281.0,False,False,False,False,True,False,False,False,False
19.0,2.0,20.0,197.0,180.0,254.0,272.0,False,False,False,False,False,False,False,True,False
11.0,1.0,11.0,210.0,255.0,279.0,283.0,False,False,False,False,True,False,False,False,False
57.0,2.0,58.0,206.0,191.0,259.0,278.0,True,False,False,False,False,False,False,True,False
35.0,2.0,41.0,288.0,302.0,291.0,303.0,False,False,False,False,False,False,False,False,True
10.0,1.0,10.0,204.0,179.0,277.0,321.0,False,False,False,False,False,False,True,False,False
58.0,2.0,59.0,195.0,188.0,257.0,275.0,False,False,False,False,False,False,False,True,False
7.0,3.0,23.0,273.0,299.0,289.0,292.0,False,False,False,False,False,False,False,False,False
15.0,3.0,66.0,202.0,191.0,266.0,281.0,False,False,False,False,False,False,False,True,False
47.0,2.0,60.0,215.0,254.0,282.0,286.0,False,False,False,False,True,False,False,False,False
12.0,3.0,52.0,279.0,294.0,291.0,290.0,False,False,False,False,False,False,False,False,False
6.0,3.0,28.0,278.0,302.0,256.0,298.0,False,False,False,False,False,True,False,False,False
16.0,2.0,25.0,227.0,252.0,279.0,301.0,False,False,True,False,False,False,False,False,False
16.0,2.0,33.0,277.0,313.0,300.0,309.0,False,False,False,False,False,False,False,False,False
9.0,2.0,16.0,284.0,306.0,308.0,303.0,False,False,False,False,False,False,False,False,True
7.0,2.0,7.0,276.0,297.0,254.0,299.0,False,True,False,False,False,True,False,False,False
13.0,5.0,47.0,278.0,294.0,255.0,294.0,False,True,False,False,False,True,False,False,False
14.0,3.0,49.0,237.0,254.0,282.0,302.0,False,False,True,False,False,False,False,False,False
14.0,2.0,50.0,212.0,253.0,279.0,282.0,False,False,False,False,True,False,False,False,False
18.0,2.0,27.0,277.0,302.0,288.0,295.0,False,False,False,False,False,False,False,False,False
30.0,2.0,37.0,289.0,309.0,297.0,313.0,False,False,False,False,False,False,False,False,True
58.0,2.0,58.0,200.0,192.0,268.0,281.0,False,False,False,False,False,False,False,True,False
28.0,3.0,58.0,216.0,254.0,280.0,287.0,True,False,False,False,True,False,False,False,False
42.0,2.0,42.0,175.0,181.0,264.0,273.0,False,False,False,False,False,False,False,True,False
14.0,4.0,50.0,278.0,298.0,258.0,298.0,False,False,False,False,False,True,False,False,False
9.0,3.0,44.0,238.0,259.0,280.0,301.0,False,True,True,False,False,False,False,False,False
27.0,2.0,33.0,290.0,320.0,306.0,324.0,False,False,False,False,False,False,False,False,True
22.0,2.0,38.0,281.0,307.0,291.0,296.0,False,False,False,False,False,False,False,False,False
8.0,4.0,40.0,278.0,304.0,262.0,305.0,False,False,False,False,False,True,False,False,False
41.0,2.0,53.0,214.0,186.0,280.0,318.0,False,False,False,False,False,False,True,False,False
32.0,2.0,38.0,288.0,305.0,293.0,308.0,False,False,False,False,False,False,False,False,True
4.0,2.0,4.0,273.0,298.0,259.0,299.0,False,True,False,False,False,True,False,False,False
12.0,3.0,44.0,236.0,260.0,283.0,304.0,False,False,True,False,False,False,False,False,False
12.0,2.0,13.0,200.0,180.0,253.0,272.0,False,False,False,False,False,False,False,True,False
52.0,2.0,53.0,191.0,176.0,162.0,276.0,False,False,False,False,False,False,False,True,False
31.0,3.0,54.0,277.0,270.0,258.0,311.0,False,False,False,True,False,False,False,False,False
5.0,2.0,21.0,269.0,294.0,287.0,293.0,True,False,False,False,False,False,False,False,False
71.0,2.0,71.0,203.0,191.0,266.0,279.0,False,False,False,False,False,False,False,True,False
14.0,3.0,48.0,236.0,262.0,281.0,295.0,False,False,True,False,False,False,False,False,False
16.0,3.0,29.0,279.0,296.0,255.0,296.0,True,False,False,False,False,True,False,False,False
7.0,2.0,12.0,271.0,301.0,289.0,293.0,False,False,False,False,False,False,False,False,False
11.0,1.0,11.0,209.0,180.0,278.0,329.0,True,False,False,False,False,False,True,False,False
13.0,3.0,49.0,233.0,260.0,262.0,298.0,False,False,True,False,False,False,False,False,False
3.0,1.0,3.0,209.0,180.0,281.0,326.0,False,False,False,False,False,False,True,False,False
13.0,2.0,36.0,213.0,185.0,277.0,313.0,False,False,False,False,False,False,True,False,False
13.0,3.0,35.0,274.0,301.0,257.0,296.0,False,False,False,False,False,True,False,False,False
19.0,3.0,53.0,239.0,265.0,281.0,299.0,False,False,True,False,False,False,False,False,False
7.0,1.0,7.0,267.0,260.0,258.0,326.0,True,False,False,True,False,False,False,False,False
14.0,1.0,14.0,208.0,182.0,276.0,329.0,True,False,False,False,False,False,True,False,False
44.0,2.0,44.0,197.0,191.0,257.0,277.0,False,False,False,False,False,False,False,True,False
12.0,1.0,12.0,211.0,250.0,277.0,286.0,False,False,False,False,True,False,False,False,False
8.0,2.0,15.0,282.0,306.0,297.0,311.0,False,False,False,False,False,False,False,False,True
31.0,1.0,31.0,209.0,255.0,276.0,282.0,True,False,False,False,True,False,False,False,False
11.0,2.0,12.0,274.0,294.0,253.0,296.0,True,False,False,False,False,True,False,False,False
26.0,2.0,33.0,293.0,314.0,300.0,318.0,False,False,False,False,False,False,False,False,True
7.0,1.0,7.0,214.0,253.0,279.0,290.0,True,False,False,False,True,False,False,False,False
24.0,1.0,24.0,215.0,252.0,277.0,285.0,True,False,False,False,True,False,False,False,False
45.0,2.0,58.0,217.0,257.0,282.0,292.0,False,False,False,False,True,False,False,False,False
12.0,1.0,12.0,272.0,262.0,255.0,308.0,True,False,False,True,False,False,False,False,False
39.0,2.0,39.0,192.0,192.0,267.0,283.0,False,False,False,False,False,False,False,True,False
27.0,2.0,38.0,214.0,255.0,280.0,290.0,False,False,False,False,True,False,False,False,False
5.0,3.0,35.0,232.0,256.0,277.0,288.0,False,False,True,False,False,False,False,False,False
33.0,2.0,45.0,213.0,251.0,278.0,287.0,False,False,False,False,True,False,False,False,False
17.0,2.0,17.0,186.0,179.0,263.0,274.0,False,False,False,False,False,False,False,True,False
11.0,1.0,11.0,207.0,179.0,277.0,322.0,False,False,False,False,False,False,True,False,False
2.0,1.0,2.0,280.0,271.0,260.0,330.0,True,False,False,True,False,False,False,False,False
16.0,3.0,52.0,278.0,305.0,291.0,296.0,False,False,False,False,False,False,False,False,False
17.0,2.0,31.0,232.0,253.0,278.0,299.0,False,False,True,False,False,False,False,False,False
13.0,3.0,70.0,203.0,190.0,269.0,284.0,True,False,False,False,False,False,False,True,False
4.0,2.0,4.0,278.0,295.0,252.0,297.0,True,False,False,False,False,True,False,False,False
20.0,5.0,50.0,276.0,270.0,258.0,308.0,False,False,False,True,False,False,False,False,False
18.0,2.0,49.0,291.0,304.0,293.0,301.0,False,True,False,False,False,False,False,False,True
5.0,2.0,6.0,267.0,300.0,257.0,302.0,False,True,False,False,False,True,False,False,False
30.0,3.0,53.0,277.0,269.0,258.0,310.0,False,False,False,True,False,False,False,False,False
39.0,2.0,46.0,290.0,302.0,295.0,306.0,False,False,False,False,False,False,False,False,True
5.0,2.0,33.0,217.0,188.0,282.0,317.0,False,True,False,False,False,False,True,False,False
24.0,2.0,25.0,198.0,183.0,257.0,268.0,True,False,False,False,False,False,False,True,False
35.0,1.0,34.0,214.0,256.0,277.0,286.0,True,False,False,False,True,False,False,False,False
4.0,3.0,45.0,280.0,318.0,291.0,290.0,False,False,False,False,False,False,False,False,False
7.0,1.0,7.0,212.0,250.0,277.0,286.0,True,False,False,False,True,False,False,False,False
10.0,3.0,37.0,275.0,267.0,255.0,312.0,True,False,False,True,False,False,False,False,False
16.0,4.0,38.0,270.0,298.0,260.0,296.0,False,False,False,False,False,True,False,False,False
20.0,2.0,20.0,191.0,167.0,264.0,280.0,False,False,False,False,False,False,False,True,False
15.0,2.0,28.0,210.0,252.0,279.0,284.0,False,False,False,False,True,False,False,False,False
3.0,1.0,3.0,273.0,265.0,260.0,335.0,False,False,False,True,False,False,False,False,False
3.0,5.0,44.0,281.0,300.0,256.0,298.0,False,True,False,False,False,True,False,False,False
7.0,3.0,41.0,279.0,306.0,292.0,297.0,False,False,False,False,False,False,False,False,False
13.0,3.0,48.0,237.0,260.0,283.0,304.0,False,True,True,False,False,False,False,False,False
7.0,1.0,7.0,208.0,180.0,280.0,335.0,True,False,False,False,False,False,True,False,False
8.0,1.0,8.0,209.0,249.0,279.0,283.0,True,False,False,False,True,False,False,False,False
8.0,1.0,8.0,271.0,264.0,252.0,314.0,False,False,False,True,False,False,False,False,False
24.0,2.0,43.0,215.0,184.0,276.0,314.0,False,False,False,False,False,False,True,False,False
18.0,1.0,18.0,204.0,181.0,275.0,313.0,False,False,False,False,False,False,True,False,False
7.0,1.0,7.0,213.0,253.0,280.0,282.0,False,False,False,False,True,False,False,False,False
18.0,2.0,55.0,218.0,259.0,283.0,289.0,True,False,False,False,True,False,False,False,False
9.0,3.0,43.0,232.0,258.0,281.0,303.0,False,False,True,False,False,False,False,False,False
30.0,2.0,37.0,284.0,300.0,295.0,303.0,False,False,False,False,False,False,False,False,True
36.0,2.0,47.0,218.0,255.0,281.0,288.0,False,False,False,False,True,False,False,False,False
10.0,1.0,10.0,211.0,183.0,272.0,316.0,True,False,False,False,False,False,True,False,False
17.0,3.0,55.0,283.0,304.0,291.0,307.0,False,False,False,False,False,False,False,False,False
26.0,3.0,76.0,207.0,196.0,273.0,286.0,False,False,False,False,False,False,False,True,False
7.0,2.0,16.0,269.0,266.0,252.0,311.0,True,False,False,True,False,False,False,False,False
10.0,2.0,17.0,285.0,319.0,306.0,334.0,False,False,False,False,False,False,False,False,True
13.0,2.0,34.0,215.0,255.0,279.0,286.0,False,False,False,False,True,False,False,False,False
21.0,2.0,42.0,219.0,256.0,279.0,287.0,False,False,False,False,True,False,False,False,False
20.0,2.0,25.0,269.0,295.0,288.0,286.0,False,False,False,False,False,False,False,False,False
14.0,4.0,36.0,274.0,297.0,259.0,298.0,False,False,False,False,False,True,False,False,False
11.0,1.0,10.0,203.0,247.0,276.0,278.0,True,False,False,False,True,False,False,False,False
22.0,2.0,29.0,271.0,298.0,287.0,290.0,False,False,False,False,False,False,False,False,False
21.0,2.0,28.0,284.0,332.0,307.0,326.0,False,False,False,False,False,False,False,False,True
31.0,1.0,31.0,291.0,308.0,297.0,315.0,True,False,False,False,False,False,False,False,True
21.0,2.0,48.0,212.0,255.0,280.0,283.0,False,False,False,False,True,False,False,False,False
52.0,2.0,52.0,200.0,177.0,255.0,277.0,False,False,False,False,False,False,False,True,False
6.0,2.0,7.0,161.0,178.0,268.0,282.0,False,False,False,False,False,False,False,True,False
7.0,1.0,7.0,275.0,267.0,260.0,333.0,True,False,False,True,False,False,False,False,False
27.0,2.0,40.0,210.0,252.0,281.0,284.0,False,False,False,False,True,False,False,False,False
20.0,2.0,44.0,215.0,255.0,282.0,295.0,False,False,False,False,True,False,False,False,False
22.0,1.0,22.0,210.0,182.0,277.0,316.0,False,False,False,False,False,False,True,False,False
6.0,3.0,22.0,280.0,293.0,255.0,286.0,True,False,False,False,False,True,False,False,False
18.0,2.0,19.0,277.0,301.0,256.0,302.0,False,False,False,False,False,True,False,False,False
4.0,1.0,4.0,287.0,304.0,293.0,305.0,True,False,False,False,False,False,False,False,True
21.0,3.0,72.0,205.0,193.0,268.0,284.0,False,False,False,False,False,False,False,True,False
10.0,2.0,10.0,277.0,294.0,253.0,295.0,True,False,False,False,False,True,False,False,False
18.0,3.0,54.0,273.0,293.0,289.0,289.0,False,False,False,False,False,False,False,False,False
14.0,2.0,39.0,209.0,250.0,276.0,280.0,False,False,False,False,True,False,False,False,False
22.0,3.0,27.0,279.0,302.0,255.0,300.0,False,False,False,False,False,True,False,False,False
28.0,4.0,50.0,279.0,300.0,259.0,301.0,False,False,False,False,False,True,False,False,False
41.0,2.0,48.0,295.0,320.0,301.0,314.0,False,False,False,False,False,False,False,False,True
31.0,2.0,56.0,218.0,259.0,283.0,288.0,False,False,False,False,True,False,False,False,False
37.0,2.0,38.0,191.0,187.0,257.0,264.0,True,False,False,False,False,False,False,True,False
32.0,2.0,39.0,293.0,304.0,296.0,307.0,False,False,False,False,False,False,False,False,True
3.0,1.0,3.0,209.0,182.0,276.0,320.0,True,False,False,False,False,False,True,False,False
20.0,2.0,21.0,274.0,299.0,255.0,298.0,True,False,False,False,False,True,False,False,False
15.0,2.0,48.0,294.0,313.0,301.0,317.0,False,True,False,False,False,False,False,False,True
48.0,2.0,49.0,201.0,176.0,257.0,277.0,False,False,False,False,False,False,False,True,False
28.0,2.0,28.0,192.0,184.0,256.0,278.0,False,False,False,False,False,False,False,True,False
69.0,2.0,70.0,209.0,196.0,261.0,281.0,True,False,False,False,False,False,False,True,False
5.0,3.0,40.0,284.0,301.0,292.0,304.0,False,True,False,False,False,False,False,False,True
17.0,2.0,25.0,214.0,251.0,275.0,281.0,False,False,False,False,True,False,False,False,False
31.0,3.0,55.0,276.0,269.0,259.0,305.0,False,False,False,True,False,False,False,False,False
11.0,1.0,11.0,218.0,255.0,277.0,289.0,True,False,False,False,True,False,False,False,False
22.0,3.0,50.0,236.0,260.0,281.0,299.0,False,False,True,False,False,False,False,False,False
13.0,3.0,27.0,278.0,297.0,254.0,296.0,True,False,False,False,False,True,False,False,False
14.0,3.0,44.0,232.0,255.0,277.0,290.0,False,False,True,False,False,False,False,False,False
18.0,2.0,25.0,288.0,309.0,296.0,315.0,False,False,False,False,False,False,False,False,True
50.0,2.0,50.0,205.0,182.0,256.0,278.0,True,False,False,False,False,False,False,True,False
9.0,2.0,42.0,214.0,250.0,281.0,281.0,True,False,False,False,True,False,False,False,False
7.0,2.0,31.0,216.0,253.0,278.0,294.0,False,False,False,False,True,False,False,False,False
23.0,3.0,57.0,238.0,262.0,265.0,299.0,False,False,True,False,False,False,False,False,False
7.0,2.0,18.0,209.0,182.0,279.0,323.0,False,False,False,False,False,False,True,False,False
22.0,2.0,23.0,177.0,177.0,257.0,277.0,True,False,False,False,False,False,False,True,False
21.0,3.0,51.0,233.0,257.0,278.0,295.0,False,False,True,False,False,False,False,False,False
14.0,2.0,25.0,207.0,181.0,279.0,324.0,False,False,False,False,False,False,True,False,False
68.0,2.0,69.0,177.0,181.0,267.0,280.0,False,False,False,False,False,False,False,True,False
14.0,3.0,41.0,232.0,251.0,279.0,298.0,False,False,True,False,False,False,False,False,False
4.0,1.0,4.0,285.0,298.0,292.0,303.0,True,False,False,False,False,False,False,False,True
6.0,1.0,6.0,270.0,259.0,259.0,329.0,True,False,False,True,False,False,False,False,False
3.0,3.0,19.0,280.0,297.0,255.0,286.0,True,False,False,False,False,True,False,False,False
24.0,2.0,61.0,213.0,258.0,281.0,289.0,True,False,False,False,True,False,False,False,False
5.0,3.0,55.0,195.0,195.0,261.0,281.0,False,False,False,False,False,False,False,True,False
24.0,3.0,53.0,211.0,186.0,286.0,328.0,True,False,False,False,False,False,True,False,False
19.0,2.0,26.0,287.0,299.0,292.0,306.0,False,False,False,False,False,False,False,False,True
7.0,2.0,8.0,272.0,297.0,254.0,299.0,True,False,False,False,False,True,False,False,False
23.0,2.0,56.0,212.0,256.0,283.0,288.0,True,False,False,False,True,False,False,False,False
12.0,2.0,12.0,277.0,294.0,253.0,293.0,True,False,False,False,False,True,False,False,False
5.0,3.0,14.0,216.0,254.0,280.0,282.0,True,False,False,False,True,False,False,False,False
16.0,3.0,36.0,235.0,258.0,281.0,304.0,False,False,True,False,False,False,False,False,False
19.0,2.0,30.0,215.0,255.0,279.0,292.0,False,False,False,False,True,False,False,False,False
17.0,2.0,38.0,272.0,264.0,258.0,307.0,False,False,False,True,False,False,False,False,False
6.0,3.0,45.0,276.0,306.0,305.0,295.0,False,False,False,False,False,False,False,False,False
2.0,2.0,12.0,208.0,181.0,280.0,326.0,False,False,False,False,False,False,True,False,False
21.0,2.0,21.0,186.0,184.0,250.0,281.0,True,False,False,False,False,False,False,True,False
12.0,3.0,19.0,278.0,304.0,259.0,306.0,False,False,False,False,False,True,False,False,False
16.0,2.0,16.0,194.0,171.0,262.0,279.0,False,False,False,False,False,False,False,True,False
6.0,1.0,6.0,203.0,182.0,280.0,325.0,False,False,False,False,False,False,True,False,False
22.0,1.0,22.0,213.0,250.0,278.0,283.0,False,False,False,False,True,False,False,False,False
17.0,3.0,51.0,237.0,267.0,281.0,299.0,False,False,True,False,False,False,False,False,False
31.0,5.0,51.0,219.0,258.0,279.0,251.0,True,False,False,False,True,False,False,False,False
7.0,3.0,14.0,275.0,297.0,259.0,302.0,False,False,False,False,False,True,False,False,False
7.0,2.0,13.0,215.0,252.0,276.0,285.0,False,False,False,False,True,False,False,False,False
22.0,3.0,36.0,176.0,178.0,265.0,278.0,False,False,False,False,False,False,False,True,False
15.0,1.0,15.0,273.0,304.0,289.0,296.0,False,False,False,False,False,False,False,False,False
10.0,3.0,33.0,275.0,267.0,265.0,330.0,False,False,False,True,False,False,False,False,False
14.0,1.0,14.0,211.0,250.0,274.0,279.0,True,False,False,False,True,False,False,False,False
2.0,1.0,2.0,210.0,183.0,281.0,294.0,True,False,False,False,False,False,True,False,False
12.0,2.0,13.0,191.0,177.0,255.0,271.0,False,False,False,False,False,False,False,True,False
21.0,1.0,21.0,207.0,182.0,276.0,317.0,False,False,False,False,False,False,True,False,False
34.0,1.0,34.0,212.0,254.0,277.0,284.0,True,False,False,False,True,False,False,False,False
21.0,2.0,33.0,235.0,263.0,279.0,302.0,False,False,True,False,False,False,False,False,False
32.0,2.0,33.0,190.0,186.0,259.0,274.0,True,False,False,False,False,False,False,True,False
37.0,1.0,36.0,214.0,256.0,278.0,284.0,True,False,False,False,True,False,False,False,False
10.0,2.0,35.0,213.0,253.0,278.0,286.0,False,False,False,False,True,False,False,False,False
36.0,2.0,36.0,191.0,180.0,259.0,280.0,True,False,False,False,False,False,False,True,False
29.0,2.0,36.0,289.0,311.0,298.0,312.0,False,False,False,False,False,False,False,False,True
8.0,3.0,24.0,279.0,294.0,255.0,286.0,True,False,False,False,False,True,False,False,False
9.0,2.0,16.0,272.0,329.0,301.0,305.0,False,False,False,False,False,False,False,False,False
23.0,1.0,23.0,211.0,250.0,277.0,283.0,True,False,False,False,True,False,False,False,False
34.0,2.0,61.0,216.0,256.0,279.0,284.0,False,False,False,False,True,False,False,False,False
2.0,3.0,47.0,278.0,301.0,293.0,302.0,False,False,False,False,False,False,False,False,False
6.0,2.0,18.0,235.0,259.0,278.0,291.0,False,False,True,False,False,False,False,False,False
5.0,2.0,13.0,277.0,268.0,254.0,316.0,False,False,False,True,False,False,False,False,False
19.0,3.0,55.0,276.0,295.0,289.0,291.0,False,False,False,False,False,False,False,False,False
28.0,2.0,53.0,216.0,254.0,282.0,294.0,False,False,False,False,True,False,False,False,False
14.0,2.0,14.0,193.0,182.0,256.0,267.0,True,False,False,False,False,False,False,True,False
4.0,3.0,31.0,231.0,253.0,284.0,302.0,False,False,True,False,False,False,False,False,False
9.0,2.0,21.0,235.0,263.0,279.0,301.0,False,False,True,False,False,False,False,False,False
57.0,2.0,58.0,199.0,191.0,256.0,275.0,False,False,False,False,False,False,False,True,False
16.0,2.0,45.0,212.0,186.0,277.0,316.0,False,False,False,False,False,False,True,False,False
14.0,2.0,14.0,175.0,185.0,264.0,276.0,False,False,False,False,False,False,False,True,False
11.0,2.0,33.0,272.0,270.0,259.0,309.0,False,False,False,True,False,False,False,False,False
18.0,1.0,18.0,210.0,183.0,274.0,309.0,False,False,False,False,False,False,True,False,False
4.0,2.0,11.0,286.0,318.0,307.0,325.0,False,False,False,False,False,False,False,False,True
4.0,1.0,4.0,228.0,249.0,284.0,302.0,False,True,True,False,False,False,False,False,False
19.0,2.0,31.0,233.0,258.0,282.0,299.0,False,False,True,False,False,False,False,False,False
19.0,2.0,20.0,183.0,165.0,261.0,281.0,False,False,False,False,False,False,False,True,False
19.0,2.0,20.0,197.0,184.0,257.0,277.0,False,False,False,False,False,False,False,True,False
6.0,4.0,46.0,234.0,260.0,287.0,286.0,False,True,True,False,False,False,False,False,False
23.0,2.0,30.0,281.0,298.0,295.0,301.0,False,False,False,False,False,False,False,False,True
2.0,1.0,2.0,273.0,268.0,261.0,337.0,True,False,False,True,False,False,False,False,False
10.0,1.0,10.0,209.0,180.0,280.0,332.0,True,False,False,False,False,False,True,False,False
11.0,3.0,30.0,274.0,299.0,255.0,297.0,False,False,False,False,False,True,False,False,False
27.0,2.0,50.0,213.0,185.0,284.0,324.0,True,False,False,False,False,False,True,False,False
68.0,2.0,68.0,204.0,193.0,261.0,280.0,False,False,False,False,False,False,False,True,False
13.0,2.0,23.0,232.0,258.0,279.0,295.0,False,False,True,False,False,False,False,False,False
13.0,2.0,22.0,276.0,300.0,289.0,293.0,False,False,False,False,False,False,False,False,False
12.0,1.0,12.0,205.0,182.0,273.0,311.0,True,False,False,False,False,False,True,False,False
11.0,1.0,8.0,232.0,258.0,284.0,316.0,False,True,True,False,False,False,False,False,False
23.0,2.0,35.0,216.0,250.0,279.0,288.0,False,False,False,False,True,False,False,False,False
29.0,2.0,30.0,186.0,174.0,255.0,272.0,False,False,False,False,False,False,False,True,False
57.0,2.0,57.0,196.0,189.0,266.0,281.0,False,False,False,False,False,False,False,True,False
12.0,2.0,34.0,215.0,184.0,280.0,338.0,False,False,False,False,False,False,True,False,False
34.0,2.0,41.0,289.0,310.0,297.0,314.0,False,False,False,False,False,False,False,False,True
3.0,2.0,11.0,271.0,265.0,254.0,309.0,False,False,False,True,False,False,False,False,False
41.0,2.0,62.0,214.0,259.0,284.0,300.0,False,False,False,False,True,False,False,False,False
6.0,3.0,42.0,266.0,312.0,302.0,288.0,False,False,False,False,False,False,False,False,False
3.0,3.0,10.0,269.0,295.0,252.0,288.0,False,False,False,False,False,True,False,False,False
11.0,4.0,51.0,233.0,261.0,281.0,291.0,False,True,True,False,False,False,False,False,False
11.0,3.0,34.0,280.0,301.0,257.0,298.0,False,False,False,False,False,True,False,False,False
4.0,2.0,13.0,268.0,261.0,253.0,306.0,False,False,False,True,False,False,False,False,False
34.0,2.0,41.0,288.0,299.0,292.0,306.0,False,False,False,False,False,False,False,False,True
8.0,3.0,48.0,274.0,295.0,289.0,284.0,False,False,False,False,False,False,False,False,False
17.0,3.0,22.0,277.0,303.0,256.0,291.0,False,False,False,False,False,True,False,False,False
75.0,2.0,76.0,202.0,187.0,259.0,281.0,False,False,False,False,False,False,False,True,False
4.0,3.0,41.0,237.0,252.0,281.0,292.0,False,True,True,False,False,False,False,False,False
32.0,2.0,54.0,273.0,270.0,259.0,308.0,False,False,False,True,False,False,False,False,False
3.0,2.0,4.0,231.0,240.0,278.0,292.0,False,False,True,False,False,False,False,False,False
25.0,2.0,33.0,276.0,298.0,289.0,296.0,False,False,False,False,False,False,False,False,False
12.0,2.0,19.0,287.0,310.0,306.0,326.0,False,False,False,False,False,False,False,False,True
43.0,2.0,43.0,188.0,175.0,257.0,256.0,False,False,False,False,False,False,False,True,False
3.0,2.0,24.0,216.0,254.0,278.0,284.0,False,False,False,False,True,False,False,False,False
4.0,1.0,4.0,206.0,251.0,277.0,281.0,True,False,False,False,True,False,False,False,False
24.0,2.0,31.0,289.0,314.0,312.0,332.0,False,False,False,False,False,False,False,False,True
57.0,2.0,57.0,190.0,178.0,258.0,241.0,True,False,False,False,False,False,False,True,False
5.0,3.0,41.0,271.0,296.0,290.0,285.0,False,False,False,False,False,False,False,False,False
12.0,2.0,13.0,269.0,294.0,252.0,292.0,True,False,False,False,False,True,False,False,False
25.0,2.0,32.0,275.0,295.0,288.0,301.0,False,False,False,False,False,False,False,False,False
9.0,3.0,40.0,236.0,261.0,282.0,299.0,False,False,True,False,False,False,False,False,False
18.0,3.0,54.0,276.0,294.0,290.0,292.0,False,False,False,False,False,False,False,False,False
22.0,3.0,51.0,278.0,300.0,291.0,294.0,False,False,False,False,False,False,False,False,False
4.0,3.0,36.0,234.0,254.0,283.0,331.0,False,False,True,False,False,False,False,False,False
11.0,2.0,24.0,276.0,306.0,291.0,295.0,False,False,False,False,False,False,False,False,False
23.0,2.0,50.0,217.0,257.0,282.0,289.0,False,False,False,False,True,False,False,False,False
35.0,2.0,36.0,201.0,184.0,257.0,278.0,False,False,False,False,False,False,False,True,False
7.0,4.0,33.0,281.0,300.0,255.0,299.0,False,False,False,False,False,True,False,False,False
45.0,2.0,53.0,214.0,252.0,280.0,283.0,False,False,False,False,True,False,False,False,False
17.0,2.0,30.0,235.0,259.0,280.0,307.0,False,False,True,False,False,False,False,False,False
11.0,2.0,19.0,276.0,267.0,256.0,312.0,False,False,False,True,False,False,False,False,False
3.0,2.0,16.0,275.0,267.0,261.0,312.0,False,False,False,True,False,False,False,False,False
6.0,4.0,28.0,275.0,298.0,259.0,297.0,False,False,False,False,False,True,False,False,False
20.0,2.0,27.0,289.0,322.0,309.0,331.0,False,False,False,False,False,False,False,False,True
61.0,2.0,62.0,191.0,180.0,258.0,279.0,True,False,False,False,False,False,False,True,False
15.0,2.0,22.0,286.0,303.0,297.0,307.0,False,False,False,False,False,False,False,False,True
7.0,3.0,42.0,275.0,302.0,292.0,296.0,False,False,False,False,False,False,False,False,False
27.0,1.0,27.0,213.0,186.0,275.0,308.0,True,False,False,False,False,False,True,False,False
10.0,2.0,10.0,276.0,296.0,253.0,299.0,True,False,False,False,False,True,False,False,False
2.0,3.0,17.0,280.0,304.0,254.0,284.0,True,False,False,False,False,True,False,False,False
45.0,2.0,45.0,192.0,170.0,255.0,266.0,False,False,False,False,False,False,False,True,False
6.0,3.0,40.0,237.0,267.0,283.0,299.0,False,False,True,False,False,False,False,False,False
39.0,2.0,45.0,290.0,301.0,296.0,306.0,False,False,False,False,False,False,False,False,True
26.0,3.0,56.0,237.0,259.0,280.0,301.0,False,False,True,False,False,False,False,False,False
15.0,3.0,30.0,280.0,296.0,255.0,296.0,True,False,False,False,False,True,False,False,False
4.0,3.0,40.0,269.0,297.0,288.0,286.0,False,False,False,False,False,False,False,False,False
27.0,2.0,35.0,275.0,299.0,290.0,297.0,False,False,False,False,False,False,False,False,False
10.0,2.0,17.0,286.0,319.0,307.0,302.0,False,False,False,False,False,False,False,False,True
2.0,2.0,11.0,228.0,249.0,277.0,298.0,False,False,True,False,False,False,False,False,False
24.0,4.0,50.0,282.0,301.0,257.0,301.0,False,False,False,False,False,True,False,False,False
24.0,1.0,24.0,210.0,184.0,275.0,317.0,True,False,False,False,False,False,True,False,False
50.0,2.0,50.0,198.0,189.0,259.0,279.0,False,False,False,False,False,False,False,True,False
13.0,3.0,36.0,275.0,269.0,260.0,312.0,False,False,False,True,False,False,False,False,False
11.0,3.0,27.0,273.0,301.0,255.0,299.0,True,False,False,False,False,True,False,False,False
14.0,1.0,14.0,211.0,182.0,274.0,312.0,True,False,False,False,False,False,True,False,False
23.0,2.0,30.0,287.0,298.0,290.0,307.0,False,False,False,False,False,False,False,False,True
75.0,2.0,75.0,208.0,194.0,261.0,280.0,False,False,False,False,False,False,False,True,False
19.0,3.0,48.0,213.0,185.0,284.0,329.0,True,False,False,False,False,False,True,False,False
6.0,2.0,28.0,216.0,256.0,282.0,287.0,False,False,False,False,True,False,False,False,False
9.0,2.0,22.0,276.0,303.0,291.0,291.0,False,False,False,False,False,False,False,False,False
33.0,2.0,34.0,189.0,177.0,257.0,275.0,True,False,False,False,False,False,False,True,False
30.0,1.0,29.0,213.0,254.0,277.0,285.0,True,False,False,False,True,False,False,False,False
13.0,3.0,29.0,273.0,301.0,289.0,293.0,False,False,False,False,False,False,False,False,False
16.0,3.0,52.0,235.0,266.0,282.0,299.0,False,False,True,False,False,False,False,False,False
4.0,2.0,11.0,290.0,317.0,310.0,338.0,False,False,False,False,False,False,False,False,True
18.0,2.0,32.0,236.0,255.0,280.0,303.0,False,False,True,False,False,False,False,False,False
4.0,3.0,17.0,277.0,297.0,254.0,297.0,True,False,False,False,False,True,False,False,False
10.0,4.0,43.0,280.0,307.0,261.0,307.0,False,False,False,False,False,True,False,False,False
2.0,5.0,43.0,280.0,300.0,257.0,298.0,False,True,False,False,False,True,False,False,False
2.0,4.0,61.0,215.0,255.0,279.0,284.0,False,True,False,False,True,False,False,False,False
21.0,2.0,58.0,214.0,259.0,281.0,288.0,True,False,False,False,True,False,False,False,False
37.0,2.0,56.0,213.0,187.0,278.0,317.0,False,False,False,False,False,False,True,False,False
29.0,2.0,51.0,219.0,258.0,282.0,291.0,False,False,False,False,True,False,False,False,False
16.0,3.0,57.0,241.0,262.0,280.0,294.0,False,False,True,False,False,False,False,False,False
18.0,5.0,38.0,218.0,256.0,279.0,283.0,True,False,False,False,True,False,False,False,False
22.0,2.0,35.0,213.0,254.0,282.0,287.0,False,False,False,False,True,False,False,False,False
8.0,2.0,6.0,276.0,297.0,253.0,300.0,False,True,False,False,False,True,False,False,False
19.0,3.0,46.0,277.0,268.0,258.0,310.0,True,False,False,True,False,False,False,False,False
7.0,2.0,28.0,215.0,255.0,280.0,287.0,False,False,False,False,True,False,False,False,False
42.0,2.0,63.0,216.0,256.0,281.0,302.0,False,False,False,False,True,False,False,False,False
20.0,2.0,47.0,214.0,254.0,280.0,286.0,False,False,False,False,True,False,False,False,False
11.0,3.0,41.0,233.0,255.0,278.0,290.0,False,False,True,False,False,False,False,False,False
7.0,2.0,7.0,182.0,167.0,266.0,275.0,False,False,False,False,False,False,False,True,False
